trade_date,代码,涨跌幅
2026-10-09,920000,2.086
2026-10-09,920001,3.036
2026-10-09,920002,1.75
2026-10-09,920003,1.876
2026-10-09,920005,1.65
2026-10-09,920006,1.845
2026-10-09,920007,1.158
2026-10-09,920008,0.733
2026-10-09,920009,2.373
2026-10-09,920010,-0.963
2026-10-09,920011,1.153
2026-10-09,920012,-1.04
2026-10-09,920014,0.0
2026-10-09,920015,10.029
2026-10-09,920016,1.017
2026-10-09,920017,2.053
2026-10-09,920018,1.367
2026-10-09,920019,-1.708
2026-10-09,920020,0.0
2026-10-09,920021,20.136
2026-10-09,920022,0.899
2026-10-09,920023,-0.725
2026-10-09,920025,-6.498
2026-10-09,920026,2.378
2026-10-09,920027,1.339
2026-10-09,920028,3.63
2026-10-09,920029,2.866
2026-10-09,920030,-0.815
2026-10-09,920033,2.368
2026-10-09,920035,0.989
2026-10-09,920036,1.729
2026-10-09,920037,2.893
2026-10-09,920038,5.395
2026-10-09,920039,2.985
2026-10-09,920045,7.026
2026-10-09,920046,-1.196
2026-10-09,920047,2.498
2026-10-09,920050,1.072
2026-10-09,920055,1.531
2026-10-09,920056,2.797
2026-10-09,920057,2.16
2026-10-09,920058,-0.978
2026-10-09,920059,0.501
2026-10-09,920060,-2.055
2026-10-09,920061,1.852
2026-10-09,920062,0.861
2026-10-09,920065,3.858
2026-10-09,920066,-3.447
2026-10-09,920068,0.202
2026-10-09,920069,-0.711
2026-10-09,920071,-2.588
2026-10-09,920072,1.655
2026-10-09,920075,6.935
2026-10-09,920076,0.489
2026-10-09,920077,7.291
2026-10-09,920078,2.001
2026-10-09,920079,0.975
2026-10-09,920080,0.505
2026-10-09,920081,2.193
2026-10-09,920082,1.307
2026-10-09,920083,3.759
2026-10-09,920086,2.765
2026-10-09,920087,13.633
2026-10-09,920088,-4.625
2026-10-09,920089,0.807
2026-10-09,920090,0.993
2026-10-09,920091,1.206
2026-10-09,920092,5.396
2026-10-09,920093,4.36
2026-10-09,920096,0.444
2026-10-09,920098,2.261
2026-10-09,920099,-0.562
2026-10-09,920100,2.677
2026-10-09,920101,1.497
2026-10-09,920106,2.045
2026-10-09,920107,1.383
2026-10-09,920108,1.07
2026-10-09,920110,2.891
2026-10-09,920111,3.38
2026-10-09,920112,1.664
2026-10-09,920116,1.728
2026-10-09,920117,3.317
2026-10-09,920118,1.522
2026-10-09,920119,3.193
2026-10-09,920121,1.202
2026-10-09,920122,2.524
2026-10-09,920123,1.682
2026-10-09,920124,1.509
2026-10-09,920125,1.46
2026-10-09,920126,0.829
2026-10-09,920128,0.885
2026-10-09,920130,6.026
2026-10-09,920132,3.193
2026-10-09,920136,1.397
2026-10-09,920138,-2.724
2026-10-09,920139,1.006
2026-10-09,920145,1.681
2026-10-09,920146,4.24
2026-10-09,920149,1.691
2026-10-09,920152,8.439
2026-10-09,920156,2.161
2026-10-09,920157,449.455
2026-10-09,920158,0.0
2026-10-09,920159,3.511
2026-10-09,920160,1.509
2026-10-09,920161,0.69
2026-10-09,920163,2.941
2026-10-09,920165,0.994
2026-10-09,920166,2.86
2026-10-09,920167,2.946
2026-10-09,920168,2.212
2026-10-09,920169,1.251
2026-10-09,920171,5.756
2026-10-09,920174,2.824
2026-10-09,920175,3.846
2026-10-09,920176,3.376
2026-10-09,920177,0.493
2026-10-09,920178,-0.051
2026-10-09,920179,-4.566
2026-10-09,920180,0.705
2026-10-09,920181,1.404
2026-10-09,920183,1.855
2026-10-09,920184,4.236
2026-10-09,920185,3.855
2026-10-09,920186,1.324
2026-10-09,920187,1.138
2026-10-09,920188,1.567
2026-10-09,920189,1.615
2026-10-09,920190,3.915
2026-10-09,920191,0.936
2026-10-09,920193,2.861
2026-10-09,920195,1.22
2026-10-09,920198,2.597
2026-10-09,920199,0.129
2026-10-09,920200,-7.07
2026-10-09,920201,-1.743
2026-10-09,920202,1.958
2026-10-09,920204,1.355
2026-10-09,920206,0.637
2026-10-09,920207,4.941
2026-10-09,920208,1.212
2026-10-09,920211,1.329
2026-10-09,920212,4.646
2026-10-09,920218,0.693
2026-10-09,920220,3.494
2026-10-09,920221,2.159
2026-10-09,920222,-1.775
2026-10-09,920223,3.849
2026-10-09,920225,3.059
2026-10-09,920227,4.984
2026-10-09,920229,-3.467
2026-10-09,920230,3.394
2026-10-09,920237,6.979
2026-10-09,920238,4.203
2026-10-09,920239,9.863
2026-10-09,920242,2.199
2026-10-09,920245,0.826
2026-10-09,920247,3.18
2026-10-09,920249,1.995
2026-10-09,920252,1.01
2026-10-09,920258,1.153
2026-10-09,920260,1.98
2026-10-09,920261,0.98
2026-10-09,920262,3.622
2026-10-09,920263,1.59
2026-10-09,920266,1.261
2026-10-09,920267,2.108
2026-10-09,920268,2.093
2026-10-09,920269,0.737
2026-10-09,920270,0.544
2026-10-09,920271,1.368
2026-10-09,920273,5.473
2026-10-09,920274,5.652
2026-10-09,920275,0.634
2026-10-09,920278,2.463
2026-10-09,920284,6.488
2026-10-09,920288,1.28
2026-10-09,920289,6.744
2026-10-09,920298,8.971
2026-10-09,920299,-0.152
2026-10-09,920300,1.909
2026-10-09,920304,0.867
2026-10-09,920339,0.493
2026-10-09,920344,0.495
2026-10-09,920346,3.217
2026-10-09,920351,3.333
2026-10-09,920357,1.69
2026-10-09,920363,1.776
2026-10-09,920367,3.146
2026-10-09,920368,1.973
2026-10-09,920370,1.754
2026-10-09,920371,3.429
2026-10-09,920374,2.571
2026-10-09,920375,1.629
2026-10-09,920378,1.001
2026-10-09,920392,0.989
2026-10-09,920394,1.028
2026-10-09,920395,2.006
2026-10-09,920396,2.807
2026-10-09,920402,4.768
2026-10-09,920403,7.573
2026-10-09,920405,-1.681
2026-10-09,920407,1.838
2026-10-09,920414,1.793
2026-10-09,920415,3.044
2026-10-09,920418,6.132
2026-10-09,920419,0.561
2026-10-09,920422,2.717
2026-10-09,920425,1.903
2026-10-09,920427,-2.956
2026-10-09,920429,3.728
2026-10-09,920433,1.952
2026-10-09,920436,2.105
2026-10-09,920438,0.84
2026-10-09,920445,0.566
2026-10-09,920454,-0.089
2026-10-09,920455,0.155
2026-10-09,920469,0.721
2026-10-09,920471,1.986
2026-10-09,920475,3.111
2026-10-09,920476,-1.764
2026-10-09,920478,3.875
2026-10-09,920489,1.514
2026-10-09,920491,-0.746
2026-10-09,920493,-2.383
2026-10-09,920496,2.72
2026-10-09,920504,1.896
2026-10-09,920505,1.829
2026-10-09,920508,3.617
2026-10-09,920509,0.547
2026-10-09,920510,2.673
2026-10-09,920519,0.276
2026-10-09,920522,1.157
2026-10-09,920523,2.622
2026-10-09,920526,4.286
2026-10-09,920527,1.05
2026-10-09,920533,2.917
2026-10-09,920541,0.429
2026-10-09,920547,1.419
2026-10-09,920553,2.308
2026-10-09,920556,1.899
2026-10-09,920564,3.65
2026-10-09,920566,1.972
2026-10-09,920570,2.149
2026-10-09,920571,-0.114
2026-10-09,920575,-3.265
2026-10-09,920576,-0.3
2026-10-09,920578,2.263
2026-10-09,920579,1.849
2026-10-09,920580,3.652
2026-10-09,920592,19.748
2026-10-09,920593,4.967
2026-10-09,920599,3.399
2026-10-09,920608,2.994
2026-10-09,920627,24.117
2026-10-09,920634,2.442
2026-10-09,920639,0.492
2026-10-09,920640,1.005
2026-10-09,920641,2.172
2026-10-09,920642,1.377
2026-10-09,920651,1.783
2026-10-09,920656,0.608
2026-10-09,920662,2.385
2026-10-09,920663,2.377
2026-10-09,920665,1.709
2026-10-09,920670,1.806
2026-10-09,920675,1.243
2026-10-09,920679,0.777
2026-10-09,920682,0.877
2026-10-09,920685,0.972
2026-10-09,920689,0.528
2026-10-09,920690,2.547
2026-10-09,920693,1.357
2026-10-09,920694,0.744
2026-10-09,920699,4.093
2026-10-09,920701,2.161
2026-10-09,920703,-0.626
2026-10-09,920706,1.408
2026-10-09,920717,0.593
2026-10-09,920718,0.69
2026-10-09,920719,0.0
2026-10-09,920720,1.585
2026-10-09,920725,-0.984
2026-10-09,920726,3.469
2026-10-09,920729,1.408
2026-10-09,920735,4.936
2026-10-09,920748,5.605
2026-10-09,920751,1.938
2026-10-09,920753,2.404
2026-10-09,920765,3.137
2026-10-09,920768,0.14
2026-10-09,920770,2.891
2026-10-09,920779,1.992
2026-10-09,920781,1.627
2026-10-09,920786,6.999
2026-10-09,920790,6.967
2026-10-09,920792,1.082
2026-10-09,920799,8.169
2026-10-09,920802,0.566
2026-10-09,920806,2.126
2026-10-09,920807,1.467
2026-10-09,920808,0.569
2026-10-09,920809,2.535
2026-10-09,920810,1.951
2026-10-09,920819,1.311
2026-10-09,920821,2.188
2026-10-09,920826,6.643
2026-10-09,920832,1.89
2026-10-09,920833,1.474
2026-10-09,920834,3.794
2026-10-09,920837,2.585
2026-10-09,920839,0.997
2026-10-09,920855,5.471
2026-10-09,920856,3.442
2026-10-09,920857,1.09
2026-10-09,920866,4.369
2026-10-09,920870,1.159
2026-10-09,920871,1.797
2026-10-09,920873,2.809
2026-10-09,920876,4.384
2026-10-09,920879,1.307
2026-10-09,920885,3.493
2026-10-09,920892,2.271
2026-10-09,920895,19.132
2026-10-09,920896,2.365
2026-10-09,920906,2.112
2026-10-09,920914,4.27
2026-10-09,920924,3.207
2026-10-09,920925,0.734
2026-10-09,920926,-0.197
2026-10-09,920931,0.307
2026-10-09,920932,2.811
2026-10-09,920942,2.564
2026-10-09,920943,1.311
2026-10-09,920946,4.762
2026-10-09,920950,1.647
2026-10-09,920953,6.284
2026-10-09,920957,2.34
2026-10-09,920961,-0.969
2026-10-09,920964,3.789
2026-10-09,920970,3.577
2026-10-09,920971,0.469
2026-10-09,920974,1.148
2026-10-09,920976,8.676
2026-10-09,920978,4.007
2026-10-09,920981,-0.146
2026-10-09,920982,-1.288
2026-10-09,920985,4.595
2026-10-09,920992,4.666
2026-10-09,600000,-1.649
2026-10-09,600004,0.391
2026-10-09,600006,-0.909
2026-10-09,600007,-1.255
2026-10-09,600008,0.362
2026-10-09,600009,0.178
2026-10-09,600010,0.952
2026-10-09,600011,1.243
2026-10-09,600012,2.196
2026-10-09,600015,-0.158
2026-10-09,600016,-1.412
2026-10-09,600017,0.699
2026-10-09,600018,-0.722
2026-10-09,600019,-1.675
2026-10-09,600020,0.771
2026-10-09,600021,-0.847
2026-10-09,600022,0.769
2026-10-09,600023,-1.115
2026-10-09,600025,0.099
2026-10-09,600026,3.846
2026-10-09,600027,0.581
2026-10-09,600028,-1.642
2026-10-09,600029,0.832
2026-10-09,600030,2.008
2026-10-09,600031,-0.47
2026-10-09,600032,-2.571
2026-10-09,600033,0.809
2026-10-09,600035,0.804
2026-10-09,600036,-0.695
2026-10-09,600037,3.911
2026-10-09,600038,-0.45
2026-10-09,600039,-0.562
2026-10-09,600048,-2.08
2026-10-09,600050,0.703
2026-10-09,600051,-0.156
2026-10-09,600052,5.913
2026-10-09,600053,-2.937
2026-10-09,600054,0.777
2026-10-09,600055,0.963
2026-10-09,600056,1.782
2026-10-09,600057,0.963
2026-10-09,600058,2.995
2026-10-09,600059,-1.852
2026-10-09,600060,0.332
2026-10-09,600061,1.637
2026-10-09,600062,1.733
2026-10-09,600063,3.358
2026-10-09,600064,-0.374
2026-10-09,600066,0.558
2026-10-09,600067,1.873
2026-10-09,600071,3.255
2026-10-09,600072,-1.267
2026-10-09,600073,-0.549
2026-10-09,600075,1.505
2026-10-09,600076,3.241
2026-10-09,600078,2.254
2026-10-09,600079,0.261
2026-10-09,600080,1.092
2026-10-09,600081,-2.93
2026-10-09,600082,-1.212
2026-10-09,600084,0.0
2026-10-09,600085,1.463
2026-10-09,600088,5.577
2026-10-09,600089,-0.281
2026-10-09,600094,0.911
2026-10-09,600095,4.094
2026-10-09,600096,1.505
2026-10-09,600097,1.629
2026-10-09,600098,-0.924
2026-10-09,600099,0.321
2026-10-09,600100,2.315
2026-10-09,600101,-0.127
2026-10-09,600103,1.786
2026-10-09,600104,-0.915
2026-10-09,600105,-3.248
2026-10-09,600106,0.0
2026-10-09,600107,6.762
2026-10-09,600108,6.801
2026-10-09,600109,1.863
2026-10-09,600110,-3.246
2026-10-09,600111,1.478
2026-10-09,600113,2.454
2026-10-09,600114,-1.525
2026-10-09,600115,1.227
2026-10-09,600116,-0.161
2026-10-09,600117,0.926
2026-10-09,600118,-3.205
2026-10-09,600119,2.553
2026-10-09,600120,1.522
2026-10-09,600121,-2.124
2026-10-09,600123,1.144
2026-10-09,600125,0.758
2026-10-09,600126,1.19
2026-10-09,600127,10.0
2026-10-09,600128,0.23
2026-10-09,600129,4.098
2026-10-09,600130,6.114
2026-10-09,600131,3.318
2026-10-09,600132,0.915
2026-10-09,600133,-0.256
2026-10-09,600135,-0.395
2026-10-09,600136,1.37
2026-10-09,600137,-0.166
2026-10-09,600138,1.742
2026-10-09,600141,1.6
2026-10-09,600143,3.12
2026-10-09,600148,0.064
2026-10-09,600149,-0.969
2026-10-09,600150,-3.19
2026-10-09,600151,-0.877
2026-10-09,600152,-4.902
2026-10-09,600153,0.558
2026-10-09,600155,2.055
2026-10-09,600156,2.797
2026-10-09,600157,0.69
2026-10-09,600158,1.895
2026-10-09,600159,1.838
2026-10-09,600160,2.323
2026-10-09,600161,1.434
2026-10-09,600162,0.24
2026-10-09,600163,-1.235
2026-10-09,600165,2.424
2026-10-09,600166,1.805
2026-10-09,600167,4.31
2026-10-09,600168,0.226
2026-10-09,600169,0.909
2026-10-09,600170,0.45
2026-10-09,600171,-0.329
2026-10-09,600172,0.815
2026-10-09,600173,0.679
2026-10-09,600176,-2.478
2026-10-09,600177,-0.357
2026-10-09,600178,0.819
2026-10-09,600179,-0.228
2026-10-09,600180,0.0
2026-10-09,600182,-0.57
2026-10-09,600183,-5.855
2026-10-09,600184,-2.417
2026-10-09,600185,1.706
2026-10-09,600186,-6.108
2026-10-09,600187,0.806
2026-10-09,600188,2.657
2026-10-09,600189,0.0
2026-10-09,600191,1.947
2026-10-09,600192,0.0
2026-10-09,600195,1.355
2026-10-09,600196,0.547
2026-10-09,600197,1.184
2026-10-09,600198,0.987
2026-10-09,600199,1.876
2026-10-09,600201,2.157
2026-10-09,600202,0.969
2026-10-09,600203,0.311
2026-10-09,600206,7.415
2026-10-09,600207,10.02
2026-10-09,600208,0.351
2026-10-09,600210,3.125
2026-10-09,600211,1.715
2026-10-09,600212,0.71
2026-10-09,600215,0.495
2026-10-09,600216,0.72
2026-10-09,600217,1.212
2026-10-09,600218,4.72
2026-10-09,600219,0.0
2026-10-09,600221,0.0
2026-10-09,600222,2.1
2026-10-09,600223,2.46
2026-10-09,600226,-2.703
2026-10-09,600227,1.98
2026-10-09,600228,0.965
2026-10-09,600229,4.233
2026-10-09,600230,1.178
2026-10-09,600231,1.183
2026-10-09,600232,-0.291
2026-10-09,600233,2.418
2026-10-09,600234,1.169
2026-10-09,600235,0.168
2026-10-09,600236,0.608
2026-10-09,600237,-4.751
2026-10-09,600238,-0.247
2026-10-09,600239,0.0
2026-10-09,600241,10.009
2026-10-09,600243,-1.966
2026-10-09,600246,-2.142
2026-10-09,600248,0.697
2026-10-09,600249,1.873
2026-10-09,600250,0.802
2026-10-09,600251,0.581
2026-10-09,600252,3.687
2026-10-09,600255,0.299
2026-10-09,600256,5.882
2026-10-09,600257,2.037
2026-10-09,600258,2.142
2026-10-09,600259,1.141
2026-10-09,600261,0.307
2026-10-09,600262,1.801
2026-10-09,600265,1.105
2026-10-09,600266,2.299
2026-10-09,600267,2.577
2026-10-09,600268,-0.194
2026-10-09,600269,1.309
2026-10-09,600271,2.74
2026-10-09,600272,0.968
2026-10-09,600273,0.478
2026-10-09,600276,-0.34
2026-10-09,600278,2.477
2026-10-09,600279,-0.23
2026-10-09,600280,7.095
2026-10-09,600281,0.866
2026-10-09,600282,0.0
2026-10-09,600283,0.374
2026-10-09,600284,1.553
2026-10-09,600285,3.04
2026-10-09,600287,0.599
2026-10-09,600288,2.644
2026-10-09,600289,3.106
2026-10-09,600292,-0.789
2026-10-09,600293,0.0
2026-10-09,600295,0.609
2026-10-09,600298,-0.29
2026-10-09,600299,1.557
2026-10-09,600300,2.597
2026-10-09,600301,0.575
2026-10-09,600302,0.592
2026-10-09,600303,-1.262
2026-10-09,600305,1.182
2026-10-09,600307,1.37
2026-10-09,600308,1.231
2026-10-09,600309,0.587
2026-10-09,600310,-2.414
2026-10-09,600312,0.244
2026-10-09,600313,6.831
2026-10-09,600315,5.135
2026-10-09,600316,-2.653
2026-10-09,600318,5.952
2026-10-09,600319,0.317
2026-10-09,600320,0.98
2026-10-09,600322,0.355
2026-10-09,600323,0.168
2026-10-09,600325,1.049
2026-10-09,600326,1.531
2026-10-09,600327,3.916
2026-10-09,600328,1.579
2026-10-09,600329,0.732
2026-10-09,600330,-4.048
2026-10-09,600331,1.385
2026-10-09,600332,1.422
2026-10-09,600333,0.439
2026-10-09,600335,1.538
2026-10-09,600336,1.303
2026-10-09,600337,-6.417
2026-10-09,600338,2.419
2026-10-09,600339,-0.593
2026-10-09,600340,-1.493
2026-10-09,600343,-3.717
2026-10-09,600345,-1.81
2026-10-09,600346,0.305
2026-10-09,600348,-0.11
2026-10-09,600350,3.119
2026-10-09,600351,3.666
2026-10-09,600352,1.053
2026-10-09,600353,-4.138
2026-10-09,600354,10.022
2026-10-09,600356,-0.648
2026-10-09,600358,1.28
2026-10-09,600359,4.788
2026-10-09,600360,-0.293
2026-10-09,600361,1.449
2026-10-09,600362,1.48
2026-10-09,600363,-6.557
2026-10-09,600365,-1.748
2026-10-09,600366,0.648
2026-10-09,600367,-1.594
2026-10-09,600368,-0.703
2026-10-09,600369,1.546
2026-10-09,600370,-1.471
2026-10-09,600371,9.993
2026-10-09,600372,0.269
2026-10-09,600373,5.97
2026-10-09,600375,1.37
2026-10-09,600376,0.937
2026-10-09,600377,2.274
2026-10-09,600378,-1.457
2026-10-09,600379,-0.149
2026-10-09,600380,2.323
2026-10-09,600381,0.243
2026-10-09,600382,0.353
2026-10-09,600383,-1.167
2026-10-09,600386,1.989
2026-10-09,600388,1.668
2026-10-09,600389,0.891
2026-10-09,600390,1.247
2026-10-09,600391,-5.003
2026-10-09,600392,0.711
2026-10-09,600395,0.789
2026-10-09,600396,-2.627
2026-10-09,600397,-2.354
2026-10-09,600398,2.735
2026-10-09,600399,-0.698
2026-10-09,600400,9.945
2026-10-09,600403,1.619
2026-10-09,600405,-0.615
2026-10-09,600406,-2.012
2026-10-09,600408,9.884
2026-10-09,600409,0.316
2026-10-09,600410,0.431
2026-10-09,600415,2.031
2026-10-09,600416,0.485
2026-10-09,600418,-7.969
2026-10-09,600419,1.967
2026-10-09,600420,1.069
2026-10-09,600422,2.2
2026-10-09,600423,0.749
2026-10-09,600425,0.826
2026-10-09,600426,1.514
2026-10-09,600428,-0.273
2026-10-09,600429,2.703
2026-10-09,600433,1.22
2026-10-09,600435,0.0
2026-10-09,600436,1.379
2026-10-09,600438,1.836
2026-10-09,600439,1.63
2026-10-09,600444,-0.345
2026-10-09,600446,5.222
2026-10-09,600448,1.634
2026-10-09,600449,-0.649
2026-10-09,600452,0.34
2026-10-09,600455,0.775
2026-10-09,600456,0.775
2026-10-09,600458,4.74
2026-10-09,600459,0.668
2026-10-09,600460,-1.856
2026-10-09,600461,0.337
2026-10-09,600463,-0.244
2026-10-09,600467,2.51
2026-10-09,600468,0.509
2026-10-09,600469,1.826
2026-10-09,600470,2.178
2026-10-09,600475,0.903
2026-10-09,600476,0.507
2026-10-09,600477,1.245
2026-10-09,600478,9.914
2026-10-09,600479,2.556
2026-10-09,600480,1.569
2026-10-09,600481,1.763
2026-10-09,600482,-3.518
2026-10-09,600483,0.089
2026-10-09,600486,1.998
2026-10-09,600487,0.474
2026-10-09,600488,-0.767
2026-10-09,600489,6.844
2026-10-09,600490,1.788
2026-10-09,600491,-1.333
2026-10-09,600493,-0.608
2026-10-09,600495,0.737
2026-10-09,600496,-0.299
2026-10-09,600497,1.25
2026-10-09,600498,-2.435
2026-10-09,600499,-1.137
2026-10-09,600500,-0.789
2026-10-09,600501,-0.679
2026-10-09,600502,0.236
2026-10-09,600503,-0.395
2026-10-09,600505,-0.944
2026-10-09,600506,0.0
2026-10-09,600507,-0.485
2026-10-09,600508,0.188
2026-10-09,600509,0.275
2026-10-09,600510,0.16
2026-10-09,600511,1.445
2026-10-09,600512,1.442
2026-10-09,600513,-1.928
2026-10-09,600515,1.852
2026-10-09,600516,1.89
2026-10-09,600517,0.0
2026-10-09,600518,1.504
2026-10-09,600519,0.574
2026-10-09,600520,-3.46
2026-10-09,600521,4.805
2026-10-09,600522,-1.312
2026-10-09,600523,0.171
2026-10-09,600525,-1.044
2026-10-09,600526,0.213
2026-10-09,600527,1.843
2026-10-09,600528,0.292
2026-10-09,600529,0.994
2026-10-09,600530,0.542
2026-10-09,600531,2.005
2026-10-09,600533,1.339
2026-10-09,600535,1.356
2026-10-09,600536,3.674
2026-10-09,600537,-0.957
2026-10-09,600538,0.837
2026-10-09,600539,0.526
2026-10-09,600540,5.882
2026-10-09,600543,0.246
2026-10-09,600545,-4.935
2026-10-09,600546,2.507
2026-10-09,600547,2.8
2026-10-09,600548,2.206
2026-10-09,600549,-0.324
2026-10-09,600550,-0.864
2026-10-09,600551,3.522
2026-10-09,600552,-5.441
2026-10-09,600556,6.473
2026-10-09,600557,1.473
2026-10-09,600558,1.224
2026-10-09,600559,1.279
2026-10-09,600560,0.176
2026-10-09,600561,-0.493
2026-10-09,600562,0.151
2026-10-09,600563,-0.344
2026-10-09,600566,2.613
2026-10-09,600567,0.763
2026-10-09,600568,-0.877
2026-10-09,600569,1.695
2026-10-09,600570,3.505
2026-10-09,600571,5.263
2026-10-09,600572,2.558
2026-10-09,600573,5.851
2026-10-09,600575,0.929
2026-10-09,600576,1.349
2026-10-09,600577,-2.036
2026-10-09,600578,-0.187
2026-10-09,600579,0.428
2026-10-09,600580,0.828
2026-10-09,600581,1.224
2026-10-09,600582,1.008
2026-10-09,600583,-0.303
2026-10-09,600584,0.224
2026-10-09,600585,0.058
2026-10-09,600586,0.761
2026-10-09,600587,1.001
2026-10-09,600588,3.996
2026-10-09,600589,0.423
2026-10-09,600590,-0.998
2026-10-09,600592,-1.479
2026-10-09,600593,-0.551
2026-10-09,600594,2.507
2026-10-09,600595,1.503
2026-10-09,600596,4.485
2026-10-09,600597,2.624
2026-10-09,600598,4.114
2026-10-09,600600,1.567
2026-10-09,600601,-5.692
2026-10-09,600602,1.719
2026-10-09,600603,6.751
2026-10-09,600604,0.422
2026-10-09,600605,1.031
2026-10-09,600606,0.68
2026-10-09,600609,1.416
2026-10-09,600610,1.984
2026-10-09,600611,1.882
2026-10-09,600612,2.455
2026-10-09,600613,6.341
2026-10-09,600615,2.381
2026-10-09,600616,-0.579
2026-10-09,600617,-0.535
2026-10-09,600618,1.32
2026-10-09,600619,1.643
2026-10-09,600620,1.157
2026-10-09,600621,10.03
2026-10-09,600622,0.806
2026-10-09,600623,0.345
2026-10-09,600624,-1.279
2026-10-09,600626,1.882
2026-10-09,600628,1.732
2026-10-09,600629,10.012
2026-10-09,600630,3.394
2026-10-09,600633,3.662
2026-10-09,600635,-0.222
2026-10-09,600637,3.302
2026-10-09,600638,0.0
2026-10-09,600639,-2.085
2026-10-09,600640,5.375
2026-10-09,600641,-1.456
2026-10-09,600642,-0.11
2026-10-09,600643,2.743
2026-10-09,600644,-2.203
2026-10-09,600645,2.248
2026-10-09,600648,-2.243
2026-10-09,600649,1.003
2026-10-09,600650,1.367
2026-10-09,600651,2.236
2026-10-09,600653,1.807
2026-10-09,600654,4.377
2026-10-09,600655,2.183
2026-10-09,600657,-0.299
2026-10-09,600658,1.453
2026-10-09,600660,4.55
2026-10-09,600661,0.945
2026-10-09,600662,1.887
2026-10-09,600663,-8.723
2026-10-09,600664,2.072
2026-10-09,600665,-0.299
2026-10-09,600666,1.592
2026-10-09,600667,-1.39
2026-10-09,600668,0.949
2026-10-09,600671,0.219
2026-10-09,600673,-1.294
2026-10-09,600674,0.769
2026-10-09,600675,0.413
2026-10-09,600676,2.615
2026-10-09,600678,0.0
2026-10-09,600679,0.843
2026-10-09,600681,-1.102
2026-10-09,600682,1.913
2026-10-09,600683,1.144
2026-10-09,600684,0.831
2026-10-09,600685,-2.672
2026-10-09,600686,-0.09
2026-10-09,600688,0.712
2026-10-09,600689,0.0
2026-10-09,600690,1.86
2026-10-09,600691,1.449
2026-10-09,600692,-0.897
2026-10-09,600693,7.286
2026-10-09,600694,2.635
2026-10-09,600697,1.954
2026-10-09,600698,0.0
2026-10-09,600699,4.216
2026-10-09,600702,0.772
2026-10-09,600703,-0.842
2026-10-09,600704,1.626
2026-10-09,600706,1.006
2026-10-09,600707,-4.59
2026-10-09,600708,0.651
2026-10-09,600710,-0.175
2026-10-09,600711,3.307
2026-10-09,600712,5.816
2026-10-09,600713,2.595
2026-10-09,600714,-1.525
2026-10-09,600715,10.0
2026-10-09,600716,0.27
2026-10-09,600717,0.229
2026-10-09,600718,5.627
2026-10-09,600719,-0.119
2026-10-09,600720,0.193
2026-10-09,600721,0.238
2026-10-09,600722,4.262
2026-10-09,600724,0.803
2026-10-09,600725,0.0
2026-10-09,600726,-0.599
2026-10-09,600727,0.385
2026-10-09,600728,3.182
2026-10-09,600729,2.978
2026-10-09,600730,0.342
2026-10-09,600731,0.338
2026-10-09,600732,0.0
2026-10-09,600733,-0.839
2026-10-09,600734,1.081
2026-10-09,600735,4.608
2026-10-09,600736,0.0
2026-10-09,600737,3.241
2026-10-09,600738,2.871
2026-10-09,600739,1.974
2026-10-09,600740,1.055
2026-10-09,600741,2.64
2026-10-09,600742,0.779
2026-10-09,600743,1.288
2026-10-09,600744,-1.459
2026-10-09,600745,-2.25
2026-10-09,600746,5.292
2026-10-09,600748,0.489
2026-10-09,600749,0.638
2026-10-09,600750,1.239
2026-10-09,600751,1.742
2026-10-09,600753,-1.832
2026-10-09,600754,2.623
2026-10-09,600755,1.757
2026-10-09,600756,2.88
2026-10-09,600757,2.717
2026-10-09,600758,1.034
2026-10-09,600759,-0.873
2026-10-09,600760,-0.574
2026-10-09,600761,0.938
2026-10-09,600763,0.896
2026-10-09,600764,-1.365
2026-10-09,600765,0.844
2026-10-09,600768,-0.475
2026-10-09,600769,0.652
2026-10-09,600770,-2.488
2026-10-09,600771,2.641
2026-10-09,600773,0.713
2026-10-09,600774,0.892
2026-10-09,600775,0.636
2026-10-09,600776,1.399
2026-10-09,600777,1.975
2026-10-09,600778,1.926
2026-10-09,600779,0.962
2026-10-09,600780,-0.323
2026-10-09,600782,0.0
2026-10-09,600783,-0.633
2026-10-09,600784,0.861
2026-10-09,600785,7.714
2026-10-09,600787,1.732
2026-10-09,600789,1.595
2026-10-09,600790,-0.265
2026-10-09,600791,0.149
2026-10-09,600792,-3.448
2026-10-09,600793,-2.968
2026-10-09,600794,0.943
2026-10-09,600795,-0.183
2026-10-09,600796,1.367
2026-10-09,600797,2.826
2026-10-09,600798,-0.288
2026-10-09,600800,0.932
2026-10-09,600801,-0.55
2026-10-09,600802,0.7
2026-10-09,600803,0.0
2026-10-09,600805,1.505
2026-10-09,600807,1.504
2026-10-09,600808,-0.82
2026-10-09,600809,0.547
2026-10-09,600810,2.233
2026-10-09,600812,10.036
2026-10-09,600814,4.506
2026-10-09,600815,-1.042
2026-10-09,600816,1.261
2026-10-09,600817,0.406
2026-10-09,600818,-2.439
2026-10-09,600819,1.085
2026-10-09,600820,0.378
2026-10-09,600821,1.61
2026-10-09,600822,1.885
2026-10-09,600824,4.065
2026-10-09,600825,10.009
2026-10-09,600826,2.278
2026-10-09,600827,1.643
2026-10-09,600828,6.032
2026-10-09,600829,2.919
2026-10-09,600830,4.333
2026-10-09,600831,5.655
2026-10-09,600833,1.636
2026-10-09,600834,0.654
2026-10-09,600835,0.678
2026-10-09,600838,7.275
2026-10-09,600839,-0.156
2026-10-09,600841,-0.352
2026-10-09,600843,9.946
2026-10-09,600844,1.216
2026-10-09,600845,1.841
2026-10-09,600846,0.375
2026-10-09,600847,0.611
2026-10-09,600848,-1.121
2026-10-09,600850,2.485
2026-10-09,600851,2.089
2026-10-09,600853,1.216
2026-10-09,600854,0.422
2026-10-09,600855,0.65
2026-10-09,600857,5.455
2026-10-09,600858,3.061
2026-10-09,600859,2.275
2026-10-09,600860,1.332
2026-10-09,600861,0.546
2026-10-09,600862,0.057
2026-10-09,600863,1.569
2026-10-09,600864,5.818
2026-10-09,600865,10.038
2026-10-09,600866,3.529
2026-10-09,600867,1.416
2026-10-09,600868,0.727
2026-10-09,600869,0.0
2026-10-09,600871,0.926
2026-10-09,600872,2.607
2026-10-09,600873,1.987
2026-10-09,600874,0.721
2026-10-09,600875,0.085
2026-10-09,600876,0.931
2026-10-09,600877,0.091
2026-10-09,600879,-2.913
2026-10-09,600880,5.596
2026-10-09,600881,3.226
2026-10-09,600882,9.995
2026-10-09,600883,0.124
2026-10-09,600884,1.011
2026-10-09,600885,-0.093
2026-10-09,600886,0.895
2026-10-09,600887,1.245
2026-10-09,600888,-1.628
2026-10-09,600889,-0.227
2026-10-09,600892,8.148
2026-10-09,600893,-0.683
2026-10-09,600894,1.305
2026-10-09,600895,1.862
2026-10-09,600897,1.596
2026-10-09,600900,0.311
2026-10-09,600901,0.143
2026-10-09,600903,-0.731
2026-10-09,600905,0.567
2026-10-09,600906,1.929
2026-10-09,600908,-1.012
2026-10-09,600909,2.133
2026-10-09,600916,2.378
2026-10-09,600917,0.0
2026-10-09,600918,2.052
2026-10-09,600919,-1.591
2026-10-09,600925,0.955
2026-10-09,600926,-1.606
2026-10-09,600927,1.843
2026-10-09,600928,-0.56
2026-10-09,600929,1.02
2026-10-09,600930,-0.251
2026-10-09,600933,0.775
2026-10-09,600935,1.739
2026-10-09,600936,2.576
2026-10-09,600938,-1.024
2026-10-09,600939,0.758
2026-10-09,600941,0.02
2026-10-09,600955,3.733
2026-10-09,600956,-0.689
2026-10-09,600958,1.761
2026-10-09,600959,3.236
2026-10-09,600960,1.036
2026-10-09,600961,1.619
2026-10-09,600962,1.891
2026-10-09,600963,0.893
2026-10-09,600965,-0.781
2026-10-09,600966,-0.62
2026-10-09,600967,-3.178
2026-10-09,600968,-1.241
2026-10-09,600969,-2.208
2026-10-09,600970,-0.257
2026-10-09,600971,-0.474
2026-10-09,600973,0.35
2026-10-09,600975,1.768
2026-10-09,600976,1.964
2026-10-09,600977,3.955
2026-10-09,600979,-0.254
2026-10-09,600980,0.0
2026-10-09,600981,2.092
2026-10-09,600982,-0.748
2026-10-09,600983,0.0
2026-10-09,600984,1.096
2026-10-09,600985,0.614
2026-10-09,600986,5.908
2026-10-09,600987,0.477
2026-10-09,600988,5.912
2026-10-09,600989,-0.3
2026-10-09,600990,1.263
2026-10-09,600992,-2.31
2026-10-09,600993,1.325
2026-10-09,600995,-0.332
2026-10-09,600996,2.99
2026-10-09,600997,0.753
2026-10-09,600998,0.395
2026-10-09,600999,1.068
2026-10-09,601000,-0.213
2026-10-09,601001,1.724
2026-10-09,601002,-1.509
2026-10-09,601003,0.28
2026-10-09,601005,0.833
2026-10-09,601006,0.62
2026-10-09,601007,1.189
2026-10-09,601008,0.225
2026-10-09,601009,-1.652
2026-10-09,601010,0.0
2026-10-09,601011,2.357
2026-10-09,601012,1.536
2026-10-09,601015,0.261
2026-10-09,601016,-0.61
2026-10-09,601018,1.114
2026-10-09,601019,3.824
2026-10-09,601020,1.55
2026-10-09,601021,1.261
2026-10-09,601022,-1.064
2026-10-09,601026,-1.903
2026-10-09,601033,1.058
2026-10-09,601038,-0.145
2026-10-09,601058,1.932
2026-10-09,601059,0.0
2026-10-09,601061,1.104
2026-10-09,601065,1.807
2026-10-09,601066,2.022
2026-10-09,601068,3.153
2026-10-09,601069,9.983
2026-10-09,601077,-1.622
2026-10-09,601083,2.765
2026-10-09,601086,10.015
2026-10-09,601088,1.916
2026-10-09,601089,0.798
2026-10-09,601091,-4.835
2026-10-09,601096,1.485
2026-10-09,601098,2.958
2026-10-09,601099,2.647
2026-10-09,601100,-3.021
2026-10-09,601101,0.152
2026-10-09,601106,1.017
2026-10-09,601107,1.914
2026-10-09,601108,2.141
2026-10-09,601111,0.697
2026-10-09,601112,1.118
2026-10-09,601113,1.433
2026-10-09,601116,4.93
2026-10-09,601117,1.399
2026-10-09,601118,9.985
2026-10-09,601121,0.141
2026-10-09,601123,1.187
2026-10-09,601126,-2.637
2026-10-09,601127,-2.898
2026-10-09,601128,-0.796
2026-10-09,601133,-4.264
2026-10-09,601136,2.198
2026-10-09,601137,-1.358
2026-10-09,601138,0.682
2026-10-09,601139,-0.307
2026-10-09,601155,-0.468
2026-10-09,601156,0.433
2026-10-09,601158,0.495
2026-10-09,601162,2.579
2026-10-09,601163,0.574
2026-10-09,601166,-1.042
2026-10-09,601168,2.505
2026-10-09,601169,-1.59
2026-10-09,601177,-0.876
2026-10-09,601179,-1.103
2026-10-09,601186,0.165
2026-10-09,601187,-0.871
2026-10-09,601188,0.692
2026-10-09,601198,0.0
2026-10-09,601199,0.966
2026-10-09,601200,0.44
2026-10-09,601208,-4.811
2026-10-09,601211,1.265
2026-10-09,601212,2.873
2026-10-09,601216,1.677
2026-10-09,601218,-2.521
2026-10-09,601222,0.0
2026-10-09,601225,1.391
2026-10-09,601226,0.151
2026-10-09,601228,-0.633
2026-10-09,601229,-1.835
2026-10-09,601231,-1.907
2026-10-09,601233,1.19
2026-10-09,601236,2.003
2026-10-09,601238,-1.679
2026-10-09,601279,0.277
2026-10-09,601288,-0.57
2026-10-09,601298,-0.1
2026-10-09,601311,1.757
2026-10-09,601318,0.304
2026-10-09,601319,-1.138
2026-10-09,601326,1.389
2026-10-09,601328,-0.639
2026-10-09,601330,-0.962
2026-10-09,601333,0.0
2026-10-09,601336,1.39
2026-10-09,601339,0.678
2026-10-09,601360,5.075
2026-10-09,601366,3.611
2026-10-09,601368,1.087
2026-10-09,601369,-1.055
2026-10-09,601375,1.535
2026-10-09,601377,1.585
2026-10-09,601388,0.946
2026-10-09,601390,0.234
2026-10-09,601398,-1.083
2026-10-09,601399,0.0
2026-10-09,601456,1.313
2026-10-09,601500,1.563
2026-10-09,601512,-0.596
2026-10-09,601515,1.887
2026-10-09,601518,0.719
2026-10-09,601519,9.952
2026-10-09,601528,-0.583
2026-10-09,601555,2.635
2026-10-09,601566,9.978
2026-10-09,601567,-2.836
2026-10-09,601568,0.56
2026-10-09,601577,-1.619
2026-10-09,601579,1.717
2026-10-09,601588,1.667
2026-10-09,601595,10.004
2026-10-09,601598,2.832
2026-10-09,601599,4.361
2026-10-09,601600,0.554
2026-10-09,601601,1.038
2026-10-09,601606,-0.328
2026-10-09,601607,1.275
2026-10-09,601608,0.652
2026-10-09,601609,-2.97
2026-10-09,601611,0.1
2026-10-09,601615,-0.628
2026-10-09,601616,0.798
2026-10-09,601618,0.784
2026-10-09,601619,1.018
2026-10-09,601628,0.584
2026-10-09,601633,2.759
2026-10-09,601636,0.192
2026-10-09,601658,-1.457
2026-10-09,601665,-0.979
2026-10-09,601666,1.243
2026-10-09,601668,-0.911
2026-10-09,601669,0.0
2026-10-09,601677,0.685
2026-10-09,601678,1.413
2026-10-09,601686,0.996
2026-10-09,601688,2.102
2026-10-09,601689,0.396
2026-10-09,601696,2.602
2026-10-09,601698,-1.783
2026-10-09,601699,1.637
2026-10-09,601700,-0.47
2026-10-09,601702,2.884
2026-10-09,601717,3.296
2026-10-09,601718,0.518
2026-10-09,601727,0.467
2026-10-09,601728,1.09
2026-10-09,601766,1.286
2026-10-09,601777,2.733
2026-10-09,601778,0.297
2026-10-09,601788,1.862
2026-10-09,601789,1.435
2026-10-09,601798,-1.299
2026-10-09,601799,1.248
2026-10-09,601800,0.331
2026-10-09,601801,5.176
2026-10-09,601808,0.08
2026-10-09,601811,9.995
2026-10-09,601816,0.0
2026-10-09,601818,-0.649
2026-10-09,601825,-1.837
2026-10-09,601827,1.772
2026-10-09,601828,2.765
2026-10-09,601838,-1.481
2026-10-09,601857,0.086
2026-10-09,601858,5.106
2026-10-09,601860,-0.386
2026-10-09,601865,2.851
2026-10-09,601866,-0.405
2026-10-09,601868,0.42
2026-10-09,601869,-1.553
2026-10-09,601872,0.182
2026-10-09,601877,-0.389
2026-10-09,601878,1.357
2026-10-09,601880,0.0
2026-10-09,601881,1.754
2026-10-09,601882,-2.824
2026-10-09,601886,1.396
2026-10-09,601888,0.375
2026-10-09,601890,-3.066
2026-10-09,601898,2.129
2026-10-09,601899,4.869
2026-10-09,601900,4.285
2026-10-09,601901,1.667
2026-10-09,601908,1.37
2026-10-09,601916,-0.342
2026-10-09,601918,0.434
2026-10-09,601919,0.422
2026-10-09,601921,3.758
2026-10-09,601928,3.481
2026-10-09,601929,10.132
2026-10-09,601933,1.689
2026-10-09,601939,-1.525
2026-10-09,601949,4.712
2026-10-09,601952,4.922
2026-10-09,601956,-3.623
2026-10-09,601958,0.687
2026-10-09,601963,-2.589
2026-10-09,601965,2.135
2026-10-09,601966,1.815
2026-10-09,601968,0.895
2026-10-09,601969,0.33
2026-10-09,601975,-3.823
2026-10-09,601985,-0.654
2026-10-09,601988,-0.587
2026-10-09,601990,1.378
2026-10-09,601991,-0.187
2026-10-09,601992,0.709
2026-10-09,601995,3.014
2026-10-09,601996,1.408
2026-10-09,601997,-0.177
2026-10-09,601998,-0.881
2026-10-09,601999,5.97
2026-10-09,603000,4.286
2026-10-09,603001,0.618
2026-10-09,603002,-5.404
2026-10-09,603004,-0.101
2026-10-09,603005,-2.789
2026-10-09,603006,-1.486
2026-10-09,603007,0.226
2026-10-09,603008,3.551
2026-10-09,603009,-0.83
2026-10-09,603010,2.463
2026-10-09,603011,-6.387
2026-10-09,603012,-0.697
2026-10-09,603013,1.61
2026-10-09,603014,1.602
2026-10-09,603015,-0.191
2026-10-09,603016,-0.347
2026-10-09,603017,-0.1
2026-10-09,603018,0.783
2026-10-09,603019,-1.836
2026-10-09,603020,1.412
2026-10-09,603021,5.634
2026-10-09,603022,-0.551
2026-10-09,603023,0.752
2026-10-09,603025,1.574
2026-10-09,603026,6.373
2026-10-09,603027,-0.135
2026-10-09,603028,-0.849
2026-10-09,603029,-0.12
2026-10-09,603030,1.463
2026-10-09,603031,-1.622
2026-10-09,603032,2.315
2026-10-09,603033,0.654
2026-10-09,603035,0.962
2026-10-09,603036,-2.372
2026-10-09,603037,-5.976
2026-10-09,603038,0.0
2026-10-09,603039,4.608
2026-10-09,603040,-1.246
2026-10-09,603041,1.05
2026-10-09,603042,-2.928
2026-10-09,603043,1.731
2026-10-09,603045,-1.244
2026-10-09,603048,-3.234
2026-10-09,603049,0.691
2026-10-09,603050,0.44
2026-10-09,603051,-3.83
2026-10-09,603052,-2.964
2026-10-09,603053,-0.113
2026-10-09,603055,2.646
2026-10-09,603057,-0.732
2026-10-09,603058,3.218
2026-10-09,603059,-0.962
2026-10-09,603060,1.444
2026-10-09,603061,-1.24
2026-10-09,603062,0.053
2026-10-09,603063,-3.376
2026-10-09,603065,-2.495
2026-10-09,603066,0.216
2026-10-09,603067,10.01
2026-10-09,603068,2.498
2026-10-09,603069,2.039
2026-10-09,603070,-2.098
2026-10-09,603071,0.798
2026-10-09,603072,1.166
2026-10-09,603073,-10.013
2026-10-09,603075,-1.447
2026-10-09,603076,0.751
2026-10-09,603077,1.826
2026-10-09,603078,-1.812
2026-10-09,603079,-0.075
2026-10-09,603080,-1.324
2026-10-09,603081,0.212
2026-10-09,603082,-1.548
2026-10-09,603083,-0.052
2026-10-09,603085,-3.251
2026-10-09,603086,-1.61
2026-10-09,603087,2.664
2026-10-09,603088,0.31
2026-10-09,603089,-0.316
2026-10-09,603090,-0.573
2026-10-09,603091,0.044
2026-10-09,603092,0.675
2026-10-09,603093,3.285
2026-10-09,603095,-0.868
2026-10-09,603096,10.032
2026-10-09,603097,-3.122
2026-10-09,603098,1.792
2026-10-09,603099,-0.696
2026-10-09,603100,0.921
2026-10-09,603101,10.055
2026-10-09,603102,-0.054
2026-10-09,603103,6.189
2026-10-09,603105,-1.932
2026-10-09,603106,4.795
2026-10-09,603107,-1.047
2026-10-09,603108,3.209
2026-10-09,603109,0.347
2026-10-09,603110,-2.38
2026-10-09,603111,0.329
2026-10-09,603112,-1.201
2026-10-09,603113,1.8
2026-10-09,603115,-3.303
2026-10-09,603116,0.42
2026-10-09,603117,0.761
2026-10-09,603118,-2.918
2026-10-09,603119,-0.594
2026-10-09,603120,-1.49
2026-10-09,603121,-0.252
2026-10-09,603122,1.475
2026-10-09,603123,4.216
2026-10-09,603124,-6.115
2026-10-09,603125,-1.292
2026-10-09,603126,1.884
2026-10-09,603127,1.037
2026-10-09,603128,-0.37
2026-10-09,603129,-0.524
2026-10-09,603130,-2.764
2026-10-09,603131,0.074
2026-10-09,603132,-1.4
2026-10-09,603135,0.0
2026-10-09,603136,2.13
2026-10-09,603137,-4.652
2026-10-09,603138,5.864
2026-10-09,603139,-1.277
2026-10-09,603150,-4.532
2026-10-09,603151,5.266
2026-10-09,603153,0.221
2026-10-09,603155,9.979
2026-10-09,603156,0.379
2026-10-09,603158,-0.2
2026-10-09,603159,-1.751
2026-10-09,603160,0.776
2026-10-09,603161,-0.908
2026-10-09,603162,-2.0
2026-10-09,603163,-3.403
2026-10-09,603165,-0.648
2026-10-09,603166,1.543
2026-10-09,603167,0.0
2026-10-09,603168,1.513
2026-10-09,603169,0.66
2026-10-09,603170,2.074
2026-10-09,603171,6.303
2026-10-09,603172,-1.067
2026-10-09,603173,-0.904
2026-10-09,603175,-2.749
2026-10-09,603176,2.091
2026-10-09,603177,-1.574
2026-10-09,603178,-0.429
2026-10-09,603179,-1.093
2026-10-09,603180,0.571
2026-10-09,603181,0.654
2026-10-09,603182,-0.073
2026-10-09,603183,-2.505
2026-10-09,603185,0.067
2026-10-09,603186,-7.933
2026-10-09,603187,1.307
2026-10-09,603188,0.595
2026-10-09,603189,-1.176
2026-10-09,603190,-0.497
2026-10-09,603191,0.381
2026-10-09,603192,-1.466
2026-10-09,603193,2.625
2026-10-09,603194,-0.389
2026-10-09,603195,0.386
2026-10-09,603196,1.663
2026-10-09,603197,-1.007
2026-10-09,603198,0.961
2026-10-09,603199,0.828
2026-10-09,603200,9.571
2026-10-09,603201,-1.582
2026-10-09,603202,0.596
2026-10-09,603203,-4.474
2026-10-09,603205,0.737
2026-10-09,603206,2.029
2026-10-09,603207,1.662
2026-10-09,603208,-0.439
2026-10-09,603209,0.397
2026-10-09,603210,-0.874
2026-10-09,603211,-0.918
2026-10-09,603212,0.0
2026-10-09,603213,1.168
2026-10-09,603214,0.805
2026-10-09,603215,0.459
2026-10-09,603216,9.995
2026-10-09,603217,-3.019
2026-10-09,603218,-0.736
2026-10-09,603219,-2.137
2026-10-09,603220,0.378
2026-10-09,603221,4.693
2026-10-09,603222,3.106
2026-10-09,603223,-0.324
2026-10-09,603225,-0.527
2026-10-09,603226,2.147
2026-10-09,603227,0.531
2026-10-09,603228,-0.93
2026-10-09,603229,1.613
2026-10-09,603230,2.151
2026-10-09,603231,-0.235
2026-10-09,603232,9.974
2026-10-09,603233,2.179
2026-10-09,603235,0.66
2026-10-09,603236,5.417
2026-10-09,603237,-0.065
2026-10-09,603238,-0.313
2026-10-09,603239,5.817
2026-10-09,603248,-3.731
2026-10-09,603255,2.212
2026-10-09,603256,-5.728
2026-10-09,603257,0.284
2026-10-09,603258,4.467
2026-10-09,603259,-2.593
2026-10-09,603260,5.458
2026-10-09,603261,3.466
2026-10-09,603262,2.3
2026-10-09,603266,4.223
2026-10-09,603267,-2.084
2026-10-09,603268,-6.971
2026-10-09,603269,-4.856
2026-10-09,603270,-6.134
2026-10-09,603271,3.606
2026-10-09,603272,-3.864
2026-10-09,603273,-2.078
2026-10-09,603275,-0.72
2026-10-09,603276,2.828
2026-10-09,603277,0.268
2026-10-09,603278,-1.077
2026-10-09,603279,1.443
2026-10-09,603280,3.621
2026-10-09,603281,4.408
2026-10-09,603282,-0.643
2026-10-09,603283,-3.805
2026-10-09,603284,1.914
2026-10-09,603285,-4.199
2026-10-09,603286,1.774
2026-10-09,603288,-0.561
2026-10-09,603289,-0.842
2026-10-09,603290,-3.297
2026-10-09,603291,-1.263
2026-10-09,603293,-0.37
2026-10-09,603296,2.757
2026-10-09,603297,-2.787
2026-10-09,603298,1.473
2026-10-09,603299,0.689
2026-10-09,603300,1.778
2026-10-09,603301,3.198
2026-10-09,603303,2.993
2026-10-09,603305,1.748
2026-10-09,603306,-2.825
2026-10-09,603307,-0.473
2026-10-09,603308,-4.963
2026-10-09,603309,1.077
2026-10-09,603310,0.551
2026-10-09,603311,-2.648
2026-10-09,603312,-2.781
2026-10-09,603313,2.572
2026-10-09,603315,-1.052
2026-10-09,603316,-0.41
2026-10-09,603317,1.759
2026-10-09,603318,-2.09
2026-10-09,603319,1.297
2026-10-09,603320,0.226
2026-10-09,603321,-0.707
2026-10-09,603322,-0.489
2026-10-09,603323,-1.322
2026-10-09,603324,-2.633
2026-10-09,603325,1.288
2026-10-09,603326,-1.042
2026-10-09,603327,0.882
2026-10-09,603328,-6.421
2026-10-09,603329,-1.271
2026-10-09,603330,-1.545
2026-10-09,603331,-1.368
2026-10-09,603332,-1.395
2026-10-09,603333,0.111
2026-10-09,603334,-1.167
2026-10-09,603335,0.672
2026-10-09,603336,-1.042
2026-10-09,603337,0.893
2026-10-09,603338,-1.493
2026-10-09,603339,0.0
2026-10-09,603341,1.532
2026-10-09,603344,-1.63
2026-10-09,603345,3.355
2026-10-09,603348,1.18
2026-10-09,603350,-0.743
2026-10-09,603351,-0.035
2026-10-09,603352,2.08
2026-10-09,603353,-4.39
2026-10-09,603355,-0.524
2026-10-09,603356,0.366
2026-10-09,603357,1.005
2026-10-09,603358,-3.214
2026-10-09,603359,-1.015
2026-10-09,603360,-1.559
2026-10-09,603363,2.158
2026-10-09,603365,4.205
2026-10-09,603366,3.562
2026-10-09,603367,1.662
2026-10-09,603368,1.708
2026-10-09,603369,-0.108
2026-10-09,603370,1.139
2026-10-09,603373,-4.215
2026-10-09,603375,-3.231
2026-10-09,603376,4.842
2026-10-09,603377,1.656
2026-10-09,603378,-5.72
2026-10-09,603379,1.194
2026-10-09,603380,-1.54
2026-10-09,603381,-0.068
2026-10-09,603382,0.211
2026-10-09,603383,4.06
2026-10-09,603385,1.792
2026-10-09,603386,-5.886
2026-10-09,603387,-1.083
2026-10-09,603389,-0.69
2026-10-09,603390,-5.124
2026-10-09,603391,-1.433
2026-10-09,603392,1.736
2026-10-09,603393,-1.06
2026-10-09,603395,4.726
2026-10-09,603396,-4.889
2026-10-09,603398,10.026
2026-10-09,603399,3.69
2026-10-09,603400,-10.0
2026-10-09,603402,2.392
2026-10-09,603406,0.644
2026-10-09,603407,-5.722
2026-10-09,603408,1.926
2026-10-09,603409,-0.456
2026-10-09,603416,2.174
2026-10-09,603418,-1.54
2026-10-09,603421,1.146
2026-10-09,603429,-2.48
2026-10-09,603435,-1.907
2026-10-09,603439,-0.791
2026-10-09,603444,2.001
2026-10-09,603448,-1.012
2026-10-09,603456,-0.245
2026-10-09,603458,2.043
2026-10-09,603459,-2.13
2026-10-09,603466,4.257
2026-10-09,603468,0.592
2026-10-09,603477,1.236
2026-10-09,603486,1.46
2026-10-09,603488,0.131
2026-10-09,603489,0.36
2026-10-09,603496,2.107
2026-10-09,603499,-1.205
2026-10-09,603500,2.136
2026-10-09,603501,0.241
2026-10-09,603505,1.151
2026-10-09,603506,-1.792
2026-10-09,603507,-4.303
2026-10-09,603508,0.244
2026-10-09,603511,0.699
2026-10-09,603515,1.614
2026-10-09,603516,-1.435
2026-10-09,603517,0.448
2026-10-09,603518,1.665
2026-10-09,603519,4.504
2026-10-09,603520,1.988
2026-10-09,603527,0.0
2026-10-09,603528,2.56
2026-10-09,603529,1.704
2026-10-09,603530,-1.744
2026-10-09,603533,9.987
2026-10-09,603535,1.433
2026-10-09,603536,1.178
2026-10-09,603538,-3.428
2026-10-09,603551,0.738
2026-10-09,603556,-0.179
2026-10-09,603557,-0.641
2026-10-09,603558,-0.156
2026-10-09,603559,0.0
2026-10-09,603565,-0.255
2026-10-09,603566,1.081
2026-10-09,603567,2.662
2026-10-09,603568,-1.946
2026-10-09,603569,0.676
2026-10-09,603577,-2.908
2026-10-09,603578,-2.75
2026-10-09,603579,1.01
2026-10-09,603580,-3.949
2026-10-09,603583,3.629
2026-10-09,603585,1.693
2026-10-09,603586,0.728
2026-10-09,603587,0.889
2026-10-09,603588,5.4
2026-10-09,603589,2.024
2026-10-09,603590,-0.673
2026-10-09,603595,-3.226
2026-10-09,603596,-0.146
2026-10-09,603598,6.111
2026-10-09,603599,0.674
2026-10-09,603600,1.287
2026-10-09,603601,-5.505
2026-10-09,603602,0.575
2026-10-09,603605,1.996
2026-10-09,603606,-3.303
2026-10-09,603607,-1.678
2026-10-09,603608,2.707
2026-10-09,603609,1.109
2026-10-09,603610,-1.698
2026-10-09,603611,-0.314
2026-10-09,603612,0.928
2026-10-09,603613,1.518
2026-10-09,603615,-0.494
2026-10-09,603616,-1.416
2026-10-09,603617,0.3
2026-10-09,603618,-2.493
2026-10-09,603619,-2.032
2026-10-09,603626,5.333
2026-10-09,603628,0.681
2026-10-09,603629,1.004
2026-10-09,603630,2.91
2026-10-09,603633,0.0
2026-10-09,603636,5.228
2026-10-09,603637,-3.92
2026-10-09,603638,-2.729
2026-10-09,603639,0.383
2026-10-09,603648,0.844
2026-10-09,603650,-2.844
2026-10-09,603655,-1.336
2026-10-09,603656,-0.524
2026-10-09,603657,-1.927
2026-10-09,603658,0.723
2026-10-09,603659,2.15
2026-10-09,603660,0.0
2026-10-09,603661,0.535
2026-10-09,603662,0.439
2026-10-09,603663,-4.385
2026-10-09,603665,3.595
2026-10-09,603666,-2.809
2026-10-09,603667,1.064
2026-10-09,603668,-6.524
2026-10-09,603669,4.819
2026-10-09,603676,1.436
2026-10-09,603677,0.14
2026-10-09,603678,-5.857
2026-10-09,603679,-1.836
2026-10-09,603680,-0.686
2026-10-09,603681,-1.467
2026-10-09,603682,-1.206
2026-10-09,603683,-1.077
2026-10-09,603685,7.375
2026-10-09,603686,-1.987
2026-10-09,603687,0.073
2026-10-09,603688,-2.987
2026-10-09,603689,0.0
2026-10-09,603690,-3.581
2026-10-09,603693,-2.913
2026-10-09,603696,4.603
2026-10-09,603697,2.058
2026-10-09,603698,-2.564
2026-10-09,603699,-2.275
2026-10-09,603700,-1.204
2026-10-09,603701,2.639
2026-10-09,603703,-1.854
2026-10-09,603706,-0.74
2026-10-09,603707,0.988
2026-10-09,603708,4.022
2026-10-09,603709,-1.725
2026-10-09,603711,1.906
2026-10-09,603712,0.0
2026-10-09,603713,3.197
2026-10-09,603716,1.792
2026-10-09,603717,0.664
2026-10-09,603718,-0.649
2026-10-09,603719,2.476
2026-10-09,603721,6.921
2026-10-09,603722,-0.503
2026-10-09,603725,-0.838
2026-10-09,603726,-0.043
2026-10-09,603727,3.358
2026-10-09,603728,1.934
2026-10-09,603729,0.721
2026-10-09,603730,-0.207
2026-10-09,603733,-0.892
2026-10-09,603737,1.575
2026-10-09,603738,-4.045
2026-10-09,603739,0.948
2026-10-09,603755,1.531
2026-10-09,603757,4.554
2026-10-09,603758,-0.579
2026-10-09,603759,-2.331
2026-10-09,603766,-0.071
2026-10-09,603767,0.41
2026-10-09,603768,-1.718
2026-10-09,603773,-4.833
2026-10-09,603776,-0.879
2026-10-09,603777,0.855
2026-10-09,603778,1.463
2026-10-09,603779,2.754
2026-10-09,603786,3.159
2026-10-09,603787,0.478
2026-10-09,603788,-5.6
2026-10-09,603789,-0.997
2026-10-09,603790,0.0
2026-10-09,603797,-0.21
2026-10-09,603798,0.846
2026-10-09,603799,1.05
2026-10-09,603800,-5.066
2026-10-09,603801,2.76
2026-10-09,603803,-2.936
2026-10-09,603806,0.772
2026-10-09,603808,0.454
2026-10-09,603809,1.799
2026-10-09,603810,4.351
2026-10-09,603811,2.168
2026-10-09,603813,-0.696
2026-10-09,603815,-0.986
2026-10-09,603816,1.03
2026-10-09,603817,1.389
2026-10-09,603818,5.926
2026-10-09,603819,-1.316
2026-10-09,603822,-0.618
2026-10-09,603823,-10.002
2026-10-09,603825,-2.291
2026-10-09,603826,0.067
2026-10-09,603828,-2.349
2026-10-09,603829,1.625
2026-10-09,603833,1.271
2026-10-09,603836,-1.251
2026-10-09,603838,10.025
2026-10-09,603839,0.441
2026-10-09,603843,1.864
2026-10-09,603848,-0.944
2026-10-09,603855,-0.357
2026-10-09,603856,-0.76
2026-10-09,603858,1.438
2026-10-09,603859,3.108
2026-10-09,603860,0.493
2026-10-09,603861,-0.091
2026-10-09,603863,1.909
2026-10-09,603866,2.326
2026-10-09,603867,-2.193
2026-10-09,603868,1.164
2026-10-09,603869,-1.429
2026-10-09,603871,0.903
2026-10-09,603876,3.797
2026-10-09,603877,1.316
2026-10-09,603878,0.205
2026-10-09,603879,-0.399
2026-10-09,603880,3.257
2026-10-09,603881,1.387
2026-10-09,603882,1.873
2026-10-09,603883,1.883
2026-10-09,603885,0.62
2026-10-09,603886,-0.833
2026-10-09,603887,0.97
2026-10-09,603888,5.201
2026-10-09,603889,1.603
2026-10-09,603890,-0.817
2026-10-09,603893,1.583
2026-10-09,603895,-0.237
2026-10-09,603896,1.226
2026-10-09,603897,-2.968
2026-10-09,603898,1.645
2026-10-09,603899,1.22
2026-10-09,603900,4.16
2026-10-09,603901,1.432
2026-10-09,603903,0.23
2026-10-09,603906,2.053
2026-10-09,603908,-1.839
2026-10-09,603909,-0.198
2026-10-09,603912,-2.103
2026-10-09,603915,0.546
2026-10-09,603916,-0.387
2026-10-09,603917,-1.019
2026-10-09,603918,4.612
2026-10-09,603919,3.796
2026-10-09,603920,-5.465
2026-10-09,603922,-0.785
2026-10-09,603926,1.538
2026-10-09,603927,4.151
2026-10-09,603928,-4.798
2026-10-09,603929,-3.846
2026-10-09,603931,-2.689
2026-10-09,603933,-0.11
2026-10-09,603936,-6.649
2026-10-09,603937,0.0
2026-10-09,603938,-2.392
2026-10-09,603939,2.21
2026-10-09,603948,-0.818
2026-10-09,603949,-5.794
2026-10-09,603950,-2.262
2026-10-09,603955,-0.244
2026-10-09,603956,2.349
2026-10-09,603958,0.452
2026-10-09,603959,1.185
2026-10-09,603960,-1.235
2026-10-09,603966,-2.906
2026-10-09,603967,0.636
2026-10-09,603968,-3.577
2026-10-09,603969,1.117
2026-10-09,603970,2.312
2026-10-09,603976,1.299
2026-10-09,603977,1.145
2026-10-09,603978,-4.038
2026-10-09,603979,4.048
2026-10-09,603980,3.0
2026-10-09,603982,-1.632
2026-10-09,603983,0.588
2026-10-09,603985,-3.386
2026-10-09,603986,-2.374
2026-10-09,603987,1.058
2026-10-09,603988,0.47
2026-10-09,603989,-1.934
2026-10-09,603990,1.837
2026-10-09,603991,-0.573
2026-10-09,603992,0.105
2026-10-09,603993,3.672
2026-10-09,603995,-0.871
2026-10-09,603997,-0.52
2026-10-09,603998,3.104
2026-10-09,603999,5.455
2026-10-09,605001,0.515
2026-10-09,605003,1.198
2026-10-09,605005,0.503
2026-10-09,605006,-3.233
2026-10-09,605007,1.521
2026-10-09,605008,1.498
2026-10-09,605009,3.024
2026-10-09,605011,-0.89
2026-10-09,605016,0.297
2026-10-09,605018,-0.873
2026-10-09,605020,2.538
2026-10-09,605028,-1.195
2026-10-09,605033,0.0
2026-10-09,605050,-0.098
2026-10-09,605055,0.584
2026-10-09,605056,-1.057
2026-10-09,605058,10.0
2026-10-09,605060,-5.436
2026-10-09,605066,1.786
2026-10-09,605068,-0.099
2026-10-09,605069,3.231
2026-10-09,605077,1.282
2026-10-09,605080,1.061
2026-10-09,605086,-0.476
2026-10-09,605088,-6.923
2026-10-09,605089,1.872
2026-10-09,605090,-1.42
2026-10-09,605098,3.85
2026-10-09,605099,-2.331
2026-10-09,605100,7.057
2026-10-09,605108,2.333
2026-10-09,605111,-0.757
2026-10-09,605116,0.907
2026-10-09,605117,-1.663
2026-10-09,605118,-1.867
2026-10-09,605122,-0.745
2026-10-09,605123,-1.842
2026-10-09,605128,-0.484
2026-10-09,605133,5.403
2026-10-09,605136,10.023
2026-10-09,605138,0.488
2026-10-09,605151,0.326
2026-10-09,605155,-1.701
2026-10-09,605158,-2.35
2026-10-09,605162,0.966
2026-10-09,605166,0.596
2026-10-09,605167,-0.718
2026-10-09,605168,10.008
2026-10-09,605169,-2.367
2026-10-09,605177,9.992
2026-10-09,605178,-1.543
2026-10-09,605179,5.494
2026-10-09,605180,-0.072
2026-10-09,605183,0.974
2026-10-09,605186,2.06
2026-10-09,605188,10.016
2026-10-09,605189,0.778
2026-10-09,605196,-2.353
2026-10-09,605198,-2.123
2026-10-09,605199,-0.343
2026-10-09,605208,1.792
2026-10-09,605218,-0.445
2026-10-09,605222,-0.787
2026-10-09,605228,2.489
2026-10-09,605255,-3.922
2026-10-09,605258,-1.143
2026-10-09,605259,1.091
2026-10-09,605266,1.059
2026-10-09,605268,2.388
2026-10-09,605277,-2.163
2026-10-09,605286,-1.984
2026-10-09,605287,9.992
2026-10-09,605288,-1.071
2026-10-09,605289,-2.114
2026-10-09,605296,-0.993
2026-10-09,605298,-4.825
2026-10-09,605299,1.387
2026-10-09,605300,1.048
2026-10-09,605303,2.157
2026-10-09,605305,-1.44
2026-10-09,605318,-3.393
2026-10-09,605319,-3.214
2026-10-09,605333,0.061
2026-10-09,605336,-0.429
2026-10-09,605337,1.969
2026-10-09,605338,1.119
2026-10-09,605339,0.898
2026-10-09,605358,-4.757
2026-10-09,605365,2.541
2026-10-09,605366,-9.964
2026-10-09,605368,0.0
2026-10-09,605369,-0.395
2026-10-09,605376,-4.68
2026-10-09,605377,-0.371
2026-10-09,605378,4.69
2026-10-09,605388,-0.289
2026-10-09,605389,-5.471
2026-10-09,605398,2.317
2026-10-09,605399,10.025
2026-10-09,605488,-1.309
2026-10-09,605499,0.947
2026-10-09,605500,0.133
2026-10-09,605507,-1.086
2026-10-09,605555,-1.323
2026-10-09,605566,-1.905
2026-10-09,605567,-0.514
2026-10-09,605577,9.98
2026-10-09,605580,0.396
2026-10-09,605588,-2.102
2026-10-09,605589,-5.0
2026-10-09,605598,-1.593
2026-10-09,605599,7.09
2026-10-09,688001,-2.68
2026-10-09,688002,-0.64
2026-10-09,688003,-4.403
2026-10-09,688004,5.939
2026-10-09,688005,0.697
2026-10-09,688006,1.178
2026-10-09,688007,0.69
2026-10-09,688008,0.299
2026-10-09,688009,0.425
2026-10-09,688010,-3.512
2026-10-09,688011,4.688
2026-10-09,688012,-0.715
2026-10-09,688013,-1.397
2026-10-09,688015,1.752
2026-10-09,688016,1.604
2026-10-09,688017,3.08
2026-10-09,688018,-0.637
2026-10-09,688019,-1.376
2026-10-09,688020,-6.568
2026-10-09,688021,-1.51
2026-10-09,688022,6.728
2026-10-09,688023,9.735
2026-10-09,688025,1.258
2026-10-09,688026,-4.444
2026-10-09,688027,0.987
2026-10-09,688028,-1.672
2026-10-09,688029,2.967
2026-10-09,688030,2.469
2026-10-09,688031,-1.669
2026-10-09,688032,1.128
2026-10-09,688033,1.105
2026-10-09,688035,-4.413
2026-10-09,688036,6.182
2026-10-09,688037,-1.312
2026-10-09,688038,0.0
2026-10-09,688039,3.903
2026-10-09,688041,-0.426
2026-10-09,688045,-2.512
2026-10-09,688046,-2.451
2026-10-09,688047,0.662
2026-10-09,688048,-5.419
2026-10-09,688049,1.06
2026-10-09,688050,3.625
2026-10-09,688051,2.776
2026-10-09,688052,-1.43
2026-10-09,688053,-1.297
2026-10-09,688055,-0.285
2026-10-09,688056,4.174
2026-10-09,688057,-1.283
2026-10-09,688058,2.059
2026-10-09,688059,-3.641
2026-10-09,688060,1.317
2026-10-09,688061,-2.018
2026-10-09,688062,1.85
2026-10-09,688063,2.209
2026-10-09,688065,1.962
2026-10-09,688066,0.218
2026-10-09,688067,-0.537
2026-10-09,688068,-1.1
2026-10-09,688069,-0.205
2026-10-09,688070,1.313
2026-10-09,688071,4.865
2026-10-09,688072,0.029
2026-10-09,688073,-0.424
2026-10-09,688075,0.816
2026-10-09,688076,0.277
2026-10-09,688077,-0.706
2026-10-09,688078,-1.451
2026-10-09,688079,-3.439
2026-10-09,688080,0.195
2026-10-09,688081,-2.997
2026-10-09,688082,-2.657
2026-10-09,688083,6.53
2026-10-09,688084,-1.293
2026-10-09,688085,2.079
2026-10-09,688087,-0.509
2026-10-09,688088,4.416
2026-10-09,688089,1.321
2026-10-09,688090,-0.611
2026-10-09,688091,0.601
2026-10-09,688092,-0.497
2026-10-09,688093,-1.509
2026-10-09,688095,7.763
2026-10-09,688096,0.374
2026-10-09,688097,-2.096
2026-10-09,688098,-1.07
2026-10-09,688099,5.435
2026-10-09,688100,4.081
2026-10-09,688101,0.14
2026-10-09,688102,-4.432
2026-10-09,688103,-3.417
2026-10-09,688105,1.527
2026-10-09,688106,-1.24
2026-10-09,688107,-0.754
2026-10-09,688108,3.238
2026-10-09,688109,-2.398
2026-10-09,688110,-1.277
2026-10-09,688111,4.548
2026-10-09,688112,-4.712
2026-10-09,688113,-0.137
2026-10-09,688114,2.088
2026-10-09,688115,-5.028
2026-10-09,688116,1.325
2026-10-09,688117,0.278
2026-10-09,688118,2.315
2026-10-09,688119,1.609
2026-10-09,688120,1.381
2026-10-09,688121,-6.481
2026-10-09,688122,4.902
2026-10-09,688123,-2.113
2026-10-09,688125,-1.114
2026-10-09,688126,-0.927
2026-10-09,688127,-4.229
2026-10-09,688128,-1.141
2026-10-09,688129,0.089
2026-10-09,688130,-3.586
2026-10-09,688131,-1.052
2026-10-09,688132,-0.254
2026-10-09,688133,2.471
2026-10-09,688135,-1.076
2026-10-09,688136,-0.514
2026-10-09,688137,7.453
2026-10-09,688138,-4.606
2026-10-09,688139,1.094
2026-10-09,688141,-4.127
2026-10-09,688143,1.709
2026-10-09,688146,-2.953
2026-10-09,688147,-0.269
2026-10-09,688148,2.475
2026-10-09,688150,-4.846
2026-10-09,688151,-1.277
2026-10-09,688152,19.995
2026-10-09,688153,-1.069
2026-10-09,688155,-1.246
2026-10-09,688156,-6.404
2026-10-09,688157,-2.11
2026-10-09,688158,0.514
2026-10-09,688159,1.384
2026-10-09,688160,1.495
2026-10-09,688161,2.87
2026-10-09,688162,-1.563
2026-10-09,688163,-1.218
2026-10-09,688165,0.279
2026-10-09,688166,0.299
2026-10-09,688167,-2.81
2026-10-09,688168,0.304
2026-10-09,688169,0.924
2026-10-09,688170,-5.389
2026-10-09,688171,7.291
2026-10-09,688172,-1.983
2026-10-09,688173,-1.542
2026-10-09,688175,-0.905
2026-10-09,688176,4.096
2026-10-09,688177,0.364
2026-10-09,688178,1.623
2026-10-09,688179,-0.149
2026-10-09,688180,1.227
2026-10-09,688181,-2.746
2026-10-09,688182,-3.359
2026-10-09,688183,-3.821
2026-10-09,688184,-0.275
2026-10-09,688185,-1.105
2026-10-09,688186,0.494
2026-10-09,688187,4.256
2026-10-09,688188,0.761
2026-10-09,688189,0.47
2026-10-09,688190,1.55
2026-10-09,688191,-1.466
2026-10-09,688192,2.83
2026-10-09,688193,-0.809
2026-10-09,688195,-0.428
2026-10-09,688196,1.412
2026-10-09,688197,2.187
2026-10-09,688198,3.299
2026-10-09,688199,2.44
2026-10-09,688200,-4.37
2026-10-09,688201,1.589
2026-10-09,688202,-1.729
2026-10-09,688203,4.173
2026-10-09,688205,0.044
2026-10-09,688206,2.026
2026-10-09,688207,1.77
2026-10-09,688208,2.306
2026-10-09,688209,-0.895
2026-10-09,688210,-0.472
2026-10-09,688211,0.581
2026-10-09,688212,0.707
2026-10-09,688213,1.986
2026-10-09,688215,0.073
2026-10-09,688216,-0.278
2026-10-09,688217,-1.624
2026-10-09,688218,-3.512
2026-10-09,688219,0.69
2026-10-09,688220,-1.322
2026-10-09,688221,0.0
2026-10-09,688222,-1.121
2026-10-09,688223,2.639
2026-10-09,688225,10.805
2026-10-09,688226,-2.571
2026-10-09,688227,-1.751
2026-10-09,688228,0.093
2026-10-09,688229,3.022
2026-10-09,688230,-0.436
2026-10-09,688231,-4.101
2026-10-09,688232,2.389
2026-10-09,688233,-3.636
2026-10-09,688234,-4.839
2026-10-09,688235,-0.455
2026-10-09,688236,1.139
2026-10-09,688237,-1.681
2026-10-09,688238,3.874
2026-10-09,688239,-5.084
2026-10-09,688244,16.223
2026-10-09,688246,1.64
2026-10-09,688247,3.638
2026-10-09,688248,8.041
2026-10-09,688249,-0.167
2026-10-09,688251,1.611
2026-10-09,688252,-0.767
2026-10-09,688253,2.77
2026-10-09,688255,1.123
2026-10-09,688256,0.509
2026-10-09,688257,-4.356
2026-10-09,688258,0.99
2026-10-09,688259,-2.621
2026-10-09,688260,-4.652
2026-10-09,688261,-1.93
2026-10-09,688262,-0.591
2026-10-09,688265,-0.295
2026-10-09,688266,0.929
2026-10-09,688267,1.0
2026-10-09,688268,-2.494
2026-10-09,688269,0.438
2026-10-09,688270,-2.683
2026-10-09,688271,1.278
2026-10-09,688272,1.113
2026-10-09,688273,-1.555
2026-10-09,688275,0.757
2026-10-09,688276,2.654
2026-10-09,688277,-0.067
2026-10-09,688278,-0.059
2026-10-09,688279,-2.974
2026-10-09,688280,0.414
2026-10-09,688281,-0.975
2026-10-09,688282,1.248
2026-10-09,688283,-2.597
2026-10-09,688285,1.184
2026-10-09,688286,-1.4
2026-10-09,688288,1.897
2026-10-09,688289,3.214
2026-10-09,688290,-0.332
2026-10-09,688291,-0.054
2026-10-09,688292,2.511
2026-10-09,688293,-1.461
2026-10-09,688295,0.69
2026-10-09,688296,-0.854
2026-10-09,688297,-3.945
2026-10-09,688298,1.987
2026-10-09,688299,-2.031
2026-10-09,688300,-2.059
2026-10-09,688301,-0.522
2026-10-09,688302,1.647
2026-10-09,688303,3.433
2026-10-09,688305,1.113
2026-10-09,688306,-2.416
2026-10-09,688307,-1.688
2026-10-09,688308,-2.59
2026-10-09,688309,-2.881
2026-10-09,688310,-0.679
2026-10-09,688311,-3.118
2026-10-09,688312,-2.196
2026-10-09,688313,3.425
2026-10-09,688314,1.137
2026-10-09,688315,14.791
2026-10-09,688316,-2.443
2026-10-09,688317,2.895
2026-10-09,688318,6.704
2026-10-09,688319,0.737
2026-10-09,688320,-2.515
2026-10-09,688321,1.039
2026-10-09,688322,1.874
2026-10-09,688323,-2.306
2026-10-09,688325,-2.429
2026-10-09,688326,1.822
2026-10-09,688327,1.799
2026-10-09,688328,-2.483
2026-10-09,688329,0.085
2026-10-09,688330,0.845
2026-10-09,688331,-3.012
2026-10-09,688332,-3.267
2026-10-09,688333,-1.648
2026-10-09,688334,0.221
2026-10-09,688335,1.369
2026-10-09,688336,0.528
2026-10-09,688337,-2.5
2026-10-09,688338,0.788
2026-10-09,688339,-3.342
2026-10-09,688343,-0.929
2026-10-09,688345,12.24
2026-10-09,688347,-1.922
2026-10-09,688348,2.458
2026-10-09,688349,2.18
2026-10-09,688350,-0.992
2026-10-09,688351,1.673
2026-10-09,688352,-3.608
2026-10-09,688353,1.125
2026-10-09,688355,-2.14
2026-10-09,688356,-0.836
2026-10-09,688357,0.0
2026-10-09,688358,1.439
2026-10-09,688359,-5.831
2026-10-09,688360,3.356
2026-10-09,688361,3.137
2026-10-09,688362,-2.573
2026-10-09,688363,1.101
2026-10-09,688365,4.91
2026-10-09,688366,3.324
2026-10-09,688367,0.399
2026-10-09,688368,-5.885
2026-10-09,688369,3.305
2026-10-09,688370,0.659
2026-10-09,688371,-6.863
2026-10-09,688372,-3.071
2026-10-09,688373,3.058
2026-10-09,688375,-2.327
2026-10-09,688376,-1.232
2026-10-09,688377,-1.978
2026-10-09,688378,-2.7
2026-10-09,688379,-3.462
2026-10-09,688380,-1.984
2026-10-09,688381,-3.125
2026-10-09,688382,-0.404
2026-10-09,688383,-7.172
2026-10-09,688385,-2.89
2026-10-09,688386,-3.652
2026-10-09,688387,-8.013
2026-10-09,688388,-5.18
2026-10-09,688389,-0.44
2026-10-09,688390,-1.37
2026-10-09,688391,-1.309
2026-10-09,688392,-1.43
2026-10-09,688393,0.91
2026-10-09,688395,-1.359
2026-10-09,688396,-0.231
2026-10-09,688398,-5.026
2026-10-09,688399,9.919
2026-10-09,688400,-1.051
2026-10-09,688401,-4.831
2026-10-09,688403,-3.83
2026-10-09,688408,0.531
2026-10-09,688409,-1.346
2026-10-09,688410,1.114
2026-10-09,688411,-2.643
2026-10-09,688416,-2.046
2026-10-09,688418,-2.591
2026-10-09,688419,-3.219
2026-10-09,688420,-1.591
2026-10-09,688425,0.253
2026-10-09,688426,0.702
2026-10-09,688428,4.033
2026-10-09,688429,0.414
2026-10-09,688432,1.558
2026-10-09,688433,-5.103
2026-10-09,688435,3.742
2026-10-09,688439,1.285
2026-10-09,688443,-2.348
2026-10-09,688448,-1.803
2026-10-09,688449,-0.609
2026-10-09,688450,-0.066
2026-10-09,688455,-0.923
2026-10-09,688456,-2.508
2026-10-09,688458,-0.493
2026-10-09,688459,-0.976
2026-10-09,688466,0.0
2026-10-09,688468,1.364
2026-10-09,688469,2.632
2026-10-09,688472,1.681
2026-10-09,688475,3.561
2026-10-09,688478,-4.776
2026-10-09,688479,0.094
2026-10-09,688480,-0.08
2026-10-09,688484,1.792
2026-10-09,688485,-3.846
2026-10-09,688486,-0.659
2026-10-09,688488,2.406
2026-10-09,688489,4.433
2026-10-09,688496,0.0
2026-10-09,688498,-6.54
2026-10-09,688499,-5.912
2026-10-09,688500,0.402
2026-10-09,688501,-0.265
2026-10-09,688502,-1.045
2026-10-09,688503,-5.366
2026-10-09,688505,1.211
2026-10-09,688506,0.982
2026-10-09,688507,0.965
2026-10-09,688508,0.865
2026-10-09,688509,2.41
2026-10-09,688510,-2.4
2026-10-09,688511,-0.34
2026-10-09,688512,-3.853
2026-10-09,688513,-2.758
2026-10-09,688515,-2.205
2026-10-09,688516,-2.704
2026-10-09,688517,-3.182
2026-10-09,688518,-0.464
2026-10-09,688519,-6.957
2026-10-09,688520,4.38
2026-10-09,688521,-0.893
2026-10-09,688522,-1.348
2026-10-09,688523,-3.735
2026-10-09,688525,-1.185
2026-10-09,688526,0.976
2026-10-09,688528,-1.649
2026-10-09,688529,0.474
2026-10-09,688530,-3.711
2026-10-09,688531,-2.849
2026-10-09,688533,-0.306
2026-10-09,688535,-2.474
2026-10-09,688536,2.271
2026-10-09,688538,1.942
2026-10-09,688539,-2.399
2026-10-09,688543,-1.735
2026-10-09,688545,-2.097
2026-10-09,688548,-0.994
2026-10-09,688549,-1.693
2026-10-09,688550,-2.323
2026-10-09,688551,-2.521
2026-10-09,688552,-4.034
2026-10-09,688553,2.597
2026-10-09,688556,0.704
2026-10-09,688557,0.935
2026-10-09,688558,-1.382
2026-10-09,688559,-4.784
2026-10-09,688560,-0.156
2026-10-09,688561,11.207
2026-10-09,688562,1.637
2026-10-09,688563,0.306
2026-10-09,688565,-1.582
2026-10-09,688566,0.734
2026-10-09,688567,3.393
2026-10-09,688568,-3.102
2026-10-09,688569,0.876
2026-10-09,688570,0.629
2026-10-09,688571,-0.744
2026-10-09,688573,-1.825
2026-10-09,688575,-0.476
2026-10-09,688576,0.152
2026-10-09,688577,4.073
2026-10-09,688578,-7.573
2026-10-09,688579,2.956
2026-10-09,688580,-0.192
2026-10-09,688581,0.311
2026-10-09,688582,-3.481
2026-10-09,688583,-1.625
2026-10-09,688584,-5.095
2026-10-09,688585,2.105
2026-10-09,688586,1.953
2026-10-09,688588,3.535
2026-10-09,688589,-0.806
2026-10-09,688590,3.547
2026-10-09,688591,1.677
2026-10-09,688592,0.593
2026-10-09,688593,-1.02
2026-10-09,688595,-0.106
2026-10-09,688596,-1.267
2026-10-09,688597,-0.324
2026-10-09,688598,-4.338
2026-10-09,688599,2.949
2026-10-09,688600,0.0
2026-10-09,688601,-4.738
2026-10-09,688602,2.534
2026-10-09,688603,-6.987
2026-10-09,688605,-4.011
2026-10-09,688606,0.078
2026-10-09,688607,3.292
2026-10-09,688608,0.247
2026-10-09,688609,0.0
2026-10-09,688610,-2.053
2026-10-09,688611,3.328
2026-10-09,688612,1.248
2026-10-09,688613,-2.877
2026-10-09,688615,5.375
2026-10-09,688616,0.36
2026-10-09,688617,-0.634
2026-10-09,688618,-4.586
2026-10-09,688619,-0.844
2026-10-09,688620,-0.068
2026-10-09,688621,-0.975
2026-10-09,688622,-2.096
2026-10-09,688623,-4.449
2026-10-09,688625,-7.856
2026-10-09,688626,0.397
2026-10-09,688627,0.326
2026-10-09,688628,-1.443
2026-10-09,688629,-2.955
2026-10-09,688630,-1.699
2026-10-09,688631,1.713
2026-10-09,688633,-0.092
2026-10-09,688635,0.682
2026-10-09,688636,0.74
2026-10-09,688638,-1.551
2026-10-09,688639,3.092
2026-10-09,688646,-2.917
2026-10-09,688648,-0.218
2026-10-09,688651,6.086
2026-10-09,688652,-1.262
2026-10-09,688653,-1.037
2026-10-09,688655,-2.522
2026-10-09,688656,-5.146
2026-10-09,688657,1.723
2026-10-09,688658,1.517
2026-10-09,688659,-0.442
2026-10-09,688660,-2.247
2026-10-09,688661,14.101
2026-10-09,688662,2.336
2026-10-09,688663,-0.36
2026-10-09,688665,1.057
2026-10-09,688667,-0.307
2026-10-09,688668,-5.052
2026-10-09,688669,3.238
2026-10-09,688670,5.214
2026-10-09,688671,-1.865
2026-10-09,688676,-3.254
2026-10-09,688677,-0.678
2026-10-09,688678,-1.505
2026-10-09,688679,-2.424
2026-10-09,688680,-1.181
2026-10-09,688681,-0.26
2026-10-09,688682,-1.448
2026-10-09,688683,-3.984
2026-10-09,688685,0.421
2026-10-09,688686,-2.855
2026-10-09,688687,0.659
2026-10-09,688689,-2.766
2026-10-09,688690,-3.131
2026-10-09,688691,-1.643
2026-10-09,688692,6.767
2026-10-09,688693,-2.891
2026-10-09,688695,2.527
2026-10-09,688696,4.623
2026-10-09,688697,-2.699
2026-10-09,688698,-0.806
2026-10-09,688699,-2.536
2026-10-09,688700,-3.103
2026-10-09,688701,-0.118
2026-10-09,688702,-1.318
2026-10-09,688707,0.36
2026-10-09,688708,-0.826
2026-10-09,688709,-2.434
2026-10-09,688710,-6.912
2026-10-09,688711,-4.025
2026-10-09,688712,1.101
2026-10-09,688716,0.203
2026-10-09,688717,-0.982
2026-10-09,688718,-1.786
2026-10-09,688719,-3.253
2026-10-09,688720,-3.867
2026-10-09,688721,-3.275
2026-10-09,688722,-0.278
2026-10-09,688726,-3.137
2026-10-09,688727,-2.332
2026-10-09,688728,-0.608
2026-10-09,688729,-1.304
2026-10-09,688733,-5.395
2026-10-09,688737,-0.061
2026-10-09,688739,1.484
2026-10-09,688750,0.51
2026-10-09,688755,-1.501
2026-10-09,688757,-3.263
2026-10-09,688758,-2.385
2026-10-09,688759,-3.28
2026-10-09,688765,4.499
2026-10-09,688766,-1.81
2026-10-09,688767,-1.932
2026-10-09,688768,2.754
2026-10-09,688772,0.288
2026-10-09,688775,1.351
2026-10-09,688776,-4.664
2026-10-09,688777,1.103
2026-10-09,688778,2.42
2026-10-09,688779,4.712
2026-10-09,688781,9.745
2026-10-09,688783,-3.838
2026-10-09,688785,-3.398
2026-10-09,688786,-1.133
2026-10-09,688787,3.816
2026-10-09,688788,-2.813
2026-10-09,688789,-0.416
2026-10-09,688790,-0.868
2026-10-09,688793,1.929
2026-10-09,688795,1.317
2026-10-09,688796,-6.52
2026-10-09,688797,-3.97
2026-10-09,688798,-1.091
2026-10-09,688799,-1.038
2026-10-09,688800,-4.699
2026-10-09,688801,5.57
2026-10-09,688802,-0.749
2026-10-09,688805,0.445
2026-10-09,688806,11.75
2026-10-09,688807,-2.643
2026-10-09,688808,-2.113
2026-10-09,688809,2.043
2026-10-09,688811,0.747
2026-10-09,688813,-5.892
2026-10-09,688816,0.277
2026-10-09,688818,-2.727
2026-10-09,688819,2.145
2026-10-09,688820,5.286
2026-10-09,688825,0.95
2026-10-09,688826,-2.726
2026-10-09,688828,0.7
2026-10-09,688835,-0.603
2026-10-09,688836,0.982
2026-10-09,688837,-4.738
2026-10-09,688981,1.251
2026-10-09,000001,-1.613
2026-10-09,000002,0.0
2026-10-09,000006,-0.533
2026-10-09,000007,-0.465
2026-10-09,000008,0.837
2026-10-09,000009,0.865
2026-10-09,000010,-2.128
2026-10-09,000011,3.878
2026-10-09,000012,0.815
2026-10-09,000014,3.043
2026-10-09,000016,0.0
2026-10-09,000017,3.867
2026-10-09,000019,2.97
2026-10-09,000020,-2.249
2026-10-09,000021,-3.291
2026-10-09,000025,0.259
2026-10-09,000026,-0.782
2026-10-09,000027,-0.471
2026-10-09,000028,1.063
2026-10-09,000029,-2.473
2026-10-09,000030,0.767
2026-10-09,000031,0.418
2026-10-09,000032,-2.243
2026-10-09,000034,0.045
2026-10-09,000035,2.053
2026-10-09,000036,1.496
2026-10-09,000037,-0.326
2026-10-09,000039,-2.88
2026-10-09,000042,0.703
2026-10-09,000045,-1.085
2026-10-09,000048,1.291
2026-10-09,000049,0.311
2026-10-09,000050,0.809
2026-10-09,000055,1.299
2026-10-09,000056,-2.527
2026-10-09,000058,1.622
2026-10-09,000059,-0.178
2026-10-09,000060,1.563
2026-10-09,000061,2.833
2026-10-09,000062,-0.048
2026-10-09,000063,-0.989
2026-10-09,000065,0.835
2026-10-09,000066,0.65
2026-10-09,000068,0.0
2026-10-09,000069,-0.521
2026-10-09,000070,-3.07
2026-10-09,000078,-0.68
2026-10-09,000088,-0.632
2026-10-09,000089,0.0
2026-10-09,000090,1.127
2026-10-09,000096,-0.61
2026-10-09,000099,1.262
2026-10-09,000100,0.216
2026-10-09,000151,0.589
2026-10-09,000153,1.483
2026-10-09,000155,0.896
2026-10-09,000156,4.473
2026-10-09,000157,0.166
2026-10-09,000158,0.237
2026-10-09,000159,0.919
2026-10-09,000166,1.617
2026-10-09,000301,-1.926
2026-10-09,000333,0.881
2026-10-09,000338,-1.649
2026-10-09,000400,-1.15
2026-10-09,000401,0.549
2026-10-09,000402,0.749
2026-10-09,000403,1.22
2026-10-09,000404,0.73
2026-10-09,000407,-0.232
2026-10-09,000408,2.229
2026-10-09,000409,3.55
2026-10-09,000410,0.99
2026-10-09,000411,0.594
2026-10-09,000415,0.754
2026-10-09,000417,3.047
2026-10-09,000419,2.358
2026-10-09,000420,10.116
2026-10-09,000421,0.0
2026-10-09,000422,0.356
2026-10-09,000423,0.56
2026-10-09,000425,-0.418
2026-10-09,000426,4.104
2026-10-09,000428,2.918
2026-10-09,000429,2.752
2026-10-09,000430,1.389
2026-10-09,000488,-0.478
2026-10-09,000498,3.431
2026-10-09,000501,2.119
2026-10-09,000503,6.844
2026-10-09,000504,2.969
2026-10-09,000505,6.013
2026-10-09,000506,3.834
2026-10-09,000507,-0.202
2026-10-09,000509,0.588
2026-10-09,000510,-2.503
2026-10-09,000513,3.006
2026-10-09,000514,0.893
2026-10-09,000516,2.517
2026-10-09,000517,1.98
2026-10-09,000518,-1.099
2026-10-09,000519,0.212
2026-10-09,000520,0.988
2026-10-09,000521,2.364
2026-10-09,000523,4.286
2026-10-09,000524,0.452
2026-10-09,000525,0.875
2026-10-09,000526,5.563
2026-10-09,000528,0.664
2026-10-09,000529,1.403
2026-10-09,000530,1.331
2026-10-09,000531,0.18
2026-10-09,000532,1.499
2026-10-09,000533,-0.705
2026-10-09,000534,-2.026
2026-10-09,000536,1.22
2026-10-09,000537,-0.405
2026-10-09,000538,1.002
2026-10-09,000539,-1.154
2026-10-09,000541,0.611
2026-10-09,000543,-0.135
2026-10-09,000544,0.828
2026-10-09,000545,1.826
2026-10-09,000546,9.908
2026-10-09,000547,-2.965
2026-10-09,000548,1.082
2026-10-09,000550,3.354
2026-10-09,000551,0.258
2026-10-09,000552,2.372
2026-10-09,000553,1.28
2026-10-09,000554,-0.313
2026-10-09,000555,5.29
2026-10-09,000557,0.822
2026-10-09,000558,4.094
2026-10-09,000559,1.441
2026-10-09,000560,0.822
2026-10-09,000561,0.657
2026-10-09,000563,0.685
2026-10-09,000564,3.472
2026-10-09,000565,1.092
2026-10-09,000566,3.974
2026-10-09,000567,1.887
2026-10-09,000568,-1.529
2026-10-09,000570,0.377
2026-10-09,000571,-0.488
2026-10-09,000572,0.5
2026-10-09,000573,-1.018
2026-10-09,000576,-1.353
2026-10-09,000581,0.219
2026-10-09,000582,0.0
2026-10-09,000586,-0.731
2026-10-09,000589,1.185
2026-10-09,000590,1.436
2026-10-09,000591,0.0
2026-10-09,000592,0.619
2026-10-09,000593,0.05
2026-10-09,000595,-0.704
2026-10-09,000596,-0.962
2026-10-09,000597,2.72
2026-10-09,000598,0.423
2026-10-09,000599,1.357
2026-10-09,000600,0.138
2026-10-09,000601,0.0
2026-10-09,000603,3.178
2026-10-09,000605,-0.661
2026-10-09,000607,4.835
2026-10-09,000608,-1.592
2026-10-09,000609,-1.613
2026-10-09,000610,-4.914
2026-10-09,000612,1.258
2026-10-09,000615,-0.313
2026-10-09,000617,1.378
2026-10-09,000619,-0.383
2026-10-09,000620,-0.331
2026-10-09,000623,1.564
2026-10-09,000625,0.284
2026-10-09,000626,2.847
2026-10-09,000628,-2.981
2026-10-09,000629,1.064
2026-10-09,000630,1.739
2026-10-09,000631,0.0
2026-10-09,000632,-1.096
2026-10-09,000633,-0.189
2026-10-09,000635,1.961
2026-10-09,000636,-6.409
2026-10-09,000637,0.235
2026-10-09,000639,-0.654
2026-10-09,000650,1.536
2026-10-09,000651,1.331
2026-10-09,000652,1.807
2026-10-09,000655,3.226
2026-10-09,000656,0.82
2026-10-09,000657,-1.389
2026-10-09,000659,2.602
2026-10-09,000661,3.857
2026-10-09,000663,1.667
2026-10-09,000665,4.938
2026-10-09,000668,0.0
2026-10-09,000669,-0.737
2026-10-09,000670,-1.308
2026-10-09,000672,-1.144
2026-10-09,000676,5.469
2026-10-09,000677,0.0
2026-10-09,000678,3.105
2026-10-09,000679,6.677
2026-10-09,000680,1.114
2026-10-09,000681,5.147
2026-10-09,000682,1.798
2026-10-09,000683,-1.042
2026-10-09,000685,0.846
2026-10-09,000686,1.747
2026-10-09,000688,-0.32
2026-10-09,000690,1.636
2026-10-09,000691,2.585
2026-10-09,000692,-1.302
2026-10-09,000695,2.611
2026-10-09,000697,-1.489
2026-10-09,000698,-0.535
2026-10-09,000700,0.76
2026-10-09,000701,0.973
2026-10-09,000702,1.205
2026-10-09,000703,0.0
2026-10-09,000705,1.404
2026-10-09,000707,0.428
2026-10-09,000708,-0.985
2026-10-09,000709,0.493
2026-10-09,000710,10.029
2026-10-09,000711,-0.221
2026-10-09,000712,2.249
2026-10-09,000713,5.76
2026-10-09,000715,2.612
2026-10-09,000716,4.065
2026-10-09,000717,1.382
2026-10-09,000718,0.966
2026-10-09,000719,4.387
2026-10-09,000720,1.381
2026-10-09,000721,2.995
2026-10-09,000722,-4.502
2026-10-09,000723,2.825
2026-10-09,000725,0.0
2026-10-09,000726,1.182
2026-10-09,000727,1.357
2026-10-09,000728,1.674
2026-10-09,000729,2.059
2026-10-09,000731,1.358
2026-10-09,000733,-0.286
2026-10-09,000735,2.852
2026-10-09,000736,9.916
2026-10-09,000737,1.767
2026-10-09,000738,-0.541
2026-10-09,000739,-6.823
2026-10-09,000750,1.955
2026-10-09,000751,2.059
2026-10-09,000752,0.0
2026-10-09,000753,0.564
2026-10-09,000755,0.632
2026-10-09,000756,4.076
2026-10-09,000757,0.0
2026-10-09,000758,1.926
2026-10-09,000759,7.468
2026-10-09,000761,3.404
2026-10-09,000762,2.35
2026-10-09,000766,4.248
2026-10-09,000767,0.599
2026-10-09,000768,-1.283
2026-10-09,000776,2.588
2026-10-09,000777,0.742
2026-10-09,000778,0.277
2026-10-09,000779,0.952
2026-10-09,000782,-0.495
2026-10-09,000783,3.479
2026-10-09,000785,3.097
2026-10-09,000786,0.787
2026-10-09,000788,3.467
2026-10-09,000789,0.48
2026-10-09,000790,1.139
2026-10-09,000791,-0.139
2026-10-09,000792,0.543
2026-10-09,000793,0.515
2026-10-09,000795,1.221
2026-10-09,000796,2.041
2026-10-09,000797,0.376
2026-10-09,000798,5.231
2026-10-09,000799,0.466
2026-10-09,000800,0.517
2026-10-09,000801,0.799
2026-10-09,000802,6.579
2026-10-09,000803,-2.922
2026-10-09,000807,1.141
2026-10-09,000809,0.291
2026-10-09,000810,1.341
2026-10-09,000811,-4.274
2026-10-09,000812,0.542
2026-10-09,000813,2.194
2026-10-09,000815,1.14
2026-10-09,000816,4.348
2026-10-09,000818,0.718
2026-10-09,000819,-0.412
2026-10-09,000820,2.849
2026-10-09,000821,0.278
2026-10-09,000822,0.683
2026-10-09,000823,-6.077
2026-10-09,000825,-0.293
2026-10-09,000826,0.0
2026-10-09,000828,0.5
2026-10-09,000829,3.482
2026-10-09,000830,0.952
2026-10-09,000831,0.9
2026-10-09,000833,0.412
2026-10-09,000837,0.323
2026-10-09,000838,-3.2
2026-10-09,000839,5.091
2026-10-09,000848,1.843
2026-10-09,000850,4.963
2026-10-09,000852,0.734
2026-10-09,000856,2.326
2026-10-09,000858,0.599
2026-10-09,000859,-1.043
2026-10-09,000860,2.718
2026-10-09,000862,-1.468
2026-10-09,000863,-2.889
2026-10-09,000868,-1.0
2026-10-09,000869,3.305
2026-10-09,000875,-0.64
2026-10-09,000876,1.477
2026-10-09,000877,-0.27
2026-10-09,000878,0.996
2026-10-09,000880,-2.849
2026-10-09,000881,1.56
2026-10-09,000882,2.667
2026-10-09,000883,0.223
2026-10-09,000885,0.426
2026-10-09,000886,0.849
2026-10-09,000887,-0.563
2026-10-09,000888,1.568
2026-10-09,000889,2.235
2026-10-09,000890,1.01
2026-10-09,000892,9.977
2026-10-09,000893,-0.771
2026-10-09,000895,0.549
2026-10-09,000897,2.083
2026-10-09,000898,0.493
2026-10-09,000899,0.765
2026-10-09,000900,0.556
2026-10-09,000901,-0.88
2026-10-09,000902,3.095
2026-10-09,000903,-0.524
2026-10-09,000905,-1.192
2026-10-09,000906,1.647
2026-10-09,000908,2.207
2026-10-09,000909,5.65
2026-10-09,000910,-0.816
2026-10-09,000911,7.257
2026-10-09,000912,2.267
2026-10-09,000913,1.205
2026-10-09,000915,1.127
2026-10-09,000917,4.072
2026-10-09,000919,2.615
2026-10-09,000920,-1.867
2026-10-09,000921,0.943
2026-10-09,000922,0.249
2026-10-09,000923,0.0
2026-10-09,000925,-0.389
2026-10-09,000926,1.408
2026-10-09,000927,0.806
2026-10-09,000928,0.562
2026-10-09,000929,0.319
2026-10-09,000930,4.264
2026-10-09,000931,2.455
2026-10-09,000932,-0.562
2026-10-09,000933,2.917
2026-10-09,000935,3.066
2026-10-09,000936,1.447
2026-10-09,000937,2.022
2026-10-09,000938,0.562
2026-10-09,000948,3.541
2026-10-09,000949,6.829
2026-10-09,000950,2.103
2026-10-09,000951,1.042
2026-10-09,000952,2.45
2026-10-09,000953,0.168
2026-10-09,000955,2.222
2026-10-09,000957,0.205
2026-10-09,000958,-0.2
2026-10-09,000959,0.286
2026-10-09,000960,-0.167
2026-10-09,000962,-4.645
2026-10-09,000963,1.262
2026-10-09,000965,0.292
2026-10-09,000966,-0.741
2026-10-09,000967,0.649
2026-10-09,000968,-0.698
2026-10-09,000969,-0.942
2026-10-09,000970,1.367
2026-10-09,000972,3.98
2026-10-09,000973,3.033
2026-10-09,000975,7.769
2026-10-09,000977,0.201
2026-10-09,000978,1.854
2026-10-09,000980,-0.926
2026-10-09,000981,0.0
2026-10-09,000983,1.84
2026-10-09,000985,0.676
2026-10-09,000987,1.259
2026-10-09,000988,-1.173
2026-10-09,000989,2.414
2026-10-09,000990,0.945
2026-10-09,000993,0.846
2026-10-09,000995,-0.78
2026-10-09,000997,3.757
2026-10-09,000998,4.74
2026-10-09,000999,1.389
2026-10-09,001201,-2.734
2026-10-09,001202,-0.464
2026-10-09,001203,-1.995
2026-10-09,001205,-0.55
2026-10-09,001206,-0.418
2026-10-09,001207,-1.298
2026-10-09,001208,-1.601
2026-10-09,001209,-0.823
2026-10-09,001210,1.466
2026-10-09,001211,3.323
2026-10-09,001212,-6.128
2026-10-09,001213,0.567
2026-10-09,001215,-0.031
2026-10-09,001216,-3.438
2026-10-09,001217,0.177
2026-10-09,001218,1.336
2026-10-09,001219,1.765
2026-10-09,001220,0.703
2026-10-09,001221,5.009
2026-10-09,001222,2.096
2026-10-09,001223,-4.038
2026-10-09,001225,-3.699
2026-10-09,001226,-3.737
2026-10-09,001227,0.474
2026-10-09,001228,1.897
2026-10-09,001229,3.735
2026-10-09,001230,-0.516
2026-10-09,001231,1.748
2026-10-09,001232,-4.262
2026-10-09,001233,1.239
2026-10-09,001234,2.15
2026-10-09,001236,2.464
2026-10-09,001237,1.571
2026-10-09,001238,2.148
2026-10-09,001239,-0.4
2026-10-09,001246,-15.873
2026-10-09,001248,0.866
2026-10-09,001255,0.963
2026-10-09,001256,-2.207
2026-10-09,001257,2.106
2026-10-09,001258,-0.297
2026-10-09,001259,-1.442
2026-10-09,001260,-0.314
2026-10-09,001266,-2.355
2026-10-09,001267,-4.904
2026-10-09,001268,-0.535
2026-10-09,001269,0.107
2026-10-09,001270,-3.576
2026-10-09,001277,0.596
2026-10-09,001278,1.863
2026-10-09,001279,0.634
2026-10-09,001280,0.894
2026-10-09,001282,-1.683
2026-10-09,001283,1.074
2026-10-09,001285,2.588
2026-10-09,001286,2.899
2026-10-09,001287,-2.774
2026-10-09,001288,-4.449
2026-10-09,001289,0.468
2026-10-09,001296,-0.052
2026-10-09,001298,0.062
2026-10-09,001299,-0.585
2026-10-09,001300,9.993
2026-10-09,001301,1.1
2026-10-09,001306,-0.517
2026-10-09,001308,2.207
2026-10-09,001309,-1.338
2026-10-09,001311,0.86
2026-10-09,001312,0.556
2026-10-09,001313,2.542
2026-10-09,001314,-0.296
2026-10-09,001316,0.601
2026-10-09,001317,2.987
2026-10-09,001318,4.677
2026-10-09,001319,-1.063
2026-10-09,001322,1.329
2026-10-09,001323,1.878
2026-10-09,001324,-1.766
2026-10-09,001325,8.021
2026-10-09,001326,-0.661
2026-10-09,001328,0.82
2026-10-09,001330,9.937
2026-10-09,001331,-8.234
2026-10-09,001332,-4.285
2026-10-09,001333,0.487
2026-10-09,001335,-1.647
2026-10-09,001336,10.024
2026-10-09,001337,6.984
2026-10-09,001338,1.395
2026-10-09,001339,-2.069
2026-10-09,001356,1.641
2026-10-09,001358,0.791
2026-10-09,001359,-4.314
2026-10-09,001360,-4.348
2026-10-09,001365,-0.958
2026-10-09,001366,1.69
2026-10-09,001367,-0.412
2026-10-09,001368,3.983
2026-10-09,001369,1.333
2026-10-09,001373,-1.511
2026-10-09,001376,-0.571
2026-10-09,001378,-1.563
2026-10-09,001379,-0.94
2026-10-09,001380,-1.435
2026-10-09,001382,1.099
2026-10-09,001386,3.633
2026-10-09,001387,0.646
2026-10-09,001388,-0.556
2026-10-09,001389,-7.485
2026-10-09,001390,0.942
2026-10-09,001391,3.846
2026-10-09,001393,-0.787
2026-10-09,001395,1.491
2026-10-09,001396,0.963
2026-10-09,001399,-2.388
2026-10-09,001400,-2.683
2026-10-09,001696,1.025
2026-10-09,001872,0.081
2026-10-09,001896,0.0
2026-10-09,001914,0.108
2026-10-09,001965,-1.271
2026-10-09,001979,-1.279
2026-10-09,002001,1.026
2026-10-09,002003,1.485
2026-10-09,002004,5.057
2026-10-09,002005,-2.239
2026-10-09,002006,1.54
2026-10-09,002007,1.136
2026-10-09,002008,-3.341
2026-10-09,002009,1.826
2026-10-09,002010,0.437
2026-10-09,002011,-1.221
2026-10-09,002012,-0.587
2026-10-09,002014,1.072
2026-10-09,002015,-0.414
2026-10-09,002016,-0.828
2026-10-09,002017,3.01
2026-10-09,002019,2.331
2026-10-09,002020,1.453
2026-10-09,002021,2.353
2026-10-09,002022,2.479
2026-10-09,002023,0.11
2026-10-09,002024,0.0
2026-10-09,002025,-4.31
2026-10-09,002026,-1.372
2026-10-09,002027,3.586
2026-10-09,002028,2.545
2026-10-09,002029,7.943
2026-10-09,002030,1.174
2026-10-09,002031,-1.504
2026-10-09,002032,-0.507
2026-10-09,002033,1.471
2026-10-09,002034,2.564
2026-10-09,002035,0.638
2026-10-09,002036,1.201
2026-10-09,002037,-0.592
2026-10-09,002038,2.491
2026-10-09,002039,0.5
2026-10-09,002040,0.0
2026-10-09,002041,6.417
2026-10-09,002042,1.955
2026-10-09,002043,4.915
2026-10-09,002044,8.407
2026-10-09,002045,4.648
2026-10-09,002046,-4.655
2026-10-09,002047,1.262
2026-10-09,002048,2.877
2026-10-09,002049,0.802
2026-10-09,002050,-1.061
2026-10-09,002051,1.522
2026-10-09,002052,5.634
2026-10-09,002053,0.934
2026-10-09,002054,0.849
2026-10-09,002055,0.159
2026-10-09,002056,0.0
2026-10-09,002057,1.361
2026-10-09,002058,9.991
2026-10-09,002059,2.885
2026-10-09,002060,1.623
2026-10-09,002061,0.595
2026-10-09,002062,4.565
2026-10-09,002063,2.672
2026-10-09,002064,4.401
2026-10-09,002065,2.496
2026-10-09,002066,-1.699
2026-10-09,002067,1.282
2026-10-09,002068,2.541
2026-10-09,002069,1.096
2026-10-09,002072,0.994
2026-10-09,002073,1.413
2026-10-09,002074,-2.843
2026-10-09,002075,0.852
2026-10-09,002076,0.952
2026-10-09,002077,-2.047
2026-10-09,002078,0.953
2026-10-09,002079,0.242
2026-10-09,002080,-0.404
2026-10-09,002081,-0.42
2026-10-09,002082,10.017
2026-10-09,002083,4.835
2026-10-09,002084,0.722
2026-10-09,002085,0.651
2026-10-09,002086,3.483
2026-10-09,002088,0.986
2026-10-09,002090,2.212
2026-10-09,002091,1.178
2026-10-09,002092,2.036
2026-10-09,002093,-4.36
2026-10-09,002094,2.863
2026-10-09,002095,3.392
2026-10-09,002096,1.201
2026-10-09,002097,1.037
2026-10-09,002098,0.0
2026-10-09,002099,2.764
2026-10-09,002100,0.787
2026-10-09,002101,-0.117
2026-10-09,002102,-0.392
2026-10-09,002103,2.715
2026-10-09,002104,3.704
2026-10-09,002105,5.511
2026-10-09,002106,-2.302
2026-10-09,002107,2.654
2026-10-09,002108,1.835
2026-10-09,002109,-0.35
2026-10-09,002110,0.344
2026-10-09,002111,1.641
2026-10-09,002112,0.145
2026-10-09,002114,1.122
2026-10-09,002115,4.486
2026-10-09,002116,1.958
2026-10-09,002117,2.442
2026-10-09,002119,-7.459
2026-10-09,002120,2.209
2026-10-09,002121,2.138
2026-10-09,002122,0.699
2026-10-09,002123,3.649
2026-10-09,002124,3.077
2026-10-09,002125,3.02
2026-10-09,002126,0.091
2026-10-09,002127,4.795
2026-10-09,002128,2.309
2026-10-09,002129,3.415
2026-10-09,002130,0.45
2026-10-09,002131,4.369
2026-10-09,002132,2.0
2026-10-09,002133,-0.669
2026-10-09,002134,-6.222
2026-10-09,002135,-1.954
2026-10-09,002136,0.41
2026-10-09,002137,0.257
2026-10-09,002138,-5.178
2026-10-09,002139,2.289
2026-10-09,002140,0.213
2026-10-09,002141,-6.688
2026-10-09,002142,-1.233
2026-10-09,002144,-0.09
2026-10-09,002145,1.499
2026-10-09,002146,0.794
2026-10-09,002148,2.946
2026-10-09,002149,-2.736
2026-10-09,002150,-1.122
2026-10-09,002151,-0.248
2026-10-09,002152,2.5
2026-10-09,002153,3.199
2026-10-09,002154,2.632
2026-10-09,002155,5.272
2026-10-09,002156,-0.679
2026-10-09,002157,1.042
2026-10-09,002158,-2.414
2026-10-09,002159,1.364
2026-10-09,002160,1.028
2026-10-09,002161,-0.648
2026-10-09,002162,4.255
2026-10-09,002163,1.206
2026-10-09,002164,5.846
2026-10-09,002165,0.716
2026-10-09,002166,4.885
2026-10-09,002167,-3.02
2026-10-09,002168,2.557
2026-10-09,002169,-6.694
2026-10-09,002170,1.026
2026-10-09,002171,-0.619
2026-10-09,002172,4.417
2026-10-09,002173,-1.93
2026-10-09,002174,-0.158
2026-10-09,002175,-1.633
2026-10-09,002176,0.825
2026-10-09,002177,4.647
2026-10-09,002178,3.476
2026-10-09,002179,0.633
2026-10-09,002180,1.367
2026-10-09,002181,9.953
2026-10-09,002182,6.218
2026-10-09,002183,4.286
2026-10-09,002184,0.813
2026-10-09,002185,-1.123
2026-10-09,002186,-0.727
2026-10-09,002187,4.22
2026-10-09,002188,-0.67
2026-10-09,002189,-0.705
2026-10-09,002190,-0.131
2026-10-09,002191,0.867
2026-10-09,002192,0.052
2026-10-09,002193,-0.223
2026-10-09,002194,0.514
2026-10-09,002195,1.37
2026-10-09,002196,2.132
2026-10-09,002197,3.215
2026-10-09,002198,1.14
2026-10-09,002199,-0.45
2026-10-09,002200,1.495
2026-10-09,002201,-1.564
2026-10-09,002202,-1.978
2026-10-09,002203,-3.567
2026-10-09,002204,0.371
2026-10-09,002205,0.166
2026-10-09,002206,0.613
2026-10-09,002207,0.0
2026-10-09,002208,-0.312
2026-10-09,002209,-0.23
2026-10-09,002210,2.404
2026-10-09,002211,1.087
2026-10-09,002212,10.044
2026-10-09,002213,-0.729
2026-10-09,002214,-0.703
2026-10-09,002215,0.642
2026-10-09,002216,1.118
2026-10-09,002217,-0.649
2026-10-09,002218,1.295
2026-10-09,002219,3.431
2026-10-09,002221,-1.045
2026-10-09,002222,-3.499
2026-10-09,002223,0.655
2026-10-09,002224,3.209
2026-10-09,002225,1.744
2026-10-09,002226,1.134
2026-10-09,002227,-0.313
2026-10-09,002228,1.242
2026-10-09,002229,1.811
2026-10-09,002230,1.382
2026-10-09,002232,3.667
2026-10-09,002233,1.831
2026-10-09,002234,0.0
2026-10-09,002235,2.133
2026-10-09,002236,1.112
2026-10-09,002237,3.487
2026-10-09,002238,4.638
2026-10-09,002239,1.626
2026-10-09,002240,0.835
2026-10-09,002241,-0.876
2026-10-09,002242,10.036
2026-10-09,002243,2.14
2026-10-09,002244,-0.588
2026-10-09,002245,-1.59
2026-10-09,002246,5.059
2026-10-09,002247,1.626
2026-10-09,002248,0.0
2026-10-09,002249,1.27
2026-10-09,002250,1.178
2026-10-09,002251,4.373
2026-10-09,002252,0.0
2026-10-09,002253,1.746
2026-10-09,002254,-0.348
2026-10-09,002255,2.186
2026-10-09,002256,0.952
2026-10-09,002258,1.968
2026-10-09,002259,-0.971
2026-10-09,002261,-2.04
2026-10-09,002262,-0.503
2026-10-09,002263,1.227
2026-10-09,002264,3.352
2026-10-09,002265,0.534
2026-10-09,002266,-1.235
2026-10-09,002267,-0.408
2026-10-09,002268,5.886
2026-10-09,002269,2.174
2026-10-09,002270,6.452
2026-10-09,002271,2.156
2026-10-09,002272,-0.147
2026-10-09,002273,-3.369
2026-10-09,002274,0.681
2026-10-09,002275,1.313
2026-10-09,002276,0.606
2026-10-09,002277,1.461
2026-10-09,002278,0.125
2026-10-09,002279,4.954
2026-10-09,002281,-2.171
2026-10-09,002282,0.829
2026-10-09,002283,-0.772
2026-10-09,002284,-0.43
2026-10-09,002285,1.869
2026-10-09,002286,0.355
2026-10-09,002287,1.138
2026-10-09,002289,-0.306
2026-10-09,002290,-2.159
2026-10-09,002291,4.604
2026-10-09,002292,7.619
2026-10-09,002293,4.424
2026-10-09,002294,2.587
2026-10-09,002295,-0.103
2026-10-09,002296,0.752
2026-10-09,002297,-3.493
2026-10-09,002298,-6.208
2026-10-09,002299,1.212
2026-10-09,002300,-6.03
2026-10-09,002301,-2.442
2026-10-09,002302,1.496
2026-10-09,002303,0.313
2026-10-09,002304,0.702
2026-10-09,002305,0.483
2026-10-09,002306,-1.471
2026-10-09,002307,1.024
2026-10-09,002309,1.071
2026-10-09,002310,0.901
2026-10-09,002311,2.073
2026-10-09,002312,1.348
2026-10-09,002313,-0.462
2026-10-09,002314,1.277
2026-10-09,002315,3.851
2026-10-09,002316,-2.61
2026-10-09,002317,10.013
2026-10-09,002318,0.623
2026-10-09,002319,1.4
2026-10-09,002320,0.796
2026-10-09,002321,1.456
2026-10-09,002322,0.844
2026-10-09,002323,3.333
2026-10-09,002324,0.0
2026-10-09,002326,3.492
2026-10-09,002327,0.485
2026-10-09,002328,-0.888
2026-10-09,002329,6.061
2026-10-09,002330,1.97
2026-10-09,002331,4.271
2026-10-09,002332,1.389
2026-10-09,002333,-0.371
2026-10-09,002334,1.258
2026-10-09,002335,-4.732
2026-10-09,002337,0.645
2026-10-09,002338,-2.175
2026-10-09,002339,0.277
2026-10-09,002340,0.968
2026-10-09,002342,-6.383
2026-10-09,002343,9.946
2026-10-09,002344,1.256
2026-10-09,002345,3.905
2026-10-09,002346,1.243
2026-10-09,002347,-0.159
2026-10-09,002348,-3.902
2026-10-09,002349,5.963
2026-10-09,002350,1.58
2026-10-09,002351,1.648
2026-10-09,002352,0.26
2026-10-09,002353,-5.157
2026-10-09,002354,5.286
2026-10-09,002355,1.532
2026-10-09,002356,1.128
2026-10-09,002357,-0.086
2026-10-09,002358,0.967
2026-10-09,002360,2.153
2026-10-09,002361,-5.05
2026-10-09,002362,2.395
2026-10-09,002363,0.435
2026-10-09,002364,-1.407
2026-10-09,002365,2.668
2026-10-09,002366,1.585
2026-10-09,002367,0.0
2026-10-09,002368,1.14
2026-10-09,002369,1.095
2026-10-09,002370,2.358
2026-10-09,002371,-1.046
2026-10-09,002372,0.673
2026-10-09,002373,3.064
2026-10-09,002374,-0.585
2026-10-09,002375,1.031
2026-10-09,002376,2.804
2026-10-09,002377,2.0
2026-10-09,002378,0.24
2026-10-09,002379,-0.549
2026-10-09,002380,1.597
2026-10-09,002381,0.534
2026-10-09,002382,3.191
2026-10-09,002383,2.625
2026-10-09,002384,-3.432
2026-10-09,002385,2.589
2026-10-09,002386,1.184
2026-10-09,002387,-0.9
2026-10-09,002388,0.0
2026-10-09,002389,-1.921
2026-10-09,002390,2.381
2026-10-09,002391,0.96
2026-10-09,002392,-0.819
2026-10-09,002393,0.778
2026-10-09,002394,3.301
2026-10-09,002395,0.745
2026-10-09,002396,-1.607
2026-10-09,002397,1.955
2026-10-09,002398,0.474
2026-10-09,002399,1.436
2026-10-09,002400,5.136
2026-10-09,002401,1.917
2026-10-09,002402,0.114
2026-10-09,002403,2.478
2026-10-09,002404,1.733
2026-10-09,002405,3.22
2026-10-09,002406,1.262
2026-10-09,002407,6.123
2026-10-09,002408,1.134
2026-10-09,002409,-2.877
2026-10-09,002410,4.147
2026-10-09,002412,2.227
2026-10-09,002413,2.462
2026-10-09,002414,1.25
2026-10-09,002415,-0.091
2026-10-09,002416,3.251
2026-10-09,002418,0.232
2026-10-09,002419,0.816
2026-10-09,002420,-1.149
2026-10-09,002421,3.125
2026-10-09,002422,2.503
2026-10-09,002423,0.99
2026-10-09,002424,-1.285
2026-10-09,002425,4.983
2026-10-09,002426,-2.713
2026-10-09,002427,1.532
2026-10-09,002428,2.508
2026-10-09,002429,-2.934
2026-10-09,002430,0.812
2026-10-09,002431,0.769
2026-10-09,002432,0.971
2026-10-09,002434,-1.629
2026-10-09,002436,-4.702
2026-10-09,002437,4.533
2026-10-09,002438,-0.803
2026-10-09,002439,4.205
2026-10-09,002440,-0.153
2026-10-09,002441,0.24
2026-10-09,002442,0.186
2026-10-09,002443,-0.08
2026-10-09,002444,1.121
2026-10-09,002445,2.894
2026-10-09,002446,0.399
2026-10-09,002448,-1.224
2026-10-09,002449,-0.31
2026-10-09,002451,-0.517
2026-10-09,002452,-1.582
2026-10-09,002453,3.579
2026-10-09,002454,-3.333
2026-10-09,002455,0.581
2026-10-09,002456,1.095
2026-10-09,002457,-0.523
2026-10-09,002458,1.003
2026-10-09,002459,2.093
2026-10-09,002460,2.85
2026-10-09,002461,2.312
2026-10-09,002462,1.977
2026-10-09,002463,-3.098
2026-10-09,002465,-1.597
2026-10-09,002466,1.671
2026-10-09,002467,0.971
2026-10-09,002468,1.346
2026-10-09,002469,0.642
2026-10-09,002470,2.538
2026-10-09,002471,0.98
2026-10-09,002472,2.56
2026-10-09,002474,3.68
2026-10-09,002475,-1.734
2026-10-09,002476,0.414
2026-10-09,002478,3.344
2026-10-09,002479,0.166
2026-10-09,002480,10.092
2026-10-09,002481,2.299
2026-10-09,002482,0.714
2026-10-09,002483,-1.34
2026-10-09,002484,-3.239
2026-10-09,002485,-0.498
2026-10-09,002486,0.746
2026-10-09,002487,-9.998
2026-10-09,002488,0.688
2026-10-09,002489,1.408
2026-10-09,002490,-2.237
2026-10-09,002491,-4.651
2026-10-09,002492,-0.159
2026-10-09,002493,-2.15
2026-10-09,002494,-0.202
2026-10-09,002495,0.412
2026-10-09,002496,-1.31
2026-10-09,002497,0.827
2026-10-09,002498,1.961
2026-10-09,002500,1.367
2026-10-09,002501,0.0
2026-10-09,002506,2.11
2026-10-09,002507,1.162
2026-10-09,002508,0.234
2026-10-09,002510,-0.888
2026-10-09,002511,1.734
2026-10-09,002512,-1.309
2026-10-09,002513,-0.18
2026-10-09,002514,0.41
2026-10-09,002515,-1.32
2026-10-09,002516,0.368
2026-10-09,002517,3.314
2026-10-09,002518,-2.49
2026-10-09,002519,0.726
2026-10-09,002520,-0.979
2026-10-09,002521,1.777
2026-10-09,002522,0.0
2026-10-09,002523,1.765
2026-10-09,002524,2.463
2026-10-09,002526,1.167
2026-10-09,002527,0.193
2026-10-09,002528,-0.329
2026-10-09,002529,-1.458
2026-10-09,002530,2.46
2026-10-09,002531,-9.94
2026-10-09,002532,1.315
2026-10-09,002533,0.828
2026-10-09,002534,-0.806
2026-10-09,002535,1.224
2026-10-09,002536,-2.385
2026-10-09,002537,3.052
2026-10-09,002538,0.902
2026-10-09,002539,1.527
2026-10-09,002540,0.98
2026-10-09,002541,4.438
2026-10-09,002542,1.875
2026-10-09,002543,2.811
2026-10-09,002544,-1.7
2026-10-09,002545,0.5
2026-10-09,002546,0.951
2026-10-09,002547,-3.297
2026-10-09,002548,2.338
2026-10-09,002549,0.407
2026-10-09,002550,0.154
2026-10-09,002551,1.775
2026-10-09,002552,-3.268
2026-10-09,002553,2.266
2026-10-09,002554,0.73
2026-10-09,002555,1.723
2026-10-09,002556,2.326
2026-10-09,002557,1.826
2026-10-09,002558,4.011
2026-10-09,002559,0.0
2026-10-09,002560,-0.938
2026-10-09,002561,3.873
2026-10-09,002562,2.033
2026-10-09,002563,2.555
2026-10-09,002564,-1.518
2026-10-09,002565,1.724
2026-10-09,002566,0.711
2026-10-09,002567,1.381
2026-10-09,002568,0.0
2026-10-09,002569,-3.793
2026-10-09,002570,3.196
2026-10-09,002571,1.569
2026-10-09,002572,2.003
2026-10-09,002573,1.278
2026-10-09,002574,3.018
2026-10-09,002575,2.424
2026-10-09,002576,-0.409
2026-10-09,002577,-0.048
2026-10-09,002578,0.243
2026-10-09,002579,-4.207
2026-10-09,002580,-2.996
2026-10-09,002581,1.748
2026-10-09,002582,1.688
2026-10-09,002583,0.514
2026-10-09,002584,-2.344
2026-10-09,002585,-3.718
2026-10-09,002586,-1.13
2026-10-09,002587,1.147
2026-10-09,002588,1.872
2026-10-09,002589,3.715
2026-10-09,002590,0.209
2026-10-09,002591,-1.364
2026-10-09,002592,-0.163
2026-10-09,002593,1.542
2026-10-09,002594,3.953
2026-10-09,002595,1.697
2026-10-09,002596,2.839
2026-10-09,002597,1.483
2026-10-09,002598,0.581
2026-10-09,002599,2.011
2026-10-09,002600,-2.364
2026-10-09,002601,1.016
2026-10-09,002602,2.556
2026-10-09,002603,0.91
2026-10-09,002605,3.144
2026-10-09,002606,0.41
2026-10-09,002607,3.261
2026-10-09,002608,0.133
2026-10-09,002609,2.433
2026-10-09,002611,0.367
2026-10-09,002612,4.6
2026-10-09,002613,1.807
2026-10-09,002614,2.158
2026-10-09,002615,1.59
2026-10-09,002616,0.203
2026-10-09,002617,0.0
2026-10-09,002620,-0.387
2026-10-09,002622,2.857
2026-10-09,002623,-3.015
2026-10-09,002624,4.184
2026-10-09,002625,1.598
2026-10-09,002626,1.534
2026-10-09,002627,2.469
2026-10-09,002628,1.649
2026-10-09,002629,0.224
2026-10-09,002630,6.369
2026-10-09,002631,-1.357
2026-10-09,002632,0.231
2026-10-09,002633,-1.262
2026-10-09,002634,1.031
2026-10-09,002635,-1.529
2026-10-09,002636,-9.996
2026-10-09,002637,2.512
2026-10-09,002638,-1.483
2026-10-09,002639,-0.427
2026-10-09,002640,0.811
2026-10-09,002641,0.789
2026-10-09,002642,2.778
2026-10-09,002643,0.0
2026-10-09,002644,2.442
2026-10-09,002645,-2.086
2026-10-09,002646,0.698
2026-10-09,002647,-3.198
2026-10-09,002648,1.499
2026-10-09,002649,3.341
2026-10-09,002650,0.321
2026-10-09,002651,0.638
2026-10-09,002652,0.0
2026-10-09,002653,2.71
2026-10-09,002654,-1.098
2026-10-09,002655,-2.221
2026-10-09,002656,0.0
2026-10-09,002657,3.552
2026-10-09,002658,0.983
2026-10-09,002659,2.146
2026-10-09,002660,0.642
2026-10-09,002661,2.77
2026-10-09,002662,0.962
2026-10-09,002663,1.744
2026-10-09,002664,1.771
2026-10-09,002666,0.477
2026-10-09,002667,0.0
2026-10-09,002668,1.491
2026-10-09,002669,-3.333
2026-10-09,002670,2.857
2026-10-09,002671,1.244
2026-10-09,002672,1.828
2026-10-09,002673,1.69
2026-10-09,002674,0.69
2026-10-09,002675,9.976
2026-10-09,002676,1.326
2026-10-09,002677,1.647
2026-10-09,002678,1.364
2026-10-09,002679,3.299
2026-10-09,002681,0.688
2026-10-09,002682,1.224
2026-10-09,002683,2.622
2026-10-09,002685,0.388
2026-10-09,002686,1.757
2026-10-09,002687,1.954
2026-10-09,002688,1.727
2026-10-09,002689,0.678
2026-10-09,002690,-0.458
2026-10-09,002691,-1.5
2026-10-09,002692,9.931
2026-10-09,002693,7.692
2026-10-09,002694,-2.19
2026-10-09,002695,2.35
2026-10-09,002696,10.075
2026-10-09,002697,2.76
2026-10-09,002698,1.629
2026-10-09,002700,-0.926
2026-10-09,002701,1.386
2026-10-09,002702,4.054
2026-10-09,002703,-5.421
2026-10-09,002705,0.863
2026-10-09,002706,0.963
2026-10-09,002707,3.061
2026-10-09,002708,-1.907
2026-10-09,002709,9.147
2026-10-09,002712,5.306
2026-10-09,002713,-1.668
2026-10-09,002714,-0.024
2026-10-09,002715,-1.296
2026-10-09,002716,3.372
2026-10-09,002717,-10.714
2026-10-09,002718,-0.778
2026-10-09,002719,-0.804
2026-10-09,002721,3.137
2026-10-09,002722,0.076
2026-10-09,002723,4.36
2026-10-09,002724,-1.727
2026-10-09,002725,1.127
2026-10-09,002726,-2.703
2026-10-09,002727,2.233
2026-10-09,002728,3.018
2026-10-09,002729,-0.447
2026-10-09,002730,-2.076
2026-10-09,002731,0.0
2026-10-09,002732,1.603
2026-10-09,002733,10.005
2026-10-09,002734,-0.781
2026-10-09,002735,0.281
2026-10-09,002736,1.443
2026-10-09,002737,2.216
2026-10-09,002738,-0.508
2026-10-09,002739,3.88
2026-10-09,002741,-4.973
2026-10-09,002742,2.445
2026-10-09,002743,-3.881
2026-10-09,002745,-0.09
2026-10-09,002746,1.127
2026-10-09,002747,0.67
2026-10-09,002748,-1.526
2026-10-09,002749,1.645
2026-10-09,002752,1.311
2026-10-09,002753,-0.585
2026-10-09,002755,0.908
2026-10-09,002756,2.845
2026-10-09,002757,0.957
2026-10-09,002758,1.651
2026-10-09,002759,1.77
2026-10-09,002760,-1.644
2026-10-09,002761,1.457
2026-10-09,002762,0.222
2026-10-09,002763,2.013
2026-10-09,002765,0.904
2026-10-09,002766,2.261
2026-10-09,002767,0.57
2026-10-09,002768,3.882
2026-10-09,002769,2.232
2026-10-09,002771,1.715
2026-10-09,002772,2.627
2026-10-09,002773,1.523
2026-10-09,002774,-1.103
2026-10-09,002775,1.18
2026-10-09,002777,4.0
2026-10-09,002778,-1.573
2026-10-09,002779,-1.023
2026-10-09,002780,-1.054
2026-10-09,002782,-2.161
2026-10-09,002783,0.874
2026-10-09,002785,-0.203
2026-10-09,002786,-0.136
2026-10-09,002787,-4.073
2026-10-09,002788,1.038
2026-10-09,002789,-2.526
2026-10-09,002790,0.768
2026-10-09,002791,1.013
2026-10-09,002792,-4.993
2026-10-09,002793,3.165
2026-10-09,002795,-1.681
2026-10-09,002796,-1.095
2026-10-09,002797,1.983
2026-10-09,002798,-0.913
2026-10-09,002799,0.693
2026-10-09,002800,-0.416
2026-10-09,002801,0.426
2026-10-09,002802,-0.635
2026-10-09,002803,3.102
2026-10-09,002805,10.017
2026-10-09,002806,-1.022
2026-10-09,002807,-1.415
2026-10-09,002809,0.471
2026-10-09,002810,2.169
2026-10-09,002811,9.982
2026-10-09,002812,4.385
2026-10-09,002813,0.0
2026-10-09,002815,-3.954
2026-10-09,002816,-0.234
2026-10-09,002817,0.147
2026-10-09,002818,4.382
2026-10-09,002819,0.397
2026-10-09,002820,0.905
2026-10-09,002821,-1.522
2026-10-09,002822,-1.375
2026-10-09,002823,-0.63
2026-10-09,002824,-2.62
2026-10-09,002825,0.967
2026-10-09,002826,1.668
2026-10-09,002827,6.697
2026-10-09,002828,-0.824
2026-10-09,002829,-1.266
2026-10-09,002830,1.204
2026-10-09,002831,-0.379
2026-10-09,002832,3.973
2026-10-09,002833,-0.411
2026-10-09,002835,1.767
2026-10-09,002836,-2.055
2026-10-09,002837,-2.003
2026-10-09,002838,8.165
2026-10-09,002839,-0.693
2026-10-09,002840,0.506
2026-10-09,002841,3.351
2026-10-09,002842,0.198
2026-10-09,002843,-1.52
2026-10-09,002845,0.607
2026-10-09,002846,3.856
2026-10-09,002847,0.632
2026-10-09,002848,-3.885
2026-10-09,002849,-0.392
2026-10-09,002850,1.033
2026-10-09,002851,-4.159
2026-10-09,002852,1.972
2026-10-09,002853,1.761
2026-10-09,002855,0.735
2026-10-09,002856,-9.974
2026-10-09,002857,-2.985
2026-10-09,002858,-0.085
2026-10-09,002859,-3.714
2026-10-09,002860,0.0
2026-10-09,002861,-1.402
2026-10-09,002862,2.442
2026-10-09,002863,0.84
2026-10-09,002864,2.743
2026-10-09,002865,1.008
2026-10-09,002866,-1.452
2026-10-09,002867,1.276
2026-10-09,002868,-0.045
2026-10-09,002869,1.62
2026-10-09,002870,0.0
2026-10-09,002871,0.06
2026-10-09,002872,-2.451
2026-10-09,002873,0.945
2026-10-09,002875,0.315
2026-10-09,002876,-1.094
2026-10-09,002877,0.943
2026-10-09,002878,4.317
2026-10-09,002879,0.0
2026-10-09,002880,2.798
2026-10-09,002881,-2.934
2026-10-09,002882,-0.037
2026-10-09,002883,-0.11
2026-10-09,002884,0.651
2026-10-09,002885,-4.142
2026-10-09,002886,-4.599
2026-10-09,002887,-0.23
2026-10-09,002888,0.383
2026-10-09,002889,0.336
2026-10-09,002890,1.168
2026-10-09,002891,0.648
2026-10-09,002892,0.6
2026-10-09,002893,1.698
2026-10-09,002895,2.349
2026-10-09,002896,-0.955
2026-10-09,002897,-2.158
2026-10-09,002899,2.469
2026-10-09,002900,0.938
2026-10-09,002901,1.212
2026-10-09,002902,-3.86
2026-10-09,002903,-7.058
2026-10-09,002905,3.784
2026-10-09,002906,-0.351
2026-10-09,002907,6.409
2026-10-09,002908,1.958
2026-10-09,002909,1.796
2026-10-09,002910,1.067
2026-10-09,002911,-1.449
2026-10-09,002912,10.019
2026-10-09,002913,-1.311
2026-10-09,002915,2.209
2026-10-09,002916,-5.644
2026-10-09,002917,0.902
2026-10-09,002918,-0.094
2026-10-09,002919,-1.091
2026-10-09,002920,1.768
2026-10-09,002921,-2.096
2026-10-09,002922,-2.23
2026-10-09,002923,6.522
2026-10-09,002925,1.213
2026-10-09,002926,2.343
2026-10-09,002927,-10.0
2026-10-09,002928,1.463
2026-10-09,002929,-1.484
2026-10-09,002930,0.552
2026-10-09,002931,-0.267
2026-10-09,002932,0.393
2026-10-09,002933,-1.418
2026-10-09,002935,-2.392
2026-10-09,002936,0.0
2026-10-09,002937,-2.199
2026-10-09,002938,-4.295
2026-10-09,002939,1.325
2026-10-09,002940,-2.888
2026-10-09,002941,1.148
2026-10-09,002942,-0.924
2026-10-09,002943,-7.08
2026-10-09,002945,3.367
2026-10-09,002946,3.102
2026-10-09,002947,-3.616
2026-10-09,002948,-2.073
2026-10-09,002949,-0.776
2026-10-09,002950,3.563
2026-10-09,002951,-3.029
2026-10-09,002952,-0.107
2026-10-09,002953,-0.304
2026-10-09,002955,-3.732
2026-10-09,002956,1.003
2026-10-09,002957,-2.443
2026-10-09,002958,-1.356
2026-10-09,002959,-0.88
2026-10-09,002960,-1.489
2026-10-09,002961,6.538
2026-10-09,002962,-10.006
2026-10-09,002963,-3.083
2026-10-09,002965,-5.335
2026-10-09,002966,0.319
2026-10-09,002967,0.937
2026-10-09,002968,0.0
2026-10-09,002969,0.286
2026-10-09,002970,4.302
2026-10-09,002971,-0.395
2026-10-09,002972,-1.816
2026-10-09,002973,2.488
2026-10-09,002975,-3.203
2026-10-09,002976,-1.214
2026-10-09,002977,-2.626
2026-10-09,002978,1.222
2026-10-09,002979,9.994
2026-10-09,002980,0.438
2026-10-09,002981,3.414
2026-10-09,002982,1.577
2026-10-09,002983,-2.077
2026-10-09,002984,0.929
2026-10-09,002985,-1.104
2026-10-09,002986,-0.627
2026-10-09,002987,3.405
2026-10-09,002988,-8.607
2026-10-09,002989,-2.187
2026-10-09,002990,-2.883
2026-10-09,002991,0.882
2026-10-09,002992,-2.491
2026-10-09,002993,-2.53
2026-10-09,002995,5.015
2026-10-09,002996,1.173
2026-10-09,002997,-0.615
2026-10-09,002998,-0.747
2026-10-09,002999,1.893
2026-10-09,003000,-0.104
2026-10-09,003001,-5.282
2026-10-09,003002,-0.257
2026-10-09,003003,-0.888
2026-10-09,003004,0.535
2026-10-09,003005,3.315
2026-10-09,003006,2.883
2026-10-09,003007,-0.052
2026-10-09,003008,0.202
2026-10-09,003009,-1.529
2026-10-09,003010,-3.025
2026-10-09,003011,-0.404
2026-10-09,003012,1.071
2026-10-09,003013,-1.268
2026-10-09,003015,0.758
2026-10-09,003016,2.133
2026-10-09,003017,-0.439
2026-10-09,003018,-2.521
2026-10-09,003019,-1.483
2026-10-09,003020,2.005
2026-10-09,003021,4.969
2026-10-09,003022,-0.596
2026-10-09,003023,4.329
2026-10-09,003025,-0.418
2026-10-09,003026,-2.269
2026-10-09,003027,0.238
2026-10-09,003028,-0.302
2026-10-09,003029,5.412
2026-10-09,003030,-1.688
2026-10-09,003031,-0.587
2026-10-09,003032,4.065
2026-10-09,003033,2.919
2026-10-09,003035,-0.188
2026-10-09,003036,-5.239
2026-10-09,003037,0.344
2026-10-09,003038,-0.941
2026-10-09,003039,-0.236
2026-10-09,003040,4.818
2026-10-09,003041,2.789
2026-10-09,003042,0.983
2026-10-09,003043,-2.278
2026-10-09,003816,0.454
2026-10-09,300001,-1.881
2026-10-09,300002,4.636
2026-10-09,300003,1.92
2026-10-09,300004,0.0
2026-10-09,300005,2.697
2026-10-09,300006,1.862
2026-10-09,300007,0.209
2026-10-09,300008,0.163
2026-10-09,300009,1.79
2026-10-09,300010,-0.398
2026-10-09,300011,1.557
2026-10-09,300012,3.38
2026-10-09,300013,-0.242
2026-10-09,300014,1.664
2026-10-09,300015,0.509
2026-10-09,300016,-0.218
2026-10-09,300017,2.818
2026-10-09,300018,2.425
2026-10-09,300019,13.62
2026-10-09,300020,0.0
2026-10-09,300021,2.653
2026-10-09,300022,-0.388
2026-10-09,300024,1.174
2026-10-09,300025,1.379
2026-10-09,300026,2.786
2026-10-09,300027,3.659
2026-10-09,300030,0.729
2026-10-09,300031,3.122
2026-10-09,300032,1.09
2026-10-09,300033,4.773
2026-10-09,300034,-0.398
2026-10-09,300035,1.875
2026-10-09,300036,2.888
2026-10-09,300037,-3.082
2026-10-09,300039,4.255
2026-10-09,300040,-0.696
2026-10-09,300041,4.011
2026-10-09,300042,-1.883
2026-10-09,300043,3.58
2026-10-09,300044,0.173
2026-10-09,300045,7.692
2026-10-09,300046,-1.308
2026-10-09,300047,4.147
2026-10-09,300048,0.628
2026-10-09,300049,-1.364
2026-10-09,300050,0.3
2026-10-09,300051,-0.13
2026-10-09,300052,1.78
2026-10-09,300053,-0.607
2026-10-09,300054,0.937
2026-10-09,300055,1.239
2026-10-09,300056,-0.406
2026-10-09,300057,2.117
2026-10-09,300058,6.805
2026-10-09,300059,3.877
2026-10-09,300061,3.177
2026-10-09,300062,-1.286
2026-10-09,300063,6.838
2026-10-09,300065,-1.602
2026-10-09,300066,1.545
2026-10-09,300067,1.544
2026-10-09,300068,2.799
2026-10-09,300069,-4.773
2026-10-09,300070,0.88
2026-10-09,300071,6.46
2026-10-09,300072,-0.262
2026-10-09,300073,1.72
2026-10-09,300074,2.128
2026-10-09,300075,3.899
2026-10-09,300076,-0.488
2026-10-09,300077,-0.784
2026-10-09,300078,3.383
2026-10-09,300079,4.936
2026-10-09,300080,2.168
2026-10-09,300081,1.246
2026-10-09,300082,0.0
2026-10-09,300083,-0.446
2026-10-09,300084,0.7
2026-10-09,300085,3.584
2026-10-09,300086,2.425
2026-10-09,300087,2.482
2026-10-09,300088,0.0
2026-10-09,300091,-0.424
2026-10-09,300092,0.349
2026-10-09,300093,-0.662
2026-10-09,300094,4.844
2026-10-09,300095,0.78
2026-10-09,300096,3.329
2026-10-09,300097,-1.267
2026-10-09,300098,2.439
2026-10-09,300099,2.145
2026-10-09,300100,-1.155
2026-10-09,300101,-0.224
2026-10-09,300102,-1.282
2026-10-09,300103,-1.25
2026-10-09,300105,1.58
2026-10-09,300106,2.617
2026-10-09,300107,1.236
2026-10-09,300109,1.333
2026-10-09,300110,5.079
2026-10-09,300111,14.815
2026-10-09,300112,-5.01
2026-10-09,300113,3.816
2026-10-09,300115,1.723
2026-10-09,300118,2.181
2026-10-09,300119,1.143
2026-10-09,300120,-0.137
2026-10-09,300121,1.767
2026-10-09,300122,0.809
2026-10-09,300123,0.957
2026-10-09,300124,1.484
2026-10-09,300125,0.955
2026-10-09,300126,-1.214
2026-10-09,300127,0.653
2026-10-09,300128,-3.219
2026-10-09,300129,-1.889
2026-10-09,300130,4.32
2026-10-09,300131,-1.308
2026-10-09,300132,2.805
2026-10-09,300133,10.847
2026-10-09,300134,1.121
2026-10-09,300135,1.153
2026-10-09,300136,-4.165
2026-10-09,300137,-3.189
2026-10-09,300138,3.684
2026-10-09,300139,6.911
2026-10-09,300140,0.56
2026-10-09,300141,-0.399
2026-10-09,300142,4.759
2026-10-09,300143,2.846
2026-10-09,300144,0.362
2026-10-09,300145,-1.121
2026-10-09,300146,1.485
2026-10-09,300147,0.549
2026-10-09,300148,6.069
2026-10-09,300149,0.212
2026-10-09,300150,1.937
2026-10-09,300151,-2.157
2026-10-09,300152,0.0
2026-10-09,300153,-3.181
2026-10-09,300154,-1.401
2026-10-09,300155,1.77
2026-10-09,300157,1.087
2026-10-09,300158,3.107
2026-10-09,300159,0.73
2026-10-09,300160,0.907
2026-10-09,300161,1.059
2026-10-09,300162,-8.23
2026-10-09,300163,-3.75
2026-10-09,300164,-3.33
2026-10-09,300165,0.201
2026-10-09,300166,2.319
2026-10-09,300167,0.0
2026-10-09,300168,3.789
2026-10-09,300169,0.55
2026-10-09,300170,5.681
2026-10-09,300171,0.063
2026-10-09,300172,0.0
2026-10-09,300173,2.381
2026-10-09,300174,-0.826
2026-10-09,300175,0.556
2026-10-09,300176,-0.454
2026-10-09,300177,0.847
2026-10-09,300179,-4.357
2026-10-09,300180,1.628
2026-10-09,300181,0.991
2026-10-09,300182,10.978
2026-10-09,300183,0.759
2026-10-09,300184,-0.843
2026-10-09,300185,-0.353
2026-10-09,300187,1.109
2026-10-09,300188,5.35
2026-10-09,300189,10.396
2026-10-09,300190,-0.268
2026-10-09,300191,-1.124
2026-10-09,300192,1.486
2026-10-09,300193,1.132
2026-10-09,300194,2.545
2026-10-09,300195,-0.979
2026-10-09,300196,-2.608
2026-10-09,300197,2.03
2026-10-09,300198,1.709
2026-10-09,300199,-0.168
2026-10-09,300200,1.856
2026-10-09,300201,-2.798
2026-10-09,300203,-1.301
2026-10-09,300204,1.974
2026-10-09,300205,-1.029
2026-10-09,300206,2.098
2026-10-09,300207,-3.907
2026-10-09,300209,2.043
2026-10-09,300210,-1.503
2026-10-09,300211,-2.0
2026-10-09,300212,1.702
2026-10-09,300213,0.943
2026-10-09,300214,4.63
2026-10-09,300215,0.304
2026-10-09,300217,1.75
2026-10-09,300218,0.398
2026-10-09,300219,1.074
2026-10-09,300220,-0.621
2026-10-09,300221,-5.222
2026-10-09,300222,0.214
2026-10-09,300223,-1.837
2026-10-09,300224,-0.876
2026-10-09,300225,2.733
2026-10-09,300226,5.685
2026-10-09,300227,-1.411
2026-10-09,300228,0.906
2026-10-09,300229,4.874
2026-10-09,300230,1.389
2026-10-09,300231,1.737
2026-10-09,300232,1.13
2026-10-09,300233,2.074
2026-10-09,300234,11.275
2026-10-09,300235,0.083
2026-10-09,300236,-1.249
2026-10-09,300237,-1.271
2026-10-09,300238,1.112
2026-10-09,300239,0.181
2026-10-09,300240,0.0
2026-10-09,300241,-0.355
2026-10-09,300242,3.646
2026-10-09,300243,-7.325
2026-10-09,300244,3.396
2026-10-09,300245,2.109
2026-10-09,300246,-0.982
2026-10-09,300247,3.279
2026-10-09,300248,3.827
2026-10-09,300249,-0.91
2026-10-09,300250,3.624
2026-10-09,300251,4.816
2026-10-09,300252,-1.345
2026-10-09,300253,4.776
2026-10-09,300254,1.089
2026-10-09,300255,1.188
2026-10-09,300256,1.961
2026-10-09,300257,-3.226
2026-10-09,300258,-1.943
2026-10-09,300259,0.0
2026-10-09,300260,-2.71
2026-10-09,300261,1.031
2026-10-09,300263,-2.863
2026-10-09,300264,1.372
2026-10-09,300265,-0.252
2026-10-09,300266,1.075
2026-10-09,300267,4.025
2026-10-09,300268,-1.195
2026-10-09,300269,1.339
2026-10-09,300270,3.653
2026-10-09,300271,4.456
2026-10-09,300272,1.329
2026-10-09,300274,0.236
2026-10-09,300275,0.908
2026-10-09,300276,0.0
2026-10-09,300277,2.394
2026-10-09,300278,1.466
2026-10-09,300279,1.429
2026-10-09,300281,0.146
2026-10-09,300283,-4.183
2026-10-09,300284,1.37
2026-10-09,300285,-6.91
2026-10-09,300286,1.078
2026-10-09,300287,4.07
2026-10-09,300288,3.492
2026-10-09,300289,1.493
2026-10-09,300290,5.991
2026-10-09,300291,8.471
2026-10-09,300292,0.234
2026-10-09,300293,-0.074
2026-10-09,300294,1.501
2026-10-09,300295,1.439
2026-10-09,300296,1.302
2026-10-09,300298,4.25
2026-10-09,300299,4.215
2026-10-09,300300,3.349
2026-10-09,300301,-0.721
2026-10-09,300302,-0.681
2026-10-09,300303,0.0
2026-10-09,300304,-1.72
2026-10-09,300305,-2.628
2026-10-09,300306,0.583
2026-10-09,300307,0.294
2026-10-09,300308,-0.985
2026-10-09,300310,3.11
2026-10-09,300311,8.953
2026-10-09,300313,7.371
2026-10-09,300314,1.101
2026-10-09,300315,3.927
2026-10-09,300316,1.048
2026-10-09,300317,0.983
2026-10-09,300318,2.515
2026-10-09,300319,-3.36
2026-10-09,300320,1.212
2026-10-09,300321,2.713
2026-10-09,300322,-1.345
2026-10-09,300323,-3.815
2026-10-09,300324,3.333
2026-10-09,300326,-0.979
2026-10-09,300327,-0.336
2026-10-09,300328,-0.685
2026-10-09,300329,0.351
2026-10-09,300331,-3.498
2026-10-09,300332,-0.996
2026-10-09,300333,6.066
2026-10-09,300334,-2.026
2026-10-09,300335,-1.068
2026-10-09,300337,0.225
2026-10-09,300338,2.016
2026-10-09,300339,1.399
2026-10-09,300340,15.892
2026-10-09,300341,0.399
2026-10-09,300342,-1.863
2026-10-09,300343,4.247
2026-10-09,300345,0.475
2026-10-09,300346,-2.29
2026-10-09,300347,-0.523
2026-10-09,300348,4.435
2026-10-09,300349,1.004
2026-10-09,300350,-0.811
2026-10-09,300351,-0.225
2026-10-09,300352,2.128
2026-10-09,300353,1.956
2026-10-09,300354,0.818
2026-10-09,300355,1.46
2026-10-09,300357,1.062
2026-10-09,300358,0.852
2026-10-09,300359,3.448
2026-10-09,300360,0.629
2026-10-09,300363,0.809
2026-10-09,300364,20.01
2026-10-09,300365,1.339
2026-10-09,300366,-0.185
2026-10-09,300368,8.549
2026-10-09,300369,20.023
2026-10-09,300370,1.932
2026-10-09,300371,-0.694
2026-10-09,300373,3.062
2026-10-09,300374,-0.098
2026-10-09,300375,1.481
2026-10-09,300376,0.973
2026-10-09,300377,5.469
2026-10-09,300378,9.518
2026-10-09,300380,4.375
2026-10-09,300381,1.07
2026-10-09,300382,-1.59
2026-10-09,300383,0.584
2026-10-09,300384,1.871
2026-10-09,300385,-1.92
2026-10-09,300386,4.623
2026-10-09,300387,1.48
2026-10-09,300388,1.04
2026-10-09,300389,0.079
2026-10-09,300390,-1.228
2026-10-09,300393,1.745
2026-10-09,300394,-0.013
2026-10-09,300395,-7.663
2026-10-09,300396,3.404
2026-10-09,300397,-2.297
2026-10-09,300398,-4.634
2026-10-09,300399,4.606
2026-10-09,300400,-6.519
2026-10-09,300401,-3.428
2026-10-09,300402,0.687
2026-10-09,300403,0.824
2026-10-09,300404,1.365
2026-10-09,300405,-0.85
2026-10-09,300406,1.675
2026-10-09,300407,-1.469
2026-10-09,300408,-3.861
2026-10-09,300409,4.951
2026-10-09,300410,-2.249
2026-10-09,300411,1.825
2026-10-09,300412,0.221
2026-10-09,300413,19.979
2026-10-09,300414,0.669
2026-10-09,300415,0.373
2026-10-09,300416,0.601
2026-10-09,300417,-0.586
2026-10-09,300418,7.273
2026-10-09,300419,1.816
2026-10-09,300420,-3.305
2026-10-09,300421,-1.617
2026-10-09,300422,0.244
2026-10-09,300423,-1.095
2026-10-09,300424,0.079
2026-10-09,300425,1.471
2026-10-09,300426,5.263
2026-10-09,300427,0.331
2026-10-09,300428,0.743
2026-10-09,300429,-0.977
2026-10-09,300430,1.471
2026-10-09,300432,1.457
2026-10-09,300433,-5.426
2026-10-09,300434,8.461
2026-10-09,300435,-1.007
2026-10-09,300436,1.863
2026-10-09,300437,1.941
2026-10-09,300438,2.005
2026-10-09,300439,1.377
2026-10-09,300440,2.385
2026-10-09,300441,0.566
2026-10-09,300442,-6.087
2026-10-09,300443,-7.388
2026-10-09,300444,1.059
2026-10-09,300445,-0.111
2026-10-09,300446,0.485
2026-10-09,300447,-1.299
2026-10-09,300448,2.637
2026-10-09,300449,2.96
2026-10-09,300450,-2.288
2026-10-09,300451,3.779
2026-10-09,300452,1.195
2026-10-09,300453,1.326
2026-10-09,300454,8.647
2026-10-09,300455,-0.609
2026-10-09,300456,-3.569
2026-10-09,300457,3.744
2026-10-09,300458,1.425
2026-10-09,300459,5.865
2026-10-09,300460,-1.486
2026-10-09,300461,-2.746
2026-10-09,300462,-2.401
2026-10-09,300463,1.699
2026-10-09,300464,-1.889
2026-10-09,300465,3.69
2026-10-09,300466,0.833
2026-10-09,300467,5.875
2026-10-09,300468,4.271
2026-10-09,300469,-0.868
2026-10-09,300470,1.138
2026-10-09,300471,0.89
2026-10-09,300472,4.734
2026-10-09,300473,-2.714
2026-10-09,300474,2.383
2026-10-09,300475,-6.822
2026-10-09,300476,-1.717
2026-10-09,300477,0.361
2026-10-09,300478,-4.675
2026-10-09,300479,3.026
2026-10-09,300480,-1.555
2026-10-09,300481,-0.3
2026-10-09,300482,0.36
2026-10-09,300483,-1.224
2026-10-09,300484,1.095
2026-10-09,300485,2.267
2026-10-09,300486,0.177
2026-10-09,300487,1.065
2026-10-09,300488,-1.826
2026-10-09,300489,6.015
2026-10-09,300490,2.178
2026-10-09,300491,-10.165
2026-10-09,300492,0.64
2026-10-09,300493,0.663
2026-10-09,300494,3.413
2026-10-09,300496,2.241
2026-10-09,300497,1.042
2026-10-09,300498,0.202
2026-10-09,300499,-4.112
2026-10-09,300500,-0.31
2026-10-09,300501,0.174
2026-10-09,300502,-2.193
2026-10-09,300503,-0.223
2026-10-09,300504,-1.996
2026-10-09,300505,2.946
2026-10-09,300506,-0.83
2026-10-09,300507,1.288
2026-10-09,300508,-0.834
2026-10-09,300509,0.571
2026-10-09,300510,2.023
2026-10-09,300511,3.542
2026-10-09,300512,-0.678
2026-10-09,300513,0.542
2026-10-09,300514,-1.066
2026-10-09,300515,1.186
2026-10-09,300516,-0.659
2026-10-09,300517,0.721
2026-10-09,300518,-0.039
2026-10-09,300519,2.088
2026-10-09,300520,3.239
2026-10-09,300521,-2.861
2026-10-09,300522,0.181
2026-10-09,300523,1.251
2026-10-09,300525,3.581
2026-10-09,300527,0.135
2026-10-09,300528,6.216
2026-10-09,300529,0.8
2026-10-09,300530,20.017
2026-10-09,300531,6.984
2026-10-09,300532,1.788
2026-10-09,300533,2.988
2026-10-09,300534,2.455
2026-10-09,300535,-0.829
2026-10-09,300536,0.376
2026-10-09,300537,-2.956
2026-10-09,300538,0.724
2026-10-09,300539,-2.719
2026-10-09,300540,-2.73
2026-10-09,300541,3.497
2026-10-09,300542,4.279
2026-10-09,300543,-0.262
2026-10-09,300545,-1.549
2026-10-09,300546,4.309
2026-10-09,300547,-2.3
2026-10-09,300548,-0.189
2026-10-09,300549,-0.472
2026-10-09,300550,0.722
2026-10-09,300551,3.632
2026-10-09,300552,1.457
2026-10-09,300553,-6.708
2026-10-09,300554,-0.461
2026-10-09,300555,-1.303
2026-10-09,300556,2.073
2026-10-09,300557,-1.183
2026-10-09,300558,1.212
2026-10-09,300559,0.554
2026-10-09,300560,2.894
2026-10-09,300561,5.6
2026-10-09,300562,3.153
2026-10-09,300563,-4.599
2026-10-09,300564,-0.475
2026-10-09,300565,0.206
2026-10-09,300566,-3.538
2026-10-09,300567,-3.979
2026-10-09,300568,0.448
2026-10-09,300569,1.158
2026-10-09,300570,-2.814
2026-10-09,300571,-0.077
2026-10-09,300572,-3.094
2026-10-09,300573,-0.308
2026-10-09,300575,1.309
2026-10-09,300576,-2.87
2026-10-09,300577,-0.713
2026-10-09,300578,1.965
2026-10-09,300579,8.481
2026-10-09,300580,-0.98
2026-10-09,300581,-0.303
2026-10-09,300582,0.679
2026-10-09,300583,0.942
2026-10-09,300584,-0.828
2026-10-09,300585,1.168
2026-10-09,300586,-2.924
2026-10-09,300587,5.066
2026-10-09,300588,2.228
2026-10-09,300589,-3.242
2026-10-09,300590,0.091
2026-10-09,300591,0.0
2026-10-09,300592,-2.755
2026-10-09,300593,-6.181
2026-10-09,300594,-1.393
2026-10-09,300595,2.485
2026-10-09,300596,2.188
2026-10-09,300597,0.755
2026-10-09,300598,3.147
2026-10-09,300599,-13.222
2026-10-09,300600,-1.19
2026-10-09,300601,1.587
2026-10-09,300602,-2.654
2026-10-09,300603,1.83
2026-10-09,300604,-0.219
2026-10-09,300605,2.674
2026-10-09,300606,-2.135
2026-10-09,300607,0.624
2026-10-09,300608,1.327
2026-10-09,300609,1.639
2026-10-09,300610,-0.284
2026-10-09,300611,-0.668
2026-10-09,300612,5.117
2026-10-09,300613,3.854
2026-10-09,300614,-1.156
2026-10-09,300615,-1.182
2026-10-09,300616,0.275
2026-10-09,300617,-0.438
2026-10-09,300618,2.154
2026-10-09,300619,1.171
2026-10-09,300620,-1.654
2026-10-09,300621,-0.845
2026-10-09,300622,3.675
2026-10-09,300623,1.228
2026-10-09,300624,7.087
2026-10-09,300625,-0.503
2026-10-09,300626,0.253
2026-10-09,300627,2.043
2026-10-09,300628,-0.125
2026-10-09,300629,0.636
2026-10-09,300631,-0.993
2026-10-09,300632,-5.566
2026-10-09,300633,2.274
2026-10-09,300634,3.504
2026-10-09,300635,-0.424
2026-10-09,300636,0.845
2026-10-09,300637,-0.296
2026-10-09,300638,0.325
2026-10-09,300639,1.292
2026-10-09,300640,-0.161
2026-10-09,300641,0.682
2026-10-09,300642,7.884
2026-10-09,300643,0.701
2026-10-09,300644,-1.613
2026-10-09,300645,1.739
2026-10-09,300647,-2.813
2026-10-09,300648,-0.245
2026-10-09,300649,-1.273
2026-10-09,300650,-0.777
2026-10-09,300651,1.258
2026-10-09,300652,-1.233
2026-10-09,300653,1.136
2026-10-09,300654,2.648
2026-10-09,300655,-3.128
2026-10-09,300656,-3.193
2026-10-09,300657,-0.866
2026-10-09,300658,-0.099
2026-10-09,300659,9.401
2026-10-09,300660,0.609
2026-10-09,300661,-0.031
2026-10-09,300662,4.782
2026-10-09,300663,5.487
2026-10-09,300664,1.071
2026-10-09,300665,2.431
2026-10-09,300666,-2.49
2026-10-09,300667,0.494
2026-10-09,300668,-0.202
2026-10-09,300669,4.684
2026-10-09,300670,-1.95
2026-10-09,300671,-3.983
2026-10-09,300672,-2.291
2026-10-09,300673,-3.844
2026-10-09,300674,4.014
2026-10-09,300675,-2.994
2026-10-09,300676,3.908
2026-10-09,300677,4.903
2026-10-09,300678,2.783
2026-10-09,300679,-0.629
2026-10-09,300680,0.776
2026-10-09,300681,-1.982
2026-10-09,300682,2.89
2026-10-09,300683,-3.009
2026-10-09,300684,3.196
2026-10-09,300685,-2.591
2026-10-09,300686,-0.073
2026-10-09,300687,-0.524
2026-10-09,300688,-0.123
2026-10-09,300689,-6.562
2026-10-09,300690,-4.241
2026-10-09,300691,-5.096
2026-10-09,300692,3.6
2026-10-09,300693,-1.047
2026-10-09,300694,2.654
2026-10-09,300695,0.382
2026-10-09,300696,1.959
2026-10-09,300697,0.642
2026-10-09,300698,-0.039
2026-10-09,300699,1.984
2026-10-09,300700,-1.351
2026-10-09,300701,1.038
2026-10-09,300702,-0.449
2026-10-09,300703,2.459
2026-10-09,300705,2.933
2026-10-09,300706,-3.858
2026-10-09,300707,3.907
2026-10-09,300708,2.208
2026-10-09,300709,-1.563
2026-10-09,300710,-1.781
2026-10-09,300711,-0.169
2026-10-09,300712,-2.944
2026-10-09,300713,-2.186
2026-10-09,300715,5.814
2026-10-09,300716,1.752
2026-10-09,300717,5.617
2026-10-09,300718,-1.912
2026-10-09,300719,-0.517
2026-10-09,300720,-2.117
2026-10-09,300721,-1.872
2026-10-09,300722,-1.295
2026-10-09,300723,1.766
2026-10-09,300724,3.632
2026-10-09,300725,-1.392
2026-10-09,300726,-6.077
2026-10-09,300727,-3.765
2026-10-09,300729,0.548
2026-10-09,300730,1.799
2026-10-09,300731,-4.327
2026-10-09,300732,-0.171
2026-10-09,300733,2.522
2026-10-09,300735,-1.484
2026-10-09,300736,1.863
2026-10-09,300737,0.851
2026-10-09,300738,1.056
2026-10-09,300739,-5.758
2026-10-09,300740,1.456
2026-10-09,300741,-0.89
2026-10-09,300743,-0.277
2026-10-09,300745,-2.119
2026-10-09,300746,2.767
2026-10-09,300747,-1.683
2026-10-09,300748,1.05
2026-10-09,300749,1.797
2026-10-09,300750,3.836
2026-10-09,300751,-4.563
2026-10-09,300752,-4.16
2026-10-09,300753,0.099
2026-10-09,300755,1.436
2026-10-09,300756,7.216
2026-10-09,300757,-0.787
2026-10-09,300758,2.166
2026-10-09,300759,-1.463
2026-10-09,300760,2.411
2026-10-09,300761,1.652
2026-10-09,300762,-2.908
2026-10-09,300763,-1.931
2026-10-09,300765,0.665
2026-10-09,300766,3.343
2026-10-09,300767,-0.82
2026-10-09,300768,5.332
2026-10-09,300769,7.208
2026-10-09,300770,9.858
2026-10-09,300771,0.174
2026-10-09,300772,0.207
2026-10-09,300773,0.0
2026-10-09,300774,0.632
2026-10-09,300775,-1.962
2026-10-09,300776,-6.486
2026-10-09,300777,-0.354
2026-10-09,300778,-0.822
2026-10-09,300779,-2.717
2026-10-09,300780,-1.505
2026-10-09,300781,7.396
2026-10-09,300782,-3.449
2026-10-09,300783,2.512
2026-10-09,300784,-1.061
2026-10-09,300785,5.118
2026-10-09,300786,-1.109
2026-10-09,300787,1.059
2026-10-09,300788,7.187
2026-10-09,300789,0.0
2026-10-09,300790,-1.256
2026-10-09,300791,2.764
2026-10-09,300792,4.353
2026-10-09,300793,1.059
2026-10-09,300795,2.857
2026-10-09,300796,-0.858
2026-10-09,300797,1.398
2026-10-09,300798,-0.48
2026-10-09,300800,-0.847
2026-10-09,300801,-0.131
2026-10-09,300802,-5.885
2026-10-09,300803,3.981
2026-10-09,300804,-1.201
2026-10-09,300805,7.059
2026-10-09,300806,-0.597
2026-10-09,300807,2.668
2026-10-09,300808,0.562
2026-10-09,300809,-0.965
2026-10-09,300810,0.398
2026-10-09,300811,-5.483
2026-10-09,300812,-1.524
2026-10-09,300813,-3.058
2026-10-09,300814,-5.892
2026-10-09,300815,4.12
2026-10-09,300816,-5.184
2026-10-09,300817,-1.726
2026-10-09,300818,0.767
2026-10-09,300819,-5.084
2026-10-09,300820,-2.891
2026-10-09,300821,20.014
2026-10-09,300822,-0.452
2026-10-09,300823,-1.221
2026-10-09,300824,0.0
2026-10-09,300825,-4.387
2026-10-09,300826,0.276
2026-10-09,300827,-1.011
2026-10-09,300828,-1.8
2026-10-09,300829,9.831
2026-10-09,300830,3.209
2026-10-09,300831,-1.218
2026-10-09,300832,3.314
2026-10-09,300833,0.366
2026-10-09,300834,-2.082
2026-10-09,300835,0.948
2026-10-09,300836,-1.151
2026-10-09,300837,-0.584
2026-10-09,300838,-0.342
2026-10-09,300839,-3.137
2026-10-09,300840,-0.342
2026-10-09,300841,2.088
2026-10-09,300842,-5.68
2026-10-09,300843,-3.189
2026-10-09,300844,-1.749
2026-10-09,300845,-0.778
2026-10-09,300846,1.772
2026-10-09,300847,0.916
2026-10-09,300848,0.092
2026-10-09,300849,-0.886
2026-10-09,300850,2.063
2026-10-09,300851,-1.512
2026-10-09,300852,-3.238
2026-10-09,300853,1.597
2026-10-09,300854,-0.664
2026-10-09,300855,-1.662
2026-10-09,300856,2.109
2026-10-09,300857,-0.903
2026-10-09,300858,0.685
2026-10-09,300859,1.911
2026-10-09,300860,1.77
2026-10-09,300861,0.27
2026-10-09,300862,-1.805
2026-10-09,300863,-2.167
2026-10-09,300864,1.599
2026-10-09,300865,-3.533
2026-10-09,300866,-0.968
2026-10-09,300867,-0.415
2026-10-09,300868,-5.308
2026-10-09,300869,3.346
2026-10-09,300870,-5.613
2026-10-09,300871,-1.6
2026-10-09,300872,12.378
2026-10-09,300873,-0.423
2026-10-09,300875,1.838
2026-10-09,300876,-0.419
2026-10-09,300877,-0.382
2026-10-09,300878,1.874
2026-10-09,300879,-0.3
2026-10-09,300880,-0.723
2026-10-09,300881,1.068
2026-10-09,300882,1.749
2026-10-09,300883,-0.157
2026-10-09,300884,-0.835
2026-10-09,300885,1.24
2026-10-09,300886,-2.032
2026-10-09,300887,1.884
2026-10-09,300888,5.059
2026-10-09,300889,0.683
2026-10-09,300890,0.821
2026-10-09,300891,-0.132
2026-10-09,300892,3.605
2026-10-09,300893,6.671
2026-10-09,300894,0.711
2026-10-09,300895,-5.433
2026-10-09,300896,-0.158
2026-10-09,300897,-0.987
2026-10-09,300898,4.55
2026-10-09,300899,-1.98
2026-10-09,300900,-3.581
2026-10-09,300901,1.664
2026-10-09,300902,-5.685
2026-10-09,300903,-7.803
2026-10-09,300904,-8.218
2026-10-09,300905,-5.158
2026-10-09,300906,-0.54
2026-10-09,300907,-3.403
2026-10-09,300908,2.395
2026-10-09,300909,-8.441
2026-10-09,300910,0.109
2026-10-09,300911,-1.049
2026-10-09,300912,-1.181
2026-10-09,300913,-3.023
2026-10-09,300915,1.472
2026-10-09,300916,-0.487
2026-10-09,300917,-0.593
2026-10-09,300918,-0.563
2026-10-09,300919,2.262
2026-10-09,300920,-0.133
2026-10-09,300921,1.356
2026-10-09,300922,-0.646
2026-10-09,300923,-1.21
2026-10-09,300925,3.901
2026-10-09,300926,0.664
2026-10-09,300927,-0.986
2026-10-09,300928,-1.96
2026-10-09,300929,-3.148
2026-10-09,300930,-2.613
2026-10-09,300931,-8.063
2026-10-09,300932,-3.09
2026-10-09,300933,0.774
2026-10-09,300935,0.746
2026-10-09,300936,-4.727
2026-10-09,300937,-0.126
2026-10-09,300938,-3.398
2026-10-09,300939,-4.312
2026-10-09,300940,0.307
2026-10-09,300941,4.186
2026-10-09,300942,1.843
2026-10-09,300943,-1.873
2026-10-09,300945,2.698
2026-10-09,300946,-3.222
2026-10-09,300947,-0.378
2026-10-09,300948,-2.546
2026-10-09,300949,-1.774
2026-10-09,300950,-1.542
2026-10-09,300951,-3.211
2026-10-09,300952,-1.366
2026-10-09,300953,-1.985
2026-10-09,300955,2.172
2026-10-09,300956,-0.545
2026-10-09,300957,1.656
2026-10-09,300958,0.0
2026-10-09,300959,1.636
2026-10-09,300960,-4.16
2026-10-09,300961,-0.591
2026-10-09,300962,-0.915
2026-10-09,300963,0.284
2026-10-09,300964,9.55
2026-10-09,300965,-1.122
2026-10-09,300966,0.528
2026-10-09,300967,0.51
2026-10-09,300968,0.0
2026-10-09,300969,-0.372
2026-10-09,300970,3.06
2026-10-09,300971,-1.074
2026-10-09,300972,2.321
2026-10-09,300973,4.142
2026-10-09,300975,-2.066
2026-10-09,300976,-2.471
2026-10-09,300977,-3.386
2026-10-09,300978,0.799
2026-10-09,300979,0.608
2026-10-09,300980,0.188
2026-10-09,300981,19.979
2026-10-09,300982,0.07
2026-10-09,300983,1.027
2026-10-09,300984,2.007
2026-10-09,300985,-1.794
2026-10-09,300986,0.823
2026-10-09,300987,8.06
2026-10-09,300988,-1.961
2026-10-09,300989,-2.338
2026-10-09,300990,-1.588
2026-10-09,300991,-0.643
2026-10-09,300992,0.496
2026-10-09,300993,-0.202
2026-10-09,300994,0.264
2026-10-09,300995,-2.327
2026-10-09,300996,3.27
2026-10-09,300997,3.925
2026-10-09,300998,-1.006
2026-10-09,300999,5.816
2026-10-09,301000,-0.441
2026-10-09,301001,2.035
2026-10-09,301002,-3.764
2026-10-09,301003,-1.424
2026-10-09,301004,-3.129
2026-10-09,301005,-2.232
2026-10-09,301006,-2.366
2026-10-09,301007,-2.282
2026-10-09,301008,-7.73
2026-10-09,301009,0.871
2026-10-09,301010,-1.324
2026-10-09,301011,1.708
2026-10-09,301012,-0.553
2026-10-09,301013,-3.045
2026-10-09,301015,0.0
2026-10-09,301016,-1.312
2026-10-09,301017,0.07
2026-10-09,301018,-3.037
2026-10-09,301019,-0.123
2026-10-09,301020,-0.989
2026-10-09,301021,-4.702
2026-10-09,301022,0.0
2026-10-09,301023,1.889
2026-10-09,301024,-1.685
2026-10-09,301025,6.193
2026-10-09,301026,-3.85
2026-10-09,301027,-2.141
2026-10-09,301028,-1.389
2026-10-09,301029,-0.34
2026-10-09,301030,-7.635
2026-10-09,301031,-1.54
2026-10-09,301032,-0.574
2026-10-09,301033,1.703
2026-10-09,301035,-1.144
2026-10-09,301036,-0.359
2026-10-09,301037,-0.908
2026-10-09,301038,-3.164
2026-10-09,301039,2.207
2026-10-09,301040,0.0
2026-10-09,301041,-3.47
2026-10-09,301042,0.557
2026-10-09,301043,0.832
2026-10-09,301045,-3.093
2026-10-09,301046,-8.781
2026-10-09,301047,-0.44
2026-10-09,301048,0.775
2026-10-09,301049,-0.72
2026-10-09,301050,-0.76
2026-10-09,301051,-3.784
2026-10-09,301052,8.69
2026-10-09,301053,-0.999
2026-10-09,301055,-2.063
2026-10-09,301056,-2.334
2026-10-09,301057,-0.355
2026-10-09,301058,2.088
2026-10-09,301059,3.318
2026-10-09,301060,2.972
2026-10-09,301061,-1.964
2026-10-09,301062,-2.032
2026-10-09,301063,-1.943
2026-10-09,301065,-1.242
2026-10-09,301066,2.439
2026-10-09,301067,-4.52
2026-10-09,301068,-1.484
2026-10-09,301069,1.463
2026-10-09,301070,-4.481
2026-10-09,301071,-3.846
2026-10-09,301072,1.649
2026-10-09,301073,1.141
2026-10-09,301075,-1.073
2026-10-09,301076,-1.509
2026-10-09,301077,-0.334
2026-10-09,301078,1.46
2026-10-09,301079,-3.642
2026-10-09,301080,-1.021
2026-10-09,301081,0.781
2026-10-09,301082,0.619
2026-10-09,301083,-0.214
2026-10-09,301085,4.742
2026-10-09,301086,-7.158
2026-10-09,301087,13.504
2026-10-09,301088,-0.148
2026-10-09,301089,1.319
2026-10-09,301090,0.565
2026-10-09,301091,-1.443
2026-10-09,301092,1.383
2026-10-09,301093,-3.926
2026-10-09,301095,-2.138
2026-10-09,301096,-1.148
2026-10-09,301097,0.915
2026-10-09,301098,-1.484
2026-10-09,301099,-3.787
2026-10-09,301100,1.721
2026-10-09,301101,2.977
2026-10-09,301102,2.878
2026-10-09,301103,0.822
2026-10-09,301105,-0.332
2026-10-09,301106,-2.03
2026-10-09,301107,2.833
2026-10-09,301108,-2.23
2026-10-09,301109,1.686
2026-10-09,301110,4.422
2026-10-09,301111,-0.76
2026-10-09,301112,-0.491
2026-10-09,301113,-1.339
2026-10-09,301115,-4.562
2026-10-09,301116,1.075
2026-10-09,301117,1.966
2026-10-09,301118,5.751
2026-10-09,301119,8.199
2026-10-09,301120,-0.493
2026-10-09,301121,-0.254
2026-10-09,301122,1.409
2026-10-09,301123,-4.514
2026-10-09,301125,-3.516
2026-10-09,301126,0.955
2026-10-09,301127,3.442
2026-10-09,301128,-3.287
2026-10-09,301129,-1.053
2026-10-09,301130,1.26
2026-10-09,301131,-0.978
2026-10-09,301132,-5.755
2026-10-09,301133,0.879
2026-10-09,301135,-1.849
2026-10-09,301136,0.73
2026-10-09,301137,-0.627
2026-10-09,301138,0.212
2026-10-09,301139,-5.319
2026-10-09,301141,0.742
2026-10-09,301148,0.694
2026-10-09,301149,1.263
2026-10-09,301150,-4.497
2026-10-09,301151,-4.35
2026-10-09,301152,8.853
2026-10-09,301153,6.347
2026-10-09,301155,-9.905
2026-10-09,301156,-0.512
2026-10-09,301157,0.216
2026-10-09,301158,-1.746
2026-10-09,301159,0.701
2026-10-09,301160,-2.261
2026-10-09,301161,-3.321
2026-10-09,301162,2.36
2026-10-09,301163,-1.734
2026-10-09,301165,-0.553
2026-10-09,301166,3.731
2026-10-09,301167,-0.593
2026-10-09,301168,0.381
2026-10-09,301169,-3.17
2026-10-09,301170,-1.087
2026-10-09,301171,9.188
2026-10-09,301172,-2.529
2026-10-09,301173,-0.949
2026-10-09,301175,1.077
2026-10-09,301176,-5.479
2026-10-09,301177,2.322
2026-10-09,301178,-1.381
2026-10-09,301179,-1.79
2026-10-09,301180,-1.28
2026-10-09,301181,2.719
2026-10-09,301182,-3.305
2026-10-09,301183,-2.824
2026-10-09,301185,3.188
2026-10-09,301186,-1.523
2026-10-09,301187,-0.326
2026-10-09,301188,-5.067
2026-10-09,301189,-1.552
2026-10-09,301190,11.311
2026-10-09,301191,-1.644
2026-10-09,301192,-1.329
2026-10-09,301193,0.048
2026-10-09,301195,2.215
2026-10-09,301196,-3.057
2026-10-09,301197,-3.227
2026-10-09,301198,-2.067
2026-10-09,301199,0.167
2026-10-09,301200,-2.578
2026-10-09,301201,0.804
2026-10-09,301202,-3.626
2026-10-09,301203,-0.724
2026-10-09,301205,12.855
2026-10-09,301206,0.716
2026-10-09,301207,1.896
2026-10-09,301208,4.409
2026-10-09,301209,-4.836
2026-10-09,301210,-0.759
2026-10-09,301211,3.072
2026-10-09,301212,-2.0
2026-10-09,301213,-4.11
2026-10-09,301215,2.247
2026-10-09,301216,-1.286
2026-10-09,301217,-5.105
2026-10-09,301218,11.353
2026-10-09,301219,1.834
2026-10-09,301220,-1.334
2026-10-09,301221,0.836
2026-10-09,301222,-1.446
2026-10-09,301223,0.938
2026-10-09,301225,-0.835
2026-10-09,301226,1.313
2026-10-09,301227,-2.379
2026-10-09,301228,-0.059
2026-10-09,301229,-0.591
2026-10-09,301230,0.275
2026-10-09,301231,6.612
2026-10-09,301232,-3.666
2026-10-09,301233,-1.961
2026-10-09,301234,-0.662
2026-10-09,301235,-2.015
2026-10-09,301236,1.23
2026-10-09,301237,-1.931
2026-10-09,301238,5.765
2026-10-09,301239,0.675
2026-10-09,301246,1.807
2026-10-09,301248,-2.952
2026-10-09,301251,-4.889
2026-10-09,301252,-2.023
2026-10-09,301255,-1.336
2026-10-09,301256,1.424
2026-10-09,301257,0.224
2026-10-09,301258,0.148
2026-10-09,301259,-4.454
2026-10-09,301260,0.347
2026-10-09,301261,-1.475
2026-10-09,301262,5.649
2026-10-09,301263,3.348
2026-10-09,301265,5.888
2026-10-09,301266,-0.747
2026-10-09,301267,0.664
2026-10-09,301268,1.705
2026-10-09,301269,7.958
2026-10-09,301270,3.586
2026-10-09,301272,-1.271
2026-10-09,301273,9.204
2026-10-09,301275,2.767
2026-10-09,301276,-0.688
2026-10-09,301277,2.672
2026-10-09,301278,-0.957
2026-10-09,301279,5.289
2026-10-09,301280,2.829
2026-10-09,301281,0.569
2026-10-09,301282,-5.419
2026-10-09,301283,-0.197
2026-10-09,301285,-4.275
2026-10-09,301286,1.84
2026-10-09,301287,0.0
2026-10-09,301288,-0.236
2026-10-09,301289,0.606
2026-10-09,301290,1.885
2026-10-09,301291,-2.586
2026-10-09,301292,5.911
2026-10-09,301293,-1.304
2026-10-09,301295,-1.949
2026-10-09,301296,0.628
2026-10-09,301297,-6.291
2026-10-09,301298,-1.797
2026-10-09,301299,4.776
2026-10-09,301300,-0.479
2026-10-09,301301,0.366
2026-10-09,301302,-0.725
2026-10-09,301303,0.579
2026-10-09,301305,1.21
2026-10-09,301306,-3.808
2026-10-09,301307,-6.319
2026-10-09,301308,-1.594
2026-10-09,301309,-1.393
2026-10-09,301310,-1.492
2026-10-09,301311,-2.532
2026-10-09,301312,-4.483
2026-10-09,301313,1.564
2026-10-09,301314,-3.477
2026-10-09,301315,2.035
2026-10-09,301316,-4.021
2026-10-09,301317,1.617
2026-10-09,301318,1.653
2026-10-09,301319,-4.313
2026-10-09,301320,-0.431
2026-10-09,301321,-6.215
2026-10-09,301322,-1.167
2026-10-09,301323,-1.684
2026-10-09,301325,0.875
2026-10-09,301326,-2.895
2026-10-09,301327,1.574
2026-10-09,301328,-2.785
2026-10-09,301329,-1.666
2026-10-09,301330,3.841
2026-10-09,301331,-0.36
2026-10-09,301332,1.832
2026-10-09,301333,-2.236
2026-10-09,301335,0.208
2026-10-09,301336,-1.18
2026-10-09,301337,-0.718
2026-10-09,301338,-4.367
2026-10-09,301339,-0.669
2026-10-09,301345,-2.302
2026-10-09,301348,-3.104
2026-10-09,301349,-3.978
2026-10-09,301353,0.245
2026-10-09,301355,-1.314
2026-10-09,301356,5.076
2026-10-09,301357,-0.126
2026-10-09,301358,2.187
2026-10-09,301359,-2.507
2026-10-09,301360,-5.175
2026-10-09,301361,1.096
2026-10-09,301362,-7.848
2026-10-09,301363,0.91
2026-10-09,301365,-1.909
2026-10-09,301366,-5.969
2026-10-09,301367,1.126
2026-10-09,301368,-0.081
2026-10-09,301369,-6.426
2026-10-09,301370,1.382
2026-10-09,301371,3.207
2026-10-09,301372,-3.729
2026-10-09,301373,-6.894
2026-10-09,301376,-1.782
2026-10-09,301377,-7.235
2026-10-09,301378,2.824
2026-10-09,301379,-2.063
2026-10-09,301380,-1.022
2026-10-09,301381,2.249
2026-10-09,301382,0.119
2026-10-09,301383,0.045
2026-10-09,301386,-0.543
2026-10-09,301387,-3.804
2026-10-09,301388,0.487
2026-10-09,301389,-7.668
2026-10-09,301390,-1.092
2026-10-09,301391,-2.844
2026-10-09,301392,-1.622
2026-10-09,301393,-1.375
2026-10-09,301395,-0.535
2026-10-09,301396,-1.77
2026-10-09,301397,-0.328
2026-10-09,301398,-0.842
2026-10-09,301399,-1.664
2026-10-09,301408,3.131
2026-10-09,301413,0.223
2026-10-09,301418,0.642
2026-10-09,301419,-2.262
2026-10-09,301421,-6.495
2026-10-09,301428,3.687
2026-10-09,301429,0.0
2026-10-09,301439,0.146
2026-10-09,301446,-2.63
2026-10-09,301448,1.73
2026-10-09,301449,4.883
2026-10-09,301456,-2.219
2026-10-09,301458,-4.522
2026-10-09,301459,0.0
2026-10-09,301468,-2.654
2026-10-09,301469,-0.489
2026-10-09,301479,-2.232
2026-10-09,301486,5.785
2026-10-09,301487,4.183
2026-10-09,301488,-0.88
2026-10-09,301489,-3.928
2026-10-09,301491,0.443
2026-10-09,301498,1.299
2026-10-09,301499,-1.694
2026-10-09,301500,-0.666
2026-10-09,301501,1.515
2026-10-09,301502,-1.579
2026-10-09,301503,0.631
2026-10-09,301505,-1.276
2026-10-09,301507,2.182
2026-10-09,301508,-0.166
2026-10-09,301509,-0.165
2026-10-09,301510,-2.042
2026-10-09,301511,-7.319
2026-10-09,301512,-1.83
2026-10-09,301513,6.017
2026-10-09,301515,0.099
2026-10-09,301516,-5.195
2026-10-09,301517,-3.105
2026-10-09,301518,-0.081
2026-10-09,301519,-0.668
2026-10-09,301520,2.242
2026-10-09,301522,-0.884
2026-10-09,301525,-1.697
2026-10-09,301526,-4.748
2026-10-09,301528,0.332
2026-10-09,301529,-0.887
2026-10-09,301531,-4.371
2026-10-09,301533,1.206
2026-10-09,301535,-0.882
2026-10-09,301536,5.27
2026-10-09,301538,-1.44
2026-10-09,301539,0.0
2026-10-09,301548,-2.512
2026-10-09,301550,7.091
2026-10-09,301551,13.043
2026-10-09,301552,0.989
2026-10-09,301555,-2.579
2026-10-09,301556,3.747
2026-10-09,301557,-2.767
2026-10-09,301558,1.917
2026-10-09,301559,0.548
2026-10-09,301560,4.338
2026-10-09,301563,-1.567
2026-10-09,301565,0.97
2026-10-09,301566,-3.559
2026-10-09,301567,-3.067
2026-10-09,301568,-6.83
2026-10-09,301571,-3.598
2026-10-09,301575,0.168
2026-10-09,301577,-2.019
2026-10-09,301578,-0.346
2026-10-09,301580,-3.687
2026-10-09,301581,-0.232
2026-10-09,301583,-3.012
2026-10-09,301584,1.566
2026-10-09,301585,1.088
2026-10-09,301586,-1.108
2026-10-09,301587,0.132
2026-10-09,301588,-0.622
2026-10-09,301589,-0.183
2026-10-09,301590,-0.472
2026-10-09,301591,-4.913
2026-10-09,301592,-0.759
2026-10-09,301595,-1.114
2026-10-09,301596,-1.187
2026-10-09,301598,-1.043
2026-10-09,301599,-0.811
2026-10-09,301600,0.844
2026-10-09,301601,-1.061
2026-10-09,301602,1.205
2026-10-09,301603,-1.298
2026-10-09,301606,3.849
2026-10-09,301607,-3.312
2026-10-09,301608,1.617
2026-10-09,301609,-1.358
2026-10-09,301611,-3.892
2026-10-09,301613,1.62
2026-10-09,301616,0.566
2026-10-09,301617,-0.816
2026-10-09,301618,0.23
2026-10-09,301622,-2.284
2026-10-09,301626,-2.907
2026-10-09,301628,-8.223
2026-10-09,301629,-4.206
2026-10-09,301630,-9.65
2026-10-09,301631,-4.047
2026-10-09,301632,1.516
2026-10-09,301633,0.643
2026-10-09,301636,-2.207
2026-10-09,301638,1.852
2026-10-09,301655,-3.402
2026-10-09,301656,-0.654
2026-10-09,301658,2.727
2026-10-09,301662,2.29
2026-10-09,301665,4.255
2026-10-09,301666,-0.319
2026-10-09,301667,1.019
2026-10-09,301668,0.3
2026-10-09,301669,4.35
2026-10-09,301677,-3.891
2026-10-09,301678,-1.311
2026-10-09,301680,-2.638
2026-10-09,301682,-2.361
2026-10-09,301683,-0.01
2026-10-09,301686,-6.039
2026-10-09,301687,-4.922
2026-10-09,301688,-0.818
2026-10-09,301689,-1.648
2026-10-09,301696,-0.376
2026-10-09,301697,-4.475
2026-10-09,301699,-5.341
2026-10-09,301707,-1.409
2026-10-09,301716,7.341
2026-10-09,301717,-0.815
2026-10-09,302132,-1.85
