valuation_time,trade_date,avix,var30,near_expiry,next_expiry,near_dte,next_dte,near_var,next_var,near_forward,next_forward,near_k0,next_k0,near_n_options,next_n_options,near_rate,next_rate,quality,note,source,sse_open,sse_close,sse_ret1,sse_ret10,sse_ma5,sse_ma10,sse_prev_close,sse_prev_ma5,s3_signal,s4_signal,s3_s4_signal,s3_buy,s3_sell,s4_buy,s4_sell,s3_s4_buy,s3_s4_sell,s3_sell_reason,s4_sell_reason,s3_s4_sell_reason,execution_trade_date,execution_sse_open
2019-12-24 00:00:00,2019-12-24,14.0989,0.0198779689023265,2020-02-21,2020-03-20,59,87,0.0234523474530426,0.0246423902523297,4012.661538846909,4013.57775814464,4000.0,4000.0,19,19,0.03014125,0.03031625,WARN,期限未夹住30日,HIST_CLEAN_SURFACE,2965.826,2982.681,,,,,,,False,False,False,False,False,False,False,False,False,,,,2019-12-25,2980.428
2019-12-25 00:00:00,2019-12-25,13.1624,0.017324883895523,2020-02-21,2020-03-20,58,86,0.0222270929853996,0.0239371659237287,4012.416924822629,4012.088027710975,4000.0,4000.0,19,19,0.030135,0.03031,WARN,期限未夹住30日,HIST_CLEAN_SURFACE,2980.428,2981.881,-0.0002682150722790322,,,,2982.681,,False,False,False,False,False,False,False,False,False,,,,2019-12-26,2981.249
2019-12-26 00:00:00,2019-12-26,12.1574,0.014780226156675,2020-02-21,2020-03-20,57,85,0.0214653192745477,0.0239121507425272,4041.247425323365,4043.760416493848,4000.0,4000.0,19,19,0.03012875,0.03030375,WARN,期限未夹住30日,HIST_CLEAN_SURFACE,2981.249,3007.355,0.008542929781570896,,,,2981.881,,False,False,False,False,False,False,False,False,False,,,,2019-12-27,3006.852
2019-12-27 00:00:00,2019-12-27,13.4518,0.0180951062932737,2020-02-21,2020-03-20,56,84,0.0225964437320159,0.0243277273623014,4046.496105652677,4050.342611010806,4000.0,4050.0,19,19,0.0301225,0.0302975,WARN,期限未夹住30日,HIST_CLEAN_SURFACE,3006.852,3005.036,-0.0007711094965509036,,,,3007.355,,False,False,False,False,False,False,False,False,False,,,,2019-12-30,2998.169
2019-12-30 00:00:00,2019-12-30,13.841,0.0191573846505335,2020-02-21,2020-03-20,53,81,0.0264616669318473,0.0297550631295412,4104.562462624157,4109.06642959538,4100.0,4100.0,19,19,0.03010375,0.03027875,WARN,期限未夹住30日,HIST_CLEAN_SURFACE,2998.169,3040.024,0.011643121746295115,,3003.3954,,3005.036,,False,False,False,False,False,False,False,False,False,,,,2019-12-31,3036.386
2019-12-31 00:00:00,2019-12-31,16.6915,0.0278607760794772,2020-02-21,2020-03-20,52,80,0.0304268584174759,0.031651579533339,4121.8534467742575,4128.109483449661,4100.0,4100.0,20,20,0.0300975,0.0302725,WARN,期限未夹住30日,HIST_CLEAN_SURFACE,3036.386,3050.124,0.003322342192035199,,3016.8839999999996,,3040.024,3003.3954,False,False,False,False,False,False,False,False,False,,,,2020-01-02,3066.336
2020-01-02 00:00:00,2020-01-02,19.6184,0.0384879724150163,2020-02-21,2020-03-20,50,78,0.0364482865189037,0.0353499941133046,4176.477939619079,4186.766416882178,4150.0,4150.0,21,21,0.030085,0.03026,WARN,期限未夹住30日,HIST_CLEAN_SURFACE,3066.336,3085.198,0.011499204622500647,,3037.5474,,3050.124,3016.8839999999996,False,False,False,False,False,False,False,False,False,,,,2020-01-03,3089.022
2020-01-03 00:00:00,2020-01-03,17.962,0.0322632604968187,2020-02-21,2020-03-20,49,77,0.0353700020409821,0.0371537770902625,4166.415129157075,4178.627833390225,4150.0,4150.0,22,22,0.03007875,0.03025375,WARN,期限未夹住30日,HIST_CLEAN_SURFACE,3089.022,3083.786,-0.0004576691674245126,,3052.8336,,3085.198,3037.5474,False,False,False,False,False,False,False,False,False,,,,2020-01-06,3070.909
2020-01-06 00:00:00,2020-01-06,18.4216,0.0339356285638176,2020-02-21,2020-03-20,46,74,0.0383627482662446,0.0415036102172908,4153.223126505247,4164.371160429038,4150.0,4150.0,22,22,0.03006,0.030235,WARN,期限未夹住30日,HIST_CLEAN_SURFACE,3070.909,3083.408,-0.00012257659902470408,,3068.5080000000003,,3083.786,3052.8336,False,False,False,False,False,False,False,False,False,,,,2020-01-07,3085.488
2020-01-07 00:00:00,2020-01-07,19.3855,0.0375799261961057,2020-02-21,2020-03-20,45,73,0.0392785648044062,0.0405816300381711,4176.262168904385,4185.062187593747,4150.0,4150.0,22,22,0.03005375,0.03022875,WARN,期限未夹住30日,HIST_CLEAN_SURFACE,3085.488,3104.802,0.006938426572156597,,3081.4636,3042.4294999999997,3083.408,3068.5080000000003,False,False,False,False,False,False,False,False,False,,,,2020-01-08,3094.239
2020-01-08 00:00:00,2020-01-08,19.2352,0.0369993714140895,2020-02-21,2020-03-20,44,72,0.0388893158074416,0.0404642694685684,4135.844122254471,4147.183257386212,4100.0,4100.0,22,22,0.0300475,0.0302225,WARN,期限未夹住30日,HIST_CLEAN_SURFACE,3094.239,3066.893,-0.012209796309072263,0.028233659583441817,3084.8174,3050.8507,3104.802,3081.4636,False,False,False,False,False,False,False,False,False,,,,2020-01-09,3082.64
2020-01-09 00:00:00,2020-01-09,18.1614,0.0329838203925673,2020-02-21,2020-03-20,43,71,0.0362891565666732,0.0392972631606591,4174.544093704693,4182.251790427275,4150.0,4150.0,22,22,0.03004125,0.03021625,WARN,期限未夹住30日,HIST_CLEAN_SURFACE,3082.64,3094.882,0.00912617427474638,0.03789587847402376,3086.7542000000003,3062.1508,3066.893,3084.8174,False,False,False,False,False,False,False,False,False,,,,2020-01-10,3102.294
2020-01-10 00:00:00,2020-01-10,17.3985,0.0302709178039545,2020-02-21,2020-03-20,42,70,0.0337671385120482,0.0372633592201419,4178.344353112265,4189.301098931552,4150.0,4150.0,22,22,0.030035,0.03021,WARN,期限未夹住30日,HIST_CLEAN_SURFACE,3102.294,3092.291,-0.0008371886230233994,0.02824275817121702,3088.4552000000003,3070.6444,3094.882,3086.7542000000003,False,False,False,False,False,False,False,False,False,,,,2020-01-13,3091.493
2020-01-13 00:00:00,2020-01-13,17.2055,0.0296029367314338,2020-02-21,2020-03-20,39,67,0.03163252901035,0.0344598217371983,4223.424838271239,4232.934912133987,4200.0,4200.0,22,22,0.03001625,0.03019125,WARN,期限未夹住30日,HIST_CLEAN_SURFACE,3091.493,3115.57,0.007528075462496897,0.03678292040428133,3094.8876000000005,3081.6978,3092.291,3088.4552000000003,False,False,False,False,False,False,False,False,False,,,,2020-01-14,3120.667
2020-01-14 00:00:00,2020-01-14,16.6521,0.027729173803953,2020-02-21,2020-03-20,38,66,0.0299890911521433,0.0335844142060824,4211.28450687154,4224.90445573375,4200.0,4200.0,23,23,0.03001,0.030185,WARN,期限未夹住30日,HIST_CLEAN_SURFACE,3120.667,3106.82,-0.002808474853718601,0.021972194956355606,3095.2912,3088.3774000000003,3115.57,3094.8876000000005,False,False,False,False,False,False,False,False,False,,,,2020-01-15,3103.175
2020-01-15 00:00:00,2020-01-15,16.6028,0.0275653875376964,2020-02-21,2020-03-20,37,65,0.029641802179274,0.0334751830560326,4180.706256060525,4193.684298130835,4150.0,4150.0,23,23,0.03000375,0.03017875,WARN,期限未夹住30日,HIST_CLEAN_SURFACE,3103.175,3090.038,-0.005401664724702493,0.013086025355034892,3099.9202,3092.3688,3106.82,3095.2912,False,False,False,False,False,False,False,False,False,,,,2020-01-16,3095.734
2020-01-16 00:00:00,2020-01-16,15.8782,0.0252116960075575,2020-02-21,2020-03-20,36,64,0.0270926278432884,0.0312071662339497,4174.207246168317,4185.900765628544,4150.0,4150.0,23,23,0.0299975,0.0301725,WARN,期限未夹住30日,HIST_CLEAN_SURFACE,3095.734,3074.081,-0.005164014164227071,-0.0036033343727046585,3095.76,3091.2571,3090.038,3099.9202,False,False,False,False,False,False,False,False,False,,,,2020-01-17,3081.464
2020-01-17 00:00:00,2020-01-17,14.731,0.0217001213883517,2020-02-21,2020-03-20,35,63,0.0235547471843986,0.028500415973857,4175.395210767704,4187.547329919276,4150.0,4150.0,23,23,0.02999125,0.03016625,WARN,期限未夹住30日,HIST_CLEAN_SURFACE,3081.464,3075.496,0.00046030016775744365,-0.0026882539839016006,3092.4010000000003,3090.4281,3074.081,3095.76,False,False,False,False,False,False,False,False,False,,,,2020-01-20,3082.113
2020-01-20 00:00:00,2020-01-20,15.4299,0.0238081553210807,2020-02-21,2020-03-20,32,60,0.0244743703363948,0.0291378754435939,4206.713023645428,4217.702472095093,4200.0,4200.0,23,23,0.0299725,0.0301475,WARN,期限未夹住30日,HIST_CLEAN_SURFACE,3082.113,3095.787,0.006597634983105172,0.004014713589638452,3088.4444,3091.666,3075.496,3092.4010000000003,False,False,False,False,False,False,False,False,False,,,,2020-01-21,3085.79
2020-01-21 00:00:00,2020-01-21,17.2963,0.0299163261742229,2020-02-21,2020-03-20,31,59,0.0301290507544097,0.0331576718960522,4128.927713981505,4140.684095741032,4100.0,4100.0,23,23,0.02996625,0.03014125,WARN,期限未夹住30日,HIST_CLEAN_SURFACE,3085.79,3052.142,-0.014098192155984846,-0.016960823910832423,3077.5088,3086.4,3095.787,3088.4444,False,False,False,False,False,False,False,False,False,,,,2020-01-22,3038.487
2020-01-22 00:00:00,2020-01-22,17.2484,0.0297507165452295,2020-02-21,2020-03-20,30,58,0.0297507165452295,0.0360625966039516,4143.052537610632,4158.453541207222,4100.0,4150.0,23,23,0.02996,0.030135,WARN,期限未夹住30日,HIST_CLEAN_SURFACE,3038.487,3060.755,0.0028219525828090397,-0.002001374029025449,3071.6521999999995,3085.7862,3052.142,3077.5088,False,False,False,False,False,False,False,False,False,,,,2020-01-23,3037.952
2020-01-23 00:00:00,2020-01-23,20.8014,0.0432696532888281,2020-02-21,2020-03-20,29,57,0.0431217979221606,0.0453007191151554,4007.3825831541058,4019.614621407133,4000.0,4000.0,23,23,0.02996,0.03012875,OK,正常双期限插值,HIST_CLEAN_SURFACE,3037.952,2976.528,-0.02751837373458521,-0.038241845731113555,3052.1416,3073.9508,3060.755,3071.6521999999995,False,False,False,False,False,False,False,False,False,,,,2020-02-03,2716.698
2020-02-03 00:00:00,2020-02-03,28.1771,0.0793950608940417,2020-02-21,2020-03-20,18,46,0.0984275359176741,0.06946507392519,3573.354897812266,3596.5333517215518,3550.0,3550.0,23,23,0.02996,0.03006,WARN,"正常双期限插值；期限质量 near=WARN, next=WARN",HIST_CLEAN_SURFACE,2716.698,2746.606,-0.07724503179543396,-0.1117892850317127,2986.3635999999997,3039.3823,2976.528,3052.1416,False,False,False,False,False,False,False,False,False,,,,2020-02-04,2685.269
2020-02-04 00:00:00,2020-02-04,27.2201,0.074093487064053,2020-02-21,2020-03-20,17,45,0.0842852291086296,0.069650932839494,3770.943001854023,3777.983872016911,3750.0,3750.0,28,28,0.02996,0.03005375,OK,正常双期限插值,HIST_CLEAN_SURFACE,2685.269,2783.288,0.013355392072980088,-0.10665207329637916,2923.8638,3006.1541,2746.606,2986.3635999999997,True,False,True,True,False,False,False,True,False,,,,2020-02-05,2792.371
2020-02-05 00:00:00,2020-02-05,25.2456,0.0637339959641518,2020-02-21,2020-03-20,16,44,0.0699020116523968,0.0614910811684264,3805.4070965603614,3806.4823009640822,3800.0,3800.0,28,28,0.02996,0.0300475,OK,正常双期限插值,HIST_CLEAN_SURFACE,2792.371,2818.088,0.012503197656872134,-0.09293489806297117,2877.053,2977.2809,2783.288,2923.8638,True,False,True,False,False,False,False,False,False,,,,2020-02-06,2826.885
2020-02-06 00:00:00,2020-02-06,25.1639,0.0633220033296005,2020-02-21,2020-03-20,15,43,0.0695069581051911,0.0614521332811662,3889.386940893756,3891.50132451546,3850.0,3850.0,28,28,0.02996,0.03004125,OK,正常双期限插值,HIST_CLEAN_SURFACE,2826.885,2866.51,0.01718257201336515,-0.07233826897921636,2838.204,2954.9281,2818.088,2877.053,True,True,True,False,False,True,False,False,False,,,,2020-02-07,2858.932
2020-02-07 00:00:00,2020-02-07,26.4647,0.0700378357172326,2020-02-21,2020-03-20,14,42,0.0730925437884186,0.069274158699436,3895.808546965464,3900.3737643909935,3850.0,3900.0,28,28,0.02996,0.030035,OK,正常双期限插值,HIST_CLEAN_SURFACE,2858.932,2875.964,0.0032980872210457424,-0.06444755359406606,2818.0912000000003,2935.1164,2866.51,2838.204,True,False,True,False,False,False,False,False,False,,,,2020-02-10,2860.499
2020-02-10 00:00:00,2020-02-10,25.218,0.063594868243708,2020-02-21,2020-03-20,11,39,0.0711444752155191,0.0625862163001057,3896.487079262361,3899.000439622695,3850.0,3850.0,28,28,0.02996,0.03001625,OK,正常双期限插值,HIST_CLEAN_SURFACE,2860.499,2890.488,0.005050132755486381,-0.06015550012095616,2846.8676000000005,2916.6156,2875.964,2818.0912000000003,True,False,True,False,False,False,False,False,False,,,,2020-02-11,2894.541
2020-02-11 00:00:00,2020-02-11,23.2444,0.0540303971616662,2020-02-21,2020-03-20,10,38,0.0552205652087096,0.053905116314609,3937.254060996195,3936.357442681857,3900.0,3900.0,28,28,0.02996,0.03001,OK,正常双期限插值,HIST_CLEAN_SURFACE,2894.541,2901.674,0.00386993476534081,-0.06270231123782088,2870.5448,2897.2043,2890.488,2846.8676000000005,False,False,False,False,False,False,False,False,False,,,,2020-02-12,2895.556
2020-02-12 00:00:00,2020-02-12,21.3955,0.0457768611550126,2020-02-21,2020-03-20,9,37,0.0451365992158633,0.0458287742852139,3965.81167640005,3962.237162493303,3950.0,3950.0,28,28,0.02996,0.03000375,OK,正常双期限插值,HIST_CLEAN_SURFACE,2895.556,2926.899,0.008693257753972228,-0.04103446038880232,2892.307,2884.68,2901.674,2870.5448,False,False,False,False,False,False,False,False,False,,,,2020-02-13,2927.144
2020-02-13 00:00:00,2020-02-13,22.1341,0.048991914610812,2020-02-21,2020-03-20,8,36,0.0498771314552321,0.0489382651050896,3952.168601461948,3948.8488850272615,3950.0,3900.0,28,28,0.02996,0.0299975,OK,正常双期限插值,HIST_CLEAN_SURFACE,2927.144,2906.074,-0.007115038817533392,-0.05053687733908796,2900.2198,2869.2119000000002,2926.899,2892.307,False,False,False,False,False,False,False,False,False,,,,2020-02-14,2899.866
2020-02-14 00:00:00,2020-02-14,21.3793,0.0457075515436257,2020-02-21,2020-03-20,7,35,0.0424089943512207,0.0458509670737302,3986.046157362168,3980.6377797164896,3950.0,3950.0,27,28,0.02996,0.02999125,OK,正常双期限插值,HIST_CLEAN_SURFACE,2899.866,2917.008,0.003762464410747901,-0.019996452242344143,2908.4285999999997,2863.2599,2906.074,2900.2198,False,False,False,False,False,False,False,False,False,,,,2020-02-17,2924.991
2020-02-17 00:00:00,2020-02-17,21.8576,0.0477753800250282,2020-03-20,2020-04-17,32,60,0.04748996716552,0.0454920771489624,4082.9552699140686,4084.9953434023055,4050.0,4050.0,28,28,0.0299725,0.0301475,WARN,期限未夹住30日,HIST_CLEAN_SURFACE,2924.991,2983.622,0.022836413201472228,0.08629413902103167,2927.0553999999997,2886.9615,2917.008,2908.4285999999997,False,False,False,False,False,False,False,False,False,,,,2020-02-18,2981.41
2020-02-18 00:00:00,2020-02-18,22.7216,0.0516272628995618,2020-03-20,2020-04-17,31,59,0.0513246855775424,0.0470168050606566,4054.492341348873,4054.037534583844,4050.0,4050.0,28,28,0.02996625,0.03014125,WARN,期限未夹住30日,HIST_CLEAN_SURFACE,2981.41,2984.972,0.00045247018556660024,0.07246249759277523,2943.715,2907.1299,2983.622,2927.0553999999997,False,False,False,False,False,False,False,False,False,,,,2020-02-19,2979.522
2020-02-19 00:00:00,2020-02-19,22.9563,0.0526992661504587,2020-03-20,2020-04-17,30,58,0.0526992661504587,0.0493263122570661,4055.7370818062486,4056.094215109132,4050.0,4050.0,28,28,0.02996,0.030135,WARN,期限未夹住30日,HIST_CLEAN_SURFACE,2979.522,2975.402,-0.0032060602243505487,0.05582295513837754,2953.4156,2922.8612999999996,2984.972,2943.715,False,False,False,False,False,False,False,False,False,,,,2020-02-20,2981.88
2020-02-20 00:00:00,2020-02-20,23.2599,0.0541022924045159,2020-03-20,2020-04-17,29,57,0.0542654634748639,0.0518608371749984,4143.46558645269,4148.505429594952,4100.0,4100.0,28,28,0.02996,0.03012875,OK,正常双期限插值,HIST_CLEAN_SURFACE,2981.88,3030.154,0.018401547085066028,0.05708823621756065,2978.2316,2939.2257,2975.402,2953.4156,False,False,False,False,False,False,False,False,False,,,,2020-02-21,3022.246
2020-02-21 00:00:00,2020-02-21,25.9477,0.0673284843830328,2020-03-20,2020-04-17,28,56,0.0677265909777641,0.0647407915172795,4161.942198369417,4176.924143764176,4150.0,4150.0,28,28,0.02996,0.0301225,OK,正常双期限插值,HIST_CLEAN_SURFACE,3022.246,3039.669,0.003140104430335855,0.05692178344374277,3002.7637999999997,2955.5962,3030.154,2978.2316,False,False,False,False,False,False,False,False,False,,,,2020-02-24,3027.893
2020-02-24 00:00:00,2020-02-24,27.2551,0.0742841640684828,2020-03-20,2020-04-17,25,53,0.0770029324886901,0.0683849495718067,4126.397862066685,4136.734864730874,4100.0,4100.0,28,28,0.02996,0.03010375,OK,正常双期限插值,HIST_CLEAN_SURFACE,3027.893,3031.233,-0.0027753021792832344,0.04869246992203413,3012.286,2969.6706999999997,3039.669,3002.7637999999997,False,False,False,False,False,False,False,False,False,,,,2020-02-25,2982.07
2020-02-25 00:00:00,2020-02-25,27.2059,0.0740163372021568,2020-03-20,2020-04-17,24,52,0.076028571606563,0.070611017440854,4121.134239798532,4127.632317084026,4100.0,4100.0,28,28,0.02996,0.0300975,OK,正常双期限插值,HIST_CLEAN_SURFACE,2982.07,3013.05,-0.005998549105265094,0.03838336077726168,3017.9016,2980.8082999999997,3031.233,3012.286,False,False,False,False,False,False,False,False,False,,,,2020-02-26,2978.42
2020-02-26 00:00:00,2020-02-26,27.8253,0.0774248548399634,2020-03-20,2020-04-17,23,51,0.0806585577008737,0.0730498450869671,4078.998427041537,4087.738770299714,4050.0,4050.0,28,28,0.02996,0.03009125,OK,正常双期限插值,HIST_CLEAN_SURFACE,2978.42,2987.929,-0.008337398981098865,0.020851419881588118,3020.407,2986.9112999999998,3013.05,3017.9016,False,False,False,False,False,False,False,False,False,,,,2020-02-27,2992.492
2020-02-27 00:00:00,2020-02-27,26.0383,0.0677990483507782,2020-03-20,2020-04-17,22,50,0.0707036472737831,0.0646039895354727,4078.742064758276,4086.951974315535,4050.0,4050.0,28,28,0.02996,0.030085,OK,正常双期限插值,HIST_CLEAN_SURFACE,2992.492,2991.329,0.00113791191156154,0.02933683037665258,3012.6420000000003,2995.4368,2987.929,3020.407,False,False,False,False,False,False,False,False,False,,,,2020-02-28,2924.641
2020-02-28 00:00:00,2020-02-28,29.0961,0.0846580501832604,2020-03-20,2020-04-17,21,49,0.0907673061836076,0.0791306280877082,3926.245200567423,3931.2860528980254,3900.0,3900.0,28,28,0.02996,0.03007875,OK,正常双期限插值,HIST_CLEAN_SURFACE,2924.641,2880.304,-0.03711560981757611,-0.01258275602946568,2980.7690000000002,2991.7664,2991.329,3012.6420000000003,False,False,False,False,False,False,False,False,False,,,,2020-03-02,2899.31
2020-03-02 00:00:00,2020-03-02,27.1943,0.0739527608180863,2020-03-20,2020-04-17,18,46,0.08159545104487,0.0699652702649817,4056.13523856994,4069.268168814015,4050.0,4050.0,28,28,0.02996,0.03006,OK,正常双期限插值,HIST_CLEAN_SURFACE,2899.31,2970.931,0.03146438709247357,-0.004253554907424517,2968.7086000000004,2990.4973,2880.304,2980.7690000000002,False,True,True,False,False,False,False,False,False,,,,2020-03-03,3006.889
2020-03-03 00:00:00,2020-03-03,26.358,0.0694742361397282,2020-03-20,2020-04-17,17,45,0.0753778575521902,0.0669008627035269,4078.4538953014726,4088.673354109094,4050.0,4050.0,28,28,0.02996,0.03005375,OK,正常双期限插值,HIST_CLEAN_SURFACE,3006.889,2992.897,0.0073936419257127906,0.0026549662777406446,2964.678,2991.2898,2970.931,2968.7086000000004,False,False,False,False,False,False,False,False,False,,,,2020-03-04,2981.806
2020-03-04 00:00:00,2020-03-04,26.5393,0.0704335269630241,2020-03-20,2020-04-17,16,44,0.0743584355579172,0.069006287473972,4105.538514344798,4108.611917969161,4100.0,4100.0,28,28,0.02996,0.0300475,OK,正常双期限插值,HIST_CLEAN_SURFACE,2981.806,3011.666,0.006271181400496095,0.01218793292469389,2969.4254,2994.9162000000006,2992.897,2964.678,False,False,False,False,False,False,False,False,False,,,,2020-03-05,3036.155
2020-03-05 00:00:00,2020-03-05,26.12,0.068225388013103,2020-03-20,2020-04-17,15,43,0.0731054201888896,0.0667500294483302,4193.114575177424,4199.82273119024,4150.0,4150.0,28,28,0.02996,0.03004125,OK,正常双期限插值,HIST_CLEAN_SURFACE,3036.155,3071.677,0.019926180393177617,0.013703263926519993,2985.495,2999.0685000000003,3011.666,2969.4254,False,False,False,False,False,False,False,False,False,,,,2020-03-06,3039.94
2020-03-06 00:00:00,2020-03-06,27.6018,0.076185772876732,2020-03-20,2020-04-17,14,42,0.0827925245992583,0.0745340849461004,4125.062124840426,4133.4559038643165,4100.0,4100.0,28,28,0.02996,0.030035,OK,正常双期限插值,HIST_CLEAN_SURFACE,3039.94,3034.511,-0.012099579480524869,-0.0016968952869539367,3016.3364,2998.5527,3071.677,2985.495,False,False,False,False,False,False,False,False,False,,,,2020-03-09,2987.181
2020-03-09 00:00:00,2020-03-09,32.823,0.1077351080519657,2020-03-20,2020-04-17,11,39,0.1380738027160238,0.1036817601818689,3976.05167807448,3979.070937503103,3950.0,3950.0,28,28,0.02996,0.03001625,OK,正常双期限插值,HIST_CLEAN_SURFACE,2987.181,2943.291,-0.03006085659270963,-0.02901195652066335,3010.8084000000003,2989.7585000000004,3034.511,3016.3364,False,False,False,False,False,False,False,False,False,,,,2020-03-10,2918.935
2020-03-10 00:00:00,2020-03-10,31.5278,0.0994004984640143,2020-03-20,2020-04-17,10,38,0.1253529647157757,0.0966686599111973,4073.7818588685327,4074.163431378569,4050.0,4050.0,28,28,0.02996,0.03001,OK,正常双期限插值,HIST_CLEAN_SURFACE,2918.935,2996.762,0.01816707896025238,-0.005405818024924902,3011.5814,2988.1297000000004,2943.291,3010.8084000000003,False,False,False,False,False,False,False,False,False,,,,2020-03-11,3001.762
2020-03-11 00:00:00,2020-03-11,31.6164,0.0999594899831233,2020-03-20,2020-04-17,9,37,0.1230282302323289,0.0980890515845391,4005.8918593622,4010.728896565252,4000.0,4000.0,28,28,0.02996,0.03000375,OK,正常双期限插值,HIST_CLEAN_SURFACE,3001.762,2968.517,-0.009425172903287038,-0.006496807655068215,3002.9516,2986.1885,2996.762,3011.5814,False,False,False,False,False,False,False,False,False,,,,2020-03-12,2936.016
2020-03-12 00:00:00,2020-03-12,33.8909,0.1148593626779498,2020-03-20,2020-04-17,8,36,0.1401126277521503,0.1133288617643619,3944.416321664549,3936.637221640207,3900.0,3900.0,28,28,0.02996,0.0299975,OK,正常双期限插值,HIST_CLEAN_SURFACE,2936.016,2923.486,-0.01516952741048816,-0.02267988576315083,2973.3134,2979.4042,2968.517,3002.9516,False,False,False,False,False,False,False,False,False,,,,2020-03-13,2804.232
2020-03-13 00:00:00,2020-03-13,39.5331,0.1562866078802703,2020-03-20,2020-04-17,7,35,0.2168678259835481,0.1536526418757799,3898.1414914229535,3893.0510382403095,3850.0,3850.0,28,28,0.02996,0.02999125,OK,正常双期限插值,HIST_CLEAN_SURFACE,2804.232,2887.427,-0.012334247538725918,0.002473002849699313,2943.8966,2980.1165,2923.486,2973.3134,False,False,False,False,False,False,False,False,False,,,,2020-03-16,2897.301
2020-03-16 00:00:00,2020-03-16,43.9699,0.1933351313435261,2020-04-17,2020-05-15,32,60,0.1815873093902568,0.0993525557173719,3696.3142168979302,3697.233498513604,3650.0,3650.0,28,24,0.0299725,0.0301475,WARN,期限未夹住30日,HIST_CLEAN_SURFACE,2897.301,2789.254,-0.03400016693062724,-0.061151538019563634,2913.0892,2961.9488,2887.427,2943.8966,False,False,False,False,False,False,False,False,False,,,,2020-03-17,2796.284
2020-03-17 00:00:00,2020-03-17,44.072,0.194233920693727,2020-04-17,2020-05-15,31,59,0.1900133377801622,0.1299236827395788,3686.2530464512815,3679.797291511752,3650.0,3650.0,28,27,0.02996625,0.03014125,WARN,期限未夹住30日,HIST_CLEAN_SURFACE,2796.284,2779.641,-0.0034464412348247375,-0.07125403914668627,2869.665,2940.6232,2789.254,2913.0892,False,False,False,False,False,False,False,False,False,,,,2020-03-18,2792.322
2020-03-18 00:00:00,2020-03-18,38.6573,0.1494385891450315,2020-04-17,2020-05-15,30,58,0.1494385891450315,0.1096829210720377,3588.605523894813,3596.7320660982205,3550.0,3550.0,28,28,0.02996,0.030135,WARN,期限未夹住30日,HIST_CLEAN_SURFACE,2792.322,2728.756,-0.018306320852225277,-0.09393803960997016,2821.7128000000002,2912.3322,2779.641,2869.665,False,False,False,False,False,False,False,False,False,,,,2020-03-19,2719.406
2020-03-19 00:00:00,2020-03-19,40.1626,0.1613035796447367,2020-04-17,2020-05-15,29,57,0.1645843460200924,0.1162362099622184,3576.2544102758347,3558.88158436957,3550.0,3550.0,29,29,0.02996,0.03012875,OK,正常双期限插值,HIST_CLEAN_SURFACE,2719.406,2702.13,-0.009757559855113396,-0.12030789695661359,2777.4415999999997,2875.3774999999996,2728.756,2821.7128000000002,False,False,False,False,False,False,False,False,False,,,,2020-03-20,2727.019
2020-03-20 00:00:00,2020-03-20,37.4062,0.1399224374983729,2020-04-17,2020-05-15,28,56,0.1441639040131741,0.1123529051521644,3634.844308940855,3622.560271447033,3600.0,3600.0,30,30,0.02996,0.0301225,OK,正常双期限插值,HIST_CLEAN_SURFACE,2727.019,2745.618,0.01609397031230908,-0.09520248896774475,2749.0798,2846.4882000000002,2702.13,2777.4415999999997,True,False,True,False,False,False,False,False,False,,,,2020-03-23,2677.591
2020-03-23 00:00:00,2020-03-23,39.3047,0.1544862069216494,2020-04-17,2020-05-15,25,53,0.1671872848175688,0.1269272643172959,3509.6522523606704,3497.589462161698,3500.0,3450.0,30,30,0.02996,0.03010375,OK,正常双期限插值,HIST_CLEAN_SURFACE,2677.591,2660.167,-0.031122683490565684,-0.0961930030024215,2723.2624000000005,2818.1758,2745.618,2749.0798,False,False,False,False,False,False,False,False,False,,,,2020-03-24,2703.019
2020-03-24 00:00:00,2020-03-24,38.8018,0.1505582176997575,2020-04-17,2020-05-15,24,52,0.1648130995619021,0.1264345714715127,3603.5127309895815,3598.632901143349,3600.0,3550.0,31,31,0.02996,0.0300975,OK,正常双期限插值,HIST_CLEAN_SURFACE,2703.019,2722.438,0.023408680733202125,-0.09154013565308161,2711.8218,2790.7434000000003,2660.167,2723.2624000000005,True,True,True,False,False,False,False,False,False,,,,2020-03-25,2775.303
2020-03-25 00:00:00,2020-03-25,37.5166,0.1407498130341523,2020-04-17,2020-05-15,23,51,0.1537214317796138,0.1231999759079397,3690.9715823627,3682.520942308567,3650.0,3650.0,31,31,0.02996,0.03009125,OK,正常双期限插值,HIST_CLEAN_SURFACE,2775.303,2781.591,0.02172795119668458,-0.06296948947909009,2722.3887999999997,2772.0508,2722.438,2711.8218,True,False,True,False,False,False,False,False,False,,,,2020-03-26,2761.896
2020-03-26 00:00:00,2020-03-26,36.2767,0.1316001005047277,2020-04-17,2020-05-15,22,50,0.1459769666945342,0.1157855476959406,3664.335250505184,3658.205581434305,3650.0,3650.0,31,31,0.02996,0.030085,OK,正常双期限插值,HIST_CLEAN_SURFACE,2761.896,2764.911,-0.005996568151104831,-0.05424175111493601,2734.9449999999997,2756.1933,2781.591,2722.3887999999997,False,False,False,False,False,False,False,False,False,,,,2020-03-27,2792.984
2020-03-27 00:00:00,2020-03-27,36.1236,0.1304914559087119,2020-04-17,2020-05-15,21,49,0.145753878861457,0.1166825970467044,3683.59953030784,3674.100102009139,3650.0,3650.0,31,31,0.02996,0.03007875,OK,正常双期限插值,HIST_CLEAN_SURFACE,2792.984,2772.203,0.0026373362469895856,-0.039905424448825944,2740.262,2744.6709,2764.911,2734.9449999999997,False,False,False,False,False,False,False,False,False,,,,2020-03-30,2739.719
2020-03-30 00:00:00,2020-03-30,34.8462,0.1214259924052815,2020-04-17,2020-05-15,18,46,0.1398136377230027,0.1118324383264705,3658.939378570035,3637.263123748256,3650.0,3600.0,31,31,0.02996,0.03006,OK,正常双期限插值,HIST_CLEAN_SURFACE,2739.719,2747.214,-0.009014130639062201,-0.015072130397590144,2757.6714,2740.4669,2772.203,2740.262,False,False,False,False,False,False,False,False,False,,,,2020-03-31,2767.307
2020-03-31 00:00:00,2020-03-31,32.5281,0.1058077448273264,2020-04-17,2020-05-15,17,45,0.1211391812250308,0.0991248110129424,3655.3205745853847,3645.377707100773,3650.0,3600.0,31,31,0.02996,0.03005375,OK,正常双期限插值,HIST_CLEAN_SURFACE,2767.307,2750.296,0.001121863822767244,-0.010557118707056112,2763.243,2737.5324,2747.214,2757.6714,False,False,False,False,False,False,False,False,False,,,,2020-04-01,2743.541
2020-04-01 00:00:00,2020-04-01,30.7366,0.0944739442462461,2020-04-17,2020-05-15,16,44,0.1065420143443151,0.0900855551196755,3645.4596636741353,3633.447955982512,3600.0,3600.0,31,31,0.02996,0.0300475,OK,正常双期限插值,HIST_CLEAN_SURFACE,2743.541,2734.522,-0.005735382664265876,0.002113050782114767,2753.8292,2738.1089999999995,2750.296,2763.243,False,False,False,False,False,False,False,False,False,,,,2020-04-02,2720.228
2020-04-02 00:00:00,2020-04-02,29.9981,0.0899888698610279,2020-04-17,2020-05-15,15,43,0.1004020457940542,0.0868407003929037,3725.705881778969,3704.7243630961366,3700.0,3700.0,31,31,0.02996,0.03004125,OK,正常双期限插值,HIST_CLEAN_SURFACE,2720.228,2780.638,0.016864373371287655,0.029054116567300614,2756.9746,2745.9598,2734.522,2753.8292,False,True,True,False,False,False,False,False,False,,,,2020-04-03,2773.576
2020-04-03 00:00:00,2020-04-03,31.086,0.0966341288692127,2020-04-17,2020-05-15,14,42,0.1134756429049722,0.0924237503602728,3696.021445183425,3685.550146316848,3650.0,3650.0,31,31,0.02996,0.030035,OK,正常双期限插值,HIST_CLEAN_SURFACE,2773.576,2763.987,-0.00598819407632345,0.0066902970478777135,2755.3314,2747.7967,2780.638,2756.9746,False,False,False,False,False,False,False,False,False,,,,2020-04-07,2806.968
2020-04-07 00:00:00,2020-04-07,29.2583,0.0856048794542501,2020-04-17,2020-05-15,10,38,0.1051493787832623,0.0835475637354067,3776.2215143627686,3767.16207062302,3750.0,3750.0,31,31,0.02996,0.03001,OK,正常双期限插值,HIST_CLEAN_SURFACE,2806.968,2820.763,0.02054134118575801,0.06037064590305796,2770.0411999999997,2763.8563000000004,2763.987,2755.3314,False,False,False,False,False,False,False,False,False,,,,2020-04-08,2805.917
2020-04-08 00:00:00,2020-04-08,27.3881,0.0750107105669506,2020-04-17,2020-05-15,9,37,0.0863706689046918,0.0740896328638904,3763.246705600203,3748.8351474215233,3750.0,3700.0,31,31,0.02996,0.03000375,OK,正常双期限插值,HIST_CLEAN_SURFACE,2805.917,2815.369,-0.0019122485653703114,0.03413521262926844,2783.0558,2773.1494,2820.763,2770.0411999999997,False,False,False,False,False,False,False,False,False,,,,2020-04-09,2825.839
2020-04-09 00:00:00,2020-04-09,25.6791,0.0659417702604145,2020-04-17,2020-05-15,8,36,0.0748261902080409,0.065403320566619,3777.2178669505233,3761.206671577774,3750.0,3750.0,31,31,0.02996,0.0299975,OK,正常双期限插值,HIST_CLEAN_SURFACE,2825.839,2825.904,0.003741960645300857,0.015930810820138586,2801.3322,2777.5806999999995,2815.369,2783.0558,False,False,False,False,False,False,False,False,False,,,,2020-04-10,2827.187
2020-04-10 00:00:00,2020-04-10,25.1471,0.0632378286357885,2020-04-17,2020-05-15,7,35,0.0669770127152211,0.0630752554149436,3762.825013622458,3746.595214181516,3750.0,3700.0,31,31,0.02996,0.02999125,OK,正常双期限插值,HIST_CLEAN_SURFACE,2827.187,2796.631,-0.010358809074901387,0.0114723403393453,2804.5308,2780.7527,2825.904,2801.3322,False,False,False,False,False,False,False,False,False,,,,2020-04-13,2784.598
2020-04-13 00:00:00,2020-04-13,22.5955,0.0510558378964952,2020-05-15,2020-06-19,32,67,0.0509514189037768,0.0501332103787442,3723.724687800244,3690.1455380628777,3700.0,3650.0,31,25,0.0299725,0.03019125,WARN,期限未夹住30日,HIST_CLEAN_SURFACE,2784.598,2783.048,-0.004856915338491197,0.003912051173741604,2808.343,2781.8372,2796.631,2804.5308,False,False,False,False,False,False,False,False,False,,,,2020-04-14,2794.801
2020-04-14 00:00:00,2020-04-14,21.6666,0.0469440591510713,2020-05-15,2020-06-19,31,66,0.0470833971023157,0.0493001372357481,3785.3441064251274,3743.736673028076,3750.0,3700.0,31,25,0.02996625,0.030185,WARN,期限未夹住30日,HIST_CLEAN_SURFACE,2794.801,2827.283,0.015894443789686852,0.0291455270685137,2809.647,2789.8441,2783.048,2808.343,False,False,False,False,False,False,False,False,False,,,,2020-04-15,2826.662
2020-04-15 00:00:00,2020-04-15,22.3588,0.0499915619964204,2020-05-15,2020-06-19,30,65,0.0499915619964204,0.0499975254153468,3764.339239770981,3732.4686798557264,3750.0,3700.0,30,26,0.02996,0.03017875,WARN,期限未夹住30日,HIST_CLEAN_SURFACE,2826.662,2811.174,-0.0056976963395598546,0.022135072006794987,2808.808,2795.9319,2827.283,2809.647,False,False,False,False,False,False,False,False,False,,,,2020-04-16,2798.43
2020-04-16 00:00:00,2020-04-16,22.2858,0.0496655976658182,2020-05-15,2020-06-19,29,64,0.0495598731148328,0.0512944165294375,3773.574928269012,3738.7629144146513,3750.0,3700.0,31,26,0.02996,0.0301725,OK,正常双期限插值,HIST_CLEAN_SURFACE,2798.43,2819.935,0.0031164915441022067,0.031235075088077657,2807.6142,2804.4732,2811.174,2808.808,False,False,False,False,False,False,False,False,False,,,,2020-04-17,2835.558
2020-04-17 00:00:00,2020-04-17,21.9356,0.0481172347979626,2020-05-15,2020-06-19,28,63,0.0480258450794622,0.0487874260669654,3799.829174071101,3761.055711146498,3750.0,3750.0,31,26,0.02996,0.03016625,OK,正常双期限插值,HIST_CLEAN_SURFACE,2835.558,2838.495,0.006581711989815275,0.020807095350059868,2815.987,2810.2589,2819.935,2807.6142,False,False,False,False,False,False,False,False,False,,,,2020-04-20,2840.409
2020-04-20 00:00:00,2020-04-20,22.8001,0.0519844525951126,2020-05-15,2020-06-19,25,60,0.0523533484900364,0.051062212857803,3806.983812667013,3770.654932838356,3800.0,3750.0,31,26,0.02996,0.0301475,OK,正常双期限插值,HIST_CLEAN_SURFACE,2840.409,2852.553,0.00495262454223111,0.03204284245909972,2829.888,2819.1155,2838.495,2815.987,False,False,False,False,False,False,False,False,False,,,,2020-04-21,2842.237
2020-04-21 00:00:00,2020-04-21,22.3123,0.0497839493625406,2020-05-15,2020-06-19,24,59,0.0501648977029978,0.0490349661846926,3760.9230953433303,3723.740484585216,3750.0,3700.0,30,26,0.02996,0.03014125,OK,正常双期限插值,HIST_CLEAN_SURFACE,2842.237,2827.013,-0.008953383162381146,0.0022157125572053182,2829.834,2819.7405,2852.553,2829.888,False,False,False,False,False,False,False,False,False,,,,2020-04-22,2814.066
2020-04-22 00:00:00,2020-04-22,22.5531,0.0508644188192852,2020-05-15,2020-06-19,23,58,0.0506437066277635,0.0512145140196301,3795.591685436169,3753.667143777502,3750.0,3750.0,31,26,0.02996,0.030135,OK,正常双期限插值,HIST_CLEAN_SURFACE,2814.066,2843.98,0.006001741060263965,0.010162433414589556,2836.3952,2822.6016,2827.013,2829.834,False,True,True,False,False,False,False,False,False,,,,2020-04-23,2850.51
2020-04-23 00:00:00,2020-04-23,21.8074,0.0475563473492286,2020-05-15,2020-06-19,22,57,0.0467185212828951,0.0486477260408999,3788.0883002282258,3742.498532898589,3750.0,3700.0,31,26,0.02996,0.03012875,OK,正常双期限插值,HIST_CLEAN_SURFACE,2850.51,2838.499,-0.0019272287428182544,0.004456980845775282,2840.108,2823.8611,2843.98,2836.3952,False,False,False,False,False,False,False,False,False,,,,2020-04-24,2834.939
2020-04-24 00:00:00,2020-04-24,21.046,0.0442935343939805,2020-05-15,2020-06-19,21,56,0.042169113855931,0.0465949899768675,3773.161322101507,3729.534400065215,3750.0,3700.0,31,26,0.02996,0.0301225,OK,正常双期限插值,HIST_CLEAN_SURFACE,2834.939,2808.529,-0.01055839723741303,0.004254404674767676,2834.1148000000003,2825.0508999999997,2838.499,2840.108,False,False,False,False,False,False,False,False,False,,,,2020-04-27,2812.242
2020-04-27 00:00:00,2020-04-27,20.7161,0.042915845501654,2020-05-15,2020-06-19,18,53,0.0414409762596691,0.0438759018950215,3795.3129357535154,3758.294767453119,3750.0,3750.0,30,26,0.02996,0.03010375,OK,正常双期限插值,HIST_CLEAN_SURFACE,2812.242,2815.495,0.002480301965904541,0.011658799991951296,2826.7032,2828.2956,2808.529,2834.1148000000003,False,False,False,False,False,False,False,False,False,,,,2020-04-28,2819.991
2020-04-28 00:00:00,2020-04-28,20.9275,0.0437959303869485,2020-05-15,2020-06-19,17,52,0.0413973080673811,0.0451229788300228,3816.02234194048,3777.393357523873,3800.0,3750.0,31,26,0.02996,0.0300975,OK,正常双期限插值,HIST_CLEAN_SURFACE,2819.991,2810.024,-0.001943175178787393,-0.006104447273230118,2823.3054,2826.5697,2815.495,2826.7032,False,False,False,False,False,False,False,False,False,,,,2020-04-29,2801.383
2020-04-29 00:00:00,2020-04-29,21.2689,0.0452367789131519,2020-05-15,2020-06-19,16,51,0.0444299229762949,0.0456164758246139,3837.7839670302974,3798.30278452586,3800.0,3750.0,29,26,0.02996,0.03009125,OK,正常双期限插值,HIST_CLEAN_SURFACE,2801.383,2822.442,0.004419179337970203,0.004008289775019325,2818.9978,2827.6964999999996,2810.024,2823.3054,False,False,False,False,False,False,False,False,False,,,,2020-04-30,2832.384
2020-04-30 00:00:00,2020-04-30,23.2945,0.054263418776324,2020-05-15,2020-06-19,15,50,0.0591734263409671,0.0522994157504667,3901.251877893916,3869.6908869572935,3900.0,3850.0,31,26,0.02996,0.030085,OK,正常双期限插值,HIST_CLEAN_SURFACE,2832.384,2860.082,0.013335969348528653,0.014236852977107528,2823.3144,2831.7112,2822.442,2818.9978,False,False,False,False,False,False,False,False,False,,,,2020-05-06,2831.633
2020-05-06 00:00:00,2020-05-06,22.7558,0.0517824163700521,2020-05-15,2020-06-19,9,44,0.0576361438597175,0.0509841808032796,3918.923529966888,3889.122231432561,3900.0,3850.0,29,27,0.02996,0.0300475,OK,正常双期限插值,HIST_CLEAN_SURFACE,2831.633,2878.14,0.006313804988808069,0.013966908520184118,2837.2366,2835.6757,2860.082,2823.3144,False,False,False,False,False,False,False,False,False,,,,2020-05-07,2876.473
2020-05-07 00:00:00,2020-05-07,20.6722,0.0427340001163539,2020-05-15,2020-06-19,8,43,0.0413847690965099,0.0428823299536306,3908.40551773472,3872.927557130887,3900.0,3850.0,31,27,0.02996,0.03004125,OK,正常双期限插值,HIST_CLEAN_SURFACE,2876.473,2871.523,-0.002299054250314292,0.006650183186780456,2848.4422,2837.5726999999997,2878.14,2837.2366,False,False,False,False,False,False,False,False,False,,,,2020-05-08,2882.708
2020-05-08 00:00:00,2020-05-08,20.0834,0.0403343706130293,2020-05-15,2020-06-19,7,42,0.0392978790870353,0.0404245003109418,3951.343330592369,3919.240884503824,3950.0,3900.0,30,27,0.02996,0.030035,OK,正常双期限插值,HIST_CLEAN_SURFACE,2882.708,2895.344,0.008295597841284863,0.0241707413443093,2865.5062000000003,2844.4057999999995,2871.523,2848.4422,False,False,False,False,False,False,False,False,False,,,,2020-05-11,2901.574
2020-05-11 00:00:00,2020-05-11,20.8747,0.0435753109414468,2020-06-19,2020-07-17,39,67,0.0411742872483638,0.0378295776261586,3916.07824250206,3892.311628922261,3900.0,3850.0,27,21,0.03001625,0.03019125,WARN,期限未夹住30日,HIST_CLEAN_SURFACE,2901.574,2894.802,-0.0001871970998955641,0.017870027215381334,2879.9782,2849.488,2895.344,2865.5062000000003,False,False,False,False,False,False,False,False,False,,,,2020-05-12,2894.617
2020-05-12 00:00:00,2020-05-12,20.5812,0.0423584626654162,2020-06-19,2020-07-17,38,66,0.0401218551848935,0.0365636160113345,3907.0660696164377,3880.630243020457,3900.0,3850.0,27,21,0.03001,0.030185,WARN,期限未夹住30日,HIST_CLEAN_SURFACE,2894.617,2891.556,-0.001121320214646837,0.01869192132884323,2886.273,2854.7936999999997,2894.802,2879.9782,False,False,False,False,False,False,False,False,False,,,,2020-05-13,2882.955
2020-05-13 00:00:00,2020-05-13,20.1269,0.040509258830111,2020-06-19,2020-07-17,37,65,0.0396360268256099,0.0380239062019155,3917.773423280665,3893.633872417937,3900.0,3850.0,27,21,0.03000375,0.03017875,WARN,期限未夹住30日,HIST_CLEAN_SURFACE,2882.955,2898.05,0.002245849639432862,0.031874693122271536,2890.255,2863.7458,2891.556,2886.273,False,False,False,False,False,False,False,False,False,,,,2020-05-14,2887.058
2020-05-14 00:00:00,2020-05-14,19.487,0.0379743077572049,2020-06-19,2020-07-17,36,64,0.0370170179172242,0.0349229463922663,3879.635265271284,3858.330196441907,3850.0,3850.0,27,21,0.0299975,0.0301725,WARN,期限未夹住30日,HIST_CLEAN_SURFACE,2887.058,2870.342,-0.00956091164748718,0.019480411082243076,2890.0188000000003,2869.2305,2898.05,2890.255,False,False,False,False,True,False,True,False,True,AVIX<20,AVIX<20,AVIX<20,2020-05-15,2880.707
2020-05-15 00:00:00,2020-05-15,19.2815,0.037177471245001,2020-06-19,2020-07-17,35,63,0.036452777995124,0.0345202626621186,3864.4788282847912,3841.920503643026,3850.0,3800.0,27,21,0.02999125,0.03016625,WARN,期限未夹住30日,HIST_CLEAN_SURFACE,2880.707,2868.459,-0.0006560193872369169,0.02079519605526503,2884.6418,2875.074,2870.342,2890.0188000000003,False,False,False,False,False,False,False,False,False,,,,2020-05-18,2872.524
2020-05-18 00:00:00,2020-05-18,18.7457,0.0351401133022336,2020-06-19,2020-07-17,32,60,0.0348795676616999,0.0330557481779634,3883.281905222172,3844.371567503973,3850.0,3800.0,27,21,0.0299725,0.0301475,WARN,期限未夹住30日,HIST_CLEAN_SURFACE,2872.524,2875.418,0.0024260412995271707,0.01876956196088364,2880.7650000000003,2880.3716,2868.459,2884.6418,False,False,False,False,False,False,False,False,False,,,,2020-05-19,2897.687
2020-05-19 00:00:00,2020-05-19,17.8892,0.0320021829332476,2020-06-19,2020-07-17,31,59,0.0319177683480098,0.0307159335751318,3912.4983239086578,3872.7247119208782,3900.0,3850.0,27,21,0.02996625,0.03014125,WARN,期限未夹住30日,HIST_CLEAN_SURFACE,2897.687,2898.576,0.008053785571349836,0.01345905467046049,2882.169,2884.221,2875.418,2880.7650000000003,False,False,False,False,False,False,False,False,False,,,,2020-05-20,2896.466
2020-05-20 00:00:00,2020-05-20,17.0701,0.0291389175413765,2020-06-19,2020-07-17,30,58,0.0291389175413765,0.0274647492441812,3898.642605211057,3854.661123203725,3850.0,3850.0,27,21,0.02996,0.030135,WARN,期限未夹住30日,HIST_CLEAN_SURFACE,2896.466,2883.738,-0.005119065361750108,0.001945006149804973,2879.3066,2884.7808,2898.576,2882.169,False,False,False,False,False,False,False,False,False,,,,2020-05-21,2890.721
2020-05-21 00:00:00,2020-05-21,18.5848,0.0345395035198734,2020-06-19,2020-07-17,29,57,0.0348447137892731,0.0303468782402245,3873.37445162523,3832.483076484608,3850.0,3800.0,27,21,0.02996,0.03012875,OK,正常双期限插值,HIST_CLEAN_SURFACE,2890.721,2867.924,-0.0054838546358926266,-0.001253341867712754,2878.823,2884.4209,2883.738,2879.3066,False,False,False,False,False,False,False,False,False,,,,2020-05-22,2863.046
2020-05-22 00:00:00,2020-05-22,21.4888,0.0461766975723528,2020-06-19,2020-07-17,28,56,0.0476285777324456,0.0367394765317496,3783.762724699277,3747.8302976684326,3750.0,3700.0,27,21,0.02996,0.0301225,OK,正常双期限插值,HIST_CLEAN_SURFACE,2863.046,2813.765,-0.018884391636598497,-0.02817592659110635,2867.8841999999995,2876.263,2867.924,2878.823,False,False,False,False,False,False,False,False,False,,,,2020-05-25,2816.241
2020-05-25 00:00:00,2020-05-25,19.9168,0.0396677181149509,2020-06-19,2020-07-17,25,53,0.0418830992883676,0.0348607589650844,3795.195145361488,3751.570643650961,3750.0,3750.0,27,21,0.02996,0.03010375,OK,正常双期限插值,HIST_CLEAN_SURFACE,2816.241,2817.97,0.0014944389456830187,-0.02654136621433878,2856.3945999999996,2868.5798000000004,2813.765,2867.8841999999995,False,False,False,False,False,False,False,False,False,,,,2020-05-26,2827.897
2020-05-26 00:00:00,2020-05-26,19.0352,0.0362339179767697,2020-06-19,2020-07-17,24,52,0.0374416817677828,0.0341900100227477,3829.625311738056,3789.1535916542416,3800.0,3750.0,27,21,0.02996,0.0300975,OK,正常双期限插值,HIST_CLEAN_SURFACE,2827.897,2846.547,0.010140988016196228,-0.015565667758120516,2845.9888,2864.0789,2817.97,2856.3945999999996,False,False,False,False,False,False,False,False,False,,,,2020-05-27,2847.32
2020-05-27 00:00:00,2020-05-27,20.2519,0.0410138272708575,2020-06-19,2020-07-17,23,51,0.0435399340759114,0.0375961533581375,3808.937455703398,3766.192011399858,3800.0,3750.0,27,21,0.02996,0.03009125,OK,正常双期限插值,HIST_CLEAN_SURFACE,2847.32,2836.804,-0.0034227434150919667,-0.021133520815720952,2836.602,2857.9543,2846.547,2845.9888,False,False,False,False,False,False,False,False,False,,,,2020-05-28,2838.207
2020-05-28 00:00:00,2020-05-28,20.5682,0.0423049234302981,2020-06-19,2020-07-17,22,50,0.0450232326735596,0.0393147832627105,3815.7518151610193,3776.950274286609,3800.0,3750.0,27,21,0.02996,0.030085,OK,正常双期限插值,HIST_CLEAN_SURFACE,2838.207,2846.222,0.003319933277025955,-0.008403179830138718,2832.2616000000003,2855.5423,2836.804,2836.602,False,False,False,False,False,False,False,False,False,,,,2020-05-29,2835.584
2020-05-29 00:00:00,2020-05-29,20.6663,0.0427097437469565,2020-06-19,2020-07-17,21,49,0.0461482498893452,0.0395987143800334,3818.6162614457926,3776.912928592315,3800.0,3750.0,27,21,0.02996,0.03007875,OK,正常双期限插值,HIST_CLEAN_SURFACE,2835.584,2852.351,0.0021533808676905686,-0.00561555873728703,2839.9788,2853.9314999999997,2846.222,2832.2616000000003,False,False,False,False,False,False,False,False,False,,,,2020-06-01,2871.964
2020-06-01 00:00:00,2020-06-01,19.4644,0.0378862643359314,2020-06-19,2020-07-17,18,46,0.0400414373401314,0.0367618262467835,3937.529227145829,3895.7840586120574,3900.0,3850.0,27,21,0.02996,0.03006,OK,正常双期限插值,HIST_CLEAN_SURFACE,2871.964,2915.431,0.022115090323736375,0.01391554201858658,2859.471,2857.9328,2852.351,2839.9788,False,False,False,False,False,False,False,False,False,,,,2020-06-02,2916.317
2020-06-02 00:00:00,2020-06-02,18.9558,0.0359321254404628,2020-06-19,2020-07-17,17,45,0.0385528369574423,0.0347897640099846,3951.392873231018,3906.7979168016086,3950.0,3900.0,27,21,0.02996,0.03005375,OK,正常双期限插值,HIST_CLEAN_SURFACE,2916.317,2921.398,0.002046695668667997,0.007873521342893985,2874.4412,2860.215,2915.431,2859.471,False,False,False,False,False,False,False,False,False,,,,2020-06-03,2930.391
2020-06-03 00:00:00,2020-06-03,19.326,0.0373494742711071,2020-06-19,2020-07-17,16,44,0.0405756181644715,0.0361763310371564,3954.704748317437,3907.809014983282,3950.0,3900.0,27,21,0.02996,0.0300475,OK,正常双期限插值,HIST_CLEAN_SURFACE,2930.391,2923.371,0.000675361590581014,0.013743620259538236,2891.7546,2864.1783,2921.398,2874.4412,False,False,False,False,False,False,False,False,False,,,,2020-06-04,2931.838
2020-06-04 00:00:00,2020-06-04,19.4615,0.0378751466341187,2020-06-19,2020-07-17,15,43,0.0415669436016262,0.0367590219695234,3950.647079593573,3904.32183859334,3950.0,3900.0,27,21,0.02996,0.03004125,OK,正常双期限插值,HIST_CLEAN_SURFACE,2931.838,2919.251,-0.0014093318980039626,0.017896917770484855,2906.3604,2869.311,2923.371,2891.7546,False,False,False,False,False,False,False,False,False,,,,2020-06-05,2923.189
2020-06-05 00:00:00,2020-06-05,19.1483,0.0366657046081209,2020-06-19,2020-07-17,14,42,0.0391381116300549,0.0360476028526375,3976.6634631379648,3926.7009571823446,3950.0,3900.0,27,21,0.02996,0.030035,OK,正常双期限插值,HIST_CLEAN_SURFACE,2923.189,2930.799,0.003955809212705441,0.041593381110362815,2922.05,2881.0144,2919.251,2906.3604,False,False,False,False,False,False,False,False,False,,,,2020-06-08,2941.982
2020-06-08 00:00:00,2020-06-08,18.6097,0.0346320875859936,2020-06-19,2020-07-17,11,39,0.0361314246825435,0.034431771293742,3988.034325850309,3934.1983946058735,3950.0,3900.0,28,22,0.02996,0.03001625,OK,正常双期限插值,HIST_CLEAN_SURFACE,2941.982,2937.771,0.002378873474434773,0.04251322760710741,2926.518,2892.9945,2930.799,2922.05,False,False,False,False,False,False,False,False,False,,,,2020-06-09,2939.535
2020-06-09 00:00:00,2020-06-09,19.1412,0.0366386000354021,2020-06-19,2020-07-17,10,38,0.0380078007207487,0.0364944736474708,4016.011899661181,3960.005937901989,4000.0,3950.0,28,22,0.02996,0.03001,OK,正常双期限插值,HIST_CLEAN_SURFACE,2939.535,2956.112,0.006243168715328595,0.038490493921231606,2933.4608,2903.951,2937.771,2926.518,False,False,False,False,False,False,False,False,False,,,,2020-06-10,2951.278
2020-06-10 00:00:00,2020-06-10,19.2056,0.0368855274845857,2020-06-19,2020-07-17,9,37,0.0401880679949683,0.0366177539296899,4011.7219260812913,3954.96692660926,4000.0,3950.0,28,23,0.02996,0.03000375,OK,正常双期限插值,HIST_CLEAN_SURFACE,2951.278,2943.753,-0.004180829413770515,0.037700524956958636,2937.5372,2914.6459000000004,2956.112,2933.4608,False,False,False,False,False,False,False,False,False,,,,2020-06-11,2939.791
2020-06-11 00:00:00,2020-06-11,20.0848,0.0403400035422167,2020-06-19,2020-07-17,8,36,0.0397093432980884,0.0403782253751942,3966.6609513588814,3903.978319026839,3950.0,3900.0,28,23,0.02996,0.0299975,OK,正常双期限插值,HIST_CLEAN_SURFACE,2939.791,2920.897,-0.007764238371901544,0.026236533903539305,2937.8664,2922.1133999999997,2943.753,2937.5372,False,False,False,False,False,False,False,False,False,,,,2020-06-12,2876.803
2020-06-12 00:00:00,2020-06-12,19.5258,0.0381255408929428,2020-06-19,2020-07-17,7,35,0.0382350058834919,0.0381207815455276,3981.735859682725,3923.4194372400407,3950.0,3900.0,28,23,0.02996,0.02999125,OK,正常双期限插值,HIST_CLEAN_SURFACE,2876.803,2919.741,-0.00039576883402592244,0.023626124554797068,2935.6548,2928.8524,2920.897,2937.8664,False,False,False,False,False,False,False,False,False,,,,2020-06-15,2908.277
2020-06-15 00:00:00,2020-06-15,20.162,0.0406504317469966,2020-07-17,2020-08-21,32,67,0.0403683193326238,0.0381577369811946,3868.6628249705655,3842.733775771793,3850.0,3800.0,23,22,0.0299725,0.03019125,WARN,期限未夹住30日,HIST_CLEAN_SURFACE,2908.277,2890.031,-0.010175560092487657,-0.008712262440784935,2926.1068,2926.3124,2919.741,2935.6548,False,False,False,False,False,False,False,False,False,,,,2020-06-16,2912.825
2020-06-16 00:00:00,2020-06-16,18.9184,0.0357906060555738,2020-07-17,2020-08-21,31,66,0.0357957250744488,0.0358771640110968,3943.980214690183,3899.313147678679,3900.0,3850.0,23,22,0.02996625,0.030185,WARN,期限未夹住30日,HIST_CLEAN_SURFACE,2912.825,2931.749,0.014435139277052755,0.003543166661988506,2921.2342,2927.3475,2890.031,2926.1068,False,False,False,False,False,False,False,False,False,,,,2020-06-17,2932.671
2020-06-17 00:00:00,2020-06-17,19.4933,0.0379990326776265,2020-07-17,2020-08-21,30,65,0.0379990326776265,0.0372676522484697,3945.388658699482,3908.585809171488,3900.0,3900.0,22,22,0.02996,0.03017875,WARN,期限未夹住30日,HIST_CLEAN_SURFACE,2932.671,2935.873,0.0014066688519378534,0.004276569754574355,2919.6582,2928.5977,2931.749,2921.2342,False,False,False,False,False,False,False,False,False,,,,2020-06-18,2929.88
2020-06-18 00:00:00,2020-06-18,19.1149,0.0365378431434265,2020-07-17,2020-08-21,29,64,0.0365342779557574,0.0365927693159534,3991.899618551018,3949.5372981004657,3950.0,3900.0,23,22,0.02996,0.0301725,OK,正常双期限插值,HIST_CLEAN_SURFACE,2929.88,2939.315,0.0011723940374805952,0.006872995847222452,2923.3417999999997,2930.6041,2935.873,2919.6582,False,False,False,False,False,False,False,False,False,,,,2020-06-19,2938.789
2020-06-19 00:00:00,2020-06-19,20.2807,0.0411307408142062,2020-07-17,2020-08-21,28,63,0.0412327212041478,0.040382884621301,4051.856770440789,4028.266857082859,4050.0,4000.0,23,22,0.02996,0.03016625,OK,正常双期限插值,HIST_CLEAN_SURFACE,2938.789,2967.634,0.00963455771157573,0.01256824504171039,2932.9204,2934.2876,2939.315,2923.3417999999997,False,False,False,False,False,False,False,False,False,,,,2020-06-22,2966.901
2020-06-22 00:00:00,2020-06-22,21.4392,0.0459638007886899,2020-07-17,2020-08-21,25,60,0.0473307838262261,0.0425463431948492,4053.162781315458,4036.342381314173,4050.0,4000.0,24,23,0.02996,0.0301475,OK,正常双期限插值,HIST_CLEAN_SURFACE,2966.901,2965.272,-0.0007959202516213404,0.009361178934641279,2947.9686,2937.0377,2967.634,2932.9204,False,False,False,False,False,False,False,False,False,,,,2020-06-23,2960.888
2020-06-23 00:00:00,2020-06-23,22.1369,0.0490040259520074,2020-07-17,2020-08-21,24,59,0.0506981868350642,0.0456731333683705,4076.149865484792,4048.1479837698025,4050.0,4000.0,24,23,0.02996,0.03014125,OK,正常双期限插值,HIST_CLEAN_SURFACE,2960.888,2970.62,0.0018035444977728687,0.004907797810096426,2955.7428,2938.4885,2965.272,2947.9686,False,False,False,False,False,False,False,False,False,,,,2020-06-24,2972.983
2020-06-24 00:00:00,2020-06-24,22.2693,0.0495920652861631,2020-07-17,2020-08-21,23,58,0.0516037636714113,0.0464010954337003,4104.419725138746,4076.630820526069,4100.0,4050.0,24,23,0.02996,0.030135,OK,正常双期限插值,HIST_CLEAN_SURFACE,2972.983,2979.551,0.0030064430994203306,0.012160667012483639,2964.4784,2942.0683,2970.62,2955.7428,False,False,False,False,False,False,False,False,False,,,,2020-06-29,2973.076
2020-06-29 00:00:00,2020-06-29,20.8997,0.0436796126883577,2020-07-17,2020-08-21,18,53,0.0458878194930021,0.0422421950513722,4077.03992142949,4043.978229334749,4050.0,4000.0,25,24,0.02996,0.03010375,OK,正常双期限插值,HIST_CLEAN_SURFACE,2973.076,2961.516,-0.006052925423998379,0.013906344523617387,2968.9186,2946.1302000000005,2979.551,2964.4784,False,False,False,False,False,False,False,False,False,,,,2020-06-30,2965.105
2020-06-30 00:00:00,2020-06-30,19.4421,0.0377994730215892,2020-07-17,2020-08-21,17,52,0.038794214781026,0.0372491277286463,4123.563135798209,4094.426560923264,4100.0,4050.0,25,24,0.02996,0.0300975,OK,正常双期限插值,HIST_CLEAN_SURFACE,2965.105,2984.674,0.007819643723012026,0.022239301362689368,2972.3265999999994,2952.6235,2961.516,2968.9186,False,False,False,False,False,False,False,False,False,,,,2020-07-01,2991.181
2020-07-01 00:00:00,2020-07-01,20.3765,0.0415200597462005,2020-07-17,2020-08-21,16,51,0.0448909973031794,0.0399337361899751,4220.301740346477,4181.933985555956,4200.0,4150.0,25,24,0.02996,0.03009125,OK,正常双期限插值,HIST_CLEAN_SURFACE,2991.181,3025.981,0.013839702426462708,0.04704101789911608,2984.4684,2966.2185,2984.674,2972.3265999999994,False,False,False,False,False,False,False,False,False,,,,2020-07-02,3023.719
2020-07-02 00:00:00,2020-07-02,23.0621,0.0531861426916011,2020-07-17,2020-08-21,15,50,0.0597301763996362,0.050568529208387,4324.657649259961,4301.654706898053,4300.0,4300.0,27,26,0.02996,0.030085,OK,正常双期限插值,HIST_CLEAN_SURFACE,3023.719,3090.569,0.021344482995762304,0.05417244109233099,3008.4582,2982.1005,3025.981,2984.4684,False,False,False,False,False,False,False,False,False,,,,2020-07-03,3103.995
2020-07-03 00:00:00,2020-07-03,24.9711,0.0623557437173394,2020-07-17,2020-08-21,14,49,0.0716438424987992,0.0592044244879155,4414.416557281446,4396.556541482,4400.0,4350.0,29,28,0.02996,0.03007875,OK,正常双期限插值,HIST_CLEAN_SURFACE,3103.995,3152.813,0.020139980696111337,0.0738928420950089,3043.1106,3003.7945,3090.569,3008.4582,False,False,False,False,False,False,False,False,False,,,,2020-07-06,3187.839
2020-07-06 00:00:00,2020-07-06,31.3119,0.0980433974167357,2020-07-17,2020-08-21,11,46,0.1506248632307406,0.0874549100216958,4746.699331212116,4751.59140295708,4700.0,4750.0,31,30,0.02996,0.03006,OK,正常双期限插值,HIST_CLEAN_SURFACE,3187.839,3332.881,0.057113441234859064,0.1338971835274545,3117.3836,3043.1511,3152.813,3043.1106,False,False,False,False,False,False,False,False,False,,,,2020-07-07,3380.954
2020-07-07 00:00:00,2020-07-07,32.2218,0.1038246806845571,2020-07-17,2020-08-21,10,45,0.1403226856529727,0.0977416798564879,4714.148554042623,4728.851127148561,4700.0,4700.0,35,34,0.02996,0.03005375,OK,正常双期限插值,HIST_CLEAN_SURFACE,3380.954,3345.337,0.0037373071525805823,0.12727411803477118,3189.5161999999996,3080.9214,3332.881,3117.3836,False,False,False,False,False,False,False,False,False,,,,2020-07-08,3337.552
2020-07-08 00:00:00,2020-07-08,32.3663,0.1047574811702345,2020-07-17,2020-08-21,9,44,0.1412830074407805,0.0997767275878873,4766.011824202582,4763.712836699251,4750.0,4750.0,35,34,0.02996,0.0300475,OK,正常双期限插值,HIST_CLEAN_SURFACE,3337.552,3403.44,0.01736835481746679,0.14776654553106772,3265.008,3124.7382000000002,3345.337,3189.5161999999996,False,False,False,False,False,False,False,False,False,,,,2020-07-09,3403.483
2020-07-09 00:00:00,2020-07-09,32.1912,0.1036271746268206,2020-07-17,2020-08-21,8,43,0.1417660392190166,0.09943431847715,4830.848050637969,4817.267215304651,4800.0,4800.0,36,35,0.02996,0.03004125,OK,正常双期限插值,HIST_CLEAN_SURFACE,3403.483,3450.594,0.013854805725971309,0.1615736782220547,3337.013,3172.7356,3403.44,3265.008,False,False,False,False,False,False,False,False,False,,,,2020-07-10,3418.935
2020-07-10 00:00:00,2020-07-10,31.8415,0.1013881118352577,2020-07-17,2020-08-21,7,42,0.1149922036258927,0.1002051473317242,4748.836378626499,4744.024393260411,4700.0,4700.0,36,35,0.02996,0.030035,OK,正常双期限插值,HIST_CLEAN_SURFACE,3418.935,3383.322,-0.019495773771124658,0.13551404221642804,3383.1148000000003,3213.1127,3450.594,3337.013,False,False,False,False,False,False,False,False,False,,,,2020-07-13,3379.387
2020-07-13 00:00:00,2020-07-13,29.1387,0.0849064903664925,2020-08-21,2020-09-18,39,67,0.082797424818731,0.0798594230606553,4828.330612929551,4809.802956474136,4800.0,4800.0,35,34,0.03001625,0.03019125,WARN,期限未夹住30日,HIST_CLEAN_SURFACE,3379.387,3443.286,0.017723409122749834,0.1626768182241798,3405.1958,3261.2897,3383.322,3383.1148000000003,False,False,False,False,False,False,False,False,False,,,,2020-07-14,3435.024
2020-07-14 00:00:00,2020-07-14,30.6724,0.0940796664800124,2020-08-21,2020-09-18,38,66,0.0894118296197668,0.0819857255239215,4781.5769721198085,4763.613045158036,4750.0,4750.0,35,35,0.03001,0.030185,WARN,期限未夹住30日,HIST_CLEAN_SURFACE,3435.024,3414.619,-0.008325477465421116,0.14405090807237242,3419.0522000000005,3304.2841999999996,3443.286,3405.1958,False,False,False,False,False,False,False,False,False,,,,2020-07-15,3422.078
2020-07-15 00:00:00,2020-07-15,30.7378,0.0944811064988973,2020-08-21,2020-09-18,37,65,0.0903427205497535,0.0827026234128727,4731.429882040925,4716.0600583496425,4700.0,4700.0,35,35,0.03000375,0.03017875,WARN,期限未夹住30日,HIST_CLEAN_SURFACE,3422.078,3361.304,-0.015613747829552937,0.11081464159887311,3410.625,3337.8165,3414.619,3419.0522000000005,False,False,False,False,False,False,False,False,False,,,,2020-07-16,3356.359
2020-07-16 00:00:00,2020-07-16,35.0939,0.1231579776146422,2020-08-21,2020-09-18,36,64,0.1125385052588395,0.0893084094805211,4496.722467142526,4477.618073115362,4450.0,4450.0,35,36,0.0299975,0.0301725,WARN,期限未夹住30日,HIST_CLEAN_SURFACE,3356.359,3210.099,-0.04498403000740192,0.03867572605562275,3362.5260000000003,3349.7695,3361.304,3410.625,False,False,False,False,False,False,False,False,False,,,,2020-07-17,3214.402
2020-07-17 00:00:00,2020-07-17,28.6735,0.0822169449839992,2020-08-21,2020-09-18,35,63,0.0806995829935853,0.0766532843524815,4528.704207987765,4508.137255152919,4500.0,4500.0,35,36,0.02999125,0.03016625,WARN,期限未夹住30日,HIST_CLEAN_SURFACE,3214.402,3214.129,0.0012554129950508308,0.0194480294264201,3328.6874,3355.9011,3210.099,3362.5260000000003,False,False,False,False,False,False,False,False,False,,,,2020-07-20,3243.911
2020-07-20 00:00:00,2020-07-20,29.447,0.0867128638066356,2020-08-21,2020-09-18,32,60,0.0857140635062388,0.0787224614034614,4648.5273491858325,4627.158045021578,4600.0,4600.0,35,35,0.0299725,0.0301475,WARN,期限未夹住30日,HIST_CLEAN_SURFACE,3243.911,3314.149,0.031118850550180044,-0.005620362683216085,3302.8599999999997,3354.0279,3214.129,3328.6874,False,True,True,False,False,True,False,True,False,,,,2020-07-21,3330.547
2020-07-21 00:00:00,2020-07-21,28.2807,0.0799797487112003,2020-08-21,2020-09-18,31,59,0.0796979494862447,0.0756858927241648,4660.475565289828,4639.1446381229,4650.0,4600.0,35,35,0.02996625,0.03014125,WARN,期限未夹住30日,HIST_CLEAN_SURFACE,3330.547,3320.895,0.0020355149994764066,-0.0073062893215242175,3284.1152,3351.5837,3314.149,3302.8599999999997,False,False,False,False,False,False,False,False,False,,,,2020-07-22,3315.182
2020-07-22 00:00:00,2020-07-22,27.7107,0.0767884651826891,2020-08-21,2020-09-18,30,58,0.0767884651826891,0.0744671036153103,4681.230866692291,4649.327922619676,4650.0,4600.0,35,35,0.02996,0.030135,WARN,期限未夹住30日,HIST_CLEAN_SURFACE,3315.182,3333.164,0.003694485974413686,-0.020648520320616703,3278.4872000000005,3344.5561000000002,3320.895,3284.1152,False,False,False,False,False,False,False,False,False,,,,2020-07-23,3306.149
2020-07-23 00:00:00,2020-07-23,28.4495,0.0809374075138472,2020-08-21,2020-09-18,29,57,0.0812396109309791,0.0767860868890348,4686.900174744722,4664.577902098019,4650.0,4650.0,35,35,0.02996,0.03012875,OK,正常双期限插值,HIST_CLEAN_SURFACE,3306.149,3325.11,-0.0024163227491956762,-0.03636591265156086,3301.4894,3332.0077000000006,3333.164,3278.4872000000005,False,False,False,False,False,False,False,False,False,,,,2020-07-24,3310.645
2020-07-24 00:00:00,2020-07-24,32.5618,0.1060271986414622,2020-08-21,2020-09-18,28,56,0.1082227969453875,0.0917558096659475,4469.7897799964285,4443.17099733915,4450.0,4400.0,35,36,0.02996,0.0301225,OK,正常双期限插值,HIST_CLEAN_SURFACE,3310.645,3196.768,-0.038597820823972784,-0.05513929800355988,3298.0172,3313.3523,3325.11,3301.4894,False,False,False,False,False,False,False,False,False,,,,2020-07-27,3210.386
2020-07-27 00:00:00,2020-07-27,31.2158,0.097442630128502,2020-08-21,2020-09-18,25,53,0.1007040021819682,0.0903660681256981,4500.328205320733,4463.927365383551,4500.0,4450.0,35,36,0.02996,0.03010375,OK,正常双期限插值,HIST_CLEAN_SURFACE,3210.386,3205.227,0.002646110071171881,-0.06913715561240052,3276.2328,3289.5464,3196.768,3298.0172,True,False,True,True,False,False,False,False,False,,,,2020-07-28,3226.133
2020-07-28 00:00:00,2020-07-28,30.6652,0.094035343307578,2020-08-21,2020-09-18,24,52,0.0980092514918624,0.087310267918789,4531.57072478471,4504.205404823619,4500.0,4500.0,35,36,0.02996,0.0300975,OK,正常双期限插值,HIST_CLEAN_SURFACE,3226.133,3227.96,0.007092477381477336,-0.05466466390540203,3257.6458,3270.8805,3205.227,3276.2328,True,False,True,False,False,False,False,False,False,,,,2020-07-29,3221.988
2020-07-29 00:00:00,2020-07-29,30.9624,0.0958670616741264,2020-08-21,2020-09-18,23,51,0.1007049164170045,0.0893217287867031,4674.417505110095,4656.264886200464,4650.0,4650.0,35,35,0.02996,0.03009125,OK,正常双期限插值,HIST_CLEAN_SURFACE,3221.988,3294.552,0.02062974758051528,-0.019858959499051587,3249.9234,3264.2053,3227.96,3257.6458,False,True,True,False,False,False,False,False,False,,,,2020-07-30,3299.572
2020-07-30 00:00:00,2020-07-30,31.3018,0.0979805185802872,2020-08-21,2020-09-18,22,50,0.1028697390733504,0.0926023760379176,4640.461221000647,4628.553660312981,4600.0,4600.0,35,35,0.02996,0.030085,OK,正常双期限插值,HIST_CLEAN_SURFACE,3299.572,3286.822,-0.0023462977667373375,0.02390050898741758,3242.2658,3271.8776000000003,3294.552,3249.9234,False,False,False,False,False,False,False,False,False,,,,2020-07-31,3280.796
2020-07-31 00:00:00,2020-07-31,31.8668,0.1015492162461234,2020-08-21,2020-09-18,21,49,0.1077664990764995,0.0959240555900688,4662.448898711306,4644.981266747649,4650.0,4600.0,35,35,0.02996,0.03007875,OK,正常双期限插值,HIST_CLEAN_SURFACE,3280.796,3310.007,0.007053926254600995,0.02983016549740225,3264.9136000000003,3281.4654,3286.822,3242.2658,False,False,False,False,False,False,False,False,False,,,,2020-08-03,3332.183
2020-08-03 00:00:00,2020-08-03,32.9299,0.1084379786370457,2020-08-21,2020-09-18,18,46,0.1220696235447262,0.1013258160765167,4740.911786844797,4724.216688346285,4700.0,4700.0,35,35,0.02996,0.03006,OK,正常双期限插值,HIST_CLEAN_SURFACE,3332.183,3367.966,0.01751023487261505,0.016238557771542483,3297.4614,3286.8471,3310.007,3264.9136000000003,False,False,False,False,False,False,False,False,False,,,,2020-08-04,3376.44
2020-08-04 00:00:00,2020-08-04,31.5957,0.0998286738160437,2020-08-21,2020-09-18,17,45,0.1100687975178666,0.0953650301511465,4755.981310794446,4732.69077933354,4750.0,4700.0,35,35,0.02996,0.03005375,OK,正常双期限插值,HIST_CLEAN_SURFACE,3376.44,3371.688,0.0011051180445409425,0.015294973192467642,3326.207,3291.9264000000003,3367.966,3297.4614,False,False,False,False,False,False,False,False,False,,,,2020-08-05,3363.332
2020-08-05 00:00:00,2020-08-05,31.4987,0.0992165971917746,2020-08-21,2020-09-18,16,44,0.1086729520552558,0.0957779226959632,4745.127983054128,4721.323640769269,4700.0,4700.0,35,35,0.02996,0.0300475,OK,正常双期限插值,HIST_CLEAN_SURFACE,3363.332,3377.565,0.001743043840355396,0.013320976705616605,3342.8095999999996,3296.3665,3371.688,3326.207,False,False,False,False,False,False,False,False,False,,,,2020-08-06,3380.762
2020-08-06 00:00:00,2020-08-06,26.7004,0.0712909254499803,2020-09-18,2020-10-16,43,71,0.069587865325801,0.0680379514533085,4708.229080773571,4698.500451818254,4700.0,4650.0,22,17,0.03004125,0.03021625,WARN,"期限未夹住30日；期限质量 near=WARN, next=OK",HIST_CLEAN_SURFACE,3380.762,3386.463,0.002634442268320658,0.018451419652282253,3362.7378,3302.5018000000005,3377.565,3342.8095999999996,False,False,False,False,False,False,False,False,False,,,,2020-08-07,3370.588
2020-08-07 00:00:00,2020-08-07,31.8462,0.1014181054952694,2020-08-21,2020-09-18,14,42,0.1068424956906424,0.1000620079464262,4681.159724930637,4660.838639951898,4650.0,4650.0,35,35,0.02996,0.030035,OK,正常双期限插值,HIST_CLEAN_SURFACE,3370.588,3354.035,-0.009575772716252984,0.04919562508133213,3371.5434,3318.2285,3386.463,3362.7378,False,False,False,False,False,False,False,False,False,,,,2020-08-10,3341.528
2020-08-10 00:00:00,2020-08-10,31.6465,0.1001501805799247,2020-08-21,2020-09-18,11,39,0.1108839142580686,0.0987161189953953,4696.661612624548,4672.473890378662,4650.0,4650.0,35,35,0.02996,0.03001625,OK,正常双期限插值,HIST_CLEAN_SURFACE,3341.528,3379.252,0.007518406933737953,0.0542941264378467,3373.8006,3335.6310000000003,3354.035,3371.5434,False,True,True,False,False,False,False,False,False,,,,2020-08-11,3379.487
2020-08-11 00:00:00,2020-08-11,29.4536,0.0867516784640297,2020-08-21,2020-09-18,10,38,0.0956152236035545,0.0858186737125008,4648.9666635004505,4619.103620191268,4600.0,4600.0,34,36,0.02996,0.03001,OK,正常双期限插值,HIST_CLEAN_SURFACE,3379.487,3340.29,-0.011529770493588498,0.0347990681421082,3367.5209999999997,3346.864,3379.252,3373.8006,False,False,False,False,False,False,False,False,False,,,,2020-08-12,3327.493
2020-08-12 00:00:00,2020-08-12,29.3515,0.0861511297738638,2020-08-21,2020-09-18,9,37,0.0964405069445233,0.0853168559492157,4625.581072020542,4594.382941806353,4600.0,4550.0,35,36,0.02996,0.03000375,OK,正常双期限插值,HIST_CLEAN_SURFACE,3327.493,3319.266,-0.0062940642878313025,0.00750147516263211,3355.8612000000003,3349.3354,3340.29,3367.5209999999997,False,False,False,False,False,False,False,False,False,,,,2020-08-13,3328.175
2020-08-13 00:00:00,2020-08-13,28.4287,0.0808193751637608,2020-08-21,2020-09-18,8,36,0.0882463963015713,0.0803692526705602,4611.320084392063,4587.362665712616,4600.0,4550.0,34,36,0.02996,0.0299975,OK,正常双期限插值,HIST_CLEAN_SURFACE,3328.175,3320.726,0.000439856281479134,0.010315131151002355,3342.7138,3352.7258,3319.266,3355.8612000000003,False,False,False,False,False,False,False,False,False,,,,2020-08-14,3315.669
2020-08-14 00:00:00,2020-08-14,28.307,0.0801286660374102,2020-08-21,2020-09-18,7,35,0.0897593526305794,0.0797099405333593,4714.699433040727,4686.26900862134,4700.0,4650.0,34,35,0.02996,0.02999125,OK,正常双期限插值,HIST_CLEAN_SURFACE,3315.669,3360.099,0.011856744579348044,0.015133502738815974,3343.9266000000002,3357.7350000000006,3320.726,3342.7138,False,True,True,False,False,False,False,False,False,,,,2020-08-17,3373.902
2020-08-17 00:00:00,2020-08-17,30.7603,0.094619434072365,2020-09-18,2020-10-16,32,60,0.0917931865216432,0.0720094536665909,4799.4143271777375,4795.931671840762,4750.0,4750.0,34,22,0.0299725,0.0301475,WARN,期限未夹住30日,HIST_CLEAN_SURFACE,3373.902,3438.801,0.023422524157770352,0.021031981914306774,3355.8364,3364.8185000000003,3360.099,3343.9266000000002,False,False,False,False,False,False,False,False,False,,,,2020-08-18,3441.934
2020-08-18 00:00:00,2020-08-18,30.7018,0.0942601769023676,2020-09-18,2020-10-16,31,59,0.0928194133866998,0.0723068480788876,4792.129302553308,4784.355008831529,4750.0,4750.0,34,22,0.02996625,0.03014125,WARN,期限未夹住30日,HIST_CLEAN_SURFACE,3441.934,3451.089,0.0035733384979241833,0.02354933196665887,3377.9962,3372.7586,3438.801,3355.8364,False,False,False,False,False,False,False,False,False,,,,2020-08-19,3444.565
2020-08-19 00:00:00,2020-08-19,29.3611,0.0862071701422385,2020-09-18,2020-10-16,30,58,0.0862071701422385,0.0693011046705469,4714.782684797694,4723.697852847864,4700.0,4700.0,35,22,0.02996,0.030135,WARN,期限未夹住30日,HIST_CLEAN_SURFACE,3444.565,3408.129,-0.012448244597574876,0.009049122666773268,3395.7688000000003,3375.815,3451.089,3377.9962,False,False,False,False,False,False,False,False,False,,,,2020-08-20,3385.965
2020-08-20 00:00:00,2020-08-20,28.0312,0.0785745550426023,2020-09-18,2020-10-16,29,57,0.0796727892064465,0.0634882857392689,4653.545928504143,4652.349815282444,4650.0,4650.0,35,22,0.02996,0.03012875,OK,正常双期限插值,HIST_CLEAN_SURFACE,3385.965,3363.899,-0.012977795148012339,-0.006662999123274171,3404.4034,3373.5586000000003,3408.129,3395.7688000000003,False,False,False,False,False,False,False,False,False,,,,2020-08-21,3380.227
2020-08-21 00:00:00,2020-08-21,28.1351,0.0791585066278219,2020-09-18,2020-10-16,28,56,0.0813565905472616,0.0648709611514636,4695.675204488234,4682.483071884222,4650.0,4650.0,35,22,0.02996,0.0301225,OK,正常双期限插值,HIST_CLEAN_SURFACE,3380.227,3380.683,0.0049894482563239695,0.00794505722212202,3408.5202,3376.2234000000003,3363.899,3404.4034,False,False,False,False,False,False,False,False,False,,,,2020-08-24,3391.113
2020-08-24 00:00:00,2020-08-24,27.2743,0.0743887189612614,2020-09-18,2020-10-16,25,53,0.078848224939665,0.064712432404348,4716.22827208189,4698.411154425589,4700.0,4650.0,35,22,0.02996,0.03010375,OK,正常双期限插值,HIST_CLEAN_SURFACE,3391.113,3385.638,0.0014656801598966762,0.00188976732128876,3397.8876000000005,3376.862,3380.683,3408.5202,False,False,False,False,False,False,False,False,False,,,,2020-08-25,3392.88
2020-08-25 00:00:00,2020-08-25,26.5918,0.0707125784976533,2020-09-18,2020-10-16,24,52,0.0768764816191512,0.0602813578305031,4734.569632520186,4714.197609480916,4700.0,4700.0,35,22,0.02996,0.0300975,OK,正常双期限插值,HIST_CLEAN_SURFACE,3392.88,3373.578,-0.0035621055765560072,0.009965601789066136,3382.3854,3380.1908000000003,3385.638,3397.8876000000005,False,False,False,False,False,False,False,False,False,,,,2020-08-26,3371.808
2020-08-26 00:00:00,2020-08-26,27.1922,0.0739415078012235,2020-09-18,2020-10-16,23,51,0.0813420411700092,0.0639290214787488,4679.213972771154,4664.080398228797,4650.0,4650.0,34,22,0.02996,0.03009125,OK,正常双期限插值,HIST_CLEAN_SURFACE,3371.808,3329.739,-0.012994808479305897,0.00315521564104837,3366.7074000000002,3381.2381,3373.578,3382.3854,False,False,False,False,False,False,False,False,False,,,,2020-08-27,3333.491
2020-08-27 00:00:00,2020-08-27,26.2047,0.0686686624287502,2020-09-18,2020-10-16,22,50,0.0760722959673833,0.0605246655362537,4715.13710109939,4691.7249779012645,4700.0,4650.0,35,22,0.02996,0.030085,OK,正常双期限插值,HIST_CLEAN_SURFACE,3333.491,3350.113,0.006118797899775208,0.008849570846857002,3363.9502,3384.1767999999997,3329.739,3366.7074000000002,False,False,False,False,False,False,False,False,False,,,,2020-08-28,3346.289
2020-08-28 00:00:00,2020-08-28,26.3891,0.0696385411934335,2020-09-18,2020-10-16,21,49,0.0772792156470422,0.0627255500211209,4844.541881847876,4825.696658796357,4800.0,4800.0,32,22,0.02996,0.03007875,OK,正常双期限插值,HIST_CLEAN_SURFACE,3346.289,3403.807,0.01602751907174471,0.013007950063375961,3368.575,3388.5476000000003,3350.113,3363.9502,False,True,True,False,False,False,False,False,False,,,,2020-08-31,3416.55
2020-08-31 00:00:00,2020-08-31,26.465,0.070039555679007,2020-09-18,2020-10-16,18,46,0.0827763477920196,0.0633942728374352,4787.760471423063,4774.285303833354,4750.0,4750.0,34,22,0.02996,0.03006,OK,正常双期限插值,HIST_CLEAN_SURFACE,3416.55,3395.678,-0.002388208262101843,-0.012540126631346182,3370.583,3384.2353000000003,3403.807,3368.575,False,False,False,False,False,False,False,False,False,,,,2020-09-01,3389.742
2020-09-01 00:00:00,2020-09-01,26.3537,0.0694518559738129,2020-09-18,2020-10-16,17,45,0.0825192024516079,0.0637558331501586,4833.045964721852,4816.4845913508925,4800.0,4800.0,34,22,0.02996,0.03005375,OK,正常双期限插值,HIST_CLEAN_SURFACE,3389.742,3410.607,0.004396471043485395,-0.011730210377072225,3377.9888,3380.1871,3395.678,3370.583,False,False,False,False,False,False,False,False,False,,,,2020-09-02,3420.469
2020-09-02 00:00:00,2020-09-02,26.4032,0.0697126670290466,2020-09-18,2020-10-16,16,44,0.0835072808066971,0.0646964438371736,4808.74585587281,4797.645337932604,4800.0,4750.0,34,22,0.02996,0.0300475,OK,正常双期限插值,HIST_CLEAN_SURFACE,3420.469,3404.802,-0.0017020430674070663,-0.0009761954433061826,3393.0013999999996,3379.8544,3410.607,3377.9888,False,False,False,False,False,False,False,False,False,,,,2020-09-03,3404.032
2020-09-03 00:00:00,2020-09-03,26.8028,0.0718392559985795,2020-09-18,2020-10-16,15,43,0.0850672794168879,0.0678400861279281,4795.957535369526,4769.145305142276,4750.0,4750.0,34,22,0.02996,0.03004125,OK,正常双期限插值,HIST_CLEAN_SURFACE,3404.032,3384.981,-0.0058214838924554035,0.006267132277158138,3399.975,3381.9626000000003,3404.802,3393.0013999999996,False,False,False,False,False,False,False,False,False,,,,2020-09-04,3336.408
2020-09-04 00:00:00,2020-09-04,26.7745,0.071687247652726,2020-09-18,2020-10-16,14,42,0.0816313312324878,0.0692012267577855,4754.97638809282,4741.145957171084,4750.0,4700.0,35,22,0.02996,0.030035,OK,正常双期限插值,HIST_CLEAN_SURFACE,3336.408,3355.367,-0.008748645856505588,-0.007488427634297468,3390.2870000000003,3379.4309999999996,3384.981,3399.975,False,False,False,False,False,False,False,False,False,,,,2020-09-07,3349.918
2020-09-07 00:00:00,2020-09-07,27.4643,0.0754286294623728,2020-09-18,2020-10-16,11,39,0.0971759443120824,0.0725231177618043,4645.290540875056,4621.14750816031,4600.0,4600.0,33,22,0.02996,0.03001625,OK,正常双期限插值,HIST_CLEAN_SURFACE,3349.918,3292.591,-0.018709130774666516,-0.0274828555208797,3369.6696,3370.1263,3355.367,3390.2870000000003,False,False,False,False,False,False,False,False,False,,,,2020-09-08,3301.217
2020-09-08 00:00:00,2020-09-08,27.3451,0.0747755304812181,2020-09-18,2020-10-16,10,38,0.0856355718394491,0.0736323682329832,4683.842218769887,4660.9919100509305,4650.0,4650.0,35,22,0.02996,0.03001,OK,正常双期限插值,HIST_CLEAN_SURFACE,3301.217,3316.417,0.007236246469725538,-0.01694373155148632,3350.8316,3364.4102,3292.591,3369.6696,False,False,False,False,False,False,False,False,False,,,,2020-09-09,3280.997
2020-09-09 00:00:00,2020-09-09,27.8789,0.0777231797522229,2020-09-18,2020-10-16,9,37,0.0896952600894686,0.0767524705356894,4579.202490376266,4560.003513900956,4550.0,4550.0,35,22,0.02996,0.03000375,OK,正常双期限插值,HIST_CLEAN_SURFACE,3280.997,3254.628,-0.01863125173945246,-0.022557623885836042,3320.7968,3356.8991,3316.417,3350.8316,False,False,False,False,False,False,False,False,False,,,,2020-09-10,3282.232
2020-09-10 00:00:00,2020-09-10,25.6419,0.0657508775661483,2020-09-18,2020-10-16,8,36,0.0742875203628402,0.0652335052754397,4574.572408204876,4549.503892810741,4550.0,4500.0,36,22,0.02996,0.0299975,OK,正常双期限插值,HIST_CLEAN_SURFACE,3282.232,3234.823,-0.006085180856306827,-0.03441376455062861,3290.7652000000003,3345.3701,3254.628,3320.7968,False,False,False,False,False,False,False,False,False,,,,2020-09-11,3225.784
2020-09-11 00:00:00,2020-09-11,24.9073,0.0620371743653597,2020-09-18,2020-10-16,7,35,0.0568583555699497,0.0622623403999427,4610.911628957796,4591.858629181346,4600.0,4550.0,36,22,0.02996,0.02999125,OK,正常双期限插值,HIST_CLEAN_SURFACE,3225.784,3260.346,0.007890076211279684,-0.04214721927535836,3271.761,3331.024,3234.823,3290.7652000000003,False,False,False,False,False,False,False,False,False,,,,2020-09-14,3275.918
2020-09-14 00:00:00,2020-09-14,23.4881,0.0551691031584625,2020-10-16,2020-11-20,32,67,0.0552890922021754,0.0562293048581347,4617.763010372178,4594.053175048424,4600.0,4550.0,22,23,0.0299725,0.03019125,WARN,期限未夹住30日,HIST_CLEAN_SURFACE,3275.918,3278.814,0.005664429480797484,-0.03441551289609912,3269.0055999999995,3319.3376000000003,3260.346,3271.761,False,True,True,False,False,False,False,False,False,,,,2020-09-15,3277.128
2020-09-15 00:00:00,2020-09-15,22.7091,0.0515703764572025,2020-10-16,2020-11-20,31,66,0.0516483224350906,0.0528883720833105,4644.980714000944,4628.6858598772105,4600.0,4600.0,22,23,0.02996625,0.030185,WARN,期限未夹住30日,HIST_CLEAN_SURFACE,3277.128,3295.68,0.005143933141678714,-0.03369693429937837,3264.8581999999997,3307.8449,3278.814,3269.0055999999995,False,False,False,False,False,False,False,False,False,,,,2020-09-16,3293.168
2020-09-16 00:00:00,2020-09-16,21.8694,0.0478268513908863,2020-10-16,2020-11-20,30,65,0.0478268513908863,0.0518513202114949,4613.988460090359,4592.17157707066,4600.0,4550.0,22,23,0.02996,0.03017875,WARN,期限未夹住30日,HIST_CLEAN_SURFACE,3293.168,3283.924,-0.0035670938926108953,-0.035502211288644725,3270.7174,3295.7571000000003,3295.68,3264.8581999999997,False,False,False,False,False,False,False,False,False,,,,2020-09-17,3277.324
2020-09-17 00:00:00,2020-09-17,22.5139,0.0506873467155281,2020-10-16,2020-11-20,29,64,0.0505944325608221,0.052118805411468,4598.368732721536,4574.0690705926745,4550.0,4550.0,22,23,0.02996,0.0301725,OK,正常双期限插值,HIST_CLEAN_SURFACE,3277.324,3270.435,-0.004107585924643775,-0.03383948093061684,3277.8398,3284.3025000000002,3283.924,3270.7174,False,False,False,False,False,False,False,False,False,,,,2020-09-18,3270.911
2020-09-18 00:00:00,2020-09-18,22.837,0.052152876157852,2020-10-16,2020-11-20,28,63,0.0516251016882369,0.0560232222683631,4735.787264804082,4709.864044136289,4700.0,4700.0,22,23,0.02996,0.03016625,OK,正常双期限插值,HIST_CLEAN_SURFACE,3270.911,3338.09,0.0206868505260005,-0.005149064170923756,3293.3885999999998,3282.5748,3270.435,3277.8398,False,True,True,False,False,False,False,False,False,,,,2020-09-21,3348.899
2020-09-21 00:00:00,2020-09-21,23.3495,0.0545200614257662,2020-10-16,2020-11-20,25,60,0.0532277333099394,0.057750881715333,4677.800657903532,4665.08275572993,4650.0,4650.0,22,23,0.02996,0.0301475,OK,正常双期限插值,HIST_CLEAN_SURFACE,3348.899,3316.935,-0.00633745644964645,0.007393569380466536,3301.0127999999995,3285.0091999999995,3338.09,3293.3885999999998,False,False,False,False,False,False,False,False,False,,,,2020-09-22,3290.666
2020-09-22 00:00:00,2020-09-22,23.6816,0.0560817178612969,2020-10-16,2020-11-20,24,59,0.0547531365748243,0.0586938437804632,4617.36087711646,4592.810572476815,4600.0,4550.0,22,23,0.02996,0.03014125,OK,正常双期限插值,HIST_CLEAN_SURFACE,3290.666,3274.302,-0.012853130977845462,-0.01269894588044862,3296.7372000000005,3280.7977,3316.935,3301.0127999999995,False,False,False,False,False,False,False,False,False,,,,2020-09-23,3278.836
2020-09-23 00:00:00,2020-09-23,22.7435,0.0517264722214103,2020-10-16,2020-11-20,23,58,0.0498366656982717,0.0547240963615611,4625.856522035033,4606.7941087711815,4600.0,4600.0,22,23,0.02996,0.030135,OK,正常双期限插值,HIST_CLEAN_SURFACE,3278.836,3279.711,0.0016519551342544236,0.0077068715687320655,3295.8946000000005,3283.3059999999996,3274.302,3296.7372000000005,False,False,False,False,False,False,False,False,False,,,,2020-09-24,3262.879
2020-09-24 00:00:00,2020-09-24,23.8457,0.0568618078425322,2020-10-16,2020-11-20,22,57,0.0561273653087729,0.0578185158799292,4549.793902044501,4521.517928288916,4500.0,4500.0,22,23,0.02996,0.03012875,OK,正常双期限插值,HIST_CLEAN_SURFACE,3262.879,3223.176,-0.017237799306097368,-0.0036005061173361996,3286.4428,3282.1413000000002,3279.711,3295.8946000000005,False,False,False,False,False,False,False,False,False,,,,2020-09-25,3234.374
2020-09-25 00:00:00,2020-09-25,24.3279,0.0591845594189067,2020-10-16,2020-11-20,21,56,0.0559053560817333,0.0627370297008445,4568.977788929135,4547.546448034022,4550.0,4500.0,22,23,0.02996,0.0301225,OK,正常双期限插值,HIST_CLEAN_SURFACE,3234.374,3219.418,-0.0011659307465679003,-0.012553268886185687,3262.7084,3278.0485,3223.176,3286.4428,False,False,False,False,False,False,False,False,False,,,,2020-09-28,3224.977
2020-09-28 00:00:00,2020-09-28,25.7984,0.0665556831891839,2020-10-16,2020-11-20,18,53,0.0637574554653829,0.0683771710471298,4579.529385192075,4558.070368667271,4550.0,4550.0,22,23,0.02996,0.03010375,OK,正常双期限插值,HIST_CLEAN_SURFACE,3224.977,3217.535,-0.0005848883245357372,-0.018689379757436675,3242.8284,3271.9206,3219.418,3262.7084,False,False,False,False,False,False,False,False,False,,,,2020-09-29,3231.855
2020-09-29 00:00:00,2020-09-29,26.7952,0.0717982014589243,2020-10-16,2020-11-20,17,52,0.0720042875806984,0.0716841833974695,4592.693241168694,4570.459672131107,4550.0,4550.0,22,23,0.02996,0.0300975,OK,正常双期限插值,HIST_CLEAN_SURFACE,3231.855,3224.359,0.002120878249964653,-0.021640753956694847,3232.8398,3264.7884999999997,3217.535,3242.8284,False,False,False,False,False,False,False,False,False,,,,2020-09-30,3232.71
2020-09-30 00:00:00,2020-09-30,26.9301,0.072523204352783,2020-10-16,2020-11-20,16,51,0.0728281279019936,0.0723797109178604,4556.108265935808,4537.472086642572,4550.0,4500.0,22,23,0.02996,0.03009125,OK,正常双期限插值,HIST_CLEAN_SURFACE,3232.71,3218.052,-0.0019560476981625996,-0.0200589295001955,3220.5080000000003,3258.2012999999997,3224.359,3232.8398,False,False,False,False,False,False,False,False,False,,,,2020-10-09,3262.611
2020-10-09 00:00:00,2020-10-09,22.9596,0.0527142868189471,2020-10-16,2020-11-20,7,42,0.0458200999686656,0.0533137813276673,4661.037706103109,4636.636664888056,4650.0,4600.0,22,23,0.02996,0.030035,OK,正常双期限插值,HIST_CLEAN_SURFACE,3262.611,3272.076,0.016787795846679776,0.0005017681134160679,3230.2879999999996,3258.3653999999997,3218.052,3220.5080000000003,False,True,True,False,False,False,False,False,False,,,,2020-10-12,3287.328
2020-10-12 00:00:00,2020-10-12,24.2872,0.0589868598393124,2020-11-20,2020-12-18,39,67,0.0620327800830487,0.0662758530593977,4795.518187689277,4768.669944474754,4750.0,4750.0,23,32,0.03001625,0.03019125,WARN,期限未夹住30日,HIST_CLEAN_SURFACE,3287.328,3358.465,0.026401892865569154,0.006103789891824363,3258.0974,3260.4029,3272.076,3230.2879999999996,False,False,False,False,False,False,False,False,False,,,,2020-10-13,3353.121
2020-10-13 00:00:00,2020-10-13,23.5716,0.0555621177305133,2020-11-20,2020-12-18,38,66,0.0591778152754879,0.0649300613697657,4810.991101862027,4790.403439489482,4800.0,4750.0,23,31,0.03001,0.030185,WARN,期限未夹住30日,HIST_CLEAN_SURFACE,3353.121,3359.75,0.0003826152721555509,0.012908000910479167,3286.5404000000003,3264.6843999999996,3358.465,3258.0974,False,False,False,False,False,False,False,False,False,,,,2020-10-14,3353.625
2020-10-14 00:00:00,2020-10-14,22.852,0.0522213424385557,2020-11-20,2020-12-18,37,65,0.0561170844626721,0.0633092235841177,4787.950069097895,4764.694192195522,4750.0,4750.0,23,32,0.03000375,0.03017875,WARN,期限未夹住30日,HIST_CLEAN_SURFACE,3353.625,3340.778,-0.005646848723863451,0.020302342300740683,3309.8242,3271.332,3359.75,3286.5404000000003,False,False,False,False,False,False,False,False,False,,,,2020-10-15,3342.922
2020-10-15 00:00:00,2020-10-15,23.2766,0.0541799212060987,2020-11-20,2020-12-18,36,64,0.057332959546932,0.0642302309175049,4788.119508330565,4765.1287673774,4750.0,4750.0,23,32,0.0299975,0.0301725,WARN,期限未夹住30日,HIST_CLEAN_SURFACE,3342.922,3332.183,-0.0025727540111913916,0.015998970641010857,3332.6504,3276.5791999999997,3340.778,3309.8242,False,False,False,False,False,False,False,False,False,,,,2020-10-16,3334.457
2020-10-16 00:00:00,2020-10-16,22.7705,0.0518494053966511,2020-11-20,2020-12-18,35,63,0.0548430889769304,0.0628262451910087,4775.190407821272,4758.965886614223,4750.0,4750.0,23,32,0.02999125,0.03016625,WARN,期限未夹住30日,HIST_CLEAN_SURFACE,3334.457,3336.358,0.0012529323869667763,0.03511505421981309,3345.5068,3287.8974000000003,3332.183,3332.6504,False,False,False,False,False,False,False,False,False,,,,2020-10-19,3351.096
2020-10-19 00:00:00,2020-10-19,20.5398,0.0421883991770314,2020-11-20,2020-12-18,32,60,0.043774310939553,0.0548756932772041,4729.41476482061,4709.540151918341,4700.0,4700.0,23,32,0.0299725,0.0301475,WARN,期限未夹住30日,HIST_CLEAN_SURFACE,3351.096,3312.667,-0.007100856682646262,0.028964551978028164,3336.3471999999992,3297.2223,3336.358,3345.5068,False,False,False,False,False,False,False,False,False,,,,2020-10-20,3307.15
2020-10-20 00:00:00,2020-10-20,21.4244,0.0459006506857904,2020-11-20,2020-12-18,31,59,0.0465696355598707,0.0560941659705059,4768.5255518003,4747.308441107283,4750.0,4700.0,23,32,0.02996625,0.03014125,WARN,期限未夹住30日,HIST_CLEAN_SURFACE,3307.15,3328.103,0.004659689609610718,0.03436419495048226,3330.0178,3308.2790999999997,3312.667,3336.3471999999992,False,False,False,False,False,False,False,False,False,,,,2020-10-21,3332.147
2020-10-21 00:00:00,2020-10-21,22.2917,0.0496918692805633,2020-11-20,2020-12-18,30,58,0.0496918692805634,0.0578986317336317,4774.506939916371,4753.929269822971,4750.0,4750.0,23,32,0.02996,0.030135,WARN,期限未夹住30日,HIST_CLEAN_SURFACE,3332.147,3325.025,-0.0009248511839927698,0.031220468936616674,3326.8671999999997,3318.3457000000003,3328.103,3330.0178,False,False,False,False,False,False,False,False,False,,,,2020-10-22,3315.821
2020-10-22 00:00:00,2020-10-22,22.6394,0.0512541144991631,2020-11-20,2020-12-18,29,57,0.0506440128622045,0.0596349843542263,4758.521355134888,4734.976218958462,4750.0,4700.0,23,32,0.02996,0.03012875,OK,正常双期限插值,HIST_CLEAN_SURFACE,3315.821,3312.501,-0.003766588221141176,0.02934974326082984,3322.9307999999996,3327.7905999999994,3325.025,3326.8671999999997,False,False,False,False,False,False,False,False,False,,,,2020-10-23,3308.158
2020-10-23 00:00:00,2020-10-23,22.5553,0.0508743673257931,2020-11-20,2020-12-18,28,56,0.0499191565903124,0.0570832371064174,4717.694087328403,4701.142743523992,4700.0,4700.0,23,32,0.02996,0.0301225,OK,正常双期限插值,HIST_CLEAN_SURFACE,3308.158,3277.997,-0.010416298742249586,0.001809554545799008,3311.2585999999997,3328.3827000000006,3312.501,3322.9307999999996,False,False,False,False,False,False,False,False,False,,,,2020-10-26,3258.703
2020-10-26 00:00:00,2020-10-26,22.8411,0.0521717036732863,2020-11-20,2020-12-18,25,53,0.0501993570220107,0.0564513237656768,4675.144051452196,4655.003740284929,4650.0,4650.0,23,32,0.02996,0.03010375,OK,正常双期限插值,HIST_CLEAN_SURFACE,3258.703,3251.119,-0.008199519401634547,-0.03196281634615816,3298.9489999999996,3317.6481,3277.997,3311.2585999999997,False,False,False,False,False,False,False,False,False,,,,2020-10-27,3240.74
2020-10-27 00:00:00,2020-10-27,23.0097,0.0529446367786886,2020-11-20,2020-12-18,24,52,0.0516037958976435,0.0552137521158419,4682.383712495587,4662.936096316333,4650.0,4650.0,23,32,0.02996,0.0300975,OK,正常双期限插值,HIST_CLEAN_SURFACE,3240.74,3254.316,0.000983353731438319,-0.03138150159982145,3284.1916000000006,3307.1047,3251.119,3298.9489999999996,False,False,False,False,False,False,False,False,False,,,,2020-10-28,3256.223
2020-10-28 00:00:00,2020-10-28,22.876,0.0523311019274398,2020-11-20,2020-12-18,23,51,0.0497120854337788,0.0558744771835693,4729.292104852078,4712.641541288484,4700.0,4700.0,23,32,0.02996,0.03009125,OK,正常双期限插值,HIST_CLEAN_SURFACE,3256.223,3269.238,0.0045852953431688714,-0.021414173584715868,3273.0341999999996,3299.9507,3254.316,3284.1916000000006,False,False,False,False,False,False,False,False,False,,,,2020-10-29,3235.765
2020-10-29 00:00:00,2020-10-29,22.8203,0.052076712503205,2020-11-20,2020-12-18,22,50,0.0492251523640614,0.055213428656263,4774.907691258741,4762.59375514288,4750.0,4750.0,23,32,0.02996,0.030085,OK,正常双期限插值,HIST_CLEAN_SURFACE,3235.765,3272.727,0.0010672211689697342,-0.017842957604669363,3265.0793999999996,3294.0051,3269.238,3273.0341999999996,False,True,True,False,False,False,False,False,False,,,,2020-10-30,3278.631
2020-10-30 00:00:00,2020-10-30,23.5343,0.055386453096492,2020-11-20,2020-12-18,21,49,0.0539419100698918,0.0566934205967493,4683.371361472549,4669.884605662995,4650.0,4650.0,23,32,0.02996,0.03007875,OK,正常双期限插值,HIST_CLEAN_SURFACE,3278.631,3224.533,-0.014725945671606566,-0.03351708659562325,3254.3866,3282.8226000000004,3272.727,3265.0793999999996,False,False,False,False,False,False,False,False,False,,,,2020-11-02,3228.715
2020-11-02 00:00:00,2020-11-02,24.2806,0.058954978724965,2020-11-20,2020-12-18,18,46,0.0592131114474316,0.0588203007828086,4711.216560000381,4700.964482457941,4700.0,4700.0,23,32,0.02996,0.03006,OK,正常双期限插值,HIST_CLEAN_SURFACE,3228.715,3225.12,0.0001820418646669708,-0.026427950651242593,3249.1868,3274.0679,3224.533,3254.3866,False,False,False,False,False,False,False,False,False,,,,2020-11-03,3239.806
2020-11-03 00:00:00,2020-11-03,24.3504,0.0592943427576787,2020-11-20,2020-12-18,17,45,0.0598964492197806,0.0590318860947111,4764.867523083465,4757.577937930081,4750.0,4750.0,23,32,0.02996,0.03005375,OK,正常双期限插值,HIST_CLEAN_SURFACE,3239.806,3271.074,0.01424877213871123,-0.01713558745026822,3252.5384,3268.3650000000002,3225.12,3249.1868,False,True,True,False,False,False,False,False,False,,,,2020-11-04,3273.433
2020-11-04 00:00:00,2020-11-04,22.9195,0.0525303581683055,2020-11-20,2020-12-18,16,44,0.0504732017695165,0.0532784150405925,4799.042036420345,4784.56368913522,4750.0,4750.0,23,31,0.02996,0.0300475,OK,正常双期限插值,HIST_CLEAN_SURFACE,3273.433,3277.44,0.0019461497966721808,-0.014311170592702371,3254.1787999999997,3263.6065,3271.074,3252.5384,False,False,False,False,False,False,False,False,False,,,,2020-11-05,3305.58
2020-11-05 00:00:00,2020-11-05,22.6215,0.0511732873480864,2020-11-20,2020-12-18,15,43,0.0496572510431215,0.0516316239054014,4875.996585445618,4865.515015739751,4850.0,4850.0,23,31,0.02996,0.03004125,OK,正常双期限插值,HIST_CLEAN_SURFACE,3305.58,3320.133,0.013026325424721596,0.0023039993044529083,3263.66,3264.3697,3277.44,3254.1787999999997,False,False,False,False,False,False,False,False,False,,,,2020-11-06,3326.465
2020-11-06 00:00:00,2020-11-06,22.0338,0.0485488147416978,2020-11-20,2020-12-18,14,42,0.0450948613580576,0.0494123030876079,4877.189030943062,4867.2861870846655,4850.0,4850.0,23,31,0.02996,0.030035,OK,正常双期限插值,HIST_CLEAN_SURFACE,3326.465,3312.159,-0.0024017110157935617,0.010421608073466926,3281.1852,3267.7859,3320.133,3263.66,False,False,False,False,False,False,False,False,False,,,,2020-11-09,3329.429
2020-11-09 00:00:00,2020-11-09,22.9942,0.052873414039987,2020-11-20,2020-12-18,11,39,0.0597090372119275,0.0519601526445455,4976.688960711652,4976.002951763542,4950.0,4950.0,23,30,0.02996,0.03001625,OK,正常双期限插值,HIST_CLEAN_SURFACE,3329.429,3373.734,0.018590593024066626,0.03771470684401268,3310.9080000000004,3280.0474000000004,3312.159,3281.1852,False,False,False,False,False,False,False,False,False,,,,2020-11-10,3387.622
2020-11-10 00:00:00,2020-11-10,23.2321,0.053973243331531,2020-11-20,2020-12-18,10,38,0.0549619521992311,0.0538691687138784,4948.26690790652,4945.429770727437,4900.0,4900.0,24,31,0.02996,0.03001,OK,正常双期限插值,HIST_CLEAN_SURFACE,3387.622,3360.149,-0.0040266956434621415,0.032520812361184426,3328.7229999999995,3290.6307,3373.734,3310.9080000000004,False,False,False,False,False,False,False,False,False,,,,2020-11-11,3354.025
2020-11-11 00:00:00,2020-11-11,22.2981,0.0497204744546033,2020-11-20,2020-12-18,9,37,0.0508823096013786,0.0496262716048647,4909.006651113954,4901.909788104424,4900.0,4900.0,23,32,0.02996,0.03000375,OK,正常双期限插值,HIST_CLEAN_SURFACE,3354.025,3342.203,-0.005340834587989951,0.022318656518736324,3341.6756,3297.9271999999996,3360.149,3328.7229999999995,False,False,False,False,False,False,False,False,False,,,,2020-11-12,3344.456
2020-11-12 00:00:00,2020-11-12,21.9319,0.0481007425672698,2020-11-20,2020-12-18,8,36,0.0483452185293545,0.048085925842295,4902.479987814043,4898.8476791412295,4900.0,4850.0,24,32,0.02996,0.0299975,OK,正常双期限插值,HIST_CLEAN_SURFACE,3344.456,3338.679,-0.0010543943620420215,0.02015200167933351,3345.3848,3304.5224000000003,3342.203,3341.6756,False,False,False,False,False,False,False,False,False,,,,2020-11-13,3327.229
2020-11-13 00:00:00,2020-11-13,21.0689,0.0443899351691825,2020-11-20,2020-12-18,7,35,0.0404081463414437,0.0445630564225624,4849.282611526829,4836.221998720245,4800.0,4800.0,23,32,0.02996,0.02999125,OK,正常双期限插值,HIST_CLEAN_SURFACE,3327.229,3310.105,-0.008558474774004954,0.02653779632585551,3344.9740000000006,3313.0796,3338.679,3345.3848,False,False,False,False,False,False,False,False,False,,,,2020-11-16,3325.621
2020-11-16 00:00:00,2020-11-16,21.3415,0.0455461690380937,2020-12-18,2021-01-15,32,60,0.0452125647636845,0.0428773348428197,4881.40973507994,4877.086581798779,4850.0,4850.0,32,22,0.0299725,0.0301475,WARN,期限未夹住30日,HIST_CLEAN_SURFACE,3325.621,3346.969,0.011136806838453861,0.037781229845711195,3339.621,3325.2644999999998,3310.105,3344.9740000000006,False,False,False,False,False,False,False,False,False,,,,2020-11-17,3347.151
2020-11-17 00:00:00,2020-11-17,20.8633,0.0435276463164565,2020-12-18,2021-01-15,31,59,0.0433167994927328,0.0403149125109043,4875.264217669779,4873.348108080536,4850.0,4850.0,32,22,0.02996625,0.03014125,WARN,期限未夹住30日,HIST_CLEAN_SURFACE,3347.151,3339.895,-0.0021135540843073564,0.021039267225382297,3335.5701999999997,3332.1466,3346.969,3339.621,False,False,False,False,False,False,False,False,False,,,,2020-11-18,3337.332
2020-11-18 00:00:00,2020-11-18,21.4277,0.0459145483101156,2020-12-18,2021-01-15,30,58,0.0459145483101156,0.0414182321091761,4881.955620997976,4881.522730171863,4850.0,4850.0,32,22,0.02996,0.030135,WARN,期限未夹住30日,HIST_CLEAN_SURFACE,3337.332,3347.303,0.0022180338004638145,0.02131633225932439,3336.5902,3339.1328999999996,3339.895,3335.5701999999997,False,False,False,False,False,False,False,False,False,,,,2020-11-19,3339.086
2020-11-19 00:00:00,2020-11-19,21.5219,0.046319162835383,2020-12-18,2021-01-15,29,57,0.0465159770950791,0.043615556425873,4930.672926499071,4929.046816171828,4900.0,4900.0,30,22,0.02996,0.03012875,OK,正常双期限插值,HIST_CLEAN_SURFACE,3339.086,3363.088,0.004715736818567073,0.01293773472327775,3341.472,3343.4284,3347.303,3336.5902,False,False,False,False,False,False,False,False,False,,,,2020-11-20,3359.597
2020-11-20 00:00:00,2020-11-20,20.7754,0.0431618325189752,2020-12-18,2021-01-15,28,56,0.0431847646007663,0.0430127739873336,4944.033824978385,4941.962942159948,4900.0,4900.0,30,22,0.02996,0.0301225,OK,正常双期限插值,HIST_CLEAN_SURFACE,3359.597,3377.727,0.00435284476647646,0.019796151090572645,3354.9964,3349.9852,3363.088,3341.472,False,False,False,False,False,False,False,False,False,,,,2020-11-23,3384.104
2020-11-23 00:00:00,2020-11-23,21.2793,0.0452806870176183,2020-12-18,2021-01-15,25,53,0.0464165715538037,0.0428160318919332,5003.602209340309,5004.495646694927,5000.0,5000.0,30,22,0.02996,0.03010375,OK,正常双期限插值,HIST_CLEAN_SURFACE,3384.104,3414.49,0.010883946511959008,0.012080383337868428,3368.5005999999994,3354.0608,3377.727,3354.9964,False,False,False,False,False,False,False,False,False,,,,2020-11-24,3407.409
2020-11-24 00:00:00,2020-11-24,21.0366,0.0442539617628593,2020-12-18,2021-01-15,24,52,0.0450650971833603,0.0428812710512421,4974.80416817731,4977.475757575695,4950.0,4950.0,30,23,0.02996,0.0300975,OK,正常双期限插值,HIST_CLEAN_SURFACE,3407.409,3402.823,-0.0034169085280670863,0.012700032052149979,3381.0862,3358.3282,3414.49,3368.5005999999994,False,False,False,False,True,False,False,False,False,持仓80日,,,2020-11-25,3417.515
2020-11-25 00:00:00,2020-11-25,20.2262,0.0409098417043522,2020-12-18,2021-01-15,23,51,0.0403106341531951,0.0417205342735647,4913.826077495652,4915.023894987216,4900.0,4900.0,33,23,0.02996,0.03009125,OK,正常双期限插值,HIST_CLEAN_SURFACE,3417.515,3362.327,-0.011900707148153056,0.006021178246803149,3384.0910000000003,3360.3406000000004,3402.823,3381.0862,False,False,False,False,False,False,False,False,False,,,,2020-11-26,3360.061
2020-11-26 00:00:00,2020-11-26,19.3871,0.0375861197843896,2020-12-18,2021-01-15,22,50,0.0382612073909728,0.0368435234171481,4914.313617971065,4913.455338473592,4900.0,4900.0,32,23,0.02996,0.030085,OK,正常双期限插值,HIST_CLEAN_SURFACE,3360.061,3369.733,0.0022026412065214718,0.009301283531600424,3385.4200000000005,3363.446,3362.327,3384.0910000000003,False,False,False,False,False,False,True,False,True,,AVIX<20,AVIX<20,2020-11-27,3373.843
2020-11-27 00:00:00,2020-11-27,20.0183,0.0400731296576875,2020-12-18,2021-01-15,21,49,0.0408608510481407,0.0393604293520393,4984.892176409741,4986.7525806933645,4950.0,4950.0,32,23,0.02996,0.03007875,OK,正常双期限插值,HIST_CLEAN_SURFACE,3373.843,3408.307,0.011447197745340532,0.029667336836746827,3391.536,3373.2661999999996,3369.733,3385.4200000000005,False,False,False,False,False,False,False,False,False,,,,2020-11-30,3418.158
2020-11-30 00:00:00,2020-11-30,20.1628,0.0406539964836468,2020-12-18,2021-01-15,18,46,0.0415629612529152,0.0401797539953329,4964.600097138262,4973.923276589246,4950.0,4950.0,32,23,0.02996,0.03006,OK,正常双期限插值,HIST_CLEAN_SURFACE,3418.158,3391.755,-0.004856370039435953,0.013381062089311335,3386.989,3377.7447999999995,3408.307,3391.536,False,False,False,False,False,False,False,False,False,,,,2020-12-01,3388.987
2020-12-01 00:00:00,2020-12-01,22.3098,0.0497728600990643,2020-12-18,2021-01-15,17,45,0.0568858952078622,0.0466723063336909,5069.807335832619,5073.9034846252125,5000.0,5000.0,30,23,0.02996,0.03005375,OK,正常双期限插值,HIST_CLEAN_SURFACE,3388.987,3451.938,0.017743911337935625,0.03354686300018428,3396.8120000000004,3388.9491000000003,3391.755,3386.989,False,False,False,False,False,False,False,False,False,,,,2020-12-02,3453.518
2020-12-02 00:00:00,2020-12-02,22.8256,0.0521008720678722,2020-12-18,2021-01-15,16,44,0.0592163893793582,0.0495134112273318,5069.060810350338,5077.279412390847,5000.0,5000.0,32,23,0.02996,0.0300475,OK,正常双期限插值,HIST_CLEAN_SURFACE,3453.518,3449.381,-0.0007407433157838872,0.03049559600669549,3414.2228000000005,3399.1568999999995,3451.938,3396.8120000000004,False,False,False,False,False,False,False,False,False,,,,2020-12-03,3448.54
2020-12-03 00:00:00,2020-12-03,22.6829,0.0514513802782787,2020-12-18,2021-01-15,15,43,0.057490395908234,0.0496256313668968,5063.171514423394,5069.137682944147,5000.0,5000.0,28,23,0.02996,0.03004125,OK,正常双期限插值,HIST_CLEAN_SURFACE,3448.54,3442.136,-0.00210037685022324,0.023504588639964075,3428.7034,3407.0616999999997,3449.381,3414.2228000000005,False,False,False,False,False,False,False,False,False,,,,2020-12-04,3436.729
2020-12-04 00:00:00,2020-12-04,21.5873,0.0466009784463278,2020-12-18,2021-01-15,14,42,0.0503537394949113,0.045662788184182,5075.486695765354,5076.463809073344,5000.0,5000.0,29,23,0.02996,0.030035,OK,正常双期限插值,HIST_CLEAN_SURFACE,3436.729,3444.581,0.000710314758045616,0.019792600171653962,3435.9582,3413.7470999999996,3442.136,3428.7034,False,False,False,False,False,False,False,False,False,,,,2020-12-07,3446.648
2020-12-07 00:00:00,2020-12-07,20.792,0.0432306932696553,2020-12-18,2021-01-15,11,39,0.0484705109777578,0.0425306366527833,5028.805160351365,5029.414395004071,5000.0,5000.0,31,23,0.02996,0.03001625,OK,正常双期限插值,HIST_CLEAN_SURFACE,3446.648,3416.604,-0.008122032839407822,0.0006191261359675959,3440.928,3413.9584999999997,3444.581,3435.9582,False,False,False,False,False,False,False,False,False,,,,2020-12-08,3417.694
2020-12-08 00:00:00,2020-12-08,19.7964,0.0391896081435556,2020-12-18,2021-01-15,10,38,0.0437973192693841,0.0387045859197842,5013.611167760826,5013.530261704134,5000.0,5000.0,32,23,0.02996,0.03001,OK,正常双期限插值,HIST_CLEAN_SURFACE,3417.694,3410.177,-0.001881107672999205,0.0021611467890043645,3432.5758,3414.6938999999998,3416.604,3440.928,False,False,False,False,False,False,False,False,False,,,,2020-12-09,3416.078
2020-12-09 00:00:00,2020-12-09,19.6017,0.0384228535510193,2020-12-18,2021-01-15,9,37,0.0410297734213927,0.0382114816696377,4952.702266595416,4953.859879123614,4950.0,4950.0,32,23,0.02996,0.03000375,OK,正常双期限插值,HIST_CLEAN_SURFACE,3416.078,3371.964,-0.011205576719331645,0.002866169768734439,3417.0924,3415.6576,3410.177,3432.5758,False,False,False,False,False,False,False,False,False,,,,2020-12-10,3365.731
2020-12-10 00:00:00,2020-12-10,18.7394,0.0351166006299005,2020-12-18,2021-01-15,8,36,0.0369666900657642,0.0350044739974239,4946.374888119516,4945.238218088006,4900.0,4900.0,25,23,0.02996,0.0299975,OK,正常双期限插值,HIST_CLEAN_SURFACE,3365.731,3373.276,0.00038909074948612066,0.0010514186138781412,3403.3203999999996,3416.0119,3371.964,3417.0924,False,False,False,False,False,False,False,False,False,,,,2020-12-11,3381.008
2020-12-11 00:00:00,2020-12-11,19.4591,0.0378656486420916,2020-12-18,2021-01-15,7,35,0.0387487593044298,0.0378272525263378,4885.775724043574,4886.4739825761335,4850.0,4850.0,33,23,0.02996,0.02999125,OK,正常双期限插值,HIST_CLEAN_SURFACE,3381.008,3347.191,-0.007732838937578812,-0.017931483284809757,3383.8424,3409.9003,3373.276,3403.3203999999996,False,False,False,False,False,False,False,False,False,,,,2020-12-14,3349.534
2020-12-14 00:00:00,2020-12-14,18.9029,0.0357317909868597,2021-01-15,2021-02-19,32,67,0.0351032900905134,0.0301784696340688,4931.237062737087,4923.003462921948,4900.0,4900.0,23,19,0.0299725,0.03019125,WARN,期限未夹住30日,HIST_CLEAN_SURFACE,3349.534,3369.12,0.0065514636003742854,-0.006673536266623148,3374.3455999999996,3407.6367999999993,3347.191,3383.8424,False,False,False,False,False,False,False,False,False,,,,2020-12-15,3366.581
2020-12-15 00:00:00,2020-12-15,18.6356,0.0347286700213027,2021-01-15,2021-02-19,31,66,0.0343808634937065,0.0288475778274035,4943.031076712737,4945.68217216166,4900.0,4900.0,23,19,0.02996625,0.030185,WARN,期限未夹住30日,HIST_CLEAN_SURFACE,3366.581,3367.233,-0.0005600869069667391,-0.02453838973932898,3365.7568,3399.1663,3369.12,3374.3455999999996,False,False,False,False,False,False,False,False,False,,,,2020-12-16,3371.263
2020-12-16 00:00:00,2020-12-16,19.0581,0.036321282164807,2021-01-15,2021-02-19,30,65,0.036321282164807,0.0293906754425807,4947.6762805622375,4952.788407257511,4900.0,4950.0,23,19,0.02996,0.03017875,WARN,期限未夹住30日,HIST_CLEAN_SURFACE,3371.263,3366.983,-7.42449364210529e-05,-0.023887764210448137,3364.7606,3390.9265,3367.233,3365.7568,False,False,False,False,False,False,False,False,False,,,,2020-12-17,3367.277
2020-12-17 00:00:00,2020-12-17,18.5657,0.0344683602161727,2021-01-15,2021-02-19,29,64,0.0347185850545479,0.0306133337999548,5030.990186025474,5023.437340872655,5000.0,5000.0,23,19,0.02996,0.0301725,OK,正常双期限插值,HIST_CLEAN_SURFACE,3367.277,3404.873,0.01125339807180481,-0.010825545533354797,3371.0800000000004,3387.2002,3366.983,3364.7606,False,False,False,False,False,False,False,False,False,,,,2020-12-18,3400.486
2020-12-18 00:00:00,2020-12-18,17.9136,0.0320896148602536,2021-01-15,2021-02-19,28,63,0.0323117092666604,0.0304609225466039,4998.588633959749,4998.970398194503,4950.0,4950.0,23,19,0.02996,0.03016625,OK,正常双期限插值,HIST_CLEAN_SURFACE,3400.486,3394.896,-0.0029302120813315957,-0.014424105573362933,3380.621,3382.2316999999994,3404.873,3371.0800000000004,False,False,False,False,False,False,False,False,False,,,,2020-12-21,3394.395
2020-12-21 00:00:00,2020-12-21,18.8941,0.0356986241520912,2021-01-15,2021-02-19,25,60,0.0375994160058249,0.0309466445177569,5047.565330878337,5051.886035930743,5000.0,5000.0,23,19,0.02996,0.0301475,OK,正常双期限插值,HIST_CLEAN_SURFACE,3394.395,3420.569,0.007562234601590001,0.0011605090903130666,3390.9108,3382.6282,3394.896,3380.621,False,False,False,False,False,False,False,False,False,,,,2020-12-22,3410.968
2020-12-22 00:00:00,2020-12-22,18.5796,0.0345201836324002,2021-01-15,2021-02-19,24,59,0.0364626932127063,0.0307010122541711,4967.780554509724,4967.520749881802,4950.0,4950.0,23,19,0.02996,0.03014125,OK,正常双期限插值,HIST_CLEAN_SURFACE,3410.968,3356.782,-0.018648067032122406,-0.015657545048248234,3388.8206,3377.2887,3420.569,3390.9108,False,False,False,False,False,False,False,False,False,,,,2020-12-23,3362.472
2020-12-23 00:00:00,2020-12-23,18.5543,0.0344260582128599,2021-01-15,2021-02-19,23,58,0.0364656636083225,0.0311908220683328,5007.273430284016,5006.4307203769085,5000.0,5000.0,23,19,0.02996,0.030135,OK,正常双期限插值,HIST_CLEAN_SURFACE,3362.472,3382.32,0.0076078815961238,0.0030712071659129148,3391.888,3378.3243,3356.782,3388.8206,False,False,False,False,False,False,False,False,False,,,,2020-12-24,3382.193
2020-12-24 00:00:00,2020-12-24,18.3636,0.0337221328407902,2021-01-15,2021-02-19,22,57,0.0358079260061238,0.0310051127964741,5003.299539927,5001.205659348491,5000.0,5000.0,23,19,0.02996,0.03012875,OK,正常双期限插值,HIST_CLEAN_SURFACE,3382.193,3363.113,-0.005678646609427962,-0.003012798241234904,3383.536,3377.308,3382.32,3391.888,False,False,False,False,False,False,False,False,False,,,,2020-12-25,3351.79
2020-12-25 00:00:00,2020-12-25,18.0056,0.0324202343599141,2021-01-15,2021-02-19,21,56,0.0340111526983249,0.0306967394933024,5049.635926047502,5050.505221341818,5000.0,5000.0,23,19,0.02996,0.0301225,OK,正常双期限插值,HIST_CLEAN_SURFACE,3351.79,3396.563,0.009946142160552007,0.014750278666499916,3383.8694000000005,3382.2452,3363.113,3383.536,False,False,False,False,False,False,False,False,False,,,,2020-12-28,3396.359
2020-12-28 00:00:00,2020-12-28,18.3995,0.0338542131055462,2021-01-15,2021-02-19,18,53,0.0383987503935289,0.0308959765690292,5067.952685713198,5068.864195286446,5000.0,5000.0,23,19,0.02996,0.03010375,OK,正常双期限插值,HIST_CLEAN_SURFACE,3396.359,3397.285,0.00021256782223666448,0.008359749726931653,3379.2126000000003,3385.0616999999997,3396.563,3383.8694000000005,False,False,False,False,False,False,False,False,False,,,,2020-12-29,3399.294
2020-12-29 00:00:00,2020-12-29,18.735,0.0350999144014834,2021-01-15,2021-02-19,17,52,0.0397762539296671,0.0325127088045298,5054.133146529933,5060.302161644808,5000.0,5000.0,23,19,0.02996,0.0300975,OK,正常双期限插值,HIST_CLEAN_SURFACE,3399.294,3379.036,-0.0053716423555868476,0.003505251938312526,3383.6634000000004,3386.2419999999997,3397.285,3379.2126000000003,False,False,False,False,False,False,False,False,False,,,,2020-12-30,3375.009
2020-12-30 00:00:00,2020-12-30,19.0941,0.0364586061862342,2021-01-15,2021-02-19,16,51,0.0421843578456053,0.0337641348171183,5117.069549797559,5121.521741240225,5100.0,5100.0,23,19,0.02996,0.03009125,OK,正常双期限插值,HIST_CLEAN_SURFACE,3375.009,3414.453,0.010481391734210588,0.014098675282886663,3390.09,3390.989,3379.036,3383.6634000000004,False,False,False,False,False,False,False,False,False,,,,2020-12-31,3419.727
2020-12-31 00:00:00,2020-12-31,20.537,0.0421768212627139,2021-01-15,2021-02-19,15,50,0.0532738433075077,0.0377380124447964,5225.490559040816,5227.638656234454,5200.0,5200.0,24,20,0.02996,0.030085,OK,正常双期限插值,HIST_CLEAN_SURFACE,3419.727,3473.069,0.017167024996390445,0.020028940873859202,3412.0811999999996,3397.8086000000003,3414.453,3390.09,False,False,False,False,False,False,False,False,False,,,,2021-01-04,3474.679
2021-01-04 00:00:00,2021-01-04,20.967,0.0439615088332708,2021-01-15,2021-02-19,11,46,0.059604065577381,0.0408115202898345,5270.925722679287,5284.721952851617,5200.0,5200.0,25,21,0.02996,0.03006,OK,正常双期限插值,HIST_CLEAN_SURFACE,3474.679,3502.958,0.00860593325384551,0.0318307247114491,3433.3602,3408.6148000000003,3473.069,3412.0811999999996,False,False,False,False,False,False,False,False,False,,,,2021-01-05,3492.191
2021-01-05 00:00:00,2021-01-05,21.0474,0.0442994907364487,2021-01-15,2021-02-19,10,45,0.0643848349798752,0.0409519333625442,5364.209367760098,5366.385199248795,5300.0,5300.0,25,21,0.02996,0.03005375,OK,正常双期限插值,HIST_CLEAN_SURFACE,3492.191,3528.677,0.0073420806073039024,0.031605268012427246,3459.6385999999998,3419.4256,3502.958,3433.3602,False,False,False,False,False,False,False,False,False,,,,2021-01-06,3530.907
2021-01-06 00:00:00,2021-01-06,22.716,0.0516016161782257,2021-01-15,2021-02-19,9,44,0.0788372480537107,0.0478876663770231,5411.062195495289,5415.416537057827,5400.0,5400.0,27,23,0.02996,0.0300475,OK,正常双期限插值,HIST_CLEAN_SURFACE,3530.907,3550.877,0.006291309745833917,0.05782174713758592,3494.0068,3438.8351000000002,3528.677,3459.6385999999998,False,False,False,False,False,False,False,False,False,,,,2021-01-07,3552.909
2021-01-07 00:00:00,2021-01-07,25.175,0.0633781359715993,2021-01-15,2021-02-19,8,43,0.1021306118454716,0.0591178214992074,5527.740903942531,5527.481524040174,5500.0,5500.0,27,23,0.02996,0.03004125,OK,正常双期限插值,HIST_CLEAN_SURFACE,3552.909,3576.205,0.0071328857631509646,0.05732308001608355,3526.3572,3458.2236000000003,3550.877,3494.0068,False,False,False,False,False,False,False,False,False,,,,2021-01-08,3577.692
2021-01-08 00:00:00,2021-01-08,25.7941,0.0665336536377944,2021-01-15,2021-02-19,7,42,0.0963979763638161,0.0639367560094446,5505.615732959009,5507.240949343994,5500.0,5500.0,28,24,0.02996,0.030035,OK,正常双期限插值,HIST_CLEAN_SURFACE,3577.692,3570.108,-0.0017048798936302179,0.06154863068829397,3545.7650000000003,3478.9231,3576.205,3526.3572,False,False,False,False,False,False,False,False,False,,,,2021-01-11,3571.321
2021-01-11 00:00:00,2021-01-11,23.9748,0.0574791632434539,2021-02-19,2021-03-19,39,67,0.0554702326460687,0.052671722361154,5445.327567335125,5435.078763718776,5400.0,5400.0,24,31,0.03001625,0.03019125,WARN,期限未夹住30日,HIST_CLEAN_SURFACE,3571.321,3531.498,-0.010814798880033893,0.0397269239522422,3551.4730000000004,3492.4165999999996,3570.108,3545.7650000000003,False,False,False,False,False,False,False,False,False,,,,2021-01-12,3518.011
2021-01-12 00:00:00,2021-01-12,25.6235,0.0656561242750825,2021-02-19,2021-03-19,38,66,0.0609749600439212,0.0535276533125281,5598.847408030587,5575.980608424371,5500.0,5500.0,24,30,0.03001,0.030185,WARN,期限未夹住30日,HIST_CLEAN_SURFACE,3518.011,3608.339,0.021758755066546787,0.062124313974247114,3567.4054000000006,3513.522,3531.498,3551.4730000000004,False,True,True,False,False,True,False,True,False,,,,2021-01-13,3613.281
2021-01-13 00:00:00,2021-01-13,24.8507,0.0617558443456453,2021-02-19,2021-03-19,37,65,0.0600181566109393,0.0568101177160974,5578.493138876032,5567.223986963781,5500.0,5500.0,25,31,0.03000375,0.03017875,WARN,期限未夹住30日,HIST_CLEAN_SURFACE,3613.281,3598.652,-0.0026846147216211813,0.06499368458933263,3576.9604,3535.4836000000005,3608.339,3567.4054000000006,False,False,False,False,False,False,False,False,False,,,,2021-01-14,3584.932
2021-01-14 00:00:00,2021-01-14,24.1812,0.0584731470196002,2021-02-19,2021-03-19,36,64,0.0580160248149556,0.0570160699922954,5483.551406165629,5486.756916371908,5400.0,5400.0,25,32,0.0299975,0.0301725,WARN,期限未夹住30日,HIST_CLEAN_SURFACE,3584.932,3565.905,-0.009099796257042825,0.0443561530939216,3574.9004,3550.6288,3598.652,3576.9604,False,False,False,False,False,False,False,False,False,,,,2021-01-15,3566.285
2021-01-15 00:00:00,2021-01-15,22.7868,0.051924031813668,2021-02-19,2021-03-19,35,63,0.0523135049056282,0.0533520998175219,5458.39334222394,5461.540928429316,5400.0,5400.0,25,32,0.02999125,0.03016625,WARN,期限未夹住30日,HIST_CLEAN_SURFACE,3566.285,3566.378,0.0001326451489873648,0.026866440027537575,3574.1544000000004,3559.9597000000003,3565.905,3574.9004,False,False,False,False,False,False,False,False,False,,,,2021-01-18,3554.798
2021-01-18 00:00:00,2021-01-18,23.2995,0.0542867358313789,2021-02-19,2021-03-19,32,60,0.0541315578706912,0.053045312145877,5511.270446502175,5513.242863591367,5500.0,5500.0,25,32,0.0299725,0.0301475,WARN,期限未夹住30日,HIST_CLEAN_SURFACE,3554.798,3596.224,0.008368714701582292,0.026624926704801988,3587.0996,3569.2862999999998,3566.378,3574.1544000000004,False,True,True,False,False,False,False,False,False,,,,2021-01-19,3596.356
2021-01-19 00:00:00,2021-01-19,23.4768,0.0551157866386984,2021-02-19,2021-03-19,31,59,0.0552214169913561,0.0567253067580073,5439.646591122189,5436.605855832755,5400.0,5400.0,25,32,0.02996625,0.03014125,WARN,期限未夹住30日,HIST_CLEAN_SURFACE,3596.356,3566.381,-0.008298426349415466,0.01068502444400532,3578.708,3573.0567,3596.224,3587.0996,False,False,False,False,False,False,False,False,False,,,,2021-01-20,3564.121
2021-01-20 00:00:00,2021-01-20,23.1951,0.0538013807372338,2021-02-19,2021-03-19,30,58,0.0538013807372338,0.0552146556787609,5470.656252168568,5467.165432214477,5400.0,5400.0,25,32,0.02996,0.030135,WARN,期限未夹住30日,HIST_CLEAN_SURFACE,3564.121,3583.092,0.004685702396911573,0.00907240661954778,3575.596,3576.2781999999997,3566.381,3578.708,False,True,True,False,False,False,False,False,False,,,,2021-01-21,3590.925
2021-01-21 00:00:00,2021-01-21,23.7062,0.0561984427655182,2021-02-19,2021-03-19,29,57,0.0562541148592833,0.0554336840037975,5561.909437680896,5555.634419108155,5500.0,5500.0,25,31,0.02996,0.03012875,OK,正常双期限插值,HIST_CLEAN_SURFACE,3590.925,3621.264,0.010653368654782058,0.012599669202408847,3586.6678,3580.7841,3583.092,3575.596,False,False,False,False,False,False,False,False,False,,,,2021-01-22,3616.54
2021-01-22 00:00:00,2021-01-22,22.3952,0.0501546406206797,2021-02-19,2021-03-19,28,56,0.0500303655594956,0.0509624285183766,5548.895014028575,5542.211369780316,5500.0,5500.0,25,31,0.02996,0.0301225,OK,正常双期限插值,HIST_CLEAN_SURFACE,3616.54,3606.75,-0.004007992789258119,0.010263555052115958,3594.7421999999997,3584.4483,3621.264,3586.6678,False,False,False,False,False,False,False,False,False,,,,2021-01-25,3605.361
2021-01-25 00:00:00,2021-01-25,23.1838,0.0537486397899017,2021-02-19,2021-03-19,25,53,0.0536576236641837,0.0539461276098559,5597.589612260888,5587.037933763609,5500.0,5500.0,25,31,0.02996,0.03010375,OK,正常双期限插值,HIST_CLEAN_SURFACE,3605.361,3624.238,0.004848686490607879,0.026260810568206505,3600.345,3593.7223,3606.75,3594.7421999999997,False,False,False,False,False,False,False,False,False,,,,2021-01-26,3610.969
2021-01-26 00:00:00,2021-01-26,23.1672,0.0536716889646168,2021-02-19,2021-03-19,24,52,0.0528433974440643,0.0550734130763211,5500.692314960886,5499.3134575259255,5500.0,5400.0,25,32,0.02996,0.0300975,OK,正常双期限插值,HIST_CLEAN_SURFACE,3610.969,3569.429,-0.015122903076453476,-0.010783354889881469,3600.9546,3589.8313000000003,3624.238,3600.345,False,False,False,False,False,False,False,False,False,,,,2021-01-27,3567.549
2021-01-27 00:00:00,2021-01-27,23.1234,0.0534691372155963,2021-02-19,2021-03-19,23,51,0.0520549191987628,0.0553824910030769,5505.04026929219,5497.703924098078,5500.0,5400.0,25,32,0.02996,0.03009125,OK,正常双期限插值,HIST_CLEAN_SURFACE,3567.549,3573.341,0.0010959736137068354,-0.007033466975967739,3599.0044000000003,3587.3002,3569.429,3600.9546,False,False,False,False,False,False,False,False,False,,,,2021-01-28,3534.669
2021-01-28 00:00:00,2021-01-28,24.8955,0.0619786009555691,2021-02-19,2021-03-19,22,50,0.0590277210530773,0.0652245688483099,5383.0173008838265,5373.9039486310685,5300.0,5300.0,25,32,0.02996,0.030085,OK,正常双期限插值,HIST_CLEAN_SURFACE,3534.669,3505.176,-0.019075985191449707,-0.01703045930836644,3575.7868000000003,3581.2273,3573.341,3599.0044000000003,False,False,False,False,False,False,False,False,False,,,,2021-01-29,3521.718
2021-01-29 00:00:00,2021-01-29,25.1024,0.0630131463153038,2021-02-19,2021-03-19,21,49,0.0601933422346433,0.0655643976263775,5351.826825950014,5346.581750914269,5300.0,5300.0,25,33,0.02996,0.03007875,OK,正常双期限插值,HIST_CLEAN_SURFACE,3521.718,3483.069,-0.006306958623475634,-0.023359554147092676,3551.0506,3572.8964,3505.176,3575.7868000000003,False,False,False,False,False,False,False,False,False,,,,2021-02-01,3477.172
2021-02-01 00:00:00,2021-02-01,25.6247,0.0656623905101316,2021-02-19,2021-03-19,18,46,0.0618465540247306,0.0676532617199061,5408.247494276696,5400.539993987884,5400.0,5400.0,25,32,0.02996,0.03006,OK,正常双期限插值,HIST_CLEAN_SURFACE,3477.172,3505.284,0.006377995957013827,-0.025287635030520894,3527.2598,3563.8023999999996,3483.069,3551.0506,False,False,False,False,False,False,False,False,False,,,,2021-02-02,3510.808
2021-02-02 00:00:00,2021-02-02,24.196,0.0585447818596703,2021-02-19,2021-03-19,17,45,0.0532174495026604,0.0608669523742643,5476.967883460562,5466.104801884741,5400.0,5400.0,25,32,0.02996,0.03005375,OK,正常双期限插值,HIST_CLEAN_SURFACE,3510.808,3533.685,0.008102339211316423,-0.009167837087512454,3520.111,3560.5328,3505.284,3527.2598,False,True,True,False,False,False,False,False,False,,,,2021-02-03,3531.149
2021-02-03 00:00:00,2021-02-03,23.7009,0.0561731798887471,2021-02-19,2021-03-19,16,44,0.0485228678831226,0.058955111527156,5478.302768707434,5472.483976512574,5400.0,5400.0,25,32,0.02996,0.0300475,OK,正常双期限插值,HIST_CLEAN_SURFACE,3531.149,3517.308,-0.004634538732229965,-0.01835956207655287,3508.9043999999994,3553.9544,3533.685,3520.111,False,False,False,False,False,False,False,False,False,,,,2021-02-04,3503.779
2021-02-04 00:00:00,2021-02-04,24.2785,0.0589445906498013,2021-02-19,2021-03-19,15,43,0.0503400875448054,0.0615459520536373,5472.707131486678,5468.802400546326,5400.0,5400.0,25,32,0.02996,0.03004125,OK,正常双期限插值,HIST_CLEAN_SURFACE,3503.779,3501.859,-0.004392279550155975,-0.03297329330311194,3508.2409999999995,3542.0139000000004,3517.308,3508.9043999999994,False,False,False,False,False,False,False,False,False,,,,2021-02-05,3509.487
2021-02-05 00:00:00,2021-02-05,23.9846,0.0575260499072567,2021-02-19,2021-03-19,14,42,0.0382783364436602,0.0623379782731558,5477.656150616085,5478.595952155053,5400.0,5400.0,25,32,0.02996,0.030035,OK,正常双期限插值,HIST_CLEAN_SURFACE,3509.487,3496.333,-0.0015780189893425112,-0.030613987662022613,3510.8938000000003,3530.9722,3501.859,3508.2409999999995,False,False,False,False,False,False,False,False,False,,,,2021-02-08,3504.563
2021-02-08 00:00:00,2021-02-08,24.0919,0.0580421649092552,2021-02-19,2021-03-19,11,39,0.0400905918192565,0.0604405532168259,5543.019324117231,5540.04086649415,5500.0,5500.0,25,31,0.02996,0.03001625,OK,正常双期限插值,HIST_CLEAN_SURFACE,3504.563,3532.447,0.010329107667948145,-0.025326979078084788,3516.3264000000004,3521.7931,3496.333,3510.8938000000003,False,True,True,False,False,False,False,False,False,,,,2021-02-09,3539.773
2021-02-09 00:00:00,2021-02-09,23.9473,0.0573472083866627,2021-02-19,2021-03-19,10,38,0.0403340922420425,0.0591380627176753,5672.648227801409,5665.540285789019,5600.0,5600.0,24,31,0.02996,0.03001,OK,正常双期限插值,HIST_CLEAN_SURFACE,3539.773,3603.489,0.02011127130852919,0.009542142454717517,3530.2871999999998,3525.1991000000003,3532.447,3516.3264000000004,False,False,False,False,False,False,False,False,False,,,,2021-02-10,3612.613
2021-02-10 00:00:00,2021-02-10,25.7605,0.0663603886667138,2021-02-19,2021-03-19,9,37,0.0480332751053541,0.0678463708473646,5803.728906981972,5801.07367399056,5800.0,5800.0,26,31,0.02996,0.03000375,OK,正常双期限插值,HIST_CLEAN_SURFACE,3612.613,3655.088,0.014319177885654844,0.02287690987230162,3557.8432000000003,3533.3738,3603.489,3530.2871999999998,False,False,False,False,False,False,False,False,False,,,,2021-02-18,3721.087
2021-02-18 00:00:00,2021-02-18,25.2975,0.0639963645755647,2021-03-19,2021-04-16,29,57,0.0646927044432487,0.0544308537615897,5745.87340553715,5745.946272542737,5700.0,5700.0,32,19,0.02996,0.03012875,OK,正常双期限插值,HIST_CLEAN_SURFACE,3721.087,3675.357,0.005545420520654876,0.048551342357701976,3592.5428,3550.3919,3655.088,3557.8432000000003,False,False,False,False,False,False,False,False,False,,,,2021-02-19,3661.783
2021-02-19 00:00:00,2021-02-19,23.5541,0.0554796737264468,2021-03-19,2021-04-16,28,56,0.056248301811295,0.0504835911749339,5754.856977551356,5755.512911692365,5700.0,5700.0,32,19,0.02996,0.0301225,OK,正常双期限插值,HIST_CLEAN_SURFACE,3661.783,3696.168,0.005662307090168461,0.06118138917144633,3632.5098000000007,3571.7018000000003,3675.357,3592.5428,False,False,False,False,False,False,False,False,False,,,,2021-02-22,3707.191
2021-02-22 00:00:00,2021-02-22,24.7959,0.0614836653568455,2021-03-19,2021-04-16,25,53,0.0651624307085329,0.0535014386503541,5590.610480677194,5595.786885049519,5500.0,5500.0,33,19,0.02996,0.03010375,OK,正常双期限插值,HIST_CLEAN_SURFACE,3707.191,3642.445,-0.014534783050986877,0.039129782351444264,3654.5094000000004,3585.4179000000004,3696.168,3632.5098000000007,False,False,False,False,False,False,False,False,False,,,,2021-02-23,3617.701
2021-02-23 00:00:00,2021-02-23,24.845,0.06172764416823,2021-03-19,2021-04-16,24,52,0.064572628617518,0.0569130551002043,5566.491932587452,5562.242378366951,5500.0,5500.0,33,19,0.02996,0.0300975,OK,正常双期限插值,HIST_CLEAN_SURFACE,3617.701,3636.357,-0.0016714047844237356,0.029055221390701158,3661.083,3595.6851,3642.445,3654.5094000000004,False,False,False,False,False,False,False,False,False,,,,2021-02-24,3638.936
2021-02-24 00:00:00,2021-02-24,26.7441,0.0715246098206429,2021-03-19,2021-04-16,23,51,0.0738941024398501,0.0683188256887743,5431.576519430148,5432.5168607119485,5400.0,5400.0,34,19,0.02996,0.03009125,OK,正常双期限插值,HIST_CLEAN_SURFACE,3638.936,3564.08,-0.019876211274085565,0.01329766969511903,3642.8813999999998,3600.3623,3636.357,3661.083,False,False,False,False,False,False,False,False,False,,,,2021-02-25,3595.542
2021-02-25 00:00:00,2021-02-25,25.7449,0.0662800035493158,2021-03-19,2021-04-16,22,50,0.0693523222239225,0.0629004530072484,5465.979266855826,5456.610273579937,5400.0,5400.0,34,19,0.02996,0.030085,OK,正常双期限插值,HIST_CLEAN_SURFACE,3595.542,3585.046,0.0058825840048484235,0.02375509693565614,3624.8192000000004,3608.6810000000005,3564.08,3642.8813999999998,False,False,False,False,False,False,False,False,False,,,,2021-02-26,3514.565
2021-02-26 00:00:00,2021-02-26,27.2358,0.0741786302191586,2021-03-19,2021-04-16,21,49,0.0836438605309123,0.0656148504132862,5325.076501655595,5318.845733547009,5300.0,5300.0,35,19,0.02996,0.03007875,OK,正常双期限插值,HIST_CLEAN_SURFACE,3514.565,3509.08,-0.021189686269018515,0.003645819777464032,3587.4016,3609.9557,3585.046,3624.8192000000004,False,False,False,False,False,False,False,False,False,,,,2021-03-01,3531.48
2021-03-01 00:00:00,2021-03-01,25.6665,0.0658767568186027,2021-03-19,2021-04-16,18,46,0.0756918055491442,0.0607558618287549,5396.013456674124,5388.606707638815,5300.0,5300.0,34,19,0.02996,0.03006,OK,正常双期限插值,HIST_CLEAN_SURFACE,3531.48,3551.4,0.012060141119609735,0.0053654025099314495,3569.1926,3611.851,3509.08,3587.4016,False,False,False,False,False,False,False,False,False,,,,2021-03-02,3566.852
2021-03-02 00:00:00,2021-03-02,24.8019,0.0615131812829953,2021-03-19,2021-04-16,17,45,0.0702174092567126,0.0577190306277852,5316.396027859771,5300.116742970348,5300.0,5300.0,35,19,0.02996,0.03005375,OK,正常双期限插值,HIST_CLEAN_SURFACE,3566.852,3508.591,-0.01205411950216817,-0.026335032519871793,3543.6394,3602.3612000000003,3551.4,3569.1926,False,False,False,False,False,False,False,False,False,,,,2021-03-03,3500.158
2021-03-03 00:00:00,2021-03-03,24.884,0.0619211913600591,2021-03-19,2021-04-16,16,44,0.0693947096182217,0.0592035483570908,5417.648061757922,5401.661830757958,5400.0,5400.0,33,19,0.02996,0.0300475,OK,正常双期限插值,HIST_CLEAN_SURFACE,3500.158,3576.905,0.019470493996023075,-0.02139018267138848,3546.2043999999996,3594.5428999999995,3508.591,3543.6394,False,True,True,False,False,False,False,False,False,,,,2021-03-04,3546.641
2021-03-04 00:00:00,2021-03-04,26.0639,0.0679325892499683,2021-03-19,2021-04-16,15,43,0.0827013193484781,0.0634676243364654,5266.358605097189,5256.797371516171,5200.0,5200.0,35,19,0.02996,0.03004125,OK,正常双期限插值,HIST_CLEAN_SURFACE,3546.641,3503.492,-0.020524168240420138,-0.04676144385429759,3529.8936000000003,3577.3563999999997,3576.905,3546.2043999999996,False,False,False,False,False,False,False,False,False,,,,2021-03-05,3463.309
2021-03-05 00:00:00,2021-03-05,26.9028,0.072375897423964,2021-03-19,2021-04-16,14,42,0.090288093338395,0.0678978484453562,5258.552397815841,5245.477058080855,5200.0,5200.0,35,20,0.02996,0.030035,OK,正常双期限插值,HIST_CLEAN_SURFACE,3463.309,3501.987,-0.0004295714104670667,-0.052535761361496514,3528.475,3557.9383000000003,3503.492,3529.8936000000003,False,False,False,False,False,False,False,False,False,,,,2021-03-08,3524.983
2021-03-08 00:00:00,2021-03-08,27.8074,0.0773253772913551,2021-03-19,2021-04-16,11,39,0.1110798513407734,0.0728156702321211,5057.180856545138,5052.089840905092,5000.0,5000.0,37,21,0.02996,0.03001625,OK,正常双期限插值,HIST_CLEAN_SURFACE,3524.983,3421.414,-0.023007795288788824,-0.0606820418702273,3502.4777999999997,3535.8352,3501.987,3528.475,False,False,False,False,False,False,False,False,False,,,,2021-03-09,3415.339
2021-03-09 00:00:00,2021-03-09,27.6694,0.0765593282492874,2021-03-19,2021-04-16,10,38,0.1210377130552001,0.0718773930065598,4963.592752638349,4952.668078127581,4950.0,4950.0,37,24,0.02996,0.03001,OK,正常双期限插值,HIST_CLEAN_SURFACE,3415.339,3359.292,-0.018156820542617802,-0.07619301405225065,3472.618,3508.1287,3421.414,3502.4777999999997,False,False,False,False,False,False,False,False,False,,,,2021-03-10,3389.839
2021-03-10 00:00:00,2021-03-10,27.1457,0.0736889660820379,2021-03-19,2021-04-16,9,37,0.1023993421696632,0.0713610977506088,4992.456625002354,4982.26640523167,4950.0,4950.0,37,26,0.02996,0.03000375,OK,正常双期限插值,HIST_CLEAN_SURFACE,3389.839,3357.737,-0.0004628951576700624,-0.05789516509169268,3428.7843999999996,3487.4944000000005,3359.292,3472.618,False,False,False,False,False,False,False,False,False,,,,2021-03-11,3369.902
2021-03-11 00:00:00,2021-03-11,25.219,0.0635997642340795,2021-03-19,2021-04-16,8,36,0.0767593373898551,0.0628022143458507,5112.876762347281,5097.891266522272,5100.0,5000.0,36,26,0.02996,0.0299975,OK,正常双期限插值,HIST_CLEAN_SURFACE,3369.902,3436.831,0.02355574602775623,-0.041342565757872984,3415.4521999999997,3472.6729,3357.737,3428.7843999999996,True,True,True,True,False,False,False,False,False,,,,2021-03-12,3447.203
2021-03-12 00:00:00,2021-03-12,24.2012,0.0585697164975337,2021-03-19,2021-04-16,7,35,0.0652187218229168,0.0582806293094735,5122.142546906816,5103.731919127881,5100.0,5100.0,36,26,0.02996,0.02999125,OK,正常双期限插值,HIST_CLEAN_SURFACE,3447.203,3453.078,0.004727320022427595,-0.015959168784980715,3405.6704,3467.0726999999997,3436.831,3415.4521999999997,False,False,False,False,False,False,False,False,False,,,,2021-03-15,3441.882
2021-03-15 00:00:00,2021-03-15,24.4259,0.0596625015211392,2021-04-16,2021-05-21,32,67,0.0585969414135196,0.0502474032567995,5009.163882879284,4976.958984605984,5000.0,4950.0,26,22,0.0299725,0.03019125,WARN,期限未夹住30日,HIST_CLEAN_SURFACE,3441.882,3419.946,-0.009594917925398794,-0.037014698428788684,3405.3768000000005,3453.9273000000003,3453.078,3405.6704,False,False,False,False,False,False,False,False,False,,,,2021-03-16,3424.652
2021-03-16 00:00:00,2021-03-16,24.1987,0.0585574729163959,2021-04-16,2021-05-21,31,66,0.0579769500184232,0.0487413584597657,5040.101932809177,5020.88068625945,5000.0,5000.0,26,22,0.02996625,0.030185,WARN,期限未夹住30日,HIST_CLEAN_SURFACE,3424.652,3446.733,0.00783257981266372,-0.017630439113592855,3422.8650000000002,3447.7415,3419.946,3405.3768000000005,False,False,False,False,False,False,False,False,False,,,,2021-03-17,3435.732
2021-03-17 00:00:00,2021-03-17,24.8783,0.0618930009185347,2021-04-16,2021-05-21,30,65,0.0618930009185347,0.0487527148649109,5050.130300416837,5028.42439611606,5000.0,5000.0,26,22,0.02996,0.03017875,WARN,期限未夹住30日,HIST_CLEAN_SURFACE,3435.732,3445.551,-0.0003429334387085037,-0.03672280924430482,3440.4278,3434.6061,3446.733,3422.8650000000002,False,False,False,False,False,False,False,False,False,,,,2021-03-18,3449.641
2021-03-18 00:00:00,2021-03-18,23.8318,0.0567953362035501,2021-04-16,2021-05-21,29,64,0.0573266912605984,0.0486091473559,5080.333596735741,5052.502553756524,5000.0,5000.0,26,22,0.02996,0.0301725,OK,正常双期限插值,HIST_CLEAN_SURFACE,3449.641,3463.068,0.005083947386063992,-0.011538202456292224,3445.6752,3430.5637,3445.551,3440.4278,False,False,False,False,False,False,False,False,False,,,,2021-03-19,3423.873
2021-03-19 00:00:00,2021-03-19,23.9222,0.0572273856981448,2021-04-16,2021-05-21,28,63,0.058327359003583,0.0491609147915977,4949.692736320288,4910.484740251073,4900.0,4900.0,26,22,0.02996,0.03016625,OK,正常双期限插值,HIST_CLEAN_SURFACE,3423.873,3404.663,-0.016865103428520656,-0.02779107974986772,3435.9921999999997,3420.8313000000003,3463.068,3445.6752,False,False,False,False,False,False,False,False,False,,,,2021-03-22,3406.123
2021-03-22 00:00:00,2021-03-22,23.2665,0.0541330119331722,2021-04-16,2021-05-21,25,60,0.0556269598406457,0.0503981421644885,5007.401251906919,4982.35838048641,5000.0,4950.0,26,22,0.02996,0.0301475,OK,正常双期限插值,HIST_CLEAN_SURFACE,3406.123,3443.439,0.011389086085759503,0.00643739693588663,3440.6908000000003,3423.0337999999997,3404.663,3435.9921999999997,False,True,True,False,False,False,False,False,False,,,,2021-03-23,3445.341
2021-03-23 00:00:00,2021-03-23,22.8389,0.0521615648845239,2021-04-16,2021-05-21,24,59,0.0535611388917049,0.0494098600568459,4980.563619850461,4955.387518213034,4950.0,4950.0,26,22,0.02996,0.03014125,OK,正常双期限插值,HIST_CLEAN_SURFACE,3445.341,3411.509,-0.009272706733007285,0.015544049162740325,3433.6459999999997,3428.2555,3443.439,3440.6908000000003,False,False,False,False,False,False,False,False,False,,,,2021-03-24,3394.128
2021-03-24 00:00:00,2021-03-24,23.6595,0.0559770091408425,2021-04-16,2021-05-21,23,58,0.0590017486402209,0.051179146486656,4921.428897138057,4901.568637161405,4900.0,4900.0,26,22,0.02996,0.030135,OK,正常双期限插值,HIST_CLEAN_SURFACE,3394.128,3367.061,-0.013028838557951894,0.0027768702551749236,3417.9480000000003,3429.1879,3411.509,3433.6459999999997,False,False,False,False,False,False,False,False,False,,,,2021-03-25,3355.071
2021-03-25 00:00:00,2021-03-25,22.9621,0.0527260328827985,2021-04-16,2021-05-21,22,57,0.0568803136592997,0.047314535555514,4922.579065269541,4901.33477115128,4900.0,4900.0,27,23,0.02996,0.03012875,OK,正常双期限插值,HIST_CLEAN_SURFACE,3355.071,3363.592,-0.0010302753647766227,-0.021310038229985673,3398.0528,3421.864,3367.061,3417.9480000000003,False,False,False,False,False,False,False,False,False,,,,2021-03-26,3373.317
2021-03-26 00:00:00,2021-03-26,21.6377,0.0468189308253619,2021-04-16,2021-05-21,21,56,0.0492185376543816,0.0442193567605906,5018.51809188416,4997.047473418634,5000.0,4950.0,27,23,0.02996,0.0301225,OK,正常双期限插值,HIST_CLEAN_SURFACE,3373.317,3418.327,0.016272782192370494,-0.010063774985679341,3400.7856,3418.3889000000004,3363.592,3398.0528,False,False,False,False,False,False,False,False,False,,,,2021-03-29,3429.632
2021-03-29 00:00:00,2021-03-29,21.8885,0.0479104835869726,2021-04-16,2021-05-21,18,53,0.0511860169877784,0.045778296750599,5017.396178176414,4995.982476811155,5000.0,4950.0,27,23,0.02996,0.03010375,OK,正常双期限插值,HIST_CLEAN_SURFACE,3429.632,3435.296,0.004964124263126202,0.004488374962645647,3399.157,3419.9239000000002,3418.327,3400.7856,False,False,False,False,False,False,False,False,False,,,,2021-03-30,3432.529
2021-03-30 00:00:00,2021-03-30,21.5038,0.046241485287019,2021-04-16,2021-05-21,17,52,0.0491009872689175,0.0446594531254361,5055.274557004601,5028.6712924565045,5000.0,5000.0,27,23,0.02996,0.0300975,OK,正常双期限插值,HIST_CLEAN_SURFACE,3432.529,3456.677,0.0062239178225109715,0.0028850508583055934,3408.1906000000004,3420.9183000000003,3435.296,3399.157,False,False,False,False,False,False,False,False,False,,,,2021-03-31,3452.208
2021-03-31 00:00:00,2021-03-31,21.0529,0.0443223319484706,2021-04-16,2021-05-21,16,51,0.0465633336938354,0.0432677428918283,5016.475935349696,4986.845656357165,5000.0,4950.0,27,23,0.02996,0.03009125,OK,正常双期限插值,HIST_CLEAN_SURFACE,3452.208,3441.912,-0.00427144335441243,-0.0010561445760054466,3423.1608,3420.5544,3456.677,3408.1906000000004,False,False,False,False,False,False,False,False,False,,,,2021-04-01,3444.81
2021-04-01 00:00:00,2021-04-01,20.2391,0.0409621372376365,2021-04-16,2021-05-21,15,50,0.0415194569850893,0.0407392093386554,5089.37557981442,5062.768837390264,5000.0,5000.0,27,23,0.02996,0.030085,OK,正常双期限插值,HIST_CLEAN_SURFACE,3444.81,3466.332,0.007094893768347488,0.0009425168665471162,3443.7087999999994,3420.8808000000004,3441.912,3423.1608,False,False,False,False,False,False,False,False,False,,,,2021-04-02,3472.628
2021-04-02 00:00:00,2021-04-02,20.893,0.0436515987198722,2021-04-16,2021-05-21,14,49,0.0453217113191552,0.0430849533736869,5139.730781365063,5112.393133051876,5100.0,5100.0,27,23,0.02996,0.03007875,OK,正常双期限插值,HIST_CLEAN_SURFACE,3472.628,3484.392,0.005210118361426375,0.023417589347315637,3456.9218,3428.8537000000006,3466.332,3443.7087999999994,False,False,False,False,False,False,False,False,False,,,,2021-04-06,3491.634
2021-04-06 00:00:00,2021-04-06,20.9776,0.0440060740088593,2021-04-16,2021-05-21,10,45,0.0534479239951076,0.0424324323444846,5107.488192464175,5082.665867305935,5100.0,5000.0,27,23,0.02996,0.03005375,OK,正常双期限插值,HIST_CLEAN_SURFACE,3491.634,3482.967,-0.00040896661454847827,0.011479221789612248,3466.4559999999997,3432.8065,3484.392,3456.9218,False,False,False,False,False,False,False,False,False,,,,2021-04-07,3483.421
2021-04-07 00:00:00,2021-04-07,19.8085,0.0392376757365088,2021-04-16,2021-05-21,9,44,0.044058408451874,0.0385803030935044,5073.773503991763,5044.473864102131,5000.0,5000.0,27,23,0.02996,0.0300475,OK,正常双期限插值,HIST_CLEAN_SURFACE,3483.421,3479.626,-0.0009592396367809064,0.01996682406524508,3471.0458,3439.6182,3482.967,3466.4559999999997,False,False,False,False,True,False,True,False,True,AVIX<20,AVIX<20,AVIX<20,2021-04-08,3467.487
2021-04-08 00:00:00,2021-04-08,18.8716,0.0356137249359672,2021-04-16,2021-05-21,8,43,0.0364886123950764,0.035517542805156,5088.001304196402,5049.081491297608,5000.0,5000.0,27,23,0.02996,0.03004125,OK,正常双期限插值,HIST_CLEAN_SURFACE,3467.487,3482.555,0.0008417571313696914,0.03430113086754294,3479.1744,3451.1675999999998,3479.626,3471.0458,False,False,False,False,False,False,False,False,False,,,,2021-04-09,3475.443
2021-04-09 00:00:00,2021-04-09,18.7176,0.035034887066557,2021-04-16,2021-05-21,7,42,0.0368186228233059,0.0348797796094484,5025.256546846938,4989.309565519176,5000.0,4950.0,27,23,0.02996,0.030035,OK,正常双期限插值,HIST_CLEAN_SURFACE,3475.443,3450.677,-0.009153624278726347,0.025890476609529367,3476.0434,3459.8761,3482.555,3479.1744,False,False,False,False,False,False,False,False,False,,,,2021-04-12,3445.97
2021-04-12 00:00:00,2021-04-12,17.6359,0.0311026633237537,2021-05-21,2021-06-18,39,67,0.0370227759111936,0.0452696989185725,4923.463686789785,4880.6888440380935,4900.0,4850.0,23,27,0.03001625,0.03019125,WARN,期限未夹住30日,HIST_CLEAN_SURFACE,3445.97,3412.948,-0.010933796469504431,-0.0015735767818586543,3461.7546,3459.3381999999997,3450.677,3476.0434,False,False,False,False,False,False,False,False,False,,,,2021-04-13,3411.293
2021-04-13 00:00:00,2021-04-13,18.7826,0.0352784350487458,2021-05-21,2021-06-18,38,66,0.039487248263234,0.0461830874681017,4918.560927717046,4872.064454830567,4900.0,4850.0,23,27,0.03001,0.030185,WARN,期限未夹住30日,HIST_CLEAN_SURFACE,3411.293,3396.47,-0.004828084107932562,-0.0113020828481738,3444.4552000000003,3455.4556,3412.948,3461.7546,False,False,False,False,False,False,False,False,False,,,,2021-04-14,3397.021
2021-04-14 00:00:00,2021-04-14,18.8312,0.0354612580257189,2021-05-21,2021-06-18,37,65,0.0391126860539419,0.0458537839521999,4949.675659042921,4907.4265369665845,4900.0,4900.0,23,27,0.03000375,0.03017875,WARN,期限未夹住30日,HIST_CLEAN_SURFACE,3397.021,3416.721,0.005962366810247088,-0.011559078270836465,3431.8741999999997,3451.46,3396.47,3444.4552000000003,False,False,False,False,False,False,False,False,False,,,,2021-04-15,3409.614
2021-04-15 00:00:00,2021-04-15,18.977,0.0360125087896446,2021-05-21,2021-06-18,36,64,0.0392970991262731,0.0464821404876478,4925.284872123257,4879.019302070507,4900.0,4850.0,23,27,0.0299975,0.0301725,WARN,期限未夹住30日,HIST_CLEAN_SURFACE,3409.614,3398.988,-0.005190063806790213,-0.012470975434583975,3415.1608,3447.1675999999998,3416.721,3431.8741999999997,False,False,False,False,False,False,False,False,False,,,,2021-04-16,3407.188
2021-04-16 00:00:00,2021-04-16,18.6861,0.0349169763125235,2021-05-21,2021-06-18,35,63,0.0377673089165933,0.0453681958607794,4949.000706320388,4914.91397628136,4900.0,4900.0,23,27,0.02999125,0.03016625,WARN,期限未夹住30日,HIST_CLEAN_SURFACE,3407.188,3426.618,0.00812889012847351,-0.011457067586140068,3410.3489999999997,3443.1962,3398.988,3415.1608,False,False,False,False,False,False,False,False,False,,,,2021-04-19,3427.548
2021-04-19 00:00:00,2021-04-19,19.5065,0.0380503733595443,2021-05-21,2021-06-18,32,60,0.0391204918446047,0.0466113212400281,5074.702899044571,5042.537217262458,5000.0,5000.0,23,27,0.0299725,0.0301475,WARN,期限未夹住30日,HIST_CLEAN_SURFACE,3427.548,3477.549,0.014863343389896366,-0.0019639007321793356,3423.2691999999997,3442.5119,3426.618,3410.3489999999997,False,False,False,False,False,False,False,False,False,,,,2021-04-20,3467.148
2021-04-20 00:00:00,2021-04-20,19.3895,0.0375954032542549,2021-05-21,2021-06-18,31,59,0.0380782046248878,0.0449519868508485,5072.310895067992,5039.96983481061,5000.0,5000.0,23,27,0.02996625,0.03014125,WARN,期限未夹住30日,HIST_CLEAN_SURFACE,3467.148,3472.943,-0.0013244960746777723,-0.0028780060218772663,3438.5638,3441.5095,3477.549,3423.2691999999997,False,False,False,False,False,False,False,False,False,,,,2021-04-21,3456.299
2021-04-21 00:00:00,2021-04-21,19.6376,0.0385636115400947,2021-05-21,2021-06-18,30,58,0.0385636115400947,0.0462004515711938,5077.152670901116,5042.599490185832,5000.0,5000.0,23,27,0.02996,0.030135,WARN,期限未夹住30日,HIST_CLEAN_SURFACE,3456.299,3472.93,-3.7432229669231987e-06,-0.0019243447427971239,3449.8055999999997,3440.8399,3472.943,3438.5638,False,False,False,False,False,False,False,False,False,,,,2021-04-22,3482.833
2021-04-22 00:00:00,2021-04-22,19.8265,0.0393089373043952,2021-05-21,2021-06-18,29,57,0.038758262940907,0.0468734640870492,5061.8970068462,5028.919683592194,5000.0,5000.0,23,27,0.02996,0.03012875,OK,正常双期限插值,HIST_CLEAN_SURFACE,3482.833,3465.114,-0.002250549248041245,-0.005008104681763714,3463.0307999999995,3439.0958,3472.93,3449.8055999999997,False,False,False,False,False,False,False,False,False,,,,2021-04-23,3462.086
2021-04-23 00:00:00,2021-04-23,20.2647,0.0410657578285097,2021-05-21,2021-06-18,28,56,0.0401712007819993,0.0468803786308272,5119.055691761029,5083.6180086819895,5100.0,5000.0,23,27,0.02996,0.0301225,OK,正常双期限插值,HIST_CLEAN_SURFACE,3462.086,3474.166,0.0026123238658237735,0.006807070032923912,3472.5404000000003,3441.4447,3465.114,3463.0307999999995,False,False,False,False,False,False,False,False,False,,,,2021-04-26,3484.107
2021-04-26 00:00:00,2021-04-26,20.1439,0.0405777771409547,2021-05-21,2021-06-18,25,53,0.0382247150657212,0.0456834778702348,5044.827985098176,5011.3772862837,5000.0,5000.0,23,27,0.02996,0.03010375,OK,正常双期限插值,HIST_CLEAN_SURFACE,3484.107,3441.166,-0.00949868256151265,0.008267925558783862,3465.2637999999997,3444.2665,3474.166,3472.5404000000003,False,False,False,False,False,False,False,False,False,,,,2021-04-27,3440.091
2021-04-27 00:00:00,2021-04-27,20.1832,0.0407361401429654,2021-05-21,2021-06-18,24,52,0.0379861915839111,0.0453898992429035,5063.176054159128,5027.035303191555,5000.0,5000.0,23,27,0.02996,0.0300975,OK,正常双期限插值,HIST_CLEAN_SURFACE,3440.091,3442.611,0.00041991580760702973,0.013584986765671436,3459.1974,3448.8805999999995,3441.166,3465.2637999999997,False,False,False,False,False,False,False,False,False,,,,2021-04-28,3432.161
2021-04-28 00:00:00,2021-04-28,20.5752,0.0423340891485562,2021-05-21,2021-06-18,23,51,0.0400051763391831,0.045484971184767,5105.757340072436,5069.603977198867,5100.0,5000.0,23,27,0.02996,0.03009125,OK,正常双期限插值,HIST_CLEAN_SURFACE,3432.161,3457.068,0.004199428863731702,0.011808690261803756,3456.025,3452.9152999999997,3442.611,3459.1974,False,False,False,False,False,False,False,False,False,,,,2021-04-29,3458.082
2021-04-29 00:00:00,2021-04-29,20.9119,0.043730740184126,2021-05-21,2021-06-18,22,50,0.0409753727800598,0.0467616443285987,5159.3462354699495,5127.891363294504,5100.0,5100.0,23,27,0.02996,0.030085,OK,正常双期限插值,HIST_CLEAN_SURFACE,3458.082,3474.901,0.005158417479783406,0.02233400059076418,3457.9824,3460.5065999999997,3457.068,3456.025,False,False,False,False,False,False,False,False,False,,,,2021-04-30,3468.302
2021-04-30 00:00:00,2021-04-30,20.4037,0.0416312855287715,2021-05-21,2021-06-18,21,49,0.0383921866226647,0.0445618988247729,5112.630599572639,5084.350782956848,5100.0,5000.0,23,27,0.02996,0.03007875,OK,正常双期限插值,HIST_CLEAN_SURFACE,3468.302,3446.856,-0.00807073352593346,0.005906115009026491,3452.5204,3462.5304000000006,3474.901,3457.9824,False,False,False,False,False,False,False,False,False,,,,2021-05-06,3446.074
2021-05-06 00:00:00,2021-05-06,20.3018,0.0412162298326427,2021-05-21,2021-06-18,15,43,0.0380418237019736,0.0421759340116822,5049.932631282332,5023.773874894628,5000.0,5000.0,23,27,0.02996,0.03004125,OK,正常双期限插值,HIST_CLEAN_SURFACE,3446.074,3441.283,-0.0016168357482878593,-0.010428609345260131,3452.5437999999995,3458.9038,3446.856,3452.5204,False,False,False,False,False,False,False,False,False,,,,2021-05-07,3446.407
2021-05-07 00:00:00,2021-05-07,20.0681,0.0402726969477189,2021-05-21,2021-06-18,14,42,0.0381462159645779,0.0408043171935042,4986.833019310376,4966.137728179818,4950.0,4950.0,23,27,0.02996,0.030035,OK,正常双期限插值,HIST_CLEAN_SURFACE,3446.407,3418.874,-0.006511815506019203,-0.015568640199392969,3447.7964,3453.4968999999996,3441.283,3452.5437999999995,False,False,False,False,False,False,False,False,False,,,,2021-05-10,3423.59
2021-05-10 00:00:00,2021-05-10,19.8316,0.0393291171063643,2021-05-21,2021-06-18,11,39,0.0400624681403403,0.0392311390329991,4989.590605556758,4964.787832548815,4950.0,4950.0,23,27,0.02996,0.03001625,OK,正常双期限插值,HIST_CLEAN_SURFACE,3423.59,3427.991,0.0026666674466506723,-0.012939794352319178,3441.9809999999998,3449.0029999999997,3418.874,3447.7964,False,False,False,False,False,False,False,False,False,,,,2021-05-11,3406.598
2021-05-11 00:00:00,2021-05-11,20.5759,0.0423367975452275,2021-05-21,2021-06-18,10,38,0.040671278981489,0.0425121152887789,5016.01313854215,4994.795627460662,5000.0,4950.0,23,27,0.02996,0.03001,OK,正常双期限插值,HIST_CLEAN_SURFACE,3406.598,3441.845,0.004041434181128123,-0.006715219181822052,3435.3697999999995,3446.6760999999997,3427.991,3441.9809999999998,False,False,False,False,False,False,False,False,False,,,,2021-05-12,3429.754
2021-05-12 00:00:00,2021-05-12,20.7598,0.0430969959086899,2021-05-21,2021-06-18,9,37,0.0407848340652734,0.0432844684905885,5043.932881555146,5016.939339197053,5000.0,5000.0,23,27,0.02996,0.03000375,OK,正常双期限插值,HIST_CLEAN_SURFACE,3429.754,3462.751,0.006074067832804841,-0.0032856806496868174,3438.5487999999996,3445.5346,3441.845,3435.3697999999995,False,False,False,False,False,False,False,False,False,,,,2021-05-13,3432.138
2021-05-13 00:00:00,2021-05-13,21.0568,0.0443389766658744,2021-05-21,2021-06-18,8,36,0.0431628329700003,0.044410258101988,4995.693074631779,4969.509460285116,4950.0,4950.0,23,27,0.02996,0.0299975,OK,正常双期限插值,HIST_CLEAN_SURFACE,3432.138,3429.536,-0.009592084443842519,-0.003379668403093672,3436.1994,3444.3716,3462.751,3438.5487999999996,False,False,False,False,False,False,False,False,False,,,,2021-05-14,3436.092
2021-05-14 00:00:00,2021-05-14,21.2502,0.0451571946164389,2021-05-21,2021-06-18,7,35,0.0439136751163009,0.0452112606816623,5118.067819372215,5098.082522461726,5100.0,5000.0,23,27,0.02996,0.02999125,OK,正常双期限插值,HIST_CLEAN_SURFACE,3436.092,3490.376,0.017740009144094238,0.013874643402928877,3450.4998,3449.1481,3429.536,3436.1994,False,False,False,False,False,False,False,False,False,,,,2021-05-17,3490.409
2021-05-17 00:00:00,2021-05-17,22.5842,0.0510044948067817,2021-06-18,2021-07-16,32,60,0.0499457064906398,0.0425341882776464,5162.780934234739,5148.344642051079,5100.0,5100.0,27,19,0.0299725,0.0301475,WARN,期限未夹住30日,HIST_CLEAN_SURFACE,3490.409,3517.616,0.007804316784208787,0.01751426353198715,3468.4248,3455.2029,3490.376,3450.4998,False,False,False,False,False,False,False,False,False,,,,2021-05-18,3520.649
2021-05-18 00:00:00,2021-05-18,22.4859,0.050561763240513,2021-06-18,2021-07-16,31,59,0.0501458972802401,0.0442250937780502,5168.918502819608,5151.529439710491,5100.0,5100.0,27,20,0.02996625,0.03014125,WARN,期限未夹住30日,HIST_CLEAN_SURFACE,3520.649,3529.014,0.003240262723390064,0.015572529979990923,3485.8586000000005,3460.6142,3517.616,3468.4248,False,False,False,False,False,False,False,False,False,,,,2021-05-19,3521.11
2021-05-19 00:00:00,2021-05-19,21.6857,0.0470269610684721,2021-06-18,2021-07-16,30,58,0.0470269610684721,0.0439326115686382,5156.384597863406,5139.040755628904,5100.0,5100.0,27,20,0.02996,0.030135,WARN,期限未夹住30日,HIST_CLEAN_SURFACE,3521.11,3510.965,-0.00511445973294522,0.018599268434770666,3495.5014,3467.0251000000003,3529.014,3485.8586000000005,False,False,False,False,False,False,False,False,False,,,,2021-05-20,3500.877
2021-05-20 00:00:00,2021-05-20,21.4503,0.0460114834727719,2021-06-18,2021-07-16,29,57,0.0461670716040418,0.0438741938800645,5175.46615896105,5161.401277705792,5100.0,5100.0,27,20,0.02996,0.03012875,OK,正常双期限插值,HIST_CLEAN_SURFACE,3500.877,3506.944,-0.001145269178131958,0.019080383682481328,3510.983,3473.5912,3510.965,3495.5014,False,False,False,False,False,False,False,False,False,,,,2021-05-21,3510.835
2021-05-21 00:00:00,2021-05-21,20.6342,0.0425769061316181,2021-06-18,2021-07-16,28,56,0.0427636015269502,0.0413633860619594,5113.029912278356,5096.072559522467,5100.0,5000.0,27,20,0.02996,0.0301225,OK,正常双期限插值,HIST_CLEAN_SURFACE,3510.835,3486.557,-0.005813323509015311,0.01979686879364384,3510.2192000000005,3480.3595,3506.944,3510.983,False,False,False,False,False,False,False,False,False,,,,2021-05-24,3486.271
2021-05-24 00:00:00,2021-05-24,20.8853,0.0436195580280874,2021-06-18,2021-07-16,25,53,0.0442106618796231,0.0423369741992836,5136.528169537736,5104.620151667172,5100.0,5100.0,27,20,0.02996,0.03010375,OK,正常双期限插值,HIST_CLEAN_SURFACE,3486.271,3497.282,0.0030761005771597905,0.02021329694272822,3506.1524000000004,3487.2886,3486.557,3510.2192000000005,False,False,False,False,False,False,False,False,False,,,,2021-05-25,3502.539
2021-05-25 00:00:00,2021-05-25,22.9246,0.0525538498214248,2021-06-18,2021-07-16,24,52,0.055600647389864,0.0473977308594508,5319.887717642318,5288.739234416906,5300.0,5200.0,27,20,0.02996,0.0300975,OK,正常双期限插值,HIST_CLEAN_SURFACE,3502.539,3581.342,0.024035808379192725,0.04052971589365595,3516.618,3501.2383,3497.282,3506.1524000000004,False,True,True,False,False,True,False,True,False,,,,2021-05-26,3586.839
2021-05-26 00:00:00,2021-05-26,22.9623,0.0527267953551175,2021-06-18,2021-07-16,23,51,0.0558623238657346,0.048484609723106,5318.173050268836,5290.942426686274,5300.0,5200.0,28,21,0.02996,0.03009125,OK,正常双期限插值,HIST_CLEAN_SURFACE,3586.839,3593.357,0.003354887637092352,0.03771741023249997,3533.0964,3514.2989000000002,3581.342,3516.618,False,False,False,False,False,False,False,False,False,,,,2021-05-27,3585.734
2021-05-27 00:00:00,2021-05-27,23.5644,0.055528090984602,2021-06-18,2021-07-16,22,50,0.059446670777129,0.0512176532128224,5337.585265080309,5310.844601157823,5300.0,5300.0,28,21,0.02996,0.030085,OK,正常双期限插值,HIST_CLEAN_SURFACE,3585.734,3608.851,0.004311845441463236,0.05228549867970478,3553.4777999999997,3532.2303999999995,3593.357,3533.0964,False,False,False,False,False,False,False,False,False,,,,2021-05-28,3610.767
2021-05-28 00:00:00,2021-05-28,23.39,0.0547093746838733,2021-06-18,2021-07-16,21,49,0.058246703361519,0.0515089344517176,5316.055427192745,5287.343029081429,5300.0,5200.0,28,21,0.02996,0.03007875,OK,正常双期限插值,HIST_CLEAN_SURFACE,3610.767,3600.784,-0.002235337507699775,0.03163212215532085,3576.3232,3543.2712,3608.851,3553.4777999999997,False,False,False,False,False,False,False,False,False,,,,2021-05-31,3600.07
2021-05-31 00:00:00,2021-05-31,23.9919,0.0575612234512262,2021-06-18,2021-07-16,18,46,0.0652956019699739,0.0535258955284014,5327.039921429489,5297.3681701500245,5300.0,5200.0,28,21,0.02996,0.03006,OK,正常双期限插值,HIST_CLEAN_SURFACE,3600.07,3615.477,0.004080500246612884,0.027820262359507186,3599.9622000000004,3553.0573000000004,3600.784,3576.3232,False,False,False,False,False,False,False,False,False,,,,2021-06-01,3608.598
2021-06-01 00:00:00,2021-06-01,23.9545,0.057381880249822,2021-06-18,2021-07-16,17,45,0.0665744433856682,0.0533748655495813,5329.841611864144,5301.033984001768,5300.0,5300.0,28,21,0.02996,0.03005375,OK,正常双期限插值,HIST_CLEAN_SURFACE,3608.598,3624.714,0.0025548496090557204,0.027118056204934238,3608.6366000000003,3562.6273,3615.477,3599.9622000000004,False,False,False,False,False,False,False,False,False,,,,2021-06-02,3626.328
2021-06-02 00:00:00,2021-06-02,22.3915,0.050137733197274,2021-06-18,2021-07-16,16,44,0.0545684780093002,0.0485265532656281,5281.444401343225,5254.195951546828,5200.0,5200.0,28,21,0.02996,0.0300475,OK,正常双期限插值,HIST_CLEAN_SURFACE,3626.328,3597.138,-0.007607772640820798,0.02454396440864537,3609.3928,3571.2446000000004,3624.714,3608.6366000000003,False,False,False,False,False,False,False,False,False,,,,2021-06-03,3595.422
2021-06-03 00:00:00,2021-06-03,21.2375,0.0451032584921055,2021-06-18,2021-07-16,15,43,0.0464812555397362,0.0446866547335195,5238.192991898204,5210.185365479437,5200.0,5200.0,28,21,0.02996,0.03004125,OK,正常双期限插值,HIST_CLEAN_SURFACE,3595.422,3584.212,-0.0035934123183486433,0.022032858237827524,3604.465,3578.9714,3597.138,3609.3928,False,False,False,False,False,False,False,False,False,,,,2021-06-04,3565.472
2021-06-04 00:00:00,2021-06-04,21.1835,0.0448739565798135,2021-06-18,2021-07-16,14,42,0.0463259876328302,0.0445109488165593,5273.962088953761,5242.009168661722,5200.0,5200.0,28,21,0.02996,0.030035,OK,正常双期限插值,HIST_CLEAN_SURFACE,3565.472,3591.845,0.0021296173329032886,0.030198272966711848,3602.6771999999996,3589.5002,3584.212,3604.465,False,False,False,False,False,False,False,False,False,,,,2021-06-07,3597.141
2021-06-07 00:00:00,2021-06-07,22.0775,0.0487414966684635,2021-06-18,2021-07-16,11,39,0.0559966668996923,0.0477721824270443,5264.927206580422,5233.745522269766,5200.0,5200.0,28,21,0.02996,0.03001625,OK,正常双期限插值,HIST_CLEAN_SURFACE,3597.141,3599.541,0.002142631433149411,0.029239563752651243,3599.4900000000002,3599.7261,3591.845,3602.6771999999996,False,True,True,False,False,False,False,False,False,,,,2021-06-08,3598.753
2021-06-08 00:00:00,2021-06-08,22.1321,0.0489830976748372,2021-06-18,2021-07-16,10,38,0.0581747144038318,0.0480155590717852,5224.3738528432605,5194.015449742597,5200.0,5100.0,28,21,0.02996,0.03001,OK,正常双期限插值,HIST_CLEAN_SURFACE,3598.753,3580.106,-0.005399299521800072,-0.00034512202409042736,3590.5684,3599.6025,3599.541,3599.4900000000002,False,False,False,False,False,False,False,False,False,,,,2021-06-09,3576.802
2021-06-09 00:00:00,2021-06-09,21.7379,0.0472537713209101,2021-06-18,2021-07-16,9,37,0.0548073893508541,0.0466413158049687,5232.821291880091,5201.684214950355,5200.0,5200.0,28,21,0.02996,0.03000375,OK,正常双期限插值,HIST_CLEAN_SURFACE,3576.802,3591.397,0.0031538172333445136,-0.000545450952966875,3589.4201999999996,3599.4065,3580.106,3590.5684,False,False,False,False,False,False,False,False,False,,,,2021-06-10,3587.528
2021-06-10 00:00:00,2021-06-10,20.8824,0.043607643836638,2021-06-18,2021-07-16,8,36,0.0432846952294344,0.0436272164794988,5263.095661146087,5231.999105977417,5200.0,5200.0,28,21,0.02996,0.0299975,OK,正常双期限插值,HIST_CLEAN_SURFACE,3587.528,3610.859,0.0054190611619935325,0.0005564097825041525,3594.7496,3599.6072999999997,3591.397,3589.4201999999996,False,False,False,False,False,False,False,False,False,,,,2021-06-11,3614.113
2021-06-11 00:00:00,2021-06-11,20.7739,0.0431555979288928,2021-06-18,2021-07-16,7,35,0.0426355992187151,0.0431782065684657,5217.667589476038,5190.772021211502,5200.0,5100.0,27,21,0.02996,0.02999125,OK,正常双期限插值,HIST_CLEAN_SURFACE,3614.113,3589.748,-0.005846531254751208,-0.0030648880910379983,3594.3302000000003,3598.5036999999998,3610.859,3594.7496,False,False,False,False,False,False,False,False,False,,,,2021-06-15,3587.466
2021-06-15 00:00:00,2021-06-15,20.4214,0.041703312902305,2021-07-16,2021-08-20,31,66,0.0415116021382941,0.0384616581653926,5133.156726739347,5113.842375034004,5100.0,5100.0,21,18,0.02996625,0.030185,WARN,期限未夹住30日,HIST_CLEAN_SURFACE,3587.466,3556.559,-0.009245495784105162,-0.016296051668977518,3585.7338000000004,3592.6119,3589.748,3594.3302000000003,False,False,False,False,False,False,False,False,False,,,,2021-06-16,3556.714
2021-06-16 00:00:00,2021-06-16,20.8682,0.0435482795197416,2021-07-16,2021-08-20,30,65,0.0435482795197416,0.0378736209903086,5053.515031375882,5034.5534531016665,5000.0,5000.0,21,18,0.02996,0.03017875,WARN,期限未夹住30日,HIST_CLEAN_SURFACE,3556.714,3518.329,-0.010749153887226415,-0.029349901812942947,3573.3784,3581.9734000000003,3556.559,3585.7338000000004,False,False,False,False,False,False,False,False,False,,,,2021-06-17,3508.317
2021-06-17 00:00:00,2021-06-17,20.0339,0.0401355920710198,2021-07-16,2021-08-20,29,64,0.0403108851519755,0.0374349830425464,5067.74566055196,5050.081291339993,5000.0,5000.0,21,19,0.02996,0.0301725,OK,正常双期限插值,HIST_CLEAN_SURFACE,3508.317,3525.604,0.0020677429541124948,-0.019886365215902257,3560.2198,3574.8200000000006,3518.329,3573.3784,False,False,False,False,False,False,False,False,False,,,,2021-06-18,3520.497
2021-06-18 00:00:00,2021-06-18,19.6783,0.0387237276803751,2021-07-16,2021-08-20,28,63,0.0391708189498557,0.0354450583708508,5070.10179759423,5059.085092024161,5000.0,5000.0,21,19,0.02996,0.03016625,OK,正常双期限插值,HIST_CLEAN_SURFACE,3520.497,3525.097,-0.00014380514657907906,-0.016493165024836665,3543.0674,3568.9085,3525.604,3560.2198,False,False,False,False,False,False,True,False,True,,AVIX<20,AVIX<20,2021-06-21,3515.501
2021-06-21 00:00:00,2021-06-21,19.8083,0.0392369585100263,2021-07-16,2021-08-20,25,60,0.0403838066609688,0.03636983813267,5069.411077400385,5052.068702527604,5000.0,5000.0,21,19,0.02996,0.0301475,OK,正常双期限插值,HIST_CLEAN_SURFACE,3515.501,3529.183,0.001159117039899904,-0.017445630309771087,3530.9544,3562.6423000000004,3525.097,3543.0674,False,False,False,False,False,False,False,False,False,,,,2021-06-22,3539.788
2021-06-22 00:00:00,2021-06-22,19.4967,0.0380119404167135,2021-07-16,2021-08-20,24,59,0.0391222744595587,0.0358289107731536,5087.521622846355,5073.870393903536,5000.0,5000.0,21,19,0.02996,0.03014125,OK,正常双期限插值,HIST_CLEAN_SURFACE,3539.788,3557.412,0.00799873511801441,-0.011703992259013085,3531.125,3558.4294,3529.183,3530.9544,False,False,False,False,False,False,False,False,False,,,,2021-06-23,3559.399
2021-06-23 00:00:00,2021-06-23,18.6784,0.0348881415379951,2021-07-16,2021-08-20,23,58,0.0357594452442879,0.0335060735900825,5118.732584426971,5104.96277108516,5100.0,5100.0,21,19,0.02996,0.030135,OK,正常双期限插值,HIST_CLEAN_SURFACE,3559.399,3566.22,0.0024759572408257213,-0.0038786561068304692,3540.7032,3557.0408,3557.412,3531.125,False,False,False,False,False,False,False,False,False,,,,2021-06-24,3568.576
2021-06-24 00:00:00,2021-06-24,18.5649,0.0344655460485703,2021-07-16,2021-08-20,22,57,0.0354395113464252,0.0331968280947857,5133.805115376751,5118.543922396167,5100.0,5100.0,21,19,0.02996,0.03012875,OK,正常双期限插值,HIST_CLEAN_SURFACE,3568.576,3566.654,0.00012169748361023913,-0.006889519593628823,3548.9132,3554.5665,3566.22,3540.7032,False,False,False,False,False,False,False,False,False,,,,2021-06-25,3567.377
2021-06-25 00:00:00,2021-06-25,18.5827,0.0345317190734266,2021-07-16,2021-08-20,21,56,0.0352387709193174,0.0337657462403783,5222.970435454119,5212.78110631539,5200.0,5200.0,21,19,0.02996,0.0301225,OK,正常双期限插值,HIST_CLEAN_SURFACE,3567.377,3607.562,0.011469573443344983,-0.0009130791315861142,3565.4062,3554.2368,3566.654,3548.9132,False,False,False,False,False,False,False,False,False,,,,2021-06-28,3612.247
2021-06-28 00:00:00,2021-06-28,19.0327,0.0362242253321236,2021-07-16,2021-08-20,18,53,0.0395278968140472,0.0340737221976639,5224.093817568919,5215.330037768517,5200.0,5200.0,21,19,0.02996,0.03010375,OK,正常双期限插值,HIST_CLEAN_SURFACE,3612.247,3606.372,-0.000329862660711,0.004630965739099269,3580.844,3555.8992,3607.562,3565.4062,False,False,False,False,False,False,False,False,False,,,,2021-06-29,3601.677
2021-06-29 00:00:00,2021-06-29,18.6839,0.0349088815218011,2021-07-16,2021-08-20,17,52,0.037533786174318,0.033456641373811,5168.635148923557,5163.6164580227805,5100.0,5100.0,21,19,0.02996,0.0300975,OK,正常双期限插值,HIST_CLEAN_SURFACE,3601.677,3573.178,-0.00920426400826091,0.004672775005278851,3583.9972000000002,3557.5611,3606.372,3580.844,False,False,False,False,False,False,False,False,False,,,,2021-06-30,3572.624
2021-06-30 00:00:00,2021-06-30,19.1757,0.036770741311228,2021-07-16,2021-08-20,16,51,0.0408578174960007,0.0348474113419232,5196.186954357363,5189.6145639447695,5100.0,5100.0,21,19,0.02996,0.03009125,OK,正常双期限插值,HIST_CLEAN_SURFACE,3572.624,3591.197,0.005042849810448891,0.020710968189728618,3588.9926,3564.8478999999998,3573.178,3583.9972000000002,False,False,False,False,False,False,False,False,False,,,,2021-07-01,3600.546
2021-07-01 00:00:00,2021-07-01,18.8934,0.0356961571098073,2021-07-16,2021-08-20,15,50,0.039558563460212,0.0341511945696454,5153.986367950055,5144.461540961166,5100.0,5100.0,21,19,0.02996,0.030085,OK,正常双期限插值,HIST_CLEAN_SURFACE,3600.546,3588.782,-0.0006724777281781336,0.01791976637194659,3593.4182,3571.1657,3591.197,3588.9926,False,False,False,False,False,False,False,False,False,,,,2021-07-02,3569.892
2021-07-02 00:00:00,2021-07-02,18.7731,0.0352429848712544,2021-07-16,2021-08-20,14,49,0.0371593887816719,0.0345927764016485,5048.971091908283,5041.765324299919,5000.0,5000.0,21,19,0.02996,0.03007875,OK,正常双期限插值,HIST_CLEAN_SURFACE,3569.892,3518.76,-0.01951135510599411,-0.0017976810283518718,3575.6578,3570.532,3588.782,3593.4182,False,False,False,False,False,False,False,False,False,,,,2021-07-05,3516.923
2021-07-05 00:00:00,2021-07-05,18.1412,0.0329104501118597,2021-07-16,2021-08-20,11,46,0.0345074785251218,0.0325888517128504,5060.499897294607,5053.40192424723,5000.0,5000.0,21,19,0.02996,0.03006,OK,正常双期限插值,HIST_CLEAN_SURFACE,3516.923,3534.322,0.00442258068183099,0.0014561443824250286,3561.2478,3571.0458999999996,3518.76,3575.6578,False,False,False,False,False,False,False,False,False,,,,2021-07-06,3533.13
2021-07-06 00:00:00,2021-07-06,17.8207,0.0317576511289427,2021-07-16,2021-08-20,10,45,0.0338226810593283,0.0314134794738784,5066.09525443058,5058.366340812119,5000.0,5000.0,21,19,0.02996,0.03005375,OK,正常双期限插值,HIST_CLEAN_SURFACE,3533.13,3530.259,-0.0011495839937617491,-0.007632795976400764,3552.6639999999998,3568.3306000000002,3534.322,3561.2478,False,False,False,False,False,False,False,False,False,,,,2021-07-07,3508.59
2021-07-07 00:00:00,2021-07-07,17.6466,0.0311401981189221,2021-07-16,2021-08-20,9,44,0.034855746004152,0.030633532498209,5124.046452791276,5115.936734781589,5100.0,5100.0,21,19,0.02996,0.0300475,OK,正常双期限插值,HIST_CLEAN_SURFACE,3508.59,3553.716,0.006644554974578387,-0.0035062334909231607,3545.1678,3567.0802000000003,3530.259,3552.6639999999998,False,False,False,False,False,False,False,False,False,,,,2021-07-08,3557.218
2021-07-08 00:00:00,2021-07-08,17.8873,0.0319956778355375,2021-07-16,2021-08-20,8,43,0.033146114421853,0.0318692027774224,5079.54075643065,5072.189408641052,5000.0,5000.0,20,19,0.02996,0.03004125,OK,正常双期限插值,HIST_CLEAN_SURFACE,3557.218,3525.504,-0.007938732301624563,-0.011537424151599862,3532.5122,3562.9652,3553.716,3545.1678,False,False,False,False,False,False,False,False,False,,,,2021-07-09,3512.233
2021-07-09 00:00:00,2021-07-09,18.4583,0.0340707325556084,2021-07-16,2021-08-20,7,42,0.034928152710917,0.0339961742812338,5052.030976279932,5046.904018545237,5000.0,5000.0,21,19,0.02996,0.030035,OK,正常双期限插值,HIST_CLEAN_SURFACE,3512.233,3524.088,-0.0004016447010128932,-0.023138618269069156,3533.5778,3554.6178,3525.504,3532.5122,False,False,False,False,False,False,False,False,False,,,,2021-07-12,3545.198
2021-07-12 00:00:00,2021-07-12,17.1688,0.0294766178053802,2021-08-20,2021-09-17,39,67,0.0325499265436343,0.036831152646675,5099.277478616984,5088.155564071813,5000.0,5000.0,19,24,0.03001625,0.03019125,WARN,期限未夹住30日,HIST_CLEAN_SURFACE,3545.198,3547.836,0.006738764752753035,-0.01623127065094787,3536.2805999999996,3548.7642,3524.088,3533.5778,False,False,False,False,False,False,False,False,False,,,,2021-07-13,3547.59
2021-07-13 00:00:00,2021-07-13,17.6948,0.0313107337173466,2021-08-20,2021-09-17,38,66,0.0337869463683868,0.0377263755859508,5116.883167365663,5104.979943369579,5100.0,5100.0,19,24,0.03001,0.030185,WARN,期限未夹住30日,HIST_CLEAN_SURFACE,3547.59,3566.523,0.005267154400597995,-0.0018624876790351852,3543.5334000000003,3548.0987,3547.836,3536.2805999999996,False,False,False,False,False,False,False,False,False,,,,2021-07-14,3560.828
2021-07-14 00:00:00,2021-07-14,17.3464,0.0300897270214621,2021-08-20,2021-09-17,37,65,0.0324526836819924,0.0368150652091251,5059.34042204952,5049.915345782578,5000.0,5000.0,19,24,0.03000375,0.03017875,WARN,期限未夹住30日,HIST_CLEAN_SURFACE,3560.828,3528.501,-0.010660803252916073,-0.01745824581608857,3538.4903999999997,3541.8291,3566.523,3543.5334000000003,False,False,False,False,False,False,False,False,False,,,,2021-07-15,3519.063
2021-07-15 00:00:00,2021-07-15,17.4412,0.0304195537886599,2021-08-20,2021-09-17,36,64,0.0323591749504772,0.0366020962419524,5133.508135578928,5115.899714204053,5100.0,5100.0,19,24,0.0299975,0.0301725,WARN,期限未夹住30日,HIST_CLEAN_SURFACE,3519.063,3564.59,0.010227855964898502,-0.006741005722832982,3546.3076,3539.4099,3528.501,3538.4903999999997,False,False,False,False,False,False,False,False,False,,,,2021-07-16,3559.526
2021-07-16 00:00:00,2021-07-16,16.4064,0.0269168622278686,2021-08-20,2021-09-17,35,63,0.0288011069836427,0.0338257596657072,5078.038172215914,5063.932014655577,5000.0,5000.0,19,24,0.02999125,0.03016625,WARN,期限未夹住30日,HIST_CLEAN_SURFACE,3559.526,3539.304,-0.007093662945808599,0.005838420352624274,3549.3508,3541.4642999999996,3564.59,3546.3076,False,False,False,False,False,False,False,False,False,,,,2021-07-19,3530.493
2021-07-19 00:00:00,2021-07-19,17.3168,0.0299871275101228,2021-08-20,2021-09-17,32,60,0.0305145255774542,0.0342063120487739,5098.831854380556,5089.074809448864,5000.0,5000.0,19,24,0.0299725,0.0301475,WARN,期限未夹住30日,HIST_CLEAN_SURFACE,3530.493,3539.123,-5.113999814654324e-05,0.001358393491028842,3547.6082,3541.9444000000003,3539.304,3549.3508,False,False,False,False,False,False,False,False,False,,,,2021-07-20,3515.072
2021-07-20 00:00:00,2021-07-20,17.9848,0.0323453681852041,2021-08-20,2021-09-17,31,59,0.0325549016402817,0.0355380898142675,5090.716498787048,5080.410916283368,5000.0,5000.0,19,24,0.02996625,0.03014125,WARN,期限未夹住30日,HIST_CLEAN_SURFACE,3515.072,3536.791,-0.0006589203031371893,0.0018502891714178293,3541.6618000000003,3542.5976,3539.123,3547.6082,False,False,False,False,False,False,False,False,False,,,,2021-07-21,3543.053
2021-07-21 00:00:00,2021-07-21,17.8242,0.0317702746794694,2021-08-20,2021-09-17,30,58,0.0317702746794694,0.0350134763630258,5123.578607842243,5111.423771261692,5100.0,5100.0,19,24,0.02996,0.030135,WARN,期限未夹住30日,HIST_CLEAN_SURFACE,3543.053,3562.661,0.007314540214561793,0.0025170835260892588,3548.4938,3543.4921000000004,3536.791,3541.6618000000003,False,False,False,False,False,False,False,False,False,,,,2021-07-22,3563.661
2021-07-22 00:00:00,2021-07-22,17.9098,0.0320759738097276,2021-08-20,2021-09-17,29,57,0.0318908645416617,0.0346187905973695,5125.524363367545,5117.405375430716,5100.0,5100.0,19,24,0.02996,0.03012875,OK,正常双期限插值,HIST_CLEAN_SURFACE,3563.661,3574.734,0.003388759132569641,0.013963960897505734,3550.5226000000002,3548.4150999999997,3562.661,3548.4938,False,False,False,False,False,False,False,False,False,,,,2021-07-23,3571.715
2021-07-23 00:00:00,2021-07-23,17.3008,0.0299317709382742,2021-08-20,2021-09-17,28,56,0.0293656436103956,0.0336115985694851,5075.885908071953,5067.8132103171065,5000.0,5000.0,19,24,0.02996,0.0301225,OK,正常双期限插值,HIST_CLEAN_SURFACE,3571.715,3550.396,-0.006808338746323472,0.007465193831709183,3552.7410000000004,3551.0459,3574.734,3550.5226000000002,False,False,False,False,False,False,False,False,False,,,,2021-07-26,3538.014
2021-07-26 00:00:00,2021-07-26,20.0498,0.040199542933408,2021-08-20,2021-09-17,25,53,0.0394078805255889,0.0419173009881099,4898.180901526072,4881.967920049412,4850.0,4850.0,19,24,0.02996,0.03010375,OK,正常双期限插值,HIST_CLEAN_SURFACE,3538.014,3467.441,-0.023364999284586907,-0.02266029207663489,3538.4046000000003,3543.0063999999998,3550.396,3552.7410000000004,False,False,False,False,False,False,False,False,False,,,,2021-07-27,3467.447
2021-07-27 00:00:00,2021-07-27,22.0253,0.0485115355374565,2021-08-20,2021-09-17,24,52,0.0497209084928487,0.0464649043821773,4729.095946847332,4705.873086976862,4700.0,4700.0,22,25,0.02996,0.0300975,OK,正常双期限插值,HIST_CLEAN_SURFACE,3467.447,3381.183,-0.024876558822486072,-0.05196657921454595,3507.2830000000004,3524.4724,3467.441,3538.4046000000003,False,False,False,False,False,False,False,False,False,,,,2021-07-28,3355.819
2021-07-28 00:00:00,2021-07-28,21.6523,0.0468821032026656,2021-08-20,2021-09-17,23,51,0.0486626583223805,0.0444731168642278,4740.7712044279815,4720.103920518615,4700.0,4700.0,25,27,0.02996,0.03009125,OK,正常双期限插值,HIST_CLEAN_SURFACE,3355.819,3361.59,-0.005794717411036321,-0.047303656708613695,3467.0688,3507.7813,3381.183,3507.2830000000004,False,False,False,False,False,False,False,False,False,,,,2021-07-29,3403.838
2021-07-29 00:00:00,2021-07-29,19.9557,0.0398230191306689,2021-08-20,2021-09-17,22,50,0.040218328025265,0.0393881793466133,4802.985804798354,4781.85556566713,4800.0,4750.0,25,27,0.02996,0.030085,OK,正常双期限插值,HIST_CLEAN_SURFACE,3403.838,3411.724,0.014913775921513439,-0.042884595423316574,3434.4667999999997,3492.4947,3361.59,3467.0688,False,False,False,False,False,False,False,False,False,,,,2021-07-30,3398.196
2021-07-30 00:00:00,2021-07-30,19.7742,0.0391018024426034,2021-08-20,2021-09-17,21,49,0.0392537317932501,0.0389643425539231,4774.300027890114,4753.556733777805,4750.0,4750.0,25,27,0.02996,0.03007875,OK,正常双期限插值,HIST_CLEAN_SURFACE,3398.196,3397.357,-0.0042110674837707585,-0.04010590782820578,3403.8590000000004,3478.3,3411.724,3434.4667999999997,False,False,False,False,False,False,False,False,False,,,,2021-08-02,3385.69
2021-08-02 00:00:00,2021-08-02,19.7116,0.0388547496703664,2021-08-20,2021-09-17,18,46,0.0400278487671168,0.038242697967714,4892.385698476876,4871.4929486857845,4850.0,4850.0,25,27,0.02996,0.03006,OK,正常双期限插值,HIST_CLEAN_SURFACE,3385.69,3464.285,0.01970001975064739,-0.0211459166578839,3403.2277999999997,3470.8162,3397.357,3403.8590000000004,False,False,False,False,False,False,False,False,False,,,,2021-08-03,3446.784
2021-08-03 00:00:00,2021-08-03,19.1597,0.0367092803229288,2021-08-20,2021-09-17,17,45,0.0362665077721202,0.0369022837425121,4903.121381527886,4882.0885162816185,4900.0,4850.0,25,27,0.02996,0.03005375,OK,正常双期限插值,HIST_CLEAN_SURFACE,3446.784,3447.991,-0.004703423650190386,-0.02510750564565456,3416.5894,3461.9362,3464.285,3403.2277999999997,False,False,False,False,False,False,False,False,False,,,,2021-08-04,3442.937
2021-08-04 00:00:00,2021-08-04,19.2269,0.0369671837665351,2021-08-20,2021-09-17,16,44,0.0369667326300542,0.0369673478161646,4924.097249160484,4903.516617791271,4900.0,4900.0,25,27,0.02996,0.0300475,OK,正常双期限插值,HIST_CLEAN_SURFACE,3442.937,3477.219,0.008476820270122642,-0.02398263545142243,3439.7152,3453.392,3447.991,3416.5894,False,False,False,False,False,False,False,False,False,,,,2021-08-05,3461.719
2021-08-05 00:00:00,2021-08-05,19.2247,0.0369588815983839,2021-08-20,2021-09-17,15,43,0.037273135009855,0.0368638747530555,4897.685854921716,4877.526380994908,4850.0,4850.0,25,27,0.02996,0.03004125,OK,正常双期限插值,HIST_CLEAN_SURFACE,3461.719,3466.549,-0.003068544144041563,-0.03026379025684145,3450.6802000000002,3442.5735,3477.219,3439.7152,False,False,False,False,False,False,False,False,False,,,,2021-08-06,3465.484
2021-08-06 00:00:00,2021-08-06,19.0375,0.0362428121075668,2021-08-20,2021-09-17,14,42,0.0345422631888456,0.0366679493372471,4889.474989903571,4864.907514049014,4850.0,4850.0,25,27,0.02996,0.030035,OK,正常双期限插值,HIST_CLEAN_SURFACE,3465.484,3458.228,-0.0024003699356334174,-0.0259599210904925,3462.8544,3433.3566999999994,3466.549,3450.6802000000002,False,False,False,False,False,False,False,False,False,,,,2021-08-09,3441.75
2021-08-09 00:00:00,2021-08-09,19.0659,0.0363507292737321,2021-08-20,2021-09-17,11,39,0.0371382883383783,0.0362455088318968,4945.719586056968,4922.058922176306,4900.0,4900.0,25,27,0.02996,0.03001625,OK,正常双期限插值,HIST_CLEAN_SURFACE,3441.75,3494.635,0.01052764595046951,0.007842671295632764,3468.9244,3436.0760999999998,3458.228,3462.8544,False,False,False,False,False,False,False,False,False,,,,2021-08-10,3488.664
2021-08-10 00:00:00,2021-08-10,19.2862,0.037195764097553,2021-08-20,2021-09-17,10,38,0.038975408742102,0.0370084330823373,5011.791097279215,4986.031818565365,5000.0,4950.0,25,27,0.02996,0.03001,OK,正常双期限插值,HIST_CLEAN_SURFACE,3488.664,3529.931,0.010100053367519068,0.04399288651338895,3485.3124000000003,3450.9509,3494.635,3468.9244,False,False,False,False,False,False,False,False,False,,,,2021-08-11,3527.109
2021-08-11 00:00:00,2021-08-11,18.9465,0.0358970305619224,2021-08-20,2021-09-17,9,37,0.0373553444331195,0.0357787888966902,4974.710936761321,4949.363387077759,4950.0,4900.0,25,27,0.02996,0.03000375,OK,正常双期限插值,HIST_CLEAN_SURFACE,3527.109,3532.621,0.0007620545557405212,0.05087800713352908,3496.3928,3468.054,3529.931,3485.3124000000003,False,False,False,False,False,False,False,False,False,,,,2021-08-12,3522.724
2021-08-12 00:00:00,2021-08-12,18.8877,0.0356745306013194,2021-08-20,2021-09-17,8,36,0.036398968721006,0.0356306252607324,4949.166630842405,4923.49859118995,4900.0,4900.0,25,27,0.02996,0.0299975,OK,正常双期限插值,HIST_CLEAN_SURFACE,3522.724,3524.737,-0.0022317706881095356,0.03312489521426709,3508.0304000000006,3479.3553,3532.621,3496.3928,False,False,False,False,False,False,False,False,False,,,,2021-08-13,3514.467
2021-08-13 00:00:00,2021-08-13,18.7975,0.0353347603669975,2021-08-20,2021-09-17,7,35,0.0345111044890481,0.0353705714921258,4932.161032597997,4903.704290893811,4900.0,4900.0,25,27,0.02996,0.02999125,OK,正常双期限插值,HIST_CLEAN_SURFACE,3514.467,3516.299,-0.002393937476753649,0.0350101564245382,3519.6445999999996,3491.2495000000004,3524.737,3508.0304000000006,False,False,False,False,False,False,False,False,False,,,,2021-08-16,3514.345
2021-08-16 00:00:00,2021-08-16,19.5149,0.0380832793457877,2021-09-17,2021-10-15,32,60,0.0374364122412758,0.0329083425096926,4905.895650755609,4893.509587658947,4900.0,4850.0,27,22,0.0299725,0.0301475,WARN,期限未夹住30日,HIST_CLEAN_SURFACE,3514.345,3517.345,0.000297471858906162,0.015316291817792038,3524.1866,3496.5555,3516.299,3519.6445999999996,False,False,False,False,False,False,False,False,False,,,,2021-08-17,3512.109
2021-08-17 00:00:00,2021-08-17,20.2188,0.0408801408719801,2021-09-17,2021-10-15,31,59,0.0404530924094531,0.0343730804005948,4805.83194732459,4788.636697257577,4800.0,4750.0,27,22,0.02996625,0.03014125,WARN,期限未夹住30日,HIST_CLEAN_SURFACE,3512.109,3446.976,-0.020006283148226722,-0.00029437431826240257,3507.5955999999996,3496.454,3517.345,3524.1866,False,False,False,False,False,False,False,False,False,,,,2021-08-18,3442.347
2021-08-18 00:00:00,2021-08-18,19.1396,0.0366323515206311,2021-09-17,2021-10-15,30,58,0.0366323515206311,0.031786470218983,4857.850392084065,4846.70412265463,4850.0,4800.0,27,22,0.02996,0.030135,WARN,期限未夹住30日,HIST_CLEAN_SURFACE,3442.347,3485.286,0.011114089567203278,0.002319957414244067,3498.1286,3497.2607000000003,3446.976,3507.5955999999996,False,False,False,False,False,False,False,False,False,,,,2021-08-19,3475.298
2021-08-19 00:00:00,2021-08-19,19.84,0.0393624400021494,2021-09-17,2021-10-15,29,57,0.0398697061788706,0.0323942046271889,4813.632411777366,4804.601946012281,4800.0,4800.0,27,22,0.02996,0.03012875,OK,正常双期限插值,HIST_CLEAN_SURFACE,3475.298,3465.555,-0.0056612283755193005,-0.0002867405018651681,3486.2922,3497.1612999999998,3485.286,3498.1286,False,False,False,False,False,False,False,False,False,,,,2021-08-20,3442.506
2021-08-20 00:00:00,2021-08-20,20.9768,0.0440027841060475,2021-09-17,2021-10-15,28,56,0.0451426956673236,0.0365933589577528,4726.546565579354,4710.818905067755,4700.0,4700.0,27,22,0.02996,0.0301225,OK,正常双期限插值,HIST_CLEAN_SURFACE,3442.506,3427.334,-0.011028825108820972,-0.008933476913610128,3468.4991999999997,3494.0719,3465.555,3486.2922,False,False,False,False,False,False,False,False,False,,,,2021-08-23,3436.796
2021-08-23 00:00:00,2021-08-23,20.0744,0.0402980336414031,2021-09-17,2021-10-15,25,53,0.0424966859987659,0.0355273728659931,4791.079215292048,4776.100380717057,4750.0,4750.0,27,22,0.02996,0.03010375,OK,正常双期限插值,HIST_CLEAN_SURFACE,3436.796,3477.132,0.014529660663361144,-0.005008534510757223,3460.4566,3492.3216,3427.334,3468.4991999999997,False,False,False,False,False,False,False,False,False,,,,2021-08-24,3482.266
2021-08-24 00:00:00,2021-08-24,18.9106,0.0357610979235795,2021-09-17,2021-10-15,24,52,0.0374612606249284,0.032883899505912,4854.303674798129,4838.579001490359,4850.0,4800.0,27,22,0.02996,0.0300975,OK,正常双期限插值,HIST_CLEAN_SURFACE,3482.266,3514.471,0.010738447663189099,-0.004379689008085386,3473.9556,3490.7756,3477.132,3460.4566,False,False,False,False,False,False,False,False,False,,,,2021-08-25,3517.915
2021-08-25 00:00:00,2021-08-25,18.9001,0.0357215079464966,2021-09-17,2021-10-15,23,51,0.0380200103072686,0.0326117694583933,4850.89599541878,4830.307591270969,4850.0,4800.0,27,22,0.02996,0.03009125,OK,正常双期限插值,HIST_CLEAN_SURFACE,3517.915,3540.384,0.007373229143162741,0.0021975184997200525,3484.9752,3491.5519,3514.471,3473.9556,False,False,False,False,False,False,False,False,False,,,,2021-08-26,3537.314
2021-08-26 00:00:00,2021-08-26,19.7243,0.0389049198552852,2021-09-17,2021-10-15,22,50,0.042655032416429,0.034779796038027,4775.646270455622,4756.284249942273,4750.0,4750.0,27,22,0.02996,0.030085,OK,正常双期限插值,HIST_CLEAN_SURFACE,3537.314,3501.664,-0.010936666757052294,-0.0065460203130048855,3492.197,3489.2446000000004,3540.384,3484.9752,False,False,False,False,False,False,False,False,False,,,,2021-08-27,3494.418
2021-08-27 00:00:00,2021-08-27,19.3471,0.0374309984574928,2021-09-17,2021-10-15,21,49,0.0413879248493674,0.0338509221981777,4799.178580814217,4783.924345136882,4750.0,4750.0,27,22,0.02996,0.03007875,OK,正常双期限插值,HIST_CLEAN_SURFACE,3494.418,3522.157,0.005852360477761387,0.0016659561658436406,3511.1616000000004,3489.8304000000003,3501.664,3492.197,False,False,False,False,False,False,False,False,False,,,,2021-08-30,3535.073
2021-08-30 00:00:00,2021-08-30,19.8529,0.0394138815179515,2021-09-17,2021-10-15,18,46,0.0465884631671796,0.0356706215270498,4775.833640165856,4760.182570409484,4750.0,4750.0,27,22,0.02996,0.03006,OK,正常双期限插值,HIST_CLEAN_SURFACE,3535.073,3528.151,0.0017017980743050387,0.0030722036081192172,3521.3653999999997,3490.911,3522.157,3511.1616000000004,False,False,False,False,False,False,False,False,False,,,,2021-08-31,3519.025
2021-08-31 00:00:00,2021-08-31,19.5462,0.0382055071820808,2021-09-17,2021-10-15,17,45,0.0447667295750121,0.0353454871646492,4774.951476537127,4753.509159066509,4750.0,4750.0,27,22,0.02996,0.03005375,OK,正常双期限插值,HIST_CLEAN_SURFACE,3519.025,3543.94,0.004475148597664846,0.028130163946601394,3527.2591999999995,3500.6074,3528.151,3521.3653999999997,False,False,False,False,False,False,False,False,False,,,,2021-09-01,3543.866
2021-09-01 00:00:00,2021-09-01,19.5175,0.0380934705529598,2021-09-17,2021-10-15,16,44,0.0445544292958001,0.0357440310101088,4857.499152003121,4840.67033086931,4850.0,4800.0,27,22,0.02996,0.0300475,OK,正常双期限插值,HIST_CLEAN_SURFACE,3543.866,3567.101,0.006535381524517936,0.023474400666114725,3532.6025999999997,3508.7888999999996,3543.94,3527.2591999999995,False,False,False,False,False,False,False,False,False,,,,2021-09-02,3559.903
2021-09-02 00:00:00,2021-09-02,19.9462,0.0397850103774597,2021-09-17,2021-10-15,15,43,0.0479194226697161,0.0373257694518938,4856.9818501212685,4843.243527901702,4850.0,4800.0,27,22,0.02996,0.03004125,OK,正常双期限插值,HIST_CLEAN_SURFACE,3559.903,3597.043,0.008393931094185403,0.037941397553927336,3551.6784,3521.9377,3567.101,3532.6025999999997,False,False,False,False,False,False,False,False,False,,,,2021-09-03,3602.742
2021-09-03 00:00:00,2021-09-03,19.5553,0.0382409522426809,2021-09-17,2021-10-15,14,42,0.0452724791359048,0.0364830705193749,4837.219487411854,4824.676794604309,4800.0,4800.0,27,22,0.02996,0.030035,OK,正常双期限插值,HIST_CLEAN_SURFACE,3602.742,3581.734,-0.0042559958276841,0.04504959248208662,3563.5938,3537.3777,3597.043,3551.6784,False,False,False,False,False,False,False,False,False,,,,2021-09-06,3580.141
2021-09-06 00:00:00,2021-09-06,19.4672,0.037897341371767,2021-09-17,2021-10-15,11,39,0.0467518264091274,0.0367143534922816,4915.213730340123,4897.287550913745,4900.0,4850.0,27,22,0.02996,0.03001625,OK,正常双期限插值,HIST_CLEAN_SURFACE,3580.141,3621.859,0.011202674458795636,0.04162252108921938,3582.3354,3551.8504000000003,3581.734,3563.5938,False,False,False,False,False,False,False,False,False,,,,2021-09-07,3621.71
2021-09-07 00:00:00,2021-09-07,19.6011,0.0384202857950478,2021-09-17,2021-10-15,10,38,0.0502525935645472,0.0371747797140478,4985.41443244495,4968.735868051127,4950.0,4950.0,27,22,0.02996,0.03001,OK,正常双期限插值,HIST_CLEAN_SURFACE,3621.71,3676.587,0.01511047227404494,0.04612813706529373,3608.8648000000003,3568.0620000000004,3621.859,3582.3354,False,False,False,False,False,False,False,False,False,,,,2021-09-08,3673.402
2021-09-08 00:00:00,2021-09-08,19.7769,0.0391125119214494,2021-09-17,2021-10-15,9,37,0.0486858545635874,0.0383362949504652,4958.206059903823,4942.444959307515,4950.0,4900.0,27,22,0.02996,0.03000375,OK,正常双期限插值,HIST_CLEAN_SURFACE,3673.402,3675.187,-0.00038078794273055383,0.038075813245116885,3630.482,3581.5423,3676.587,3608.8648000000003,False,False,False,False,False,False,False,False,False,,,,2021-09-09,3666.825
2021-09-09 00:00:00,2021-09-09,19.8915,0.0395670137658243,2021-09-17,2021-10-15,8,36,0.0481602420889815,0.0390462120492693,4957.503391838691,4941.858502846157,4950.0,4900.0,27,22,0.02996,0.0299975,OK,正常双期限插值,HIST_CLEAN_SURFACE,3666.825,3693.13,0.004882200551971971,0.05467857567145207,3649.6994,3600.6889,3675.187,3630.482,False,False,False,False,False,False,False,False,False,,,,2021-09-10,3691.186
2021-09-10 00:00:00,2021-09-10,19.7307,0.0389300932975562,2021-09-17,2021-10-15,7,35,0.0453623486577396,0.0386504300210265,5015.495490829713,5001.678458957893,5000.0,5000.0,27,22,0.02996,0.02999125,OK,正常双期限插值,HIST_CLEAN_SURFACE,3691.186,3703.11,0.0027023148386329243,0.05137562011006325,3673.9746,3618.7842000000005,3693.13,3649.6994,False,False,False,False,False,False,False,False,False,,,,2021-09-13,3699.253
2021-09-13 00:00:00,2021-09-13,19.5133,0.0380769974640399,2021-10-15,2021-11-19,32,67,0.0382011284627135,0.0391737967359028,4967.196004139951,4951.129913250598,4950.0,4950.0,22,21,0.0299725,0.03019125,WARN,期限未夹住30日,HIST_CLEAN_SURFACE,3699.253,3715.372,0.0033112707967086763,0.05306490566872002,3692.6771999999996,3637.5063,3703.11,3673.9746,False,False,False,False,False,False,False,False,False,,,,2021-09-14,3709.634
2021-09-14 00:00:00,2021-09-14,18.7984,0.0353379760310689,2021-10-15,2021-11-19,31,66,0.0354205997589228,0.0367350681565987,4900.697205064679,4879.934652612515,4900.0,4850.0,22,21,0.02996625,0.030185,WARN,期限未夹住30日,HIST_CLEAN_SURFACE,3709.634,3662.602,-0.014203153816091607,0.03348307251251437,3689.8802000000005,3649.3725,3715.372,3692.6771999999996,False,False,False,False,False,False,False,False,False,,,,2021-09-15,3651.158
2021-09-15 00:00:00,2021-09-15,19.212,0.036910278979051,2021-10-15,2021-11-19,30,65,0.036910278979051,0.0378901812179255,4855.969299558136,4826.5384051001865,4850.0,4800.0,22,21,0.02996,0.03017875,WARN,期限未夹住30日,HIST_CLEAN_SURFACE,3651.158,3656.223,-0.0017416579797641107,0.02498443413853435,3686.0873999999994,3658.2847,3662.602,3689.8802000000005,False,False,False,False,False,False,False,False,False,,,,2021-09-16,3664.841
2021-09-16 00:00:00,2021-09-16,20.3263,0.0413156926413629,2021-10-15,2021-11-19,29,64,0.0413868659461755,0.0402191789140945,4806.256066329295,4799.871789913593,4800.0,4750.0,22,21,0.02996,0.0301725,OK,正常双期限插值,HIST_CLEAN_SURFACE,3664.841,3607.092,-0.013437637693324511,0.002793683589548346,3668.8798,3659.2896,3656.223,3686.0873999999994,False,False,False,False,False,False,False,False,False,,,,2021-09-17,3595.272
2021-09-17 00:00:00,2021-09-17,18.8129,0.0353924755670896,2021-10-15,2021-11-19,28,63,0.0349727778642058,0.0384702587215708,4853.487321892763,4846.150248993194,4850.0,4800.0,22,21,0.02996,0.03016625,OK,正常双期限插值,HIST_CLEAN_SURFACE,3595.272,3613.966,0.0019056902346821225,0.00899899322506914,3651.0509999999995,3662.5127999999995,3607.092,3668.8798,False,False,False,False,False,False,False,False,False,,,,2021-09-22,3563.207
2021-09-22 00:00:00,2021-09-22,20.5108,0.0420692266630478,2021-10-15,2021-11-19,23,58,0.0418537241496129,0.0424110582360827,4816.3541606480885,4807.130816268503,4800.0,4800.0,22,21,0.02996,0.030135,OK,正常双期限插值,HIST_CLEAN_SURFACE,3563.207,3628.49,0.004018853525461941,0.0018308277599983214,3633.6746,3663.1758999999997,3613.966,3651.0509999999995,False,False,False,False,False,False,False,False,False,,,,2021-09-23,3651.266
2021-09-23 00:00:00,2021-09-23,19.7449,0.0389860068526653,2021-10-15,2021-11-19,22,57,0.0372607663427614,0.0412333596221453,4841.419230896147,4827.912944847873,4800.0,4800.0,22,21,0.02996,0.03012875,OK,正常双期限插值,HIST_CLEAN_SURFACE,3651.266,3642.22,0.0037839431829769232,-0.00934752801987282,3629.5982000000004,3659.7392,3628.49,3633.6746,False,False,False,False,False,False,False,False,False,,,,2021-09-24,3637.868
2021-09-24 00:00:00,2021-09-24,18.9865,0.0360485606222613,2021-10-15,2021-11-19,21,56,0.0336403465969895,0.038657459149639,4857.210301656176,4842.056474236078,4850.0,4800.0,22,21,0.02996,0.0301225,OK,正常双期限插值,HIST_CLEAN_SURFACE,3637.868,3613.067,-0.00800418426124716,-0.01690254128565427,3620.9669999999996,3653.5271999999995,3642.22,3629.5982000000004,False,False,False,False,False,False,False,False,False,,,,2021-09-27,3625.96
2021-09-27 00:00:00,2021-09-27,19.5596,0.0382578473980736,2021-10-15,2021-11-19,18,53,0.0358164217376435,0.0398470773091083,4888.127986333507,4875.681500751673,4850.0,4850.0,22,21,0.02996,0.03010375,OK,正常双期限插值,HIST_CLEAN_SURFACE,3625.96,3582.831,-0.008368513509436681,-0.02986599442749105,3616.1148000000003,3642.4973,3613.067,3620.9669999999996,False,False,False,False,False,False,False,False,False,,,,2021-09-28,3577.886
2021-09-28 00:00:00,2021-09-28,19.488,0.0379782404691137,2021-10-15,2021-11-19,17,52,0.036028876974357,0.0390567344736093,4879.237928928609,4870.300794833617,4850.0,4850.0,22,21,0.02996,0.0300975,OK,正常双期限插值,HIST_CLEAN_SURFACE,3577.886,3602.218,0.0054110841398882226,-0.027245207406747407,3613.7652000000003,3632.4080999999996,3582.831,3616.1148000000003,False,False,False,False,False,False,False,False,False,,,,2021-09-29,3573.518
2021-09-29 00:00:00,2021-09-29,20.2537,0.0410210892994277,2021-10-15,2021-11-19,16,51,0.0385230791993482,0.0421966234641709,4852.506511383293,4843.352538803706,4850.0,4800.0,22,21,0.02996,0.03009125,OK,正常双期限插值,HIST_CLEAN_SURFACE,3573.518,3536.294,-0.0183009468055515,-0.04819921127682503,3595.326,3614.5002999999997,3602.218,3613.7652000000003,False,False,False,False,False,False,False,False,False,,,,2021-09-30,3541.928
2021-09-30 00:00:00,2021-09-30,20.0077,0.0400307315476581,2021-10-15,2021-11-19,15,50,0.0382862095880807,0.040728540331489,4858.541824925655,4849.011232793462,4850.0,4800.0,22,21,0.02996,0.030085,OK,正常双期限插值,HIST_CLEAN_SURFACE,3541.928,3568.167,0.009013108073027798,-0.02578358227293054,3580.5154,3605.0568,3536.294,3595.326,False,False,False,False,False,False,False,False,False,,,,2021-10-08,3609.087
2021-10-08 00:00:00,2021-10-08,19.0127,0.03614816129191,2021-10-15,2021-11-19,7,42,0.0369747414755622,0.0360762847542011,4932.5725329549405,4925.4963370694295,4900.0,4900.0,22,21,0.02996,0.030035,OK,正常双期限插值,HIST_CLEAN_SURFACE,3609.087,3592.167,0.006726142582452077,-0.017519719119977073,3576.3354,3598.6512000000002,3568.167,3580.5154,False,False,False,False,False,False,False,False,False,,,,2021-10-11,3600.357
2021-10-11 00:00:00,2021-10-11,17.7043,0.031344353869177,2021-11-19,2021-12-17,39,67,0.0340235568809845,0.0377557799820098,4925.2009030737045,4914.378805419956,4900.0,4900.0,21,24,0.03001625,0.03019125,WARN,期限未夹住30日,HIST_CLEAN_SURFACE,3600.357,3591.709,-0.00012749964018932136,-0.004264654186807659,3578.111,3597.1129,3592.167,3576.3354,False,False,False,False,False,False,False,False,False,,,,2021-10-12,3581.297
2021-10-12 00:00:00,2021-10-12,17.385,0.0302236518233647,2021-11-19,2021-12-17,38,66,0.0333449464234956,0.0383106423782492,4871.711756149148,4857.287101890436,4850.0,4850.0,21,24,0.03001,0.030185,WARN,期限未夹住30日,HIST_CLEAN_SURFACE,3581.297,3546.936,-0.012465653537076515,-0.018547490485521956,3567.0546000000004,3590.4099,3591.709,3578.111,False,False,False,False,False,False,False,False,False,,,,2021-10-13,3543.492
2021-10-13 00:00:00,2021-10-13,17.0952,0.0292244432716604,2021-11-19,2021-12-17,37,65,0.0322415575043062,0.0378116145491908,4927.471233548865,4913.79640156086,4900.0,4900.0,21,24,0.03000375,0.03017875,WARN,期限未夹住30日,HIST_CLEAN_SURFACE,3543.492,3561.762,0.004179945733444379,-0.01839001898861503,3572.1482000000005,3583.7371,3546.936,3567.0546000000004,False,False,False,False,False,False,False,False,False,,,,2021-10-14,3555.109
2021-10-14 00:00:00,2021-10-14,16.8266,0.0283133806175959,2021-11-19,2021-12-17,36,64,0.0308470011255449,0.0363892959866832,4906.456215047295,4898.725399236029,4900.0,4850.0,21,24,0.0299975,0.0301725,WARN,期限未夹住30日,HIST_CLEAN_SURFACE,3555.109,3558.28,-0.0009776060275784593,-0.02304638379889179,3570.1708,3575.3430999999996,3561.762,3572.1482000000005,False,False,False,False,False,False,False,False,False,,,,2021-10-15,3551.987
2021-10-15 00:00:00,2021-10-15,16.9025,0.0285694814250566,2021-11-19,2021-12-17,35,63,0.0302894839025455,0.0348761571758491,4936.360831828934,4925.32721692708,4900.0,4900.0,21,24,0.02999125,0.03016625,WARN,期限未夹住30日,HIST_CLEAN_SURFACE,3551.987,3572.366,0.003958654181233534,-0.01126494471317585,3566.2106,3571.273,3558.28,3570.1708,False,False,False,False,False,False,False,False,False,,,,2021-10-18,3571.048
2021-10-18 00:00:00,2021-10-18,18.1445,0.0329223892331493,2021-11-19,2021-12-17,32,60,0.0335770472506563,0.0381596533732052,4861.960434619419,4850.148574467154,4850.0,4850.0,21,24,0.0299725,0.0301475,WARN,期限未夹住30日,HIST_CLEAN_SURFACE,3571.048,3568.138,-0.0011835293472169939,-0.0041009469885685546,3561.4964,3569.8036999999995,3572.366,3566.2106,False,False,False,False,False,False,False,False,False,,,,2021-10-19,3562.296
2021-10-19 00:00:00,2021-10-19,17.48,0.0305551436338884,2021-11-19,2021-12-17,31,59,0.0308638698342253,0.0352592937034293,4911.522241015218,4902.167519911678,4900.0,4900.0,21,24,0.02996625,0.03014125,WARN,期限未夹住30日,HIST_CLEAN_SURFACE,3562.296,3593.153,0.007010659341090575,-0.0025165051087968626,3570.7398000000003,3568.8972000000003,3568.138,3561.4964,False,False,False,False,False,False,False,False,False,,,,2021-10-20,3583.236
2021-10-20 00:00:00,2021-10-20,17.7889,0.0316445972237038,2021-11-19,2021-12-17,30,58,0.0316445972237038,0.0356834750826994,4902.837849612743,4895.516335136008,4900.0,4850.0,21,24,0.02996,0.030135,WARN,期限未夹住30日,HIST_CLEAN_SURFACE,3583.236,3587.001,-0.0017121452941190052,0.014339022717002603,3575.7876000000006,3573.9679000000006,3593.153,3570.7398000000003,False,False,False,False,False,False,False,False,False,,,,2021-10-21,3590.05
2021-10-21 00:00:00,2021-10-21,18.0217,0.0324783129079578,2021-11-19,2021-12-17,29,57,0.0322273717098718,0.0359254525237701,4922.432739608921,4916.442481467052,4900.0,4900.0,21,24,0.02996,0.03012875,OK,正常双期限插值,HIST_CLEAN_SURFACE,3590.05,3594.783,0.0021695003709225613,0.007459292123939365,3583.0881999999997,3576.6295,3587.001,3575.7876000000006,False,False,False,False,False,False,False,False,False,,,,2021-10-22,3594.746
2021-10-22 00:00:00,2021-10-22,18.1164,0.0328202555372252,2021-11-19,2021-12-17,28,56,0.032291595838466,0.0362565435791598,4962.48087244803,4957.9762567915495,4950.0,4950.0,21,24,0.02996,0.0301225,OK,正常双期限插值,HIST_CLEAN_SURFACE,3594.746,3582.604,-0.003387965281909988,-0.0026621813518136195,3585.1358,3575.6732,3594.783,3583.0881999999997,False,False,False,False,False,False,False,False,False,,,,2021-10-25,3574.263
2021-10-25 00:00:00,2021-10-25,18.9392,0.0358692543709516,2021-11-19,2021-12-17,25,53,0.0352014205984832,0.0373183276508359,4976.216521755181,4973.975307945116,4950.0,4950.0,21,24,0.02996,0.03010375,OK,正常双期限插值,HIST_CLEAN_SURFACE,3574.263,3609.863,0.007608711428893633,0.005054418384117465,3593.4808000000003,3577.4885999999997,3582.604,3585.1358,False,False,False,False,False,False,False,False,False,,,,2021-10-26,3612.833
2021-10-26 00:00:00,2021-10-26,18.753,0.0351674303199536,2021-11-19,2021-12-17,24,52,0.0342278529164419,0.0367574843874351,4955.348803845383,4953.311524852608,4950.0,4950.0,21,24,0.02996,0.0300975,OK,正常双期限插值,HIST_CLEAN_SURFACE,3612.833,3597.638,-0.0033865551130333182,0.014294591162625991,3594.3777999999998,3582.5588000000002,3609.863,3593.4808000000003,False,False,False,False,False,False,False,False,False,,,,2021-10-27,3589.857
2021-10-27 00:00:00,2021-10-27,18.6927,0.0349416147308843,2021-11-19,2021-12-17,23,51,0.0337086686702316,0.0366097182247085,4888.873319335603,4883.996076280253,4850.0,4850.0,21,24,0.02996,0.03009125,OK,正常双期限插值,HIST_CLEAN_SURFACE,3589.857,3562.305,-0.009821165998357806,0.00015245263439833678,3589.4386,3582.6131,3597.638,3594.3777999999998,False,False,False,False,False,False,False,False,False,,,,2021-10-28,3548.702
2021-10-28 00:00:00,2021-10-28,18.7927,0.0353166245195358,2021-11-19,2021-12-17,22,50,0.0341745787692494,0.0365728748448507,4875.75625995992,4871.219511933439,4850.0,4850.0,21,24,0.02996,0.030085,OK,正常双期限插值,HIST_CLEAN_SURFACE,3548.702,3518.417,-0.012320112960569007,-0.011202884539721514,3574.1654000000003,3578.6267999999995,3562.305,3589.4386,False,False,False,False,False,False,False,False,False,,,,2021-10-29,3519.328
2021-10-29 00:00:00,2021-10-29,18.2475,0.0332970487043678,2021-11-19,2021-12-17,21,49,0.0317861008220423,0.0346640967883765,4907.683589618377,4903.782358413182,4900.0,4900.0,21,24,0.02996,0.03007875,OK,正常双期限插值,HIST_CLEAN_SURFACE,3519.328,3547.336,0.00821932135957737,-0.007006560917890314,3567.1117999999997,3576.1238,3518.417,3574.1654000000003,False,False,False,False,False,False,False,False,False,,,,2021-11-01,3530.396
2021-11-01 00:00:00,2021-11-01,18.7491,0.0351527315481528,2021-11-19,2021-12-17,18,46,0.0344751813314709,0.0355062360090303,4893.465297843994,4893.814756321604,4850.0,4850.0,21,24,0.02996,0.03006,OK,正常双期限插值,HIST_CLEAN_SURFACE,3530.396,3544.48,-0.0008051112158531382,-0.006630348938297725,3554.0352,3573.7580000000003,3547.336,3567.1117999999997,False,False,False,False,False,False,False,False,False,,,,2021-11-02,3543.383
2021-11-02 00:00:00,2021-11-02,19.6138,0.0384699489489014,2021-11-19,2021-12-17,17,45,0.0396587248609511,0.0379517645769822,4835.863951065034,4835.817464647682,4800.0,4800.0,21,24,0.02996,0.03005375,OK,正常双期限插值,HIST_CLEAN_SURFACE,3543.383,3505.628,-0.01096126935403774,-0.0243588291397554,3535.6332,3565.0055,3544.48,3554.0352,False,False,False,False,False,False,False,False,False,,,,2021-11-03,3501.105
2021-11-03 00:00:00,2021-11-03,19.7642,0.0390625488902289,2021-11-19,2021-12-17,16,44,0.0408124017146751,0.0384262387722484,4819.806914481523,4820.995160840736,4800.0,4800.0,21,24,0.02996,0.0300475,OK,正常双期限插值,HIST_CLEAN_SURFACE,3501.105,3498.537,-0.0020227474221452546,-0.024662385095515882,3522.8796,3556.1591,3505.628,3535.6332,False,False,False,False,False,False,False,False,False,,,,2021-11-04,3505.894
2021-11-04 00:00:00,2021-11-04,18.6548,0.0347999912339776,2021-11-19,2021-12-17,15,43,0.0331823206780848,0.035289054425294,4865.086788048384,4866.280875359841,4850.0,4850.0,21,24,0.02996,0.03004125,OK,正常双期限插值,HIST_CLEAN_SURFACE,3505.894,3526.866,0.008097384706807542,-0.018893212747473243,3524.5693999999994,3549.3674,3498.537,3522.8796,False,False,False,False,False,False,False,False,False,,,,2021-11-05,3520.207
2021-11-05 00:00:00,2021-11-05,18.4193,0.0339270945770089,2021-11-19,2021-12-17,14,42,0.0323244538627004,0.034327754755586,4852.706699073578,4853.629621312833,4850.0,4850.0,21,24,0.02996,0.030035,OK,正常双期限插值,HIST_CLEAN_SURFACE,3520.207,3491.568,-0.010008319000495036,-0.025410567285694907,3513.4157999999998,3540.2637999999997,3526.866,3524.5693999999994,False,False,False,False,False,False,False,False,False,,,,2021-11-08,3491.971
2021-11-08 00:00:00,2021-11-08,18.8066,0.0353689758171525,2021-11-19,2021-12-17,11,39,0.0372354968767106,0.0351196025581831,4846.35799397501,4849.881379150389,4800.0,4800.0,21,24,0.02996,0.03001625,OK,正常双期限插值,HIST_CLEAN_SURFACE,3491.971,3498.631,0.0020228733909806174,-0.030813357736844904,3504.246,3529.1406,3491.568,3513.4157999999998,False,False,False,False,False,False,False,False,False,,,,2021-11-09,3507.108
2021-11-09 00:00:00,2021-11-09,18.6562,0.0348054995856784,2021-11-19,2021-12-17,10,38,0.0358308303267363,0.0346975700339881,4841.685670902561,4843.172885385361,4800.0,4800.0,21,24,0.02996,0.03001,OK,正常双期限插值,HIST_CLEAN_SURFACE,3507.108,3507.002,0.00239265015373169,-0.025193196202619617,3504.5208,3520.077,3498.631,3504.246,False,False,False,False,False,False,False,False,False,,,,2021-11-10,3498.945
2021-11-10 00:00:00,2021-11-10,18.7487,0.0351513866085768,2021-11-19,2021-12-17,9,37,0.03602294641738,0.0350807195970522,4810.783884198789,4810.535680882124,4800.0,4800.0,21,24,0.02996,0.03000375,OK,正常双期限插值,HIST_CLEAN_SURFACE,3498.945,3492.462,-0.004145991362422885,-0.01960612580899157,3503.3057999999996,3513.0927,3507.002,3504.5208,False,False,False,False,False,False,False,False,False,,,,2021-11-11,3486.451
2021-11-11 00:00:00,2021-11-11,18.2888,0.0334478949934588,2021-11-19,2021-12-17,8,36,0.0313319932347208,0.0335761314636854,4896.813013354461,4895.325929039953,4850.0,4850.0,21,24,0.02996,0.0299975,OK,正常双期限插值,HIST_CLEAN_SURFACE,3486.451,3532.786,0.011546009663097268,0.00408393888501557,3504.4898000000003,3514.5296000000003,3492.462,3503.3057999999996,False,False,False,False,False,False,False,False,False,,,,2021-11-12,3534.151
2021-11-12 00:00:00,2021-11-12,18.0421,0.0325516876400616,2021-11-19,2021-12-17,7,35,0.0274229256131953,0.0327746772934037,4894.170068383277,4894.826025414031,4850.0,4850.0,21,24,0.02996,0.02999125,OK,正常双期限插值,HIST_CLEAN_SURFACE,3534.151,3539.1,0.0017872579884543605,-0.0023217422877336302,3513.9962,3513.7059999999997,3532.786,3504.4898000000003,False,False,False,False,False,False,False,False,False,,,,2021-11-15,3542.903
2021-11-15 00:00:00,2021-11-15,18.6437,0.0347587305535845,2021-12-17,2022-01-21,32,67,0.0344536363810648,0.0320629730889328,4892.311035860375,4887.091485669035,4850.0,4850.0,24,20,0.0299725,0.03019125,WARN,期限未夹住30日,HIST_CLEAN_SURFACE,3542.903,3533.303,-0.0016379870588567602,-0.0031533539475466776,3520.9305999999997,3512.5883000000003,3539.1,3513.9962,False,False,False,False,False,False,False,False,False,,,,2021-11-16,3530.458
2021-11-16 00:00:00,2021-11-16,18.2157,0.0331812517691089,2021-12-17,2022-01-21,31,66,0.0330307219447567,0.030635929284608,4884.487575021929,4882.705863846051,4850.0,4850.0,24,20,0.02996625,0.030185,WARN,期限未夹住30日,HIST_CLEAN_SURFACE,3530.458,3521.787,-0.0032592732635723376,0.004609445155047798,3523.8875999999996,3514.2042,3533.303,3520.9305999999997,False,False,False,False,False,False,False,False,False,,,,2021-11-17,3518.565
2021-11-17 00:00:00,2021-11-17,18.0365,0.032531680067897,2021-12-17,2022-01-21,30,65,0.032531680067897,0.0305891984450004,4884.190023270393,4882.791004033535,4850.0,4850.0,24,20,0.02996,0.03017875,WARN,期限未夹住30日,HIST_CLEAN_SURFACE,3518.565,3537.366,0.004423606538385361,0.011098639231198693,3532.8684000000003,3518.0870999999997,3521.787,3523.8875999999996,False,False,False,False,False,False,False,False,False,,,,2021-11-18,3531.492
2021-11-18 00:00:00,2021-11-18,17.5609,0.0308385753215866,2021-12-17,2022-01-21,29,64,0.0309637310885539,0.0289103942867458,4833.078646224489,4836.226553999274,4800.0,4800.0,24,20,0.02996,0.0301725,OK,正常双期限插值,HIST_CLEAN_SURFACE,3531.492,3520.711,-0.004708305558429715,-0.0017451754617272552,3530.4534,3517.4716,3537.366,3532.8684000000003,False,False,False,False,False,False,False,False,False,,,,2021-11-19,3519.276
2021-11-19 00:00:00,2021-11-19,17.1101,0.0292754926469435,2021-12-17,2022-01-21,28,63,0.0295992233879345,0.0269014672130097,4898.227648049656,4897.208718295315,4850.0,4850.0,24,20,0.02996,0.03016625,OK,正常双期限插值,HIST_CLEAN_SURFACE,3519.276,3560.373,0.01126533816606945,0.019706046108797004,3534.708,3524.3521,3520.711,3530.4534,False,False,False,False,False,False,False,False,False,,,,2021-11-22,3562.763
2021-11-22 00:00:00,2021-11-22,17.1058,0.0292609961372654,2021-12-17,2022-01-21,25,60,0.0303117436626622,0.0266341273237734,4908.420455686387,4908.270900660146,4900.0,4900.0,24,20,0.02996,0.0301475,OK,正常双期限插值,HIST_CLEAN_SURFACE,3562.763,3582.08,0.006096833112710254,0.02385190092924927,3544.4633999999996,3532.697,3560.373,3534.708,False,False,False,False,False,False,False,False,False,,,,2021-11-23,3580.506
2021-11-23 00:00:00,2021-11-23,16.9524,0.0287384854207058,2021-12-17,2022-01-21,24,59,0.0299408697043119,0.0263744756427683,4909.062162102899,4906.632234634095,4900.0,4900.0,24,20,0.02996,0.03014125,OK,正常双期限插值,HIST_CLEAN_SURFACE,3580.506,3589.089,0.0019566843844915915,0.02340660199224298,3557.9237999999996,3540.9057000000003,3582.08,3544.4633999999996,False,False,False,False,False,False,False,False,False,,,,2021-11-25,3593.388
2021-11-25 00:00:00,2021-11-25,15.8167,0.0250167770374894,2021-12-17,2022-01-21,22,57,0.0259787822730197,0.023763638638575,4898.617087105121,4900.3197945039,4850.0,4900.0,24,20,0.02996,0.03012875,OK,正常双期限插值,HIST_CLEAN_SURFACE,3593.388,3584.179,-0.001368035175499882,0.026261416731234277,3567.2864,3550.0773999999997,3589.089,3557.9237999999996,False,False,False,False,False,False,False,False,False,,,,2021-11-26,3576.114
2021-11-26 00:00:00,2021-11-26,15.6809,0.0245891555878296,2021-12-17,2022-01-21,21,56,0.0256806854346062,0.0234066649204882,4857.080497382063,4857.874925487775,4850.0,4850.0,24,20,0.02996,0.0301225,OK,正常双期限插值,HIST_CLEAN_SURFACE,3576.114,3564.089,-0.005605188803349481,0.008860712197115816,3575.9620000000004,3553.2077,3584.179,3567.2864,False,False,False,False,False,False,False,False,False,,,,2021-11-29,3528.672
2021-11-29 00:00:00,2021-11-29,16.3607,0.0267672149058668,2021-12-17,2022-01-21,18,53,0.0288778546588079,0.0253933078968769,4851.42417165682,4852.191474052737,4850.0,4850.0,24,20,0.02996,0.03010375,OK,正常双期限插值,HIST_CLEAN_SURFACE,3528.672,3562.697,-0.0003905626374649529,0.006667514339804059,3576.4268,3555.5674,3564.089,3575.9620000000004,False,False,False,False,False,False,False,False,False,,,,2021-11-30,3570.747
2021-11-30 00:00:00,2021-11-30,16.1725,0.0261549336021813,2021-12-17,2022-01-21,17,52,0.0286987637915783,0.0247475482607101,4835.771854567854,4837.38055743758,4800.0,4800.0,24,20,0.02996,0.0300975,OK,正常双期限插值,HIST_CLEAN_SURFACE,3570.747,3563.887,0.0003340166171863501,0.008655923366889473,3572.7882,3558.6258000000003,3562.697,3576.4268,False,False,False,False,False,False,False,False,False,,,,2021-12-01,3561.886
2021-12-01 00:00:00,2021-12-01,15.6935,0.0246286168948337,2021-12-17,2022-01-21,16,51,0.0259641304822916,0.0240001399125006,4849.0778271833005,4850.794406439735,4800.0,4850.0,24,20,0.02996,0.03009125,OK,正常双期限插值,HIST_CLEAN_SURFACE,3561.886,3576.885,0.003647141449770963,0.015644898456380396,3570.3474,3564.1356,3563.887,3572.7882,False,False,False,False,False,False,False,False,False,,,,2021-12-02,3573.247
2021-12-02 00:00:00,2021-12-02,15.2667,0.0233072387412956,2021-12-17,2022-01-21,15,50,0.0240210403861911,0.0230217180833373,4860.298189618768,4859.017055951293,4850.0,4850.0,24,20,0.02996,0.030085,OK,正常双期限插值,HIST_CLEAN_SURFACE,3573.247,3573.836,-0.0008524176762743085,0.010309931174778075,3568.2788,3567.7826,3576.885,3570.3474,False,False,False,False,False,False,False,False,False,,,,2021-12-03,3576.45
2021-12-03 00:00:00,2021-12-03,14.8695,0.0221103108697099,2021-12-17,2022-01-21,14,49,0.0222827957783572,0.022051789204276,4902.414635899149,4896.589237971517,4900.0,4850.0,24,20,0.02996,0.03007875,OK,正常双期限插值,HIST_CLEAN_SURFACE,3576.45,3607.432,0.009400543281784524,0.02463167240935138,3576.9474,3576.4547,3573.836,3568.2788,False,False,False,False,False,False,False,False,False,,,,2021-12-06,3615.236
2021-12-06 00:00:00,2021-12-06,15.0848,0.0227551171985141,2021-12-17,2022-01-21,11,46,0.0245843498446229,0.0223867591370551,4898.650736452566,4894.544263304463,4850.0,4850.0,24,20,0.02996,0.03006,OK,正常双期限插值,HIST_CLEAN_SURFACE,3615.236,3589.306,-0.005024626936834808,0.008126395745614357,3582.2692,3579.3480000000004,3607.432,3576.9474,False,False,False,False,False,False,False,False,False,,,,2021-12-07,3611.217
2021-12-07 00:00:00,2021-12-07,15.3488,0.0235585904079897,2021-12-17,2022-01-21,10,45,0.0244036719332513,0.0234177434871128,4924.844292773288,4921.2112496581085,4900.0,4900.0,24,20,0.02996,0.03005375,OK,正常双期限插值,HIST_CLEAN_SURFACE,3611.217,3595.088,0.0016108963682672783,0.0036314096837593013,3588.5094,3580.6488,3589.306,3582.2692,False,False,False,False,False,False,False,False,False,,,,2021-12-08,3602.824
2021-12-08 00:00:00,2021-12-08,16.6773,0.0278132777096407,2021-12-17,2022-01-21,9,44,0.0333408826767614,0.0270595133959424,5004.91806183794,5002.701286545085,5000.0,5000.0,24,20,0.02996,0.0300475,OK,正常双期限插值,HIST_CLEAN_SURFACE,3602.824,3637.568,0.011816122442621646,0.013507327346856002,3600.6459999999997,3585.4966999999997,3595.088,3588.5094,False,False,False,False,False,False,False,False,False,,,,2021-12-09,3641.158
2021-12-09 00:00:00,2021-12-09,16.7348,0.0280052759479207,2021-12-17,2022-01-21,8,43,0.0336366076261869,0.0273861866302254,5088.42486081103,5093.75058699373,5000.0,5000.0,24,20,0.02996,0.03004125,OK,正常双期限插值,HIST_CLEAN_SURFACE,3641.158,3673.041,0.009751845188873398,0.024792846562629922,3620.487,3594.3828999999996,3637.568,3600.6459999999997,False,False,False,False,False,False,False,False,False,,,,2021-12-10,3654.368
2021-12-10 00:00:00,2021-12-10,16.6211,0.0276259357267288,2021-12-17,2022-01-21,7,42,0.0301415623274912,0.0274071855875321,5072.346975256427,5071.9933973119605,5000.0,5000.0,24,21,0.02996,0.030035,OK,正常双期限插值,HIST_CLEAN_SURFACE,3654.368,3666.348,-0.001822195831737261,0.028691483293486808,3632.2702,3604.6087999999995,3673.041,3620.487,False,False,False,False,False,False,False,False,False,,,,2021-12-13,3686.937
2021-12-13 00:00:00,2021-12-13,17.1182,0.0293032264693308,2022-01-21,2022-02-18,39,67,0.0286701936825936,0.0277883569647508,5088.438431574848,5087.284699827242,5000.0,5000.0,21,21,0.03001625,0.03019125,WARN,期限未夹住30日,HIST_CLEAN_SURFACE,3686.937,3681.082,0.004018712899048316,0.033229039685384265,3650.6254,3616.4473,3666.348,3632.2702,False,False,False,False,False,False,False,False,False,,,,2021-12-14,3669.807
2021-12-14 00:00:00,2021-12-14,16.714,0.0279358450304289,2022-01-21,2022-02-18,38,66,0.0272412864202636,0.0261363068131826,5065.745289571769,5066.633581032077,5000.0,5000.0,21,21,0.03001,0.030185,WARN,期限未夹住30日,HIST_CLEAN_SURFACE,3669.807,3661.525,-0.005312840083431913,0.027396491527368783,3663.9127999999996,3626.2110999999995,3681.082,3650.6254,False,False,False,False,False,False,False,False,False,,,,2021-12-15,3655.049
2021-12-15 00:00:00,2021-12-15,15.9929,0.0255773953990833,2022-01-21,2022-02-18,37,65,0.0258347236973203,0.0263097913248347,5021.963012952546,5029.137243017885,5000.0,5000.0,21,21,0.03000375,0.03017875,WARN,期限未夹住30日,HIST_CLEAN_SURFACE,3655.049,3647.63,-0.0037948668928929896,0.01977838258708342,3665.9252,3633.2856,3661.525,3663.9127999999996,False,False,False,False,False,False,False,False,False,,,,2021-12-16,3648.927
2021-12-16 00:00:00,2021-12-16,15.8987,0.0252767524920561,2022-01-21,2022-02-18,36,64,0.0254526348726887,0.0258373775803227,5053.663107612931,5055.236146230729,5000.0,5000.0,21,21,0.0299975,0.0301725,WARN,期限未夹住30日,HIST_CLEAN_SURFACE,3648.927,3675.016,0.007507888683885078,0.028311315908172707,3666.3201999999997,3643.4036,3647.63,3665.9252,False,False,False,False,False,False,False,False,False,,,,2021-12-17,3670.258
2021-12-17 00:00:00,2021-12-17,16.0967,0.0259102859397099,2022-01-21,2022-02-18,35,63,0.0261081445330108,0.0266357674484798,4980.094465426124,4984.60070310597,4950.0,4950.0,21,21,0.02999125,0.03016625,WARN,期限未夹住30日,HIST_CLEAN_SURFACE,3670.258,3632.364,-0.011605935865313222,0.006911287586294224,3659.5233999999996,3645.8968,3675.016,3666.3201999999997,False,False,False,False,False,False,False,False,False,,,,2021-12-20,3620.037
2021-12-20 00:00:00,2021-12-20,17.1592,0.0294436976954674,2022-01-21,2022-02-18,32,60,0.0292293839451955,0.0277291876932927,4908.527156662061,4916.598144380904,4900.0,4900.0,21,21,0.0299725,0.0301475,WARN,期限未夹住30日,HIST_CLEAN_SURFACE,3620.037,3593.602,-0.010671287348955172,0.001196888757882375,3642.0274000000004,3646.3264000000004,3632.364,3659.5233999999996,False,False,False,False,False,False,False,False,False,,,,2021-12-21,3591.452
2021-12-21 00:00:00,2021-12-21,16.1661,0.0261342098223399,2022-01-21,2022-02-18,31,59,0.0262047776571863,0.0272094722549995,4928.48154644395,4935.217458585297,4900.0,4900.0,21,21,0.02996625,0.03014125,WARN,期限未夹住30日,HIST_CLEAN_SURFACE,3591.452,3625.125,0.008771978644268374,0.008355011059534512,3634.7474,3649.3301,3593.602,3642.0274000000004,False,False,False,False,False,False,False,False,False,,,,2021-12-22,3632.676
2021-12-22 00:00:00,2021-12-22,15.9827,0.0255446752744794,2022-01-21,2022-02-18,30,58,0.0255446752744794,0.0267786904500421,4925.263587048234,4931.572921387239,4900.0,4900.0,21,21,0.02996,0.030135,WARN,期限未夹住30日,HIST_CLEAN_SURFACE,3632.676,3622.618,-0.0006915623599186294,-0.004109888804827877,3629.745,3647.8350999999993,3625.125,3634.7474,False,False,False,False,False,False,False,False,False,,,,2021-12-23,3625.47
2021-12-23 00:00:00,2021-12-23,15.3013,0.0234131299102902,2022-01-21,2022-02-18,29,57,0.0232847831906615,0.0251762085325576,4963.583982334713,4968.610772279401,4950.0,4950.0,21,21,0.02996,0.03012875,OK,正常双期限插值,HIST_CLEAN_SURFACE,3625.47,3643.339,0.005719896494744914,-0.008086487463657588,3623.4096000000004,3644.8649000000005,3622.618,3629.745,False,False,False,False,False,False,False,False,False,,,,2021-12-24,3645.395
2021-12-24 00:00:00,2021-12-24,15.462,0.0239072084533326,2022-01-21,2022-02-18,28,56,0.0236942880471161,0.02529119109374,4939.324314467997,4945.894018111314,4900.0,4900.0,21,21,0.02996,0.0301225,OK,正常双期限插值,HIST_CLEAN_SURFACE,3645.395,3618.054,-0.006940062398804958,-0.013172235696120471,3620.5475999999994,3640.0355000000004,3643.339,3623.4096000000004,False,False,False,False,False,False,False,False,False,,,,2021-12-27,3613.047
2021-12-27 00:00:00,2021-12-27,15.9341,0.0253896397770316,2022-01-21,2022-02-18,25,53,0.024811194614063,0.0266447566400766,4946.992063571778,4948.032654728831,4900.0,4900.0,21,21,0.02996,0.03010375,OK,正常双期限插值,HIST_CLEAN_SURFACE,3613.047,3615.974,-0.0005748946809527311,-0.017687190885723236,3625.022,3633.5247000000004,3618.054,3620.5475999999994,False,False,False,False,False,False,False,False,False,,,,2021-12-28,3619.642
2021-12-28 00:00:00,2021-12-28,16.1121,0.0259598485524056,2022-01-21,2022-02-18,24,52,0.0258681357590699,0.0261150548180504,4981.840109854355,4990.305007666316,4950.0,4950.0,21,21,0.02996,0.0300975,OK,正常双期限插值,HIST_CLEAN_SURFACE,3619.642,3630.112,0.003909873245770079,-0.008579212213490228,3626.0194,3630.3834,3615.974,3625.022,False,False,False,False,False,False,False,False,False,,,,2021-12-29,3630.916
2021-12-29 00:00:00,2021-12-29,17.2853,0.0298780948657858,2022-01-21,2022-02-18,23,51,0.0305862267690028,0.028920034055551,4907.513084962177,4921.671356183511,4900.0,4900.0,21,21,0.02996,0.03009125,OK,正常双期限插值,HIST_CLEAN_SURFACE,3630.916,3597.0,-0.009121481651254815,-0.013880245529288904,3620.8958,3625.3203999999996,3630.112,3626.0194,False,False,False,False,False,False,False,False,False,,,,2021-12-31,3626.242
2021-12-31 00:00:00,2021-12-31,16.879,0.0284900514379242,2022-01-21,2022-02-18,21,49,0.028139839663244,0.028806909710254,4948.939837955442,4958.605368125117,4900.0,4950.0,21,21,0.02996,0.03007875,OK,正常双期限插值,HIST_CLEAN_SURFACE,3626.242,3639.775,0.011891854323047069,-0.009589346005568378,3620.183,3621.7962999999995,3597.0,3620.8958,False,False,False,False,False,False,False,False,False,,,,2022-01-04,3649.151
2022-01-04 00:00:00,2022-01-04,17.1907,0.0295519566507018,2022-01-21,2022-02-18,17,45,0.0299258655568439,0.0293889707172553,4928.813189146496,4933.400459556705,4900.0,4900.0,21,21,0.02996,0.03005375,OK,正常双期限插值,HIST_CLEAN_SURFACE,3649.151,3632.329,-0.0020457308487474846,-9.63559819444626e-06,3623.0380000000005,3621.7928,3639.775,3620.183,False,False,False,False,False,False,False,False,False,,,,2022-01-05,3628.263
2022-01-05 00:00:00,2022-01-05,17.5714,0.0308752922149399,2022-01-21,2022-02-18,16,44,0.0334549191678415,0.0299372460502485,4879.638899664193,4883.208470567594,4850.0,4850.0,21,21,0.02996,0.0300475,OK,正常双期限插值,HIST_CLEAN_SURFACE,3628.263,3595.176,-0.010228423691796662,0.0004380006467048503,3618.8784,3621.9502,3632.329,3623.0380000000005,False,False,False,False,False,False,False,False,False,,,,2022-01-06,3581.218
2022-01-06 00:00:00,2022-01-06,18.0937,0.0327381560095137,2022-01-21,2022-02-18,15,43,0.0351238991022833,0.0320168848419322,4823.389304011495,4825.686934756244,4800.0,4800.0,21,21,0.02996,0.03004125,OK,正常双期限插值,HIST_CLEAN_SURFACE,3581.218,3586.079,-0.002530335093469671,-0.010770938933140184,3610.0718,3618.0456,3595.176,3618.8784,False,False,False,False,False,False,False,False,False,,,,2022-01-07,3588.985
2022-01-07 00:00:00,2022-01-07,17.0611,0.0291080154630063,2022-01-21,2022-02-18,14,42,0.0293651719378199,0.0290437263443029,4830.414802833624,4834.2098796046575,4800.0,4800.0,21,21,0.02996,0.030035,OK,正常双期限插值,HIST_CLEAN_SURFACE,3588.985,3579.543,-0.0018226034618868958,-0.01189057195652421,3606.5804,3613.7381,3586.079,3610.0718,False,False,False,False,False,False,False,False,False,,,,2022-01-10,3572.743
2022-01-10 00:00:00,2022-01-10,17.2783,0.029853940168958,2022-01-21,2022-02-18,11,39,0.031788417011185,0.0295954877973244,4847.018906475403,4855.742332358961,4800.0,4850.0,21,21,0.02996,0.03001625,OK,正常双期限插值,HIST_CLEAN_SURFACE,3572.743,3593.519,0.003904409026515232,-0.013674269674054496,3597.3292,3608.7561,3579.543,3606.5804,False,False,False,False,False,False,False,False,False,,,,2022-01-11,3589.904
2022-01-11 00:00:00,2022-01-11,17.4937,0.030603107966022,2022-01-21,2022-02-18,10,38,0.0340561980678608,0.0302396247974073,4803.998115830407,4809.830666302778,4800.0,4800.0,21,21,0.02996,0.03001,OK,正常双期限插值,HIST_CLEAN_SURFACE,3589.904,3567.441,-0.007256953420866852,-0.013989011772627014,3584.3516000000004,3603.6948,3593.519,3597.3292,False,False,False,False,False,False,False,False,False,,,,2022-01-12,3578.163
2022-01-12 00:00:00,2022-01-12,16.7726,0.0281319146662099,2022-01-21,2022-02-18,9,37,0.0286652128905783,0.0280886742696395,4854.573754515813,4860.52275587666,4850.0,4850.0,21,21,0.02996,0.03000375,OK,正常双期限插值,HIST_CLEAN_SURFACE,3578.163,3597.432,0.008406866434511384,-0.0051278023569860665,3584.8028,3601.8405999999995,3567.441,3584.3516000000004,False,False,False,False,False,False,False,False,False,,,,2022-01-13,3601.027
2022-01-13 00:00:00,2022-01-13,17.8266,0.0317786156325784,2022-01-21,2022-02-18,8,36,0.0355076562958566,0.0315526131681373,4768.851637698253,4779.595966523449,4750.0,4750.0,21,21,0.02996,0.0299975,OK,正常双期限插值,HIST_CLEAN_SURFACE,3601.027,3555.259,-0.0117230846893005,-0.02062002494688875,3578.6387999999997,3594.3553,3597.432,3584.8028,False,False,False,False,False,False,False,False,False,,,,2022-01-14,3544.065
2022-01-14 00:00:00,2022-01-14,18.2406,0.0332717995375732,2022-01-21,2022-02-18,7,35,0.0348978909178986,0.0332010999123417,4726.869226923044,4735.100800440241,4700.0,4700.0,22,22,0.02996,0.02999125,OK,正常双期限插值,HIST_CLEAN_SURFACE,3544.065,3521.256,-0.009564141459173614,-0.021057547956630618,3566.9813999999997,3586.7809,3555.259,3578.6387999999997,False,False,False,False,False,False,False,False,False,,,,2022-01-17,3522.085
2022-01-17 00:00:00,2022-01-17,17.3133,0.0299751221963336,2022-02-18,2022-03-18,32,60,0.03032778153842,0.0327963969330246,4773.467944891486,4768.812300671251,4750.0,4750.0,22,25,0.0299725,0.0301475,WARN,期限未夹住30日,HIST_CLEAN_SURFACE,3522.085,3541.666,0.005796227255274955,-0.026954688133195015,3556.6108,3576.97,3521.256,3566.9813999999997,False,False,False,False,False,False,False,False,False,,,,2022-01-18,3541.89
2022-01-18 00:00:00,2022-01-18,16.5104,0.0272594810550256,2022-02-18,2022-03-18,31,59,0.0275674966424866,0.0319528033114216,4817.44350696748,4814.257531656916,4800.0,4800.0,22,25,0.02996625,0.03014125,WARN,期限未夹住30日,HIST_CLEAN_SURFACE,3541.89,3569.914,0.007975907383700243,-0.01718319017908343,3557.1054000000004,3570.7285,3541.666,3556.6108,False,False,False,False,False,False,False,False,False,,,,2022-01-19,3567.631
2022-01-19 00:00:00,2022-01-19,16.8713,0.0284641954278236,2022-02-18,2022-03-18,30,58,0.0284641954278236,0.0332010808172738,4797.450846729359,4794.691208480448,4750.0,4750.0,22,25,0.02996,0.030135,WARN,期限未夹住30日,HIST_CLEAN_SURFACE,3567.631,3558.18,-0.0032869139144529047,-0.010290455877542626,3549.2549999999997,3567.0289,3569.914,3557.1054000000004,False,False,False,False,False,False,False,False,False,,,,2022-01-20,3556.226
2022-01-20 00:00:00,2022-01-20,16.5127,0.027266978393908,2022-02-18,2022-03-18,29,57,0.026948524451572,0.0316415299175769,4839.180945412544,4845.289697552593,4800.0,4800.0,22,25,0.02996,0.03012875,OK,正常双期限插值,HIST_CLEAN_SURFACE,3556.226,3555.063,-0.0008760096453804822,-0.008649000760998282,3549.2158000000004,3563.9273000000003,3558.18,3549.2549999999997,False,False,False,False,False,False,False,False,False,,,,2022-01-21,3546.75
2022-01-21 00:00:00,2022-01-21,17.1981,0.0295776063984245,2022-02-18,2022-03-18,28,56,0.0290560397927307,0.0329677893354344,4806.5961614765765,4807.822306675796,4800.0,4800.0,22,25,0.02996,0.0301225,OK,正常双期限插值,HIST_CLEAN_SURFACE,3546.75,3522.568,-0.009140484992811615,-0.015916836311227422,3549.4782,3558.2298,3555.063,3549.2158000000004,False,False,False,False,False,False,False,False,False,,,,2022-01-24,3508.244
2022-01-24 00:00:00,2022-01-24,18.0784,0.0326826835296855,2022-02-18,2022-03-18,25,53,0.0317316630072009,0.0347462186256426,4806.905486574098,4811.131162683359,4800.0,4800.0,22,25,0.02996,0.03010375,OK,正常双期限插值,HIST_CLEAN_SURFACE,3508.244,3524.105,0.00043632940513838037,-0.019316441627273973,3545.9660000000003,3551.2884,3522.568,3549.4782,False,False,False,False,False,False,False,False,False,,,,2022-01-25,3509.285
2022-01-25 00:00:00,2022-01-25,20.4803,0.0419442723788583,2022-02-18,2022-03-18,24,52,0.0419812947366495,0.0418816191579808,4693.606747220526,4699.968897932016,4650.0,4650.0,22,25,0.02996,0.0300975,OK,正常双期限插值,HIST_CLEAN_SURFACE,3509.285,3433.061,-0.0258346445409543,-0.03766845758626414,3518.5953999999997,3537.8504000000003,3524.105,3545.9660000000003,False,False,False,False,False,False,False,False,False,,,,2022-01-26,3442.692
2022-01-26 00:00:00,2022-01-26,19.0248,0.0361943423046626,2022-02-18,2022-03-18,23,51,0.0350973911468991,0.037678452694578,4722.1474670739735,4727.460850536786,4700.0,4700.0,23,25,0.02996,0.03009125,OK,正常双期限插值,HIST_CLEAN_SURFACE,3442.692,3455.668,0.0065850854383304736,-0.039406999214995464,3498.093,3523.674,3433.061,3518.5953999999997,False,False,False,False,False,False,False,False,False,,,,2022-01-27,3456.102
2022-01-27 00:00:00,2022-01-27,19.8802,0.039522129371571,2022-02-18,2022-03-18,22,50,0.0391159804669092,0.0399688931666991,4636.235923908736,4637.87155791056,4600.0,4600.0,23,25,0.02996,0.030085,OK,正常双期限插值,HIST_CLEAN_SURFACE,3456.102,3394.247,-0.017773987547414882,-0.04528840233580733,3465.9298000000003,3507.5728000000004,3455.668,3498.093,False,False,False,False,False,False,False,False,False,,,,2022-01-28,3407.593
2022-01-28 00:00:00,2022-01-28,21.9902,0.0483569541762035,2022-02-18,2022-03-18,21,49,0.051472425136331,0.0455381947360882,4550.342253252935,4548.276149655235,4550.0,4500.0,24,26,0.02996,0.03007875,OK,正常双期限插值,HIST_CLEAN_SURFACE,3407.593,3361.44,-0.009665472194569147,-0.045386078149387554,3433.7042,3491.5912,3394.247,3465.9298000000003,False,False,False,False,False,False,False,False,False,,,,2022-02-07,3407.762
2022-02-07 00:00:00,2022-02-07,19.1336,0.0366095743862532,2022-02-18,2022-03-18,11,39,0.0387248611181174,0.036326965227745,4627.9262936777895,4628.674726167389,4600.0,4600.0,25,27,0.02996,0.03001625,OK,正常双期限插值,HIST_CLEAN_SURFACE,3407.762,3429.581,0.02027137179304117,-0.03164753536894782,3414.799400000001,3480.3826999999997,3361.44,3433.7042,False,False,False,False,False,False,False,False,False,,,,2022-02-08,3428.542
2022-02-08 00:00:00,2022-02-08,18.2603,0.0333440075405799,2022-02-18,2022-03-18,10,38,0.0351010242475257,0.0331590584135329,4608.323517636925,4612.125880803736,4600.0,4600.0,25,27,0.02996,0.03001,OK,正常双期限插值,HIST_CLEAN_SURFACE,3428.542,3452.629,0.006720354468956913,-0.03285373261092572,3418.7129999999997,3468.6542,3429.581,3414.799400000001,False,False,False,False,False,False,False,False,False,,,,2022-02-09,3450.818
2022-02-09 00:00:00,2022-02-09,17.4516,0.0304557301510076,2022-02-18,2022-03-18,9,37,0.0288391486670149,0.0305868043253854,4647.737397835817,4652.022553718132,4600.0,4650.0,25,27,0.02996,0.03000375,OK,正常双期限插值,HIST_CLEAN_SURFACE,3450.818,3479.946,0.007911941885444307,-0.021987083284150888,3423.5686,3460.8308000000006,3452.629,3418.7129999999997,False,False,False,False,False,False,False,False,False,,,,2022-02-10,3481.91
2022-02-10 00:00:00,2022-02-10,16.8882,0.028521170872267,2022-02-18,2022-03-18,8,36,0.0275341697994661,0.0285809891191034,4634.720541151763,4636.959001913177,4600.0,4600.0,25,27,0.02996,0.0299975,OK,正常双期限插值,HIST_CLEAN_SURFACE,3481.91,3485.907,0.001712957614859567,-0.019452819823446155,3441.9006,3453.9152000000004,3479.946,3423.5686,False,False,False,False,False,False,False,False,False,,,,2022-02-11,3472.276
2022-02-11 00:00:00,2022-02-11,16.8208,0.0282940532914078,2022-02-18,2022-03-18,7,35,0.0266528594518723,0.0283654095453007,4599.6986625524,4602.7678435462285,4550.0,4600.0,25,27,0.02996,0.02999125,OK,正常双期限插值,HIST_CLEAN_SURFACE,3472.276,3462.948,-0.006586234228279864,-0.01692515233204872,3462.2021999999997,3447.9532,3485.907,3441.9006,False,False,False,False,False,False,False,False,False,,,,2022-02-14,3451.847
2022-02-14 00:00:00,2022-02-14,17.8945,0.0320211740664329,2022-03-18,2022-04-15,32,60,0.0316269761035826,0.0288675903636307,4552.367625631581,4554.882613077352,4550.0,4550.0,27,20,0.0299725,0.0301475,WARN,期限未夹住30日,HIST_CLEAN_SURFACE,3451.847,3428.882,-0.009837283147191345,-0.027020477539687393,3462.0624,3438.4309000000003,3462.948,3462.2021999999997,False,False,False,False,False,False,False,False,False,,,,2022-02-15,3428.045
2022-02-15 00:00:00,2022-02-15,17.3408,0.0300701906628397,2022-03-18,2022-04-15,31,59,0.0298824841470195,0.0272100523963592,4592.381270543952,4590.479905677521,4550.0,4550.0,28,21,0.02996625,0.03014125,WARN,期限未夹住30日,HIST_CLEAN_SURFACE,3428.045,3446.089,0.005018253763179992,0.00379486411689145,3460.7543999999994,3439.7336999999998,3428.882,3462.0624,False,False,False,False,False,False,False,False,False,,,,2022-02-16,3457.073
2022-02-16 00:00:00,2022-02-16,16.6778,0.0278149754833801,2022-03-18,2022-04-15,30,58,0.0278149754833801,0.0259531154882253,4614.435503201618,4616.52668691914,4600.0,4600.0,28,21,0.02996,0.030135,WARN,期限未夹住30日,HIST_CLEAN_SURFACE,3457.073,3465.831,0.0057288131560153666,0.002940965393666284,3457.9314,3440.75,3446.089,3460.7543999999994,False,False,False,False,False,False,False,False,False,,,,2022-02-17,3464.209
2022-02-17 00:00:00,2022-02-17,16.8038,0.0282367452407612,2022-03-18,2022-04-15,29,57,0.0284108065836352,0.0258456920570716,4619.871833622053,4624.279267232232,4600.0,4600.0,28,21,0.02996,0.03012875,OK,正常双期限插值,HIST_CLEAN_SURFACE,3464.209,3468.035,0.0006359225247853928,0.0217391368394817,3454.357,3448.1288,3465.831,3457.9314,False,False,False,False,False,False,False,False,False,,,,2022-02-18,3451.632
2022-02-18 00:00:00,2022-02-18,16.0985,0.0259160559683707,2022-03-18,2022-04-15,28,56,0.0261367256041815,0.0244817033356003,4647.909985146572,4653.308569307841,4600.0,4650.0,28,21,0.02996,0.0301225,OK,正常双期限插值,HIST_CLEAN_SURFACE,3451.632,3490.757,0.0065518369912644925,0.03847071493169585,3459.9188000000004,3461.0605000000005,3468.035,3454.357,False,False,False,False,False,False,False,False,False,,,,2022-02-21,3488.406
2022-02-21 00:00:00,2022-02-21,16.0,0.0255999285912391,2022-03-18,2022-04-15,25,53,0.0259432828927877,0.0248549145407091,4629.222926483113,4628.702042056284,4600.0,4600.0,28,21,0.02996,0.03010375,OK,正常双期限插值,HIST_CLEAN_SURFACE,3488.406,3490.612,-4.153826806052585e-05,0.017795468309394158,3472.2648,3467.1636,3490.757,3459.9188000000004,False,False,False,False,False,False,False,False,False,,,,2022-02-22,3473.287
2022-02-22 00:00:00,2022-02-22,16.3477,0.0267245723831326,2022-03-18,2022-04-15,24,52,0.0278747728578227,0.0247780792721186,4568.762102443185,4568.282153506069,4550.0,4550.0,28,21,0.02996,0.0300975,OK,正常双期限插值,HIST_CLEAN_SURFACE,3473.287,3457.146,-0.009587430513617656,0.0013082784162445904,3474.4762,3467.6153,3490.612,3472.2648,False,False,False,False,False,False,False,False,False,,,,2022-02-23,3458.514
2022-02-23 00:00:00,2022-02-23,15.5144,0.0240697011462127,2022-03-18,2022-04-15,23,51,0.0250453508239252,0.0227497045234252,4618.662144324493,4617.56774070317,4600.0,4600.0,28,21,0.02996,0.03009125,OK,正常双期限插值,HIST_CLEAN_SURFACE,3458.514,3489.147,0.009256479188324729,0.002644006544929134,3479.1394,3468.5353999999998,3457.146,3474.4762,False,False,False,False,False,False,False,False,False,,,,2022-02-24,3474.369
2022-02-24 00:00:00,2022-02-24,17.4372,0.0304057434097066,2022-03-18,2022-04-15,22,50,0.0322723334509102,0.0283524943643826,4531.150193231282,4530.921535000131,4500.0,4500.0,28,21,0.02996,0.030085,OK,正常双期限插值,HIST_CLEAN_SURFACE,3474.369,3429.956,-0.016964318213018803,-0.016050629004158767,3471.5236000000004,3462.9403000000007,3489.147,3479.1394,False,False,False,False,False,False,False,False,False,,,,2022-02-25,3445.336
2022-02-25 00:00:00,2022-02-25,16.3682,0.0267919398698172,2022-03-18,2022-04-15,21,49,0.027994696229074,0.0257037317352515,4573.544414848248,4573.260508288664,4550.0,4550.0,28,21,0.02996,0.03007875,OK,正常双期限插值,HIST_CLEAN_SURFACE,3445.336,3451.406,0.006253724537574223,-0.0033329983586238843,3463.6534,3461.7861000000003,3429.956,3471.5236000000004,False,False,False,False,False,False,False,False,False,,,,2022-02-28,3450.316
2022-02-28 00:00:00,2022-02-28,17.2177,0.0296450671450429,2022-03-18,2022-04-15,18,46,0.0331775206802516,0.0278020479092818,4573.621036107966,4570.711115686163,4550.0,4550.0,28,21,0.02996,0.03006,OK,正常双期限插值,HIST_CLEAN_SURFACE,3450.316,3462.306,0.00315813323613634,0.009747783679928235,3457.9921999999997,3465.1285000000003,3451.406,3463.6534,False,False,False,False,False,False,False,False,False,,,,2022-03-01,3471.365
2022-03-01 00:00:00,2022-03-01,16.291,0.0265395759234194,2022-03-18,2022-04-15,17,45,0.029222481219856,0.025370104383947,4611.861483177577,4613.494486651054,4600.0,4600.0,28,21,0.02996,0.03005375,OK,正常双期限插值,HIST_CLEAN_SURFACE,3471.365,3488.835,0.007662234360567677,0.012404206623798819,3464.3299999999995,3469.4031000000004,3462.306,3457.9921999999997,False,False,False,False,False,False,False,False,False,,,,2022-03-02,3478.293
2022-03-02 00:00:00,2022-03-02,16.6448,0.0277048532709209,2022-03-18,2022-04-15,16,44,0.0305654804425175,0.0266646252085221,4576.590931139504,4578.342676561057,4550.0,4550.0,28,21,0.02996,0.0300475,OK,正常双期限插值,HIST_CLEAN_SURFACE,3478.293,3484.192,-0.0013308167339527444,0.005297719363696496,3463.339,3471.2392,3488.835,3464.3299999999995,False,False,False,False,False,False,False,False,False,,,,2022-03-03,3495.928
2022-03-03 00:00:00,2022-03-03,16.7989,0.0282202012590503,2022-03-18,2022-04-15,15,43,0.0317277634720618,0.0271597754737212,4545.929270230334,4548.256338126213,4500.0,4500.0,28,21,0.02996,0.03004125,OK,正常双期限插值,HIST_CLEAN_SURFACE,3495.928,3481.113,-0.000883705605202012,0.0037710115382341147,3473.5703999999996,3472.547,3484.192,3463.339,False,False,False,False,False,False,False,False,False,,,,2022-03-04,3459.985
2022-03-04 00:00:00,2022-03-04,17.3007,0.0299314011957737,2022-03-18,2022-04-15,14,42,0.0337028715202298,0.0289885336146597,4500.589351688467,4504.849431256022,4500.0,4500.0,28,21,0.02996,0.030035,OK,正常双期限插值,HIST_CLEAN_SURFACE,3459.985,3447.649,-0.009613017445857075,-0.012349183858973878,3472.8190000000004,3468.2362000000003,3481.113,3473.5703999999996,False,False,False,False,False,False,False,False,False,,,,2022-03-07,3438.56
2022-03-07 00:00:00,2022-03-07,20.3597,0.0414517931990864,2022-03-18,2022-04-15,11,39,0.0575868917190692,0.0392960917773883,4343.612119903159,4344.0964355637525,4300.0,4300.0,29,22,0.02996,0.03001625,OK,正常双期限插值,HIST_CLEAN_SURFACE,3438.56,3372.855,-0.021694203789306865,-0.03373534497675479,3454.9288,3456.4604999999997,3447.649,3472.8190000000004,False,False,False,False,False,False,False,False,False,,,,2022-03-08,3372.555
2022-03-08 00:00:00,2022-03-08,22.9154,0.0525116348647507,2022-03-18,2022-04-15,10,38,0.0761797627030394,0.0500202529870361,4238.145503649012,4242.954261152204,4200.0,4200.0,31,24,0.02996,0.03001,OK,正常双期限插值,HIST_CLEAN_SURFACE,3372.555,3293.53,-0.023518651113077715,-0.04732689912430654,3415.8678,3440.0989,3372.855,3454.9288,False,False,False,False,False,False,False,False,False,,,,2022-03-09,3303.706
2022-03-09 00:00:00,2022-03-09,24.6143,0.0605862570927377,2022-03-18,2022-04-15,9,37,0.0811595689410801,0.0589181507266559,4201.818458340495,4198.73930671945,4200.0,4150.0,33,26,0.02996,0.03000375,OK,正常双期限插值,HIST_CLEAN_SURFACE,3303.706,3256.388,-0.011277261782950299,-0.06670942783436751,3370.307,3416.8230000000003,3293.53,3415.8678,False,False,False,False,False,False,False,False,False,,,,2022-03-10,3312.179
2022-03-10 00:00:00,2022-03-10,22.5484,0.0508429301418408,2022-03-18,2022-04-15,8,36,0.0601053632545509,0.0502815705592523,4266.410772720168,4259.690775984864,4250.0,4250.0,33,26,0.02996,0.0299975,OK,正常双期限插值,HIST_CLEAN_SURFACE,3312.179,3296.092,0.01219265026157812,-0.03902790589733518,3333.3028,3403.4366,3256.388,3370.307,False,False,False,False,False,False,False,False,False,,,,2022-03-11,3259.323
2022-03-11 00:00:00,2022-03-11,23.3246,0.0544037547709291,2022-03-18,2022-04-15,7,35,0.0714302828232204,0.0536634709425687,4301.915982621296,4292.783459813941,4300.0,4250.0,33,26,0.02996,0.02999125,OK,正常双期限插值,HIST_CLEAN_SURFACE,3259.323,3309.747,0.004142784849451964,-0.041043852853011265,3305.7224,3389.2707,3296.092,3333.3028,False,True,True,False,False,True,False,True,False,,,,2022-03-14,3271.89
2022-03-14 00:00:00,2022-03-14,27.05,0.0731701305004155,2022-04-15,2022-05-20,32,67,0.071067244816229,0.0545894092311858,4158.412780631778,4172.215906317641,4150.0,4150.0,26,26,0.0299725,0.03019125,WARN,期限未夹住30日,HIST_CLEAN_SURFACE,3271.89,3223.533,-0.02604851669931263,-0.06896357514327156,3275.858,3365.3934,3309.747,3305.7224,False,False,False,False,False,False,False,False,False,,,,2022-03-15,3192.364
2022-03-15 00:00:00,2022-03-15,30.7315,0.0944424650073048,2022-04-15,2022-05-20,31,66,0.0930307815642972,0.0705721813346309,3928.327130834122,3924.337346093805,3900.0,3900.0,27,27,0.02996625,0.030185,WARN,期限未夹住30日,HIST_CLEAN_SURFACE,3192.364,3063.965,-0.04950096679636895,-0.12177990647307768,3229.9449999999997,3322.9064,3223.533,3275.858,False,False,False,False,False,False,False,False,False,,,,2022-03-16,3107.669
2022-03-16 00:00:00,2022-03-16,27.9651,0.0782046989434878,2022-04-15,2022-05-20,30,65,0.0782046989434878,0.0642730301718314,4132.926925314901,4132.862929347686,4100.0,4100.0,31,31,0.02996,0.03017875,WARN,期限未夹住30日,HIST_CLEAN_SURFACE,3107.669,3170.71,0.03483884443849705,-0.08997265363102835,3212.8094,3291.5581999999995,3063.965,3229.9449999999997,True,False,True,True,False,False,False,False,False,,,,2022-03-17,3215.011
2022-03-17 00:00:00,2022-03-17,26.1514,0.0683897685354763,2022-04-15,2022-05-20,29,64,0.06916285486432,0.056479407281728,4208.610862697149,4201.813874447452,4200.0,4200.0,31,31,0.02996,0.0301725,OK,正常双期限插值,HIST_CLEAN_SURFACE,3215.011,3215.045,0.013982672650605155,-0.07643187681640895,3196.6,3264.9514000000004,3170.71,3212.8094,True,True,True,False,False,False,False,False,False,,,,2022-03-18,3207.152
2022-03-18 00:00:00,2022-03-18,24.5135,0.0600910720346135,2022-04-15,2022-05-20,28,63,0.0610366970878101,0.0531564883111717,4235.31062750601,4227.061226406511,4200.0,4200.0,31,31,0.02996,0.03016625,OK,正常双期限插值,HIST_CLEAN_SURFACE,3207.152,3251.072,0.011205752952135883,-0.05701769524681888,3184.8650000000002,3245.2936999999997,3215.045,3196.6,False,False,False,False,False,False,False,False,False,,,,2022-03-21,3255.615
2022-03-21 00:00:00,2022-03-21,23.7779,0.0565389804304307,2022-04-15,2022-05-20,25,60,0.0586353064393878,0.0512981654080381,4213.501760702241,4193.544968511834,4200.0,4150.0,31,31,0.02996,0.0301475,OK,正常双期限插值,HIST_CLEAN_SURFACE,3255.615,3253.686,0.0008040424819875103,-0.03533178864789621,3190.8956000000003,3233.3768,3251.072,3184.8650000000002,False,False,False,False,False,False,False,False,False,,,,2022-03-22,3249.543
2022-03-22 00:00:00,2022-03-22,22.2712,0.0496004992005631,2022-04-15,2022-05-20,24,59,0.0514640971036279,0.0459364762047068,4213.46482497091,4196.378790887579,4200.0,4150.0,31,31,0.02996,0.03014125,OK,正常双期限插值,HIST_CLEAN_SURFACE,3249.543,3259.862,0.0018981548926355618,-0.010222466472143865,3230.075,3230.01,3253.686,3190.8956000000003,False,False,False,False,False,False,False,False,False,,,,2022-03-23,3264.792
2022-03-23 00:00:00,2022-03-23,20.6441,0.0426177174644501,2022-04-15,2022-05-20,23,58,0.0444713362467425,0.0396774945683999,4241.678610421678,4226.08575859837,4200.0,4200.0,31,31,0.02996,0.030135,OK,正常双期限插值,HIST_CLEAN_SURFACE,3264.792,3271.033,0.003426832178785366,0.004497314202115854,3250.1396,3231.4745,3259.862,3230.075,False,False,False,False,False,False,False,False,False,,,,2022-03-24,3256.057
2022-03-24 00:00:00,2022-03-24,19.6294,0.038531427571443,2022-04-15,2022-05-20,22,57,0.0393768243096729,0.0374301870834856,4220.568870856684,4207.5661166158325,4200.0,4200.0,31,31,0.02996,0.03012875,OK,正常双期限插值,HIST_CLEAN_SURFACE,3256.057,3250.264,-0.0063493703670980395,-0.013903738123814513,3257.1834000000003,3226.8916999999997,3271.033,3250.1396,False,False,False,False,True,False,True,False,True,AVIX<20,AVIX<20,AVIX<20,2022-03-25,3247.157
2022-03-25 00:00:00,2022-03-25,21.2543,0.0451745233914689,2022-04-15,2022-05-20,21,56,0.0473566349518846,0.0428105692010185,4145.617080498862,4128.816717424443,4100.0,4100.0,31,31,0.02996,0.0301225,OK,正常双期限插值,HIST_CLEAN_SURFACE,3247.157,3212.24,-0.01169874200987997,-0.029460559976336564,3249.417,3217.141,3250.264,3257.1834000000003,False,False,False,False,False,False,False,False,False,,,,2022-03-28,3185.167
2022-03-28 00:00:00,2022-03-28,23.012,0.0529553631163655,2022-04-15,2022-05-20,18,53,0.058814490802634,0.0491414026413416,4130.923788915181,4113.815017037375,4100.0,4100.0,31,31,0.02996,0.03010375,OK,正常双期限插值,HIST_CLEAN_SURFACE,3185.167,3214.503,0.00070449281498286,-0.002801274254055963,3241.5804,3216.2380000000003,3212.24,3249.417,False,False,False,False,False,False,False,False,False,,,,2022-03-29,3216.012
2022-03-29 00:00:00,2022-03-29,22.9794,0.0528051487532746,2022-04-15,2022-05-20,17,52,0.0590482260933693,0.0493511385089027,4116.427368174599,4101.184438130193,4100.0,4100.0,31,31,0.02996,0.0300975,OK,正常双期限插值,HIST_CLEAN_SURFACE,3216.012,3203.939,-0.003286355620137904,0.045683942212133566,3230.3958,3230.2354,3214.503,3241.5804,False,False,False,False,False,False,False,False,False,,,,2022-03-30,3217.592
2022-03-30 00:00:00,2022-03-30,21.1891,0.0448977569131771,2022-04-15,2022-05-20,16,51,0.0474661067355468,0.0436891217026502,4250.801051342276,4232.99827472087,4250.0,4200.0,31,31,0.02996,0.03009125,OK,正常双期限插值,HIST_CLEAN_SURFACE,3217.592,3266.596,0.01955623999083622,0.030241176266514458,3229.5083999999997,3239.824,3203.939,3230.3958,False,False,False,False,False,False,False,False,False,,,,2022-03-31,3256.137
2022-03-31 00:00:00,2022-03-31,21.5694,0.0465239823318686,2022-04-15,2022-05-20,15,50,0.0466094423641665,0.0464897983189494,4219.584612535898,4205.351722626114,4200.0,4200.0,31,31,0.02996,0.030085,OK,正常双期限插值,HIST_CLEAN_SURFACE,3256.137,3252.203,-0.004406115724136073,0.01155753651970648,3229.8962,3243.5397999999996,3266.596,3229.5083999999997,False,False,False,False,False,False,False,False,False,,,,2022-04-01,3234.668
2022-04-01 00:00:00,2022-04-01,20.9149,0.0437432971999853,2022-04-15,2022-05-20,14,49,0.0421087898424369,0.0442978621962963,4263.812273123935,4249.5998789583455,4250.0,4200.0,31,31,0.02996,0.03007875,OK,正常双期限插值,HIST_CLEAN_SURFACE,3234.668,3282.717,0.009382563142583678,0.009733712449309095,3243.9916000000003,3246.7043000000003,3252.203,3229.8962,False,False,False,False,False,False,False,False,False,,,,2022-04-06,3269.427
2022-04-06 00:00:00,2022-04-06,21.0086,0.0441361724475095,2022-04-15,2022-05-20,9,44,0.051493417246836,0.0431329117930559,4240.503757377664,4224.248582969464,4200.0,4200.0,31,31,0.02996,0.0300475,OK,正常双期限插值,HIST_CLEAN_SURFACE,3269.427,3283.426,0.00021597962906949597,0.009140402607995979,3257.7762000000002,3249.6783,3282.717,3243.9916000000003,False,False,False,False,False,False,False,False,False,,,,2022-04-07,3267.81
2022-04-07 00:00:00,2022-04-07,21.7253,0.0471990723421428,2022-04-15,2022-05-20,8,43,0.0562632845211946,0.0462025838996254,4196.131816563811,4185.170968697791,4150.0,4150.0,31,31,0.02996,0.03004125,OK,正常双期限插值,HIST_CLEAN_SURFACE,3267.81,3236.695,-0.01423239019243916,-0.007106742555359702,3264.3274,3247.3615999999997,3283.426,3257.7762000000002,False,False,False,False,False,False,False,False,False,,,,2022-04-08,3239.877
2022-04-08 00:00:00,2022-04-08,20.8255,0.0433700883626134,2022-04-15,2022-05-20,7,42,0.0481044204458053,0.0429584073119011,4228.412441752243,4215.252623332216,4200.0,4200.0,31,31,0.02996,0.030035,OK,正常双期限插值,HIST_CLEAN_SURFACE,3239.877,3251.85,0.004682245315051237,-0.005864508245560396,3261.3782,3245.4433,3236.695,3264.3274,False,False,False,False,False,False,False,False,False,,,,2022-04-11,3239.855
2022-04-11 00:00:00,2022-04-11,23.3989,0.05475091515804,2022-05-20,2022-06-17,39,67,0.0546729535953432,0.0545643504234273,4098.1517747700655,4077.771827744491,4050.0,4050.0,31,30,0.03001625,0.03019125,WARN,期限未夹住30日,HIST_CLEAN_SURFACE,3239.855,3167.126,-0.026054092285929475,-0.025578845287644314,3244.3628,3237.1295,3251.85,3261.3782,False,False,False,False,False,False,False,False,False,,,,2022-04-12,3165.12
2022-04-12 00:00:00,2022-04-12,21.7492,0.0473029222241579,2022-05-20,2022-06-17,38,66,0.0485491529711785,0.0505317927959839,4165.692980861733,4144.813345780474,4150.0,4100.0,31,31,0.03001,0.030185,WARN,期限未夹住30日,HIST_CLEAN_SURFACE,3165.12,3213.33,0.014588620724278023,0.0003393270739422416,3230.4854,3237.2385,3167.126,3244.3628,False,False,False,False,False,False,False,False,False,,,,2022-04-13,3199.797
2022-04-13 00:00:00,2022-04-13,22.061,0.0486688469295547,2022-05-20,2022-06-17,37,65,0.0494673313718199,0.0509414564960018,4144.230636505932,4132.76153472156,4100.0,4100.0,31,31,0.03000375,0.03017875,WARN,期限未夹住30日,HIST_CLEAN_SURFACE,3199.797,3186.824,-0.008248763743530785,-0.008610662363668697,3211.165,3234.4705999999996,3213.33,3230.4854,False,False,False,False,False,False,False,False,False,,,,2022-04-14,3203.634
2022-04-14 00:00:00,2022-04-14,21.1405,0.044692264012938,2022-05-20,2022-06-17,36,64,0.0454552131876783,0.0471241645074228,4186.455413934316,4180.341517451,4150.0,4150.0,31,31,0.0299975,0.0301725,WARN,期限未夹住30日,HIST_CLEAN_SURFACE,3203.634,3225.641,0.012180465566971943,0.006773537199054047,3208.9542,3236.6408,3186.824,3211.165,False,False,False,False,False,False,False,False,False,,,,2022-04-15,3210.7
2022-04-15 00:00:00,2022-04-15,20.9947,0.0440775336311383,2022-05-20,2022-06-17,35,63,0.0448308196846998,0.0468395824941969,4183.983210123457,4171.996189961243,4150.0,4150.0,31,31,0.02999125,0.03016625,WARN,期限未夹住30日,HIST_CLEAN_SURFACE,3210.7,3211.245,-0.004462988906701049,-0.01694455022904584,3200.8332,3231.1057,3225.641,3208.9542,False,False,False,False,False,False,False,False,False,,,,2022-04-18,3185.943
2022-04-18 00:00:00,2022-04-18,21.5355,0.0463776148295959,2022-05-20,2022-06-17,32,60,0.0467099828078799,0.0490365586558684,4157.688964139625,4142.669253441633,4150.0,4100.0,31,31,0.0299725,0.0301475,WARN,期限未夹住30日,HIST_CLEAN_SURFACE,3185.943,3195.524,-0.0048956090239143935,-0.01742787888701902,3206.5128,3225.4378,3211.245,3200.8332,False,False,False,False,False,False,False,False,False,,,,2022-04-19,3192.092
2022-04-19 00:00:00,2022-04-19,21.9961,0.048382787687108,2022-05-20,2022-06-17,31,59,0.0485047650681743,0.0502413921884401,4135.034868849132,4122.380650360258,4100.0,4100.0,31,31,0.02996625,0.03014125,WARN,期限未夹住30日,HIST_CLEAN_SURFACE,3192.092,3194.029,-0.0004678418938489637,-0.027016645053472454,3202.6526000000003,3216.5690000000004,3195.524,3206.5128,False,False,False,False,False,False,False,False,False,,,,2022-04-20,3189.891
2022-04-20 00:00:00,2022-04-20,23.7381,0.0563497678229797,2022-05-20,2022-06-17,30,58,0.0563497678229797,0.0556568674424398,4059.746943806697,4053.2978841858,4050.0,4050.0,31,31,0.02996,0.030135,WARN,期限未夹住30日,HIST_CLEAN_SURFACE,3189.891,3151.05,-0.013456045640161673,-0.0403164255871763,3195.4978,3203.3314,3194.029,3202.6526000000003,False,False,False,False,False,False,False,False,False,,,,2022-04-21,3138.428
2022-04-21 00:00:00,2022-04-21,25.5829,0.0654482575153092,2022-05-20,2022-06-17,29,57,0.0656650002553529,0.0624708967178664,3999.6771070376353,3982.080342492586,3950.0,3950.0,31,31,0.02996,0.03012875,OK,正常双期限插值,HIST_CLEAN_SURFACE,3138.428,3079.808,-0.022608971612637085,-0.04847135735680996,3166.3312,3187.6427000000003,3151.05,3195.4978,False,False,False,False,False,False,False,False,False,,,,2022-04-22,3058.404
2022-04-22 00:00:00,2022-04-22,25.0218,0.0626089405137583,2022-05-20,2022-06-17,28,56,0.0630798922259542,0.0595477543844849,4012.198437262767,4000.350091045808,4000.0,4000.0,31,32,0.02996,0.0301225,OK,正常双期限插值,HIST_CLEAN_SURFACE,3058.404,3086.919,0.0023089101658284594,-0.05071912911112142,3141.466,3171.1495999999997,3079.808,3166.3312,True,False,True,True,False,False,False,True,False,,,,2022-04-25,3034.267
2022-04-25 00:00:00,2022-04-25,30.0157,0.0900943154973113,2022-05-20,2022-06-17,25,53,0.0946685737773557,0.080169038097215,3808.8130712853126,3797.6132897421,3800.0,3750.0,31,32,0.02996,0.03010375,OK,正常双期限插值,HIST_CLEAN_SURFACE,3034.267,2928.512,-0.05131556739907972,-0.07534086108351867,3088.0636000000004,3147.2882,3086.919,3141.466,False,False,False,False,False,False,False,False,False,,,,2022-04-26,2930.453
2022-04-26 00:00:00,2022-04-26,29.969,0.0898143911989168,2022-05-20,2022-06-17,24,52,0.0953513468101976,0.08044415862598,3783.2686705093793,3774.5550951075247,3750.0,3750.0,34,34,0.02996,0.0300975,OK,正常双期限插值,HIST_CLEAN_SURFACE,2930.453,2886.426,-0.014371120896892409,-0.10173371549140608,3026.543,3114.5978000000005,2928.512,3088.0636000000004,False,False,False,False,False,False,False,False,False,,,,2022-04-27,2866.816
2022-04-27 00:00:00,2022-04-27,28.0678,0.0787800468682303,2022-05-20,2022-06-17,23,51,0.0827300017529728,0.073435990259461,3882.7674976141134,3866.6775034649727,3850.0,3850.0,34,34,0.02996,0.03009125,OK,正常双期限插值,HIST_CLEAN_SURFACE,2866.816,2958.282,0.024894454248957087,-0.0717146601130153,2987.9894,3091.7436000000002,2886.426,3026.543,True,False,True,False,False,False,False,False,False,,,,2022-04-28,2945.811
2022-04-28 00:00:00,2022-04-28,25.4072,0.064552819474425,2022-05-20,2022-06-17,22,50,0.0645439935498663,0.0645625279914396,3910.929509852763,3892.173448947077,3900.0,3850.0,34,34,0.02996,0.030085,OK,正常双期限插值,HIST_CLEAN_SURFACE,2945.811,2975.485,0.005815199497546164,-0.07755233765939851,2967.1248,3066.728,2958.282,2987.9894,True,True,True,False,False,True,False,False,False,,,,2022-04-29,2986.061
2022-04-29 00:00:00,2022-04-29,24.0098,0.0576469922589224,2022-05-20,2022-06-17,21,49,0.0554889357905994,0.0595995195397861,4011.649145062824,3995.555684191883,4000.0,3950.0,34,34,0.02996,0.03007875,OK,正常双期限插值,HIST_CLEAN_SURFACE,2986.061,3047.062,0.0240555741332924,-0.05112752219154881,2959.1534,3050.3097000000002,2975.485,2967.1248,False,False,False,False,False,False,False,False,False,,,,2022-05-05,3044.849
2022-05-05 00:00:00,2022-05-05,24.2566,0.0588382420189374,2022-05-20,2022-06-17,15,43,0.058433831044021,0.0589605058020516,3994.7935936459935,3983.87295318444,3950.0,3950.0,33,34,0.02996,0.03004125,OK,正常双期限插值,HIST_CLEAN_SURFACE,3044.849,3067.759,0.006792444656524843,-0.03998248800509707,2987.0027999999998,3037.5332000000003,3047.062,2959.1534,False,False,False,False,False,False,False,False,False,,,,2022-05-06,3011.319
2022-05-06 00:00:00,2022-05-06,25.686,0.0659768357588416,2022-05-20,2022-06-17,14,42,0.0720417690259111,0.0644606024420742,3881.521352913128,3868.034727758172,3850.0,3850.0,31,34,0.02996,0.030035,OK,正常双期限插值,HIST_CLEAN_SURFACE,3011.319,3001.561,-0.021578618137865435,-0.06025868894740771,3010.0298000000003,3018.2864,3067.759,2987.0027999999998,False,False,False,False,False,False,False,False,False,,,,2022-05-09,2990.199
2022-05-09 00:00:00,2022-05-09,26.4906,0.0701754212102719,2022-05-20,2022-06-17,11,39,0.0842606598209028,0.0682935877116856,3855.662411717866,3838.211119862475,3850.0,3800.0,32,34,0.02996,0.03001625,OK,正常双期限插值,HIST_CLEAN_SURFACE,2990.199,3004.141,0.0008595527460544261,-0.046622237032100444,3019.2016000000003,3003.5955,3001.561,3010.0298000000003,True,False,True,False,False,False,False,False,False,,,,2022-05-10,2965.776
2022-05-10 00:00:00,2022-05-10,26.0106,0.0676553522765579,2022-05-20,2022-06-17,10,38,0.0788524395682,0.0664767115090166,3911.77375721992,3899.554583199719,3900.0,3850.0,31,34,0.02996,0.03001,OK,正常双期限插值,HIST_CLEAN_SURFACE,2965.776,3035.844,0.0105530998711445,-0.014274915838909386,3031.2734,2999.1991,3004.141,3019.2016000000003,False,True,True,False,False,False,False,False,False,,,,2022-05-11,3035.389
2022-05-11 00:00:00,2022-05-11,25.3998,0.0645151353163017,2022-05-20,2022-06-17,9,37,0.0698205748358375,0.0640849645444474,3956.35665954252,3941.622716630311,3950.0,3900.0,32,34,0.02996,0.03000375,OK,正常双期限插值,HIST_CLEAN_SURFACE,3035.389,3058.703,0.007529701789683596,-0.009140505468397397,3033.6016000000004,2996.3775,3035.844,3031.2734,False,False,False,False,False,False,False,False,False,,,,2022-05-12,3044.8
2022-05-12 00:00:00,2022-05-12,25.7025,0.0660617579662773,2022-05-20,2022-06-17,8,36,0.072891084535928,0.0656478593862985,3945.215117498301,3932.730476320216,3900.0,3900.0,33,34,0.02996,0.0299975,OK,正常双期限插值,HIST_CLEAN_SURFACE,3044.8,3054.994,-0.0012126054736271152,0.043189852047729405,3031.0486,3009.0257,3058.703,3033.6016000000004,False,False,False,False,False,False,False,False,False,,,,2022-05-13,3068.033
2022-05-13 00:00:00,2022-05-13,24.8483,0.0617440484738722,2022-05-20,2022-06-17,7,35,0.0629062249894216,0.0616935190601527,3975.8907220651263,3959.6276481207537,3950.0,3950.0,34,34,0.02996,0.02999125,OK,正常双期限插值,HIST_CLEAN_SURFACE,3068.033,3084.285,0.009587907537625284,0.06854809373252602,3047.5934,3028.8116,3054.994,3031.0486,False,False,False,False,False,False,False,False,False,,,,2022-05-16,3100.55
2022-05-16 00:00:00,2022-05-16,25.4622,0.0648324242694612,2022-06-17,2022-07-15,32,60,0.063795879175474,0.0565400635175637,3919.127202540589,3906.6312017455134,3900.0,3900.0,34,25,0.0299725,0.0301475,WARN,期限未夹住30日,HIST_CLEAN_SURFACE,3100.55,3073.749,-0.0034160267290473945,0.03903177587532203,3061.515,3040.3583,3084.285,3047.5934,False,False,False,False,False,False,False,False,False,,,,2022-05-17,3076.498
2022-05-17 00:00:00,2022-05-17,23.8046,0.0566658585996134,2022-06-17,2022-07-15,31,59,0.0564252927444094,0.0530002873482842,3971.728137369532,3956.6987505963616,3950.0,3950.0,34,25,0.02996625,0.03014125,WARN,期限未夹住30日,HIST_CLEAN_SURFACE,3076.498,3093.697,0.006489794709978014,0.0397286492790252,3073.0856,3052.1794999999997,3073.749,3061.515,False,False,False,False,False,False,False,False,False,,,,2022-05-18,3095.886
2022-05-18 00:00:00,2022-05-18,23.7163,0.0562465170000284,2022-06-17,2022-07-15,30,58,0.0562465170000284,0.0513833265053292,3955.613806800629,3950.3868915397543,3950.0,3950.0,34,25,0.02996,0.030135,WARN,期限未夹住30日,HIST_CLEAN_SURFACE,3095.886,3085.977,-0.0024953962847688027,0.012771318732602177,3078.5404,3056.071,3093.697,3073.0856,False,False,False,False,False,False,False,False,False,,,,2022-05-19,3046.71
2022-05-19 00:00:00,2022-05-19,23.2339,0.0539813526051806,2022-06-17,2022-07-15,29,57,0.054184531405097,0.0511903175115911,3970.297389645596,3950.3513696762793,3950.0,3950.0,34,25,0.02996,0.03012875,OK,正常双期限插值,HIST_CLEAN_SURFACE,3046.71,3096.965,0.0035606227784588107,0.009520304561081883,3086.9346,3058.9916,3085.977,3078.5404,False,False,False,False,False,False,False,False,False,,,,2022-05-20,3107.094
2022-05-20 00:00:00,2022-05-20,22.5358,0.0507863220185457,2022-06-17,2022-07-15,28,56,0.051356568929172,0.047079717099475,4062.142658558316,4043.688109824933,4050.0,4000.0,34,25,0.02996,0.0301225,OK,正常双期限插值,HIST_CLEAN_SURFACE,3107.094,3146.567,0.01601632566076794,0.04831019592805208,3099.391,3073.4922,3096.965,3086.9346,False,False,False,False,False,False,False,False,False,,,,2022-05-23,3150.49
2022-05-23 00:00:00,2022-05-23,22.1797,0.04919409843418,2022-06-17,2022-07-15,25,53,0.0504612422864211,0.0464446353585625,4018.535499322624,3986.620294253328,4000.0,3950.0,34,25,0.02996,0.03010375,OK,正常双期限插值,HIST_CLEAN_SURFACE,3150.49,3146.857,9.216393612465623e-05,0.04750642529761406,3114.0126,3087.7638,3146.567,3099.391,False,False,False,False,False,False,False,False,False,,,,2022-05-24,3149.059
2022-05-24 00:00:00,2022-05-24,23.0014,0.0529065796170594,2022-06-17,2022-07-15,24,52,0.0547866221943748,0.0497249691016024,3940.2651857918568,3909.6172450889953,3900.0,3900.0,34,25,0.02996,0.0300975,OK,正常双期限插值,HIST_CLEAN_SURFACE,3149.059,3070.927,-0.024128837122246005,0.011556259149020809,3109.4586000000004,3091.2721,3146.857,3114.0126,False,False,False,False,False,False,False,False,False,,,,2022-05-25,3070.17
2022-05-25 00:00:00,2022-05-25,22.5666,0.0509252611728707,2022-06-17,2022-07-15,23,51,0.0521906581797693,0.049213253457655,3959.735445696275,3922.740520190508,3950.0,3900.0,34,25,0.02996,0.03009125,OK,正常双期限插值,HIST_CLEAN_SURFACE,3070.17,3107.464,0.011897710365632141,0.015941724319098682,3113.756,3096.1482,3070.927,3109.4586000000004,False,False,False,False,False,False,False,False,False,,,,2022-05-26,3111.482
2022-05-26 00:00:00,2022-05-26,21.522,0.0463196878684744,2022-06-17,2022-07-15,22,50,0.0466914068728915,0.0459107969636157,3968.0468050869945,3936.65597372448,3950.0,3900.0,34,25,0.02996,0.030085,OK,正常双期限插值,HIST_CLEAN_SURFACE,3111.482,3123.108,0.005034330244855667,0.022295952136076158,3118.9846,3102.9596,3107.464,3113.756,False,False,False,False,False,False,False,False,False,,,,2022-05-27,3135.032
2022-05-27 00:00:00,2022-05-27,21.2602,0.0451994439481485,2022-06-17,2022-07-15,21,49,0.045122608057316,0.0452689621350922,3982.812678299684,3946.9983508465407,3950.0,3900.0,34,25,0.02996,0.03007875,OK,正常双期限插值,HIST_CLEAN_SURFACE,3135.032,3130.239,0.0022833024026065463,0.014899401319917072,3115.719,3107.555,3123.108,3118.9846,False,False,False,False,False,False,False,False,False,,,,2022-05-30,3141.956
2022-05-30 00:00:00,2022-05-30,21.7997,0.0475227258005911,2022-06-17,2022-07-15,18,46,0.0498732696054748,0.0462963551197822,4002.5622333679,3969.401808320033,4000.0,3950.0,34,25,0.02996,0.03006,OK,正常双期限插值,HIST_CLEAN_SURFACE,3141.956,3149.061,0.006012959393835393,0.0245016753157139,3116.1598000000004,3115.0862,3130.239,3115.719,False,False,False,False,False,False,False,False,False,,,,2022-05-31,3149.944
2022-05-31 00:00:00,2022-05-31,21.8935,0.0479325834397364,2022-06-17,2022-07-15,17,45,0.0492840912453333,0.0473434646526814,4067.424296860272,4037.32295529256,4050.0,4000.0,34,25,0.02996,0.03005375,OK,正常双期限插值,HIST_CLEAN_SURFACE,3149.944,3186.427,0.011865759348580474,0.029973846824689065,3139.2598,3124.3592,3149.061,3116.1598000000004,False,False,False,False,False,False,False,False,False,,,,2022-06-01,3179.695
2022-06-01 00:00:00,2022-06-01,21.7199,0.0471754281628547,2022-06-17,2022-07-15,16,44,0.049092960613484,0.0464781436353531,4058.0245569063695,4022.902024226585,4050.0,4000.0,34,25,0.02996,0.0300475,OK,正常双期限插值,HIST_CLEAN_SURFACE,3179.695,3182.157,-0.0013400589437636556,0.031166790938493838,3154.1984,3133.9772000000003,3186.427,3139.2598,False,False,False,False,False,False,False,False,False,,,,2022-06-02,3170.306
2022-06-02 00:00:00,2022-06-02,21.4972,0.0462131660792691,2022-06-17,2022-07-15,15,43,0.0469142234325104,0.0460012185073589,4070.425132619565,4037.390439438612,4050.0,4000.0,34,25,0.02996,0.03004125,OK,正常双期限插值,HIST_CLEAN_SURFACE,3170.306,3195.458,0.0041798691893579765,0.031803071716987485,3168.6684,3143.8265,3182.157,3154.1984,False,False,False,False,False,False,False,False,False,,,,2022-06-06,3196.955
2022-06-06 00:00:00,2022-06-06,22.3253,0.0498418183061567,2022-06-17,2022-07-15,11,39,0.0561490787246542,0.0489991478858716,4142.593315492308,4110.457838826308,4100.0,4100.0,34,25,0.02996,0.03001625,OK,正常双期限插值,HIST_CLEAN_SURFACE,3196.955,3236.372,0.012803798391341603,0.02854062856440054,3189.895,3152.807,3195.458,3168.6684,False,False,False,False,False,False,False,False,False,,,,2022-06-07,3235.416
2022-06-07 00:00:00,2022-06-07,22.3572,0.049984628951263,2022-06-17,2022-07-15,10,38,0.0595671536985746,0.0489759421357565,4153.729340908736,4123.319678777056,4150.0,4100.0,34,25,0.02996,0.03001,OK,正常双期限插值,HIST_CLEAN_SURFACE,3235.416,3241.764,0.001666063110174143,0.030159298627169928,3208.4356,3162.2977,3236.372,3189.895,False,False,False,False,False,False,False,False,False,,,,2022-06-08,3245.017
2022-06-08 00:00:00,2022-06-08,22.7997,0.0519827167827964,2022-06-17,2022-07-15,9,37,0.0602958483800272,0.0513086790857236,4199.636655028005,4166.427285684302,4150.0,4150.0,34,25,0.02996,0.03000375,OK,正常双期限插值,HIST_CLEAN_SURFACE,3245.017,3263.793,0.00679537437025024,0.06280383740805306,3223.9088,3181.5843,3241.764,3208.4356,False,False,False,False,False,False,False,False,False,,,,2022-06-09,3259.49
2022-06-09 00:00:00,2022-06-09,22.3015,0.0497355489644303,2022-06-17,2022-07-15,8,36,0.0541228916074125,0.0494696494103102,4166.930976602251,4130.638228309966,4150.0,4100.0,34,25,0.02996,0.0299975,OK,正常双期限插值,HIST_CLEAN_SURFACE,3259.49,3238.954,-0.007610470394415314,0.04231424724469868,3235.2682,3194.7333,3263.793,3223.9088,False,False,False,False,False,False,False,False,False,,,,2022-06-10,3214.185
2022-06-10 00:00:00,2022-06-10,22.0456,0.0486008359891005,2022-06-17,2022-07-15,7,35,0.0510726122364298,0.0484933674566079,4233.952098717027,4203.067550833106,4200.0,4200.0,34,25,0.02996,0.02999125,OK,正常双期限插值,HIST_CLEAN_SURFACE,3214.185,3284.834,0.014165066870353682,0.05178367190631894,3253.1434,3210.9059,3238.954,3235.2682,False,False,False,False,False,False,False,False,False,,,,2022-06-13,3256.275
2022-06-13 00:00:00,2022-06-13,22.971,0.0527665452477167,2022-07-15,2022-08-19,32,67,0.0519169640967189,0.0452597983612887,4143.658502842058,4125.468166921376,4100.0,4100.0,26,22,0.0299725,0.03019125,WARN,期限未夹住30日,HIST_CLEAN_SURFACE,3256.275,3255.551,-0.008914605730456993,0.04003272593562346,3256.9792,3223.4371,3284.834,3253.1434,False,False,False,False,False,False,False,False,False,,,,2022-06-14,3224.214
2022-06-14 00:00:00,2022-06-14,22.8741,0.05232238339298,2022-07-15,2022-08-19,31,66,0.0519547431697301,0.0461059214362094,4188.516626790488,4174.943424937166,4150.0,4150.0,26,22,0.02996625,0.030185,WARN,期限未夹住30日,HIST_CLEAN_SURFACE,3224.214,3288.907,0.010245884644412007,0.04440879360545891,3266.4078,3237.4217,3255.551,3256.9792,False,True,True,False,False,False,False,False,False,,,,2022-06-15,3289.104
2022-06-15 00:00:00,2022-06-15,23.5913,0.0556548413899898,2022-07-15,2022-08-19,30,65,0.0556548413899898,0.0501804799201384,4241.791919927347,4243.150320548056,4200.0,4200.0,26,22,0.02996,0.03017875,WARN,期限未夹住30日,HIST_CLEAN_SURFACE,3289.104,3305.407,0.005016864265240617,0.0373396283674472,3274.7306,3249.3197,3288.907,3266.4078,False,False,False,False,False,False,False,False,False,,,,2022-06-16,3306.835
2022-06-16 00:00:00,2022-06-16,23.1206,0.0534560000820631,2022-07-15,2022-08-19,29,64,0.0538209444878371,0.0478335753306077,4215.795411185479,4213.597041884291,4200.0,4200.0,27,23,0.02996,0.0301725,OK,正常双期限插值,HIST_CLEAN_SURFACE,3306.835,3285.385,-0.006057347854591,0.03243963135696948,3284.0168,3259.6425000000004,3305.407,3274.7306,False,False,False,False,False,False,False,False,False,,,,2022-06-17,3265.512
2022-06-17 00:00:00,2022-06-17,23.122,0.0534625878405816,2022-07-15,2022-08-19,28,63,0.0542862336928974,0.0474225182569321,4279.124085571004,4269.554644513186,4250.0,4250.0,27,23,0.02996,0.03016625,OK,正常双期限插值,HIST_CLEAN_SURFACE,3265.512,3316.786,0.009557783943130005,0.03796889209621912,3290.4072,3271.7753000000002,3285.385,3284.0168,False,False,False,False,False,False,False,False,False,,,,2022-06-20,3315.783
2022-06-20 00:00:00,2022-06-20,22.9359,0.052605772221114,2022-07-15,2022-08-19,25,60,0.0544497743497201,0.0479957668995987,4285.839456963402,4275.07156283822,4250.0,4250.0,27,23,0.02996,0.0301475,OK,正常双期限插值,HIST_CLEAN_SURFACE,3315.783,3315.43,-0.0004088295114608176,0.024427970579401936,3302.3830000000003,3279.6811000000002,3316.786,3290.4072,False,False,False,False,False,False,False,False,False,,,,2022-06-21,3313.787
2022-06-21 00:00:00,2022-06-21,22.4158,0.0502467591713404,2022-07-15,2022-08-19,24,59,0.0520588676068171,0.0466839697049795,4289.480896377879,4277.390985333953,4250.0,4250.0,28,24,0.02996,0.03014125,OK,正常双期限插值,HIST_CLEAN_SURFACE,3313.787,3306.719,-0.0026274118289331128,0.020036930510672457,3305.9453999999996,3286.1766000000002,3315.43,3302.3830000000003,False,False,False,False,False,False,False,False,False,,,,2022-06-22,3309.118
2022-06-22 00:00:00,2022-06-22,21.59,0.0466129828178365,2022-07-15,2022-08-19,23,58,0.0482023773640662,0.0440918742272651,4232.272258064773,4217.85653700341,4200.0,4200.0,28,24,0.02996,0.030135,OK,正常双期限插值,HIST_CLEAN_SURFACE,3309.118,3267.202,-0.011950516508962505,0.001044490260258657,3298.3044,3286.5175000000004,3306.719,3305.9453999999996,False,False,False,False,False,False,False,False,False,,,,2022-06-23,3269.055
2022-06-23 00:00:00,2022-06-23,21.3568,0.0456110892168776,2022-07-15,2022-08-19,22,57,0.0465169941766336,0.0444310288087744,4316.840710003703,4299.096588226697,4300.0,4250.0,28,24,0.02996,0.03012875,OK,正常双期限插值,HIST_CLEAN_SURFACE,3269.055,3320.149,0.016205609570513202,0.025068278215744977,3305.2572,3294.637,3267.202,3298.3044,False,False,False,False,False,False,False,False,False,,,,2022-06-24,3324.736
2022-06-24 00:00:00,2022-06-24,20.9451,0.0438697063472564,2022-07-15,2022-08-19,21,56,0.0447047199915435,0.0429651082326121,4362.596975651043,4346.977317925089,4350.0,4300.0,28,24,0.02996,0.0301225,OK,正常双期限插值,HIST_CLEAN_SURFACE,3324.736,3349.747,0.008914660155312282,0.0197614247782385,3311.8494,3301.1282999999994,3320.149,3305.2572,False,False,False,False,False,False,False,False,False,,,,2022-06-27,3364.003
2022-06-27 00:00:00,2022-06-27,21.8015,0.0475306658483261,2022-07-15,2022-08-19,18,53,0.0517073500702804,0.044811880835922,4409.047661592186,4392.464652825545,4400.0,4350.0,29,25,0.02996,0.03010375,OK,正常双期限插值,HIST_CLEAN_SURFACE,3364.003,3379.185,0.008788126386858552,0.03797636713416552,3324.6004000000003,3313.4917,3349.747,3311.8494,False,False,False,False,False,False,False,False,False,,,,2022-06-28,3377.679
2022-06-28 00:00:00,2022-06-28,21.8249,0.0476326090137135,2022-07-15,2022-08-19,17,52,0.0533800294489334,0.0444528231516243,4464.146974398447,4448.874704758888,4450.0,4400.0,30,26,0.02996,0.0300975,OK,正常双期限插值,HIST_CLEAN_SURFACE,3377.679,3409.21,0.008885278550893272,0.03657841343643953,3345.0986,3325.522,3379.185,3324.6004000000003,False,False,False,False,True,False,False,False,False,止盈12%,,,2022-06-29,3399.678
2022-06-29 00:00:00,2022-06-29,22.2367,0.0494471018138909,2022-07-15,2022-08-19,16,51,0.0539396836551909,0.0473329456532791,4409.473664909598,4392.202527113879,4400.0,4350.0,31,27,0.02996,0.03009125,OK,正常双期限插值,HIST_CLEAN_SURFACE,3399.678,3361.518,-0.01398916464518174,0.016975519202325096,3363.9618,3331.1331,3409.21,3345.0986,False,False,False,False,False,False,False,False,False,,,,2022-06-30,3358.934
2022-06-30 00:00:00,2022-06-30,22.747,0.0517427936097399,2022-07-15,2022-08-19,15,50,0.0571097460462339,0.0495960126351423,4460.45537967973,4448.683202519518,4450.0,4400.0,30,27,0.02996,0.030085,OK,正常双期限插值,HIST_CLEAN_SURFACE,3358.934,3398.616,0.011036085482808655,0.034465062694326365,3379.6551999999997,3342.4561999999996,3361.518,3363.9618,False,True,True,False,False,False,False,False,False,,,,2022-07-01,3400.262
2022-07-01 00:00:00,2022-07-01,22.4249,0.05028767917008,2022-07-15,2022-08-19,14,49,0.0545652331340085,0.0488363662180328,4442.691410156693,4429.186599748259,4400.0,4400.0,30,27,0.02996,0.03007875,OK,正常双期限插值,HIST_CLEAN_SURFACE,3400.262,3387.637,-0.0032304326231618052,0.021361341973826553,3387.2332,3349.5413,3398.616,3379.6551999999997,False,False,False,False,False,False,False,False,False,,,,2022-07-04,3381.819
2022-07-04 00:00:00,2022-07-04,22.7621,0.0518111868803122,2022-07-15,2022-08-19,11,46,0.060451111003249,0.050071339459675,4467.455381321809,4452.351892809807,4450.0,4450.0,31,27,0.02996,0.03006,OK,正常双期限插值,HIST_CLEAN_SURFACE,3381.819,3405.427,0.00525144813331524,0.0271448952322928,3392.4816,3358.5409999999997,3387.637,3387.2332,False,False,False,False,False,False,False,False,False,,,,2022-07-05,3411.13
2022-07-05 00:00:00,2022-07-05,22.7211,0.0516248025549186,2022-07-15,2022-08-19,10,45,0.0598214511283411,0.0502586944593482,4459.3380726408805,4443.651595757693,4450.0,4400.0,31,27,0.02996,0.03005375,OK,正常双期限插值,HIST_CLEAN_SURFACE,3411.13,3404.025,-0.00041169580202427003,0.029426752016122437,3391.4446000000003,3368.2716,3405.427,3392.4816,False,False,False,False,False,False,False,False,False,,,,2022-07-06,3391.027
2022-07-06 00:00:00,2022-07-06,23.1495,0.0535898937098942,2022-07-15,2022-08-19,9,44,0.062366918104238,0.0523930267470292,4404.455596925957,4388.582961368022,4400.0,4350.0,30,27,0.02996,0.0300475,OK,正常双期限插值,HIST_CLEAN_SURFACE,3391.027,3355.35,-0.01429924868354382,0.026979660272000272,3390.2110000000002,3377.0864,3404.025,3391.4446000000003,False,False,False,False,False,False,False,False,False,,,,2022-07-07,3353.128
2022-07-07 00:00:00,2022-07-07,22.8268,0.0521064063826215,2022-07-15,2022-08-19,8,43,0.0582387125778755,0.0514322416423398,4416.610904094804,4400.7273058149485,4400.0,4400.0,30,27,0.02996,0.03004125,OK,正常双期限插值,HIST_CLEAN_SURFACE,3353.128,3364.398,0.002696589029460572,0.01332741392027903,3383.3674,3381.5112999999997,3355.35,3390.2110000000002,False,False,False,False,False,False,False,False,False,,,,2022-07-08,3380.369
2022-07-08 00:00:00,2022-07-08,22.0869,0.0487831985230553,2022-07-15,2022-08-19,7,42,0.0519336918175919,0.0485092425843999,4411.177700070832,4394.998709723429,4400.0,4350.0,31,27,0.02996,0.030035,OK,正常双期限插值,HIST_CLEAN_SURFACE,3380.369,3356.078,-0.0024729535566244687,0.0018899934830900467,3377.0556000000006,3382.1444,3364.398,3383.3674,False,False,False,False,False,False,False,False,False,,,,2022-07-11,3341.102
2022-07-11 00:00:00,2022-07-11,22.6713,0.051398593326583,2022-08-19,2022-09-16,39,67,0.052380224035841,0.0537476697999814,4323.5151935805625,4308.552063153654,4300.0,4300.0,27,32,0.03001625,0.03019125,WARN,期限未夹住30日,HIST_CLEAN_SURFACE,3341.102,3313.584,-0.012661803450336961,-0.019413260889829975,3358.6870000000004,3375.5843,3356.078,3377.0556000000006,False,False,False,False,False,False,False,False,False,,,,2022-07-12,3307.221
2022-07-12 00:00:00,2022-07-12,21.4955,0.04620583919889,2022-08-19,2022-09-16,38,66,0.0486508235951589,0.0525405714983141,4284.226723152169,4273.100689908706,4250.0,4250.0,27,32,0.03001,0.030185,WARN,期限未夹住30日,HIST_CLEAN_SURFACE,3307.221,3281.467,-0.009692526279701852,-0.037469971049011286,3334.1754,3362.81,3313.584,3358.6870000000004,False,False,False,False,False,False,False,False,False,,,,2022-07-13,3279.603
2022-07-13 00:00:00,2022-07-13,21.4407,0.0459703122221437,2022-08-19,2022-09-16,37,65,0.0471408661280749,0.0493018887236402,4292.413317619822,4279.408616643063,4250.0,4250.0,27,32,0.03000375,0.03017875,WARN,期限未夹住30日,HIST_CLEAN_SURFACE,3279.603,3284.292,0.0008608954470668007,-0.022973549449980646,3319.9638,3355.0873999999994,3281.467,3334.1754,False,False,False,False,False,False,False,False,False,,,,2022-07-14,3277.455
2022-07-14 00:00:00,2022-07-14,20.5974,0.0424251085656047,2022-08-19,2022-09-16,36,64,0.0444335829808981,0.0488271207643525,4293.700804561245,4281.435581940337,4250.0,4250.0,27,32,0.0299975,0.0301725,WARN,期限未夹住30日,HIST_CLEAN_SURFACE,3277.455,3281.744,-0.0007758140871760855,-0.03438811563295174,3303.433,3343.4002,3284.292,3319.9638,False,False,False,False,False,False,False,False,False,,,,2022-07-15,3261.383
2022-07-15 00:00:00,2022-07-15,21.2506,0.0451586553678383,2022-08-19,2022-09-16,35,63,0.0466261738721347,0.0505395565502586,4217.525690503848,4206.055933304911,4200.0,4200.0,27,32,0.02999125,0.03016625,WARN,期限未夹住30日,HIST_CLEAN_SURFACE,3261.383,3228.061,-0.016358070586858675,-0.04710540119853457,3277.8296,3327.4426,3281.744,3303.433,False,False,False,False,False,False,False,False,False,,,,2022-07-18,3235.088
2022-07-18 00:00:00,2022-07-18,21.2919,0.0453344921556607,2022-08-19,2022-09-16,32,60,0.0459567969289256,0.0503129303417804,4273.192076251359,4263.365515281833,4250.0,4250.0,27,32,0.0299725,0.0301475,WARN,期限未夹住30日,HIST_CLEAN_SURFACE,3235.088,3278.103,0.01550218536762471,-0.0373885565598675,3270.7334,3314.7102,3228.061,3277.8296,False,False,False,False,False,False,False,False,False,,,,2022-07-19,3278.722
2022-07-19 00:00:00,2022-07-19,21.4617,0.0460603305924131,2022-08-19,2022-09-16,31,59,0.046322676357506,0.0500577686062856,4257.345763917122,4245.9804638581245,4250.0,4200.0,27,32,0.02996625,0.03014125,WARN,期限未夹住30日,HIST_CLEAN_SURFACE,3278.722,3279.431,0.0004051123469885898,-0.03660196385161685,3270.3262000000004,3302.2508000000003,3278.103,3270.7334,False,False,False,False,False,False,False,False,False,,,,2022-07-20,3291.551
2022-07-20 00:00:00,2022-07-20,20.347,0.0414000842758451,2022-08-19,2022-09-16,30,58,0.0414000842758451,0.0470661696055964,4262.631065301417,4255.386888503439,4250.0,4250.0,27,32,0.02996,0.030135,WARN,期限未夹住30日,HIST_CLEAN_SURFACE,3291.551,3304.724,0.007712618438991514,-0.015088142816695682,3274.4126,3297.1881999999996,3279.431,3270.3262000000004,False,False,False,False,False,False,False,False,False,,,,2022-07-21,3297.661
2022-07-21 00:00:00,2022-07-21,20.7978,0.0432546936657488,2022-08-19,2022-09-16,29,57,0.0429238788502827,0.0477990445518883,4216.672824938797,4207.836785765179,4200.0,4200.0,27,32,0.02996,0.03012875,OK,正常双期限插值,HIST_CLEAN_SURFACE,3297.661,3272.001,-0.0099018859063571,-0.02746315982829617,3272.464,3287.9485,3304.724,3274.4126,False,False,False,False,False,False,False,False,False,,,,2022-07-22,3276.197
2022-07-22 00:00:00,2022-07-22,20.3829,0.0415463874662009,2022-08-19,2022-09-16,28,56,0.040732785706086,0.0468347989069478,4227.0324912412025,4219.489865262128,4200.0,4200.0,27,32,0.02996,0.0301225,OK,正常双期限插值,HIST_CLEAN_SURFACE,3276.197,3269.974,-0.0006194985881727844,-0.025656137908594445,3280.8466,3279.3381,3272.001,3272.464,False,False,False,False,False,False,False,False,False,,,,2022-07-25,3269.707
2022-07-25 00:00:00,2022-07-25,21.4007,0.045798814955006,2022-08-19,2022-09-16,25,53,0.044585368662133,0.0484317644584098,4206.730281291727,4197.051817296958,4200.0,4150.0,27,32,0.02996,0.03010375,OK,正常双期限插值,HIST_CLEAN_SURFACE,3269.707,3250.388,-0.005989650070612251,-0.019071796580379385,3275.3036,3273.0185,3269.974,3280.8466,False,False,False,False,False,False,False,False,False,,,,2022-07-26,3254.185
2022-07-26 00:00:00,2022-07-26,20.2542,0.0410230631455547,2022-08-19,2022-09-16,24,52,0.0391741018785778,0.0441520745204386,4238.487011911275,4229.67349100596,4200.0,4200.0,27,33,0.02996,0.0300975,OK,正常双期限插值,HIST_CLEAN_SURFACE,3254.185,3277.436,0.008321468083195116,-0.0012284139989827692,3274.9046000000003,3272.6154,3250.388,3275.3036,False,False,False,False,False,False,False,False,False,,,,2022-07-27,3271.783
2022-07-27 00:00:00,2022-07-27,20.4662,0.0418867164108816,2022-08-19,2022-09-16,23,51,0.0399663038757429,0.0444849216054811,4213.776522125193,4205.183316488386,4200.0,4200.0,27,33,0.02996,0.03009125,OK,正常双期限插值,HIST_CLEAN_SURFACE,3271.783,3275.755,-0.000512900938416494,-0.002599342567591423,3269.1108,3271.7617,3277.436,3274.9046000000003,False,False,False,False,False,False,False,False,False,,,,2022-07-28,3287.502
2022-07-28 00:00:00,2022-07-28,20.3723,0.0415031835187897,2022-08-19,2022-09-16,22,50,0.0393318834064092,0.0438916136424084,4214.936739611455,4209.311498170502,4200.0,4200.0,27,33,0.02996,0.030085,OK,正常双期限插值,HIST_CLEAN_SURFACE,3287.502,3282.576,0.0020822680572876173,0.00025352373615983304,3271.2258,3271.8449,3275.755,3269.1108,False,False,False,False,False,False,False,False,False,,,,2022-07-29,3282.811
2022-07-29 00:00:00,2022-07-29,21.6585,0.0469091259459476,2022-08-19,2022-09-16,21,49,0.0458489558439747,0.0478683274667802,4154.823364435751,4147.865472336058,4150.0,4100.0,27,33,0.02996,0.03007875,OK,正常双期限插值,HIST_CLEAN_SURFACE,3282.811,3253.238,-0.008937492993307705,0.00779941890813074,3267.8786,3274.3626,3282.576,3271.2258,False,False,False,False,False,False,False,False,False,,,,2022-08-01,3246.616
2022-08-01 00:00:00,2022-08-01,21.9203,0.0480498537890309,2022-08-19,2022-09-16,18,46,0.0483568607368916,0.0478896762510166,4172.979400358499,4161.2616421124485,4150.0,4150.0,27,33,0.02996,0.03006,OK,正常双期限插值,HIST_CLEAN_SURFACE,3246.616,3259.959,0.0020659416864059477,-0.005534908451625853,3269.7928,3272.5482,3253.238,3267.8786,False,False,False,False,False,False,False,False,False,,,,2022-08-02,3231.262
2022-08-02 00:00:00,2022-08-02,25.6249,0.065663340323831,2022-08-19,2022-09-16,17,45,0.0751531895723183,0.0615267393693622,4106.07728850091,4096.803257120622,4100.0,4050.0,27,33,0.02996,0.03005375,OK,正常双期限插值,HIST_CLEAN_SURFACE,3231.262,3186.266,-0.02260549902621467,-0.028408891664438163,3251.5588,3263.2317,3259.959,3269.7928,False,False,False,False,False,False,False,False,False,,,,2022-08-03,3188.891
2022-08-03 00:00:00,2022-08-03,24.2797,0.0589502537275024,2022-08-19,2022-09-16,16,44,0.0610443086549774,0.0581887792084206,4059.008691441688,4050.181436617436,4050.0,4050.0,27,34,0.02996,0.0300475,OK,正常双期限插值,HIST_CLEAN_SURFACE,3188.891,3163.674,-0.007090431244597961,-0.042681325278601245,3229.1426,3249.1267000000003,3186.266,3251.5588,False,False,False,False,False,False,False,False,False,,,,2022-08-04,3179.428
2022-08-04 00:00:00,2022-08-04,22.2414,0.0494679391659995,2022-08-19,2022-09-16,15,43,0.0467800011311049,0.0502805715951537,4094.177406726333,4082.872614596232,4050.0,4050.0,27,34,0.02996,0.03004125,OK,正常双期限插值,HIST_CLEAN_SURFACE,3179.428,3189.039,0.008017577032273238,-0.02535512672520579,3210.4352,3240.8305,3163.674,3229.1426,False,False,False,False,False,False,False,False,False,,,,2022-08-05,3195.227
2022-08-05 00:00:00,2022-08-05,20.617,0.0425059401114347,2022-08-19,2022-09-16,14,42,0.0367283316102071,0.0439503422367416,4154.558099351935,4148.311692664572,4150.0,4100.0,27,34,0.02996,0.030035,OK,正常双期限插值,HIST_CLEAN_SURFACE,3195.227,3227.027,0.011912052502336845,-0.013133743571049794,3205.193,3236.5358,3189.039,3210.4352,False,False,False,False,False,False,False,False,False,,,,2022-08-08,3218.851
2022-08-08 00:00:00,2022-08-08,21.2374,0.0451027591838494,2022-08-19,2022-09-16,11,39,0.0418819963933978,0.0455330635242741,4141.072051494863,4137.543087865818,4100.0,4100.0,27,34,0.02996,0.03001625,OK,正常双期限插值,HIST_CLEAN_SURFACE,3218.851,3236.934,0.00307000840092142,-0.004139198151112966,3200.5880000000006,3235.1904000000004,3227.027,3205.193,False,False,False,False,False,False,False,False,False,,,,2022-08-09,3235.735
2022-08-09 00:00:00,2022-08-09,21.079,0.0444323331819051,2022-08-19,2022-09-16,10,38,0.0407811489739427,0.0448166683616907,4147.7346005011095,4140.0977167900055,4100.0,4100.0,27,34,0.02996,0.03001,OK,正常双期限插值,HIST_CLEAN_SURFACE,3235.735,3247.432,0.0032431924778200116,-0.009154717285097314,3212.8212,3232.19,3236.934,3200.5880000000006,False,False,False,False,False,False,False,False,False,,,,2022-08-10,3242.362
2022-08-10 00:00:00,2022-08-10,21.5702,0.0465272163164956,2022-08-19,2022-09-16,9,37,0.0434765848924215,0.0467745648103394,4104.754918119897,4095.865574971503,4100.0,4050.0,27,34,0.02996,0.03000375,OK,正常双期限插值,HIST_CLEAN_SURFACE,3242.362,3230.02,-0.005361775088747023,-0.013961666852374544,3226.0904,3227.6164999999996,3247.432,3212.8212,False,False,False,False,False,False,False,False,False,,,,2022-08-11,3243.472
2022-08-11 00:00:00,2022-08-11,20.8936,0.0436543510403881,2022-08-19,2022-09-16,8,36,0.0407625456569962,0.0438296119727149,4196.4786379697325,4190.563581547641,4150.0,4150.0,27,34,0.02996,0.0299975,OK,正常双期限插值,HIST_CLEAN_SURFACE,3243.472,3281.665,0.015989065083188425,-0.0002775259430398691,3244.6156,3227.5254,3230.02,3226.0904,False,False,False,False,False,False,False,False,False,,,,2022-08-12,3275.77
2022-08-12 00:00:00,2022-08-12,20.0648,0.0402594330800671,2022-08-19,2022-09-16,7,35,0.0338621798462405,0.0405375745250161,4194.837025222669,4191.118080515712,4150.0,4150.0,26,34,0.02996,0.02999125,OK,正常双期限插值,HIST_CLEAN_SURFACE,3275.77,3276.888,-0.0014556635122719985,0.007269680238580767,3254.5878000000002,3229.8903999999998,3281.665,3244.6156,False,False,False,False,False,False,False,False,False,,,,2022-08-15,3268.365
2022-08-15 00:00:00,2022-08-15,20.2793,0.0411248952715501,2022-09-16,2022-10-21,32,67,0.0402405185766925,0.0333107011916139,4180.486363162164,4175.822813036368,4150.0,4150.0,34,21,0.0299725,0.03019125,WARN,期限未夹住30日,HIST_CLEAN_SURFACE,3268.365,3276.087,-0.00024443923625094843,0.0049473014844665375,3262.4184,3231.5032,3276.888,3254.5878000000002,False,False,False,False,False,False,False,False,False,,,,2022-08-16,3278.676
2022-08-16 00:00:00,2022-08-16,19.8368,0.0393499553549795,2022-09-16,2022-10-21,31,66,0.0389035215084113,0.0318011648584627,4166.878422863387,4168.790931808155,4150.0,4150.0,34,21,0.02996625,0.030185,WARN,期限未夹住30日,HIST_CLEAN_SURFACE,3278.676,3277.885,0.0005488254738046372,0.028754347565457472,3268.509,3240.6651,3276.087,3262.4184,False,False,False,False,False,False,True,False,True,,AVIX<20,AVIX<20,2022-08-17,3282.101
2022-08-17 00:00:00,2022-08-17,19.0809,0.0364079705052759,2022-09-16,2022-10-21,30,65,0.0364079705052759,0.030449194212003,4210.847888825965,4205.541116344692,4200.0,4200.0,34,21,0.02996,0.03017875,WARN,期限未夹住30日,HIST_CLEAN_SURFACE,3282.101,3292.526,0.004466599651909542,0.04072859592992195,3281.0101999999997,3253.5503,3277.885,3268.509,False,False,False,False,False,False,False,False,False,,,,2022-08-18,3286.367
2022-08-18 00:00:00,2022-08-18,19.3315,0.0373708355451479,2022-09-16,2022-10-21,29,64,0.0377249616879993,0.0319150796568421,4172.841380046063,4173.614890006534,4150.0,4150.0,34,21,0.02996,0.0301725,OK,正常双期限插值,HIST_CLEAN_SURFACE,3286.367,3277.544,-0.004550305753090456,0.027752874768856683,3280.186,3262.4008000000003,3292.526,3281.0101999999997,False,False,False,False,False,False,False,False,False,,,,2022-08-19,3275.623
2022-08-19 00:00:00,2022-08-19,18.7705,0.0352331785984939,2022-09-16,2022-10-21,28,63,0.0358558713800758,0.0306667648668931,4142.547716146912,4139.224716744582,4100.0,4100.0,34,21,0.02996,0.03016625,OK,正常双期限插值,HIST_CLEAN_SURFACE,3275.623,3258.078,-0.005939203257072978,0.00962216925981707,3276.424,3265.5059,3277.544,3280.186,False,False,False,False,False,False,False,False,False,,,,2022-08-22,3249.705
2022-08-22 00:00:00,2022-08-22,17.9971,0.032389518036194,2022-09-16,2022-10-21,25,60,0.0334298883942958,0.0297885921409397,4170.807272166954,4169.438216226724,4150.0,4150.0,34,21,0.02996,0.0301475,OK,正常双期限插值,HIST_CLEAN_SURFACE,3249.705,3277.794,0.006051420500061688,0.012623056262500043,3276.7653999999998,3269.5919,3258.078,3276.424,False,False,False,False,False,False,False,False,False,,,,2022-08-23,3274.427
2022-08-23 00:00:00,2022-08-23,17.9077,0.0320685940144635,2022-09-16,2022-10-21,24,59,0.0334715418420561,0.0293102559127561,4152.935850876431,4144.138029601031,4150.0,4100.0,33,21,0.02996,0.03014125,OK,正常双期限插值,HIST_CLEAN_SURFACE,3274.427,3276.223,-0.0004792857635348424,0.008865774556634287,3276.433,3272.4710000000005,3277.794,3276.7653999999998,False,False,False,False,False,False,False,False,False,,,,2022-08-24,3279.172
2022-08-24 00:00:00,2022-08-24,19.3249,0.0373449924969482,2022-09-16,2022-10-21,23,58,0.0396846129754595,0.0336338703586198,4077.2628096967824,4068.263086950195,4050.0,4050.0,34,21,0.02996,0.030135,OK,正常双期限插值,HIST_CLEAN_SURFACE,3279.172,3215.203,-0.01862510580018517,-0.004587278097349268,3260.9684,3270.9893,3276.223,3276.433,False,False,False,False,False,False,False,False,False,,,,2022-08-25,3223.465
2022-08-25 00:00:00,2022-08-25,17.7842,0.031627801360313,2022-09-16,2022-10-21,22,57,0.0331809458511456,0.0296046262998863,4112.955837924568,4106.385808191282,4100.0,4100.0,34,21,0.02996,0.03012875,OK,正常双期限插值,HIST_CLEAN_SURFACE,3223.465,3246.248,0.009655688925396033,-0.01079238740090771,3254.7092000000002,3267.4476,3215.203,3260.9684,False,False,False,False,False,False,False,False,False,,,,2022-08-26,3250.628
2022-08-26 00:00:00,2022-08-26,17.1355,0.0293626868560092,2022-09-16,2022-10-21,21,56,0.0305305663513919,0.0280974840693447,4107.985977907184,4100.751746055958,4100.0,4100.0,34,21,0.02996,0.0301225,OK,正常双期限插值,HIST_CLEAN_SURFACE,3250.628,3236.223,-0.003088180570307686,-0.012409639877835277,3250.3382,3263.3811,3246.248,3254.7092000000002,False,False,False,False,False,False,False,False,False,,,,2022-08-29,3203.102
2022-08-29 00:00:00,2022-08-29,17.9582,0.0322496815372001,2022-09-16,2022-10-21,18,53,0.0355107541687921,0.0301269078430505,4085.178117142354,4079.528795438015,4050.0,4050.0,34,21,0.02996,0.03010375,OK,正常双期限插值,HIST_CLEAN_SURFACE,3203.102,3240.728,0.0013920548738453054,-0.01079305891449156,3242.925,3259.8452,3236.223,3250.3382,False,False,False,False,False,False,False,False,False,,,,2022-08-30,3240.184
2022-08-30 00:00:00,2022-08-30,17.8571,0.0318875241486821,2022-09-16,2022-10-21,17,52,0.0349666951550375,0.0301839591244559,4076.6852988705114,4066.816739707464,4050.0,4050.0,33,21,0.02996,0.0300975,OK,正常双期限插值,HIST_CLEAN_SURFACE,3240.184,3227.22,-0.004168199244120485,-0.015456613029438349,3233.1243999999997,3254.7787,3240.728,3242.925,False,False,False,False,False,False,False,False,False,,,,2022-08-31,3216.526
2022-08-31 00:00:00,2022-08-31,18.0131,0.032447039222773,2022-09-16,2022-10-21,16,51,0.0347813488782132,0.0313485405613894,4080.562439173168,4074.271383536548,4050.0,4050.0,33,21,0.02996,0.03009125,OK,正常双期限插值,HIST_CLEAN_SURFACE,3216.526,3202.138,-0.0077720143033322975,-0.027452478735171648,3230.5114,3245.7398999999996,3227.22,3233.1243999999997,False,False,False,False,False,False,False,False,False,,,,2022-09-01,3196.537
2022-09-01 00:00:00,2022-09-01,18.2671,0.0333687501968145,2022-09-16,2022-10-21,15,50,0.0365023641535134,0.0321153046141349,4044.081075725528,4037.409316637947,4000.0,4000.0,34,21,0.02996,0.030085,OK,正常双期限插值,HIST_CLEAN_SURFACE,3196.537,3184.98,-0.005358294989160295,-0.028241878675007825,3218.2578,3236.4835,3202.138,3230.5114,False,False,False,False,False,False,False,False,False,,,,2022-09-02,3189.644
2022-09-02 00:00:00,2022-09-02,18.6677,0.0348482284675319,2022-09-16,2022-10-21,14,49,0.0372383752295766,0.0340372858161238,4022.453514051646,4018.928966476087,4000.0,4000.0,34,22,0.02996,0.03007875,OK,正常双期限插值,HIST_CLEAN_SURFACE,3189.644,3186.478,0.0004703326237527339,-0.021976146672977093,3208.3088,3229.3234999999995,3184.98,3218.2578,False,False,False,False,False,False,False,False,False,,,,2022-09-05,3183.946
2022-09-05 00:00:00,2022-09-05,19.2332,0.0369914952052209,2022-09-16,2022-10-21,11,46,0.042288475461523,0.0359248264121898,4017.548794019032,4009.11293351414,4000.0,4000.0,34,22,0.02996,0.03006,OK,正常双期限插值,HIST_CLEAN_SURFACE,3183.946,3199.912,0.004215939981383698,-0.023760492575189307,3200.1456,3221.5353,3186.478,3208.3088,False,False,False,False,False,False,False,False,False,,,,2022-09-06,3207.933
2022-09-06 00:00:00,2022-09-06,17.9335,0.0321609313080293,2022-09-16,2022-10-21,10,45,0.0322083723815896,0.032153024462436,4047.839656110909,4043.330092135373,4000.0,4000.0,34,22,0.02996,0.03005375,OK,正常双期限插值,HIST_CLEAN_SURFACE,3207.933,3243.447,0.01360506163919517,-0.010004203010600898,3203.3909999999996,3218.2576999999997,3199.912,3200.1456,False,False,False,False,False,False,False,False,False,,,,2022-09-07,3232.137
2022-09-07 00:00:00,2022-09-07,17.6041,0.0309903565101297,2022-09-16,2022-10-21,9,44,0.0311029089643274,0.0309750084481936,4055.269275521599,4051.185065349785,4050.0,4050.0,34,22,0.02996,0.0300475,OK,正常双期限插值,HIST_CLEAN_SURFACE,3232.137,3246.294,0.0008777698541089229,0.009669995953599075,3212.2222,3221.3668000000002,3243.447,3203.3909999999996,False,False,False,False,False,False,False,False,False,,,,2022-09-08,3245.557
2022-09-08 00:00:00,2022-09-08,17.2257,0.0296724879809768,2022-09-16,2022-10-21,8,43,0.0267405999481295,0.0299948097097465,4038.385230582942,4037.890807649085,4000.0,4000.0,34,22,0.02996,0.03004125,OK,正常双期限插值,HIST_CLEAN_SURFACE,3245.557,3235.586,-0.003298530570552183,-0.0032844071062962943,3222.3434,3220.3006,3246.294,3212.2222,False,False,False,False,False,False,False,False,False,,,,2022-09-09,3241.181
2022-09-09 00:00:00,2022-09-09,16.5476,0.0273823948513064,2022-09-16,2022-10-21,7,42,0.0223248406356127,0.0278221821744103,4095.822252643138,4095.4223339429655,4050.0,4050.0,34,22,0.02996,0.030035,OK,正常双期限插值,HIST_CLEAN_SURFACE,3241.181,3262.054,0.008180280171814491,0.007981835615159971,3237.4586,3222.8837,3235.586,3222.3434,False,False,False,False,False,False,False,False,False,,,,2022-09-13,3272.049
2022-09-13 00:00:00,2022-09-13,16.1895,0.0262098583057794,2022-10-21,2022-11-18,38,66,0.0277781913086845,0.0302732665405788,4111.235047203175,4114.691264080788,4100.0,4100.0,22,20,0.03001,0.030185,WARN,期限未夹住30日,HIST_CLEAN_SURFACE,3272.049,3263.797,0.000534325918577716,0.007118462271440196,3250.2356,3225.1906,3262.054,3237.4586,False,False,False,False,False,False,False,False,False,,,,2022-09-14,3224.678
2022-09-14 00:00:00,2022-09-14,16.2087,0.026272124351981,2022-10-21,2022-11-18,37,65,0.0278482495256804,0.0307580190771254,4066.498260059319,4065.244698945222,4050.0,4050.0,22,20,0.03000375,0.03017875,WARN,期限未夹住30日,HIST_CLEAN_SURFACE,3224.678,3237.542,-0.00804431157942731,0.0031984184530338133,3249.0546000000004,3226.2228,3263.797,3250.2356,False,False,False,False,False,False,False,False,False,,,,2022-09-15,3248.972
2022-09-15 00:00:00,2022-09-15,16.799,0.0282207174222417,2022-10-21,2022-11-18,36,64,0.0294706070195261,0.0322047405135858,4028.9377761876976,4032.097016564462,4000.0,4000.0,22,20,0.0299975,0.0301725,WARN,期限未夹住30日,HIST_CLEAN_SURFACE,3248.972,3199.919,-0.011620853103990636,-0.0006929745064079285,3239.7796,3226.0009,3237.542,3249.0546000000004,False,False,False,False,False,False,False,False,False,,,,2022-09-16,3189.827
2022-09-16 00:00:00,2022-09-16,18.4681,0.0341071669014397,2022-10-21,2022-11-18,35,63,0.0338545591232025,0.0331809383812368,3941.80210938874,3944.358774307984,3900.0,3900.0,22,20,0.02999125,0.03016625,WARN,期限未夹住30日,HIST_CLEAN_SURFACE,3189.827,3126.398,-0.022975894077318704,-0.018393208120616067,3217.942,3220.1427,3199.919,3239.7796,False,False,False,False,False,False,False,False,False,,,,2022-09-19,3122.755
2022-09-19 00:00:00,2022-09-19,18.6803,0.0348951906170783,2022-10-21,2022-11-18,32,60,0.0350938458967566,0.0364844328545045,3928.986573320084,3927.29907934862,3900.0,3900.0,24,22,0.0299725,0.0301475,WARN,期限未夹住30日,HIST_CLEAN_SURFACE,3122.755,3115.602,-0.003453175187548174,-0.022242739475998308,3188.6516,3213.0551,3126.398,3217.942,False,False,False,False,False,False,False,False,False,,,,2022-09-20,3127.836
2022-09-20 00:00:00,2022-09-20,18.069,0.0326487240604747,2022-10-21,2022-11-18,31,59,0.0327518215131236,0.0342196496525321,3930.604884946446,3928.022226118741,3900.0,3900.0,24,22,0.02996625,0.03014125,WARN,期限未夹住30日,HIST_CLEAN_SURFACE,3127.836,3122.406,0.00218384761596635,-0.02422129108550486,3160.3733999999995,3205.3045,3115.602,3188.6516,False,False,False,False,False,False,False,False,False,,,,2022-09-21,3116.007
2022-09-21 00:00:00,2022-09-21,19.1784,0.0367812648880805,2022-10-21,2022-11-18,30,58,0.0367812648880805,0.0361937961751022,3899.321302605528,3899.436162897487,3850.0,3850.0,24,22,0.02996,0.030135,WARN,期限未夹住30日,HIST_CLEAN_SURFACE,3116.007,3117.177,-0.0016746701101649775,-0.03893080417222783,3136.3004,3192.6775000000002,3122.406,3160.3733999999995,False,False,False,False,False,False,False,False,False,,,,2022-09-22,3098.768
2022-09-22 00:00:00,2022-09-22,19.6207,0.038497320840073,2022-10-21,2022-11-18,29,57,0.038486206940612,0.0386499907221418,3873.506702639339,3871.500925048056,3850.0,3850.0,24,22,0.02996,0.03012875,OK,正常双期限插值,HIST_CLEAN_SURFACE,3098.768,3108.91,-0.0026520791087577544,-0.042320258115870035,3118.0986,3178.9391,3117.177,3136.3004,False,False,False,False,False,False,False,False,False,,,,2022-09-23,3106.806
2022-09-23 00:00:00,2022-09-23,19.2473,0.0370457842774965,2022-10-21,2022-11-18,28,56,0.0367100483590379,0.0392280677474772,3865.550481769576,3858.810078569733,3850.0,3850.0,25,23,0.02996,0.0301225,OK,正常双期限插值,HIST_CLEAN_SURFACE,3106.806,3088.37,-0.006606817180297875,-0.045499022433648784,3110.493,3164.2174999999997,3108.91,3118.0986,False,False,False,False,False,False,False,False,False,,,,2022-09-26,3067.569
2022-09-26 00:00:00,2022-09-26,20.9146,0.0437419747115664,2022-10-21,2022-11-18,25,53,0.0439162964412074,0.0433637294491377,3841.463993661527,3837.764717975149,3800.0,3800.0,25,23,0.02996,0.03010375,OK,正常双期限插值,HIST_CLEAN_SURFACE,3067.569,3051.226,-0.012027056343637543,-0.0646304444990794,3097.6178,3143.1346999999996,3088.37,3110.493,False,False,False,False,False,False,False,False,False,,,,2022-09-27,3056.392
2022-09-27 00:00:00,2022-09-27,19.6203,0.0384956888340349,2022-10-21,2022-11-18,24,52,0.0378032882824873,0.0396674436135769,3895.356434213789,3891.563904619966,3850.0,3850.0,25,23,0.02996,0.0300975,OK,正常双期限插值,HIST_CLEAN_SURFACE,3056.392,3093.862,0.013973399544969789,-0.05206665733193572,3091.909,3126.1412,3051.226,3097.6178,False,False,False,False,False,False,False,False,False,,,,2022-09-28,3089.098
2022-09-28 00:00:00,2022-09-28,20.0778,0.0403119228886613,2022-10-21,2022-11-18,23,51,0.039379621999625,0.0415732711502987,3835.6672723800903,3837.1657215804016,3800.0,3800.0,25,23,0.02996,0.03009125,OK,正常双期限插值,HIST_CLEAN_SURFACE,3089.098,3045.067,-0.01577155025014043,-0.0594509661959598,3077.487,3106.8936999999996,3093.862,3091.909,False,False,False,False,False,False,False,False,False,,,,2022-09-29,3067.473
2022-09-29 00:00:00,2022-09-29,19.8565,0.039427929196952,2022-10-21,2022-11-18,22,50,0.037789363536195,0.0412303514237847,3839.334442433261,3841.207573263039,3800.0,3800.0,26,24,0.02996,0.030085,OK,正常双期限插值,HIST_CLEAN_SURFACE,3067.473,3041.205,-0.0012682807964488063,-0.049599380484318445,3063.9460000000004,3091.0223,3045.067,3077.487,False,False,False,False,False,False,False,False,False,,,,2022-09-30,3042.166
2022-09-30 00:00:00,2022-09-30,19.8474,0.0393919665620154,2022-10-21,2022-11-18,21,49,0.0381701353971159,0.0404974328540672,3810.934872111569,3811.043010048911,3800.0,3800.0,26,24,0.02996,0.03007875,OK,正常双期限插值,HIST_CLEAN_SURFACE,3042.166,3024.391,-0.005528729566076529,-0.032627643697315634,3051.1502,3080.8216,3041.205,3063.9460000000004,False,False,False,False,False,False,False,False,False,,,,2022-10-10,3026.935
2022-10-10 00:00:00,2022-10-10,21.5219,0.0463193937143363,2022-10-21,2022-11-18,11,39,0.0556574390261215,0.0450718006160006,3722.885279395023,3722.2758862317255,3700.0,3700.0,26,24,0.02996,0.03001625,OK,正常双期限插值,HIST_CLEAN_SURFACE,3026.935,2974.145,-0.016613592620795425,-0.04540278251201535,3035.734,3066.6759,3024.391,3051.1502,False,False,False,False,False,False,False,False,False,,,,2022-10-11,2978.062
2022-10-11 00:00:00,2022-10-11,21.2571,0.045186492944778,2022-10-21,2022-11-18,10,38,0.0505083929048585,0.0446262929489801,3729.929747297088,3732.055782722527,3700.0,3700.0,27,26,0.02996,0.03001,OK,正常双期限插值,HIST_CLEAN_SURFACE,2978.062,2979.793,0.0018990331675154959,-0.04567407313462757,3012.9202,3052.4146,2974.145,3035.734,False,False,False,False,False,False,False,False,False,,,,2022-10-12,2976.717
2022-10-12 00:00:00,2022-10-12,20.6727,0.0427360614886354,2022-10-21,2022-11-18,9,37,0.0472867055918726,0.0423670903451297,3784.262224866093,3788.6778877473184,3750.0,3750.0,28,26,0.02996,0.03000375,OK,正常双期限插值,HIST_CLEAN_SURFACE,2976.717,3025.506,0.015340998519024485,-0.029408339661174288,3009.008,3043.2475,2979.793,3012.9202,False,False,False,False,False,False,False,False,False,,,,2022-10-13,3008.302
2022-10-13 00:00:00,2022-10-13,21.3514,0.0455881858811842,2022-10-21,2022-11-18,8,36,0.047980935888303,0.0454431707292376,3753.923296381774,3758.4773301986,3750.0,3750.0,26,26,0.02996,0.0299975,OK,正常双期限插值,HIST_CLEAN_SURFACE,3008.302,3016.356,-0.0030242875076101905,-0.029770562673091083,3004.0382,3033.9921,3025.506,3009.008,False,False,False,False,False,False,False,False,False,,,,2022-10-14,3035.034
2022-10-14 00:00:00,2022-10-14,20.0657,0.0402632149782606,2022-10-21,2022-11-18,7,35,0.040211232423797,0.0402654750893242,3842.2318769162935,3845.8444793207705,3800.0,3800.0,28,26,0.02996,0.02999125,OK,正常双期限插值,HIST_CLEAN_SURFACE,3035.034,3071.987,0.018443114804751026,-0.005304740040862899,3013.5574,3032.3538,3016.356,3004.0382,False,False,False,False,False,False,False,False,False,,,,2022-10-17,3060.518
2022-10-17 00:00:00,2022-10-17,19.9928,0.039971307749343,2022-11-18,2022-12-16,32,60,0.0403885416587247,0.0433091790243963,3842.797524940758,3842.56323640424,3800.0,3800.0,26,28,0.0299725,0.0301475,WARN,期限未夹住30日,HIST_CLEAN_SURFACE,3060.518,3084.942,0.004217140241804307,0.011049984498034515,3035.7167999999997,3035.7254000000003,3071.987,3013.5574,False,False,False,False,False,False,False,False,False,,,,2022-10-18,3094.927
2022-10-18 00:00:00,2022-10-18,19.4793,0.03794432708624,2022-11-18,2022-12-16,31,59,0.0380395918824895,0.0393959042358718,3832.3363782702872,3830.81534416195,3800.0,3800.0,26,29,0.02996625,0.03014125,WARN,期限未夹住30日,HIST_CLEAN_SURFACE,3094.927,3080.957,-0.0012917584836279472,-0.0041711621268175625,3055.9496,3034.4349,3084.942,3035.7167999999997,False,False,False,False,False,False,False,False,False,,,,2022-10-19,3073.262
2022-10-19 00:00:00,2022-10-19,20.0061,0.0400243503017704,2022-11-18,2022-12-16,30,58,0.0400243503017704,0.0404793608404332,3768.577776981113,3770.983295221032,3750.0,3750.0,26,29,0.02996,0.030135,WARN,期限未夹住30日,HIST_CLEAN_SURFACE,3073.262,3044.378,-0.011872609711852444,-0.00022626759936639207,3059.724,3034.3660000000004,3080.957,3055.9496,False,False,False,False,False,False,False,False,False,,,,2022-10-20,3029.303
2022-10-20 00:00:00,2022-10-20,20.9467,0.0438765078021005,2022-11-18,2022-12-16,29,57,0.0438863376848671,0.0437414762546225,3750.6677602057975,3749.780255071253,3750.0,3700.0,26,29,0.02996,0.03012875,OK,正常双期限插值,HIST_CLEAN_SURFACE,3029.303,3035.05,-0.00306400847726529,-0.0020238688283097384,3063.4628,3033.7505,3044.378,3059.724,False,False,False,False,False,False,False,False,False,,,,2022-10-21,3038.036
2022-10-21 00:00:00,2022-10-21,21.3994,0.045793406111513,2022-11-18,2022-12-16,28,56,0.04596565660429,0.0446737779084624,3738.196968840184,3736.955836570629,3700.0,3700.0,26,29,0.02996,0.0301225,OK,正常双期限插值,HIST_CLEAN_SURFACE,3038.036,3038.929,0.001278067906624214,0.004806918153109185,3056.8512,3035.2043000000003,3035.05,3063.4628,False,False,False,False,False,False,False,False,False,,,,2022-10-24,3034.746
2022-10-24 00:00:00,2022-10-24,25.6111,0.0655926146813291,2022-11-18,2022-12-16,25,53,0.0690660879227623,0.0580558331197289,3630.706401061285,3622.998571366298,3600.0,3600.0,26,29,0.02996,0.03010375,OK,正常双期限插值,HIST_CLEAN_SURFACE,3034.746,2977.555,-0.020195930869066125,0.0011465479995089733,3035.3738000000003,3035.5453,3038.929,3056.8512,False,False,False,False,False,False,False,False,False,,,,2022-10-25,2969.156
2022-10-25 00:00:00,2022-10-25,24.6421,0.0607232577695653,2022-11-18,2022-12-16,24,52,0.0636095895861679,0.0558386962337763,3629.556569993322,3629.289244789876,3600.0,3600.0,27,30,0.02996,0.0300975,OK,正常双期限插值,HIST_CLEAN_SURFACE,2969.156,2976.283,-0.0004271961391141277,-0.0011779341719375669,3014.439,3035.1943,2977.555,3035.3738000000003,False,False,False,False,False,False,False,False,False,,,,2022-10-26,2977.564
2022-10-26 00:00:00,2022-10-26,22.6941,0.0515022670681014,2022-11-18,2022-12-16,23,51,0.0523703503467221,0.0503278014558498,3655.255563434795,3653.30577556632,3650.0,3650.0,27,30,0.02996,0.03009125,OK,正常双期限插值,HIST_CLEAN_SURFACE,2977.564,2999.504,0.007802013451005729,-0.008594264893211245,3005.4642,3032.5941,2976.283,3014.439,False,False,False,False,False,False,False,False,False,,,,2022-10-27,3005.037
2022-10-27 00:00:00,2022-10-27,21.9319,0.04810060811435,2022-11-18,2022-12-16,22,50,0.0488986569930256,0.0472227543478069,3635.8112002666585,3634.959343361277,3600.0,3600.0,27,30,0.02996,0.030085,OK,正常双期限插值,HIST_CLEAN_SURFACE,3005.037,2982.903,-0.005534581717510645,-0.011090534406416386,2995.0348000000004,3029.2488000000003,2999.504,3005.4642,False,False,False,False,False,False,False,False,False,,,,2022-10-28,2967.022
2022-10-28 00:00:00,2022-10-28,23.8729,0.0569917374765967,2022-11-18,2022-12-16,21,49,0.0603236972994641,0.0539771071606691,3546.503355578044,3545.1694224924813,3500.0,3500.0,27,30,0.02996,0.03007875,OK,正常双期限插值,HIST_CLEAN_SURFACE,2967.022,2915.926,-0.02245362990348654,-0.0508013217503851,2970.4341999999997,3013.6427,2982.903,2995.0348000000004,False,False,False,False,False,False,False,False,False,,,,2022-10-31,2893.196
2022-10-31 00:00:00,2022-10-31,26.3631,0.0695015166549628,2022-11-18,2022-12-16,18,46,0.0781286535893749,0.0650004017326608,3507.430353977157,3501.598377123216,3500.0,3500.0,29,32,0.02996,0.03006,OK,正常双期限插值,HIST_CLEAN_SURFACE,2893.196,2893.483,-0.007696697378465678,-0.06206243099546116,2953.6198,2994.4968,2915.926,2970.4341999999997,False,False,False,False,False,False,False,False,False,,,,2022-11-01,2899.499
2022-11-01 00:00:00,2022-11-01,23.5919,0.0556579057292085,2022-11-18,2022-12-16,17,45,0.0557778263421471,0.0556056326415174,3647.8575701294367,3646.61762573038,3600.0,3600.0,29,32,0.02996,0.03005375,OK,正常双期限插值,HIST_CLEAN_SURFACE,2899.499,2969.2,0.02616811641886252,-0.03627346957455102,2952.2032,2983.3211,2893.483,2953.6198,False,True,True,False,False,True,False,True,False,,,,2022-11-02,2960.647
2022-11-02 00:00:00,2022-11-02,22.0519,0.0486288322783808,2022-11-18,2022-12-16,16,44,0.0493168392113225,0.0483786479391293,3680.396261495166,3681.9990284562255,3650.0,3650.0,29,32,0.02996,0.0300475,OK,正常双期限插值,HIST_CLEAN_SURFACE,2960.647,3003.37,0.011508150343526813,-0.013470075003826798,2952.9764,2979.2203,2969.2,2952.2032,False,False,False,False,False,False,False,False,False,,,,2022-11-03,2981.204
2022-11-03 00:00:00,2022-11-03,22.5035,0.0506409340963802,2022-11-18,2022-12-16,15,43,0.0510476415356903,0.0505179760333329,3654.622107373703,3653.4276179425474,3650.0,3650.0,28,32,0.02996,0.03004125,OK,正常双期限插值,HIST_CLEAN_SURFACE,2981.204,2997.806,-0.0018525855955143777,-0.012271297013228821,2955.957,2975.4959,3003.37,2952.9764,False,False,False,False,False,False,False,False,False,,,,2022-11-04,2996.997
2022-11-04 00:00:00,2022-11-04,22.9244,0.0525526023528053,2022-11-18,2022-12-16,14,42,0.049916004049425,0.0532117519286504,3781.079561785022,3785.555294228748,3750.0,3750.0,29,32,0.02996,0.030035,OK,正常双期限插值,HIST_CLEAN_SURFACE,2996.997,3070.796,0.024347806362386315,0.01048626012651166,2986.9309999999996,2978.6825999999996,2997.806,2955.957,False,False,False,False,False,False,False,False,False,,,,2022-11-07,3062.859
2022-11-07 00:00:00,2022-11-07,23.4908,0.0551818525739765,2022-11-18,2022-12-16,11,39,0.0607907291683615,0.0544324884945648,3779.0908799284944,3783.786496301797,3750.0,3750.0,29,32,0.02996,0.03001625,OK,正常双期限插值,HIST_CLEAN_SURFACE,3062.859,3077.817,0.002286377864241018,0.03367259378919951,3023.7978,2988.7087999999994,3070.796,2986.9309999999996,False,False,False,False,False,False,False,False,False,,,,2022-11-08,3077.306
2022-11-08 00:00:00,2022-11-08,22.6739,0.0514104468938353,2022-11-18,2022-12-16,10,38,0.0543285004804303,0.0511032833584042,3760.812399856712,3765.777903410392,3750.0,3750.0,26,32,0.02996,0.03001,OK,正常双期限插值,HIST_CLEAN_SURFACE,3077.306,3064.493,-0.004329042304984321,0.0296376386250905,3042.8564,2997.5298,3077.817,3023.7978,False,False,False,False,False,False,False,False,False,,,,2022-11-09,3064.463
2022-11-09 00:00:00,2022-11-09,23.5161,0.0553005920707319,2022-11-18,2022-12-16,9,37,0.056242227016934,0.0552242432913101,3716.463090220242,3722.966059058554,3700.0,3700.0,29,32,0.02996,0.03000375,OK,正常双期限插值,HIST_CLEAN_SURFACE,3064.463,3048.168,-0.005327145469087302,0.01622401570392973,3051.816,3002.3962,3064.493,3042.8564,False,False,False,False,False,False,False,False,False,,,,2022-11-10,3031.692
2022-11-10 00:00:00,2022-11-10,23.5736,0.0555715906118925,2022-11-18,2022-12-16,8,36,0.0578484145592017,0.0554336012817526,3695.1968470087295,3698.024496137964,3650.0,3650.0,27,32,0.02996,0.0299975,OK,正常双期限插值,HIST_CLEAN_SURFACE,3031.692,3036.132,-0.003948601258198403,0.01784469692779167,3059.4811999999997,3007.7191,3048.168,3051.816,False,False,False,False,False,False,False,False,False,,,,2022-11-11,3099.65
2022-11-11 00:00:00,2022-11-11,22.4952,0.0506032370360435,2022-11-18,2022-12-16,7,35,0.0488673603675024,0.0506787099346758,3793.596321661168,3801.513820613015,3750.0,3800.0,29,32,0.02996,0.02999125,OK,正常双期限插值,HIST_CLEAN_SURFACE,3099.65,3087.293,0.016850716635508523,0.058769324050061744,3062.7806000000005,3024.8558000000003,3036.132,3059.4811999999997,False,True,True,False,False,False,False,False,False,,,,2022-11-14,3100.867
2022-11-14 00:00:00,2022-11-14,23.6986,0.0561622765460817,2022-12-16,2023-01-20,32,67,0.055069863283513,0.0465099086141309,3798.602692674272,3805.4319016703566,3750.0,3800.0,32,22,0.0299725,0.03019125,WARN,期限未夹住30日,HIST_CLEAN_SURFACE,3100.867,3083.401,-0.0012606513214004078,0.06563646650075339,3063.8974000000003,3043.8476,3087.293,3062.7806000000005,False,False,False,False,False,False,False,False,False,,,,2022-11-15,3081.135
2022-11-15 00:00:00,2022-11-15,23.9377,0.0573013848286163,2022-12-16,2023-01-20,31,66,0.0565831747709846,0.0451571056722979,3878.8858530527273,3879.268793205489,3850.0,3850.0,32,22,0.02996625,0.030185,WARN,期限未夹住30日,HIST_CLEAN_SURFACE,3081.135,3134.078,0.016435423092876933,0.05552943553819212,3077.8144,3060.3354,3083.401,3063.8974000000003,False,False,False,False,False,False,False,False,False,,,,2022-11-16,3133.65
2022-11-16 00:00:00,2022-11-16,23.128,0.053490246692621,2022-12-16,2023-01-20,30,65,0.053490246692621,0.0460498558870132,3846.73808662811,3855.967057509002,3800.0,3850.0,32,24,0.02996,0.03017875,WARN,期限未夹住30日,HIST_CLEAN_SURFACE,3133.65,3119.98,-0.004498292639813051,0.03882638502748592,3092.1768,3071.9964,3134.078,3077.8144,False,False,False,False,False,False,False,False,False,,,,2022-11-17,3110.965
2022-11-17 00:00:00,2022-11-17,22.5228,0.0507276263756621,2022-12-16,2023-01-20,29,64,0.0508877918330945,0.0482600772970932,3831.804222691203,3831.455539096848,3800.0,3800.0,32,23,0.02996,0.0301725,OK,正常双期限插值,HIST_CLEAN_SURFACE,3110.965,3115.435,-0.0014567401073084518,0.03923836298946637,3108.0374,3083.7593,3119.98,3092.1768,False,False,False,False,False,False,False,False,False,,,,2022-11-18,3116.729
2022-11-18 00:00:00,2022-11-18,21.8798,0.0478727045221388,2022-12-16,2023-01-20,28,63,0.0484296082492328,0.0437887438567828,3815.096292698443,3826.78727962729,3800.0,3800.0,32,24,0.02996,0.03016625,OK,正常双期限插值,HIST_CLEAN_SURFACE,3116.729,3097.243,-0.005839312969135979,0.008612424921746742,3110.0274,3086.404,3115.435,3108.0374,False,False,False,False,False,False,False,False,False,,,,2022-11-21,3078.057
2022-11-21 00:00:00,2022-11-21,22.369,0.0500370897043019,2022-12-16,2023-01-20,25,60,0.0516931538770336,0.0458969292724728,3781.15262951317,3779.0241443435098,3750.0,3750.0,32,24,0.02996,0.0301475,OK,正常双期限插值,HIST_CLEAN_SURFACE,3078.057,3085.044,-0.0039386641603517125,0.002348092820333436,3110.356,3087.1267,3097.243,3110.0274,False,False,False,False,False,False,False,False,False,,,,2022-11-22,3084.233
2022-11-22 00:00:00,2022-11-22,22.4086,0.0502147351434163,2022-12-16,2023-01-20,24,59,0.0521790551081706,0.0463526823313569,3776.26181105732,3774.1961670233536,3750.0,3750.0,32,24,0.02996,0.03014125,OK,正常双期限插值,HIST_CLEAN_SURFACE,3084.233,3088.943,0.0012638393488066946,0.007978481269169224,3101.329,3089.5717,3085.044,3110.356,False,False,False,False,False,False,False,False,False,,,,2022-11-23,3084.74
2022-11-23 00:00:00,2022-11-23,22.3119,0.0497819589358796,2022-12-16,2023-01-20,23,58,0.0520675905009949,0.0461564743843175,3784.118455145899,3787.289537252761,3750.0,3750.0,32,24,0.02996,0.030135,OK,正常双期限插值,HIST_CLEAN_SURFACE,3084.74,3096.907,0.002578228215930123,0.015989604247534928,3096.7144,3094.4456,3088.943,3101.329,False,True,True,False,False,False,False,False,False,,,,2022-11-24,3104.096
2022-11-24 00:00:00,2022-11-24,22.481,0.0505395062149233,2022-12-16,2023-01-20,22,57,0.0535200388347134,0.046656970302302,3765.05502460819,3770.896979897957,3750.0,3750.0,30,24,0.02996,0.03012875,OK,正常双期限插值,HIST_CLEAN_SURFACE,3104.096,3089.31,-0.0024530927147635717,0.01751504875282106,3091.4894,3099.7634000000003,3096.907,3096.7144,False,False,False,False,False,False,False,False,False,,,,2022-11-25,3085.461
2022-11-25 00:00:00,2022-11-25,21.9134,0.0480197252261515,2022-12-16,2023-01-20,21,56,0.0509667785397855,0.0448270841363814,3788.201035317525,3792.882756083064,3750.0,3750.0,32,24,0.02996,0.0301225,OK,正常双期限插值,HIST_CLEAN_SURFACE,3085.461,3101.693,0.004008338431559233,0.0046642803258389876,3092.3794000000003,3101.2034,3089.31,3091.4894,False,False,False,False,False,False,False,False,False,,,,2022-11-28,3055.29
2022-11-28 00:00:00,2022-11-28,22.9543,0.052689777340052,2022-12-16,2023-01-20,18,53,0.0577575608124297,0.0493909371552024,3739.131592860168,3747.575185600293,3700.0,3700.0,31,24,0.02996,0.03010375,OK,正常双期限插值,HIST_CLEAN_SURFACE,3055.29,3078.549,-0.007461731383473502,-0.0015735870877644498,3091.0804,3100.7182000000003,3101.693,3092.3794000000003,False,False,False,False,False,False,False,False,False,,,,2022-11-29,3096.113
2022-11-29 00:00:00,2022-11-29,22.9194,0.0525298466982655,2022-12-16,2023-01-20,17,52,0.0588842244680053,0.0490142589972555,3855.842388577005,3859.9054124415775,3850.0,3850.0,32,24,0.02996,0.0300975,OK,正常双期限插值,HIST_CLEAN_SURFACE,3096.113,3149.748,0.023127453875186,0.004999875561488842,3103.2414,3102.2852,3078.549,3091.0804,False,True,True,False,False,False,False,False,False,,,,2022-11-30,3141.399
2022-11-30 00:00:00,2022-11-30,22.4175,0.0502542848343545,2022-12-16,2023-01-20,16,51,0.0563200435323428,0.0473998101529482,3857.435261410172,3862.433217747053,3850.0,3850.0,31,24,0.02996,0.03009125,OK,正常双期限插值,HIST_CLEAN_SURFACE,3141.399,3151.335,0.0005038498317959661,0.010049743908614905,3114.127,3105.4207,3149.748,3103.2414,False,False,False,False,False,False,False,False,False,,,,2022-12-01,3187.99
2022-12-01 00:00:00,2022-12-01,21.7007,0.0470921650352492,2022-12-16,2023-01-20,15,50,0.0523474228330809,0.0449900619161164,3904.46835420698,3915.279754683071,3900.0,3900.0,31,24,0.02996,0.030085,OK,正常双期限插值,HIST_CLEAN_SURFACE,3187.99,3165.471,0.004485717957627422,0.01606067852482873,3129.3592,3110.4242999999997,3151.335,3114.127,False,False,False,False,False,False,False,False,False,,,,2022-12-02,3160.579
2022-12-02 00:00:00,2022-12-02,21.0601,0.0443525707748998,2022-12-16,2023-01-20,14,49,0.048708285953105,0.0428747388394373,3883.981603020615,3895.694584201095,3850.0,3850.0,31,24,0.02996,0.03007875,OK,正常双期限插值,HIST_CLEAN_SURFACE,3160.579,3156.144,-0.002946480950228314,0.0190172356511904,3140.2493999999997,3116.3144,3165.471,3129.3592,False,False,False,False,False,False,False,False,False,,,,2022-12-05,3181.916
2022-12-05 00:00:00,2022-12-05,21.2137,0.0450019488811268,2022-12-16,2023-01-20,11,46,0.0547772132060658,0.0430334746005899,3947.7343971583778,3956.1103473198505,3900.0,3950.0,32,24,0.02996,0.03006,OK,正常双期限插值,HIST_CLEAN_SURFACE,3181.916,3211.814,0.017638612179925905,0.04109179642170413,3166.9024,3128.9914,3156.144,3140.2493999999997,False,False,False,False,False,False,False,False,False,,,,2022-12-06,3200.275
2022-12-06 00:00:00,2022-12-06,20.5201,0.0421076498739352,2022-12-16,2023-01-20,10,45,0.0499835715400252,0.0407949962629202,3967.8370870515714,3975.779629668682,3950.0,3950.0,32,25,0.02996,0.03005375,OK,正常双期限插值,HIST_CLEAN_SURFACE,3200.275,3212.533,0.0002238610330487223,0.04001045017664606,3179.4593999999997,3141.3504000000003,3211.814,3166.9024,False,False,False,False,False,False,False,False,False,,,,2022-12-07,3204.935
2022-12-07 00:00:00,2022-12-07,20.4455,0.0418019191716102,2022-12-16,2023-01-20,9,44,0.0475122785738291,0.0410232337985803,3959.148047751712,3970.0286670883934,3950.0,3950.0,32,26,0.02996,0.0300475,OK,正常双期限插值,HIST_CLEAN_SURFACE,3204.935,3199.619,-0.004019880885270166,0.03316599432918066,3189.1162,3151.6216,3212.533,3179.4593999999997,False,False,False,False,False,False,False,False,False,,,,2022-12-08,3196.016
2022-12-08 00:00:00,2022-12-08,20.035,0.0401400938037624,2022-12-16,2023-01-20,8,43,0.04599670379377,0.0394962381600406,3969.282122073188,3975.4534190456734,3950.0,3950.0,32,26,0.02996,0.03004125,OK,正常双期限插值,HIST_CLEAN_SURFACE,3196.016,3197.35,-0.0007091469328067701,0.03497221062308409,3195.4919999999997,3162.4255999999996,3199.619,3189.1162,False,False,False,False,False,False,False,False,False,,,,2022-12-09,3197.118
2022-12-09 00:00:00,2022-12-09,19.3835,0.0375719755657427,2022-12-16,2023-01-20,7,42,0.0441210858581298,0.0370024877142308,4000.721874755161,4008.798081647648,4000.0,4000.0,32,25,0.02996,0.030035,OK,正常双期限插值,HIST_CLEAN_SURFACE,3197.118,3206.95,0.0030024864340782997,0.03393533789449821,3205.6531999999997,3172.9512999999997,3197.35,3195.4919999999997,False,False,False,False,False,False,True,False,True,,AVIX<20,AVIX<20,2022-12-12,3195.868
2022-12-12 00:00:00,2022-12-12,20.402,0.0416241599173651,2023-01-20,2023-02-17,39,67,0.0391546715420995,0.0357145882332719,3969.7697706827626,3989.606042307265,3950.0,3950.0,26,19,0.03001625,0.03019125,WARN,期限未夹住30日,HIST_CLEAN_SURFACE,3195.868,3179.042,-0.008702349584496116,0.0326429756355997,3199.0987999999998,3183.0006000000003,3206.95,3205.6531999999997,False,False,False,False,False,False,False,False,False,,,,2022-12-13,3179.435
2022-12-13 00:00:00,2022-12-13,20.2499,0.0410060220121943,2023-01-20,2023-02-17,38,66,0.0388114643259145,0.0353201225522876,3963.843183161057,3979.409909964366,3950.0,3950.0,26,21,0.03001,0.030185,WARN,期限未夹住30日,HIST_CLEAN_SURFACE,3179.435,3176.326,-0.0008543454285913077,0.008438135368289856,3191.8574,3185.6584,3179.042,3199.0987999999998,False,False,False,False,False,False,False,False,False,,,,2022-12-14,3178.554
2022-12-14 00:00:00,2022-12-14,20.0535,0.0402141244117938,2023-01-20,2023-02-17,37,65,0.0387089525118884,0.0359301736197555,3971.4313616768527,3980.6144067519504,3950.0,3950.0,26,21,0.03000375,0.03017875,WARN,期限未夹住30日,HIST_CLEAN_SURFACE,3178.554,3176.525,6.265099992885936e-05,0.007993437701799389,3187.2385999999997,3188.1773999999996,3176.326,3191.8574,False,False,False,False,False,False,False,False,False,,,,2022-12-15,3177.2
2022-12-15 00:00:00,2022-12-15,19.3418,0.0374107160061859,2023-01-20,2023-02-17,36,64,0.0363620252515547,0.0340680142257991,3967.784434332676,3981.842975884932,3950.0,3950.0,26,20,0.0299975,0.0301725,WARN,期限未夹住30日,HIST_CLEAN_SURFACE,3177.2,3168.648,-0.0024797538190317603,0.00100364211202697,3181.4982000000005,3188.4951,3176.525,3187.2385999999997,False,False,False,False,False,False,False,False,False,,,,2022-12-16,3156.135
2022-12-16 00:00:00,2022-12-16,18.3634,0.0337213026535345,2023-01-20,2023-02-17,35,63,0.033087089205341,0.0313958533434917,3971.651298127773,3982.231736835806,3950.0,3950.0,26,21,0.02999125,0.03016625,WARN,期限未夹住30日,HIST_CLEAN_SURFACE,3156.135,3167.858,-0.000249317690068418,0.003711490983934862,3173.6798000000003,3189.6665000000003,3168.648,3181.4982000000005,False,False,False,False,False,False,False,False,False,,,,2022-12-19,3165.309
2022-12-19 00:00:00,2022-12-19,18.7172,0.0350332646807075,2023-01-20,2023-02-17,32,60,0.0347317347836989,0.0326210255046392,3913.7082728274863,3919.201614721558,3900.0,3900.0,26,21,0.0299725,0.0301475,WARN,期限未夹住30日,HIST_CLEAN_SURFACE,3165.309,3107.115,-0.01917478624357538,-0.03259808942859088,3159.2944,3179.1966,3167.858,3173.6798000000003,False,False,False,False,False,False,False,False,False,,,,2022-12-20,3098.953
2022-12-20 00:00:00,2022-12-20,20.1081,0.0404335938659632,2023-01-20,2023-02-17,31,59,0.040065706837377,0.0348279932100479,3853.993502675199,3864.405151242684,3850.0,3850.0,26,21,0.02996625,0.03014125,WARN,期限未夹住30日,HIST_CLEAN_SURFACE,3098.953,3073.766,-0.01073310772211511,-0.04319550958698315,3138.7824,3165.3198999999995,3107.115,3159.2944,False,False,False,False,False,False,False,False,False,,,,2022-12-21,3078.331
2022-12-21 00:00:00,2022-12-21,19.6113,0.0384603015843513,2023-01-20,2023-02-17,30,58,0.0384603015843513,0.0335215376449663,3849.674870345411,3856.96231456788,3800.0,3850.0,26,21,0.02996,0.030135,WARN,期限未夹住30日,HIST_CLEAN_SURFACE,3078.331,3068.411,-0.0017421625458802215,-0.04100738244147195,3117.1596,3152.1991,3073.766,3138.7824,False,False,False,False,False,False,False,False,False,,,,2022-12-22,3085.8
2022-12-22 00:00:00,2022-12-22,19.1205,0.0365592924351885,2023-01-20,2023-02-17,29,57,0.036866081621995,0.0323449778164254,3856.328415954674,3860.233664491028,3850.0,3850.0,26,21,0.02996,0.03012875,OK,正常双期限插值,HIST_CLEAN_SURFACE,3085.8,3054.431,-0.004556104120341131,-0.04469920402833594,3094.3162,3137.9072,3068.411,3117.1596,False,False,False,False,False,False,False,False,False,,,,2022-12-23,3038.842
2022-12-23 00:00:00,2022-12-23,19.6343,0.0385506184516792,2023-01-20,2023-02-17,28,56,0.0393315878575738,0.033474317313364,3846.994309920654,3853.343115868456,3800.0,3850.0,26,21,0.02996,0.0301225,OK,正常双期限插值,HIST_CLEAN_SURFACE,3038.842,3045.866,-0.0028041229282966817,-0.05022965746269814,3069.9178,3121.7988,3054.431,3094.3162,False,False,False,False,False,False,False,False,False,,,,2022-12-26,3048.196
2022-12-26 00:00:00,2022-12-26,19.4214,0.0377191423774167,2023-01-20,2023-02-17,25,53,0.0400440827063609,0.0326744605315944,3856.650942231973,3865.3982301872975,3850.0,3850.0,26,21,0.02996,0.03010375,OK,正常双期限插值,HIST_CLEAN_SURFACE,3048.196,3065.563,0.006466797948432523,-0.035695973818527627,3061.6074,3110.4509,3045.866,3069.9178,False,False,False,False,False,False,False,False,False,,,,2022-12-27,3077.747
2022-12-27 00:00:00,2022-12-27,18.3516,0.0336780428620896,2023-01-20,2023-02-17,24,52,0.0349657966435455,0.0314987672319334,3901.223607014067,3912.874088359649,3900.0,3900.0,26,21,0.02996,0.0300975,OK,正常双期限插值,HIST_CLEAN_SURFACE,3077.747,3095.568,0.009787761660745575,-0.025424972121879108,3065.9678,3102.3751,3065.563,3061.6074,False,False,False,False,False,False,False,False,False,,,,2022-12-28,3088.617
2022-12-28 00:00:00,2022-12-28,18.0518,0.0325869091783751,2023-01-20,2023-02-17,23,51,0.0338541122373958,0.0308724579808764,3885.5931996901663,3896.987359853212,3850.0,3850.0,26,21,0.02996,0.03009125,OK,正常双期限插值,HIST_CLEAN_SURFACE,3088.617,3087.4,-0.0026386110723460865,-0.028057389757675466,3069.7655999999997,3093.4626,3095.568,3065.9678,False,False,False,False,False,False,False,False,False,,,,2022-12-29,3076.726
2022-12-29 00:00:00,2022-12-29,17.9813,0.0323327110586689,2023-01-20,2023-02-17,22,50,0.033363878153259,0.0311984272546198,3870.456489289986,3882.221838650677,3850.0,3850.0,26,21,0.02996,0.030085,OK,正常双期限插值,HIST_CLEAN_SURFACE,3076.726,3073.702,-0.004436742890457923,-0.029964199242074163,3073.6198000000004,3083.968,3087.4,3069.7655999999997,False,False,False,False,False,False,False,False,False,,,,2022-12-30,3084.523
2022-12-30 00:00:00,2022-12-30,17.302,0.0299359464213211,2023-01-20,2023-02-17,21,49,0.0302308051625452,0.0296691694649754,3884.345262892254,3895.5015863720782,3850.0,3850.0,26,21,0.02996,0.03007875,OK,正常双期限插值,HIST_CLEAN_SURFACE,3084.523,3089.258,0.00506099810586691,-0.024811718202015443,3082.2982,3076.1079999999997,3073.702,3073.6198000000004,False,False,False,False,False,False,False,False,False,,,,2023-01-03,3087.513
2023-01-03 00:00:00,2023-01-03,17.5313,0.0307347539771569,2023-01-20,2023-02-17,17,45,0.0333608750974609,0.0295900345144603,3895.965309639863,3907.541988145716,3850.0,3900.0,26,21,0.02996,0.03005375,OK,正常双期限插值,HIST_CLEAN_SURFACE,3087.513,3116.512,0.008822183190915212,0.0030243489539332202,3092.488,3077.0477,3089.258,3082.2982,False,False,False,False,False,False,False,False,False,,,,2023-01-04,3117.571
2023-01-04 00:00:00,2023-01-04,17.287,0.0298839311103416,2023-01-20,2023-02-17,16,44,0.0321331934660282,0.0290660175264555,3898.586841365154,3906.041061523129,3850.0,3900.0,25,21,0.02996,0.0300475,OK,正常双期限插值,HIST_CLEAN_SURFACE,3117.571,3123.516,0.002247384255218643,0.016185356985535027,3098.0776,3082.0227000000004,3116.512,3092.488,False,False,False,False,False,False,False,False,False,,,,2023-01-05,3132.761
2023-01-05 00:00:00,2023-01-05,17.1741,0.0294950398294395,2023-01-20,2023-02-17,15,43,0.0307432176650899,0.0291176837395918,3974.241722349937,3980.453388312681,3950.0,3950.0,26,21,0.02996,0.03004125,OK,正常双期限插值,HIST_CLEAN_SURFACE,3132.761,3155.216,0.010148819471390569,0.028289886850229484,3111.6408,3090.7032000000004,3123.516,3098.0776,False,False,False,False,False,False,False,False,False,,,,2023-01-06,3155.075
2023-01-06 00:00:00,2023-01-06,17.2318,0.0296936229705232,2023-01-20,2023-02-17,14,42,0.0293934393690477,0.0297686688708921,3991.039988170112,4001.096585353287,3950.0,4000.0,25,21,0.02996,0.030035,OK,正常双期限插值,HIST_CLEAN_SURFACE,3155.075,3157.637,0.0007673008757562716,0.03378894465122961,3128.4278,3101.0238,3155.216,3111.6408,False,False,False,False,False,False,False,False,False,,,,2023-01-09,3169.374
2023-01-09 00:00:00,2023-01-09,18.5091,0.034258602621458,2023-01-20,2023-02-17,11,39,0.0370183881963549,0.033889886330075,4013.8189498510937,4026.168301389171,4000.0,4000.0,26,21,0.02996,0.03001625,OK,正常双期限插值,HIST_CLEAN_SURFACE,3169.374,3176.085,0.0058423434992684875,0.042752701530533566,3145.7932,3114.0456999999997,3157.637,3128.4278,False,False,False,False,False,False,False,False,False,,,,2023-01-10,3178.022
2023-01-10 00:00:00,2023-01-10,18.1773,0.0330414626896006,2023-01-20,2023-02-17,10,38,0.0342359424482207,0.0329157279781669,4019.484410503505,4029.916231721143,4000.0,4000.0,21,22,0.02996,0.03001,OK,正常双期限插值,HIST_CLEAN_SURFACE,3178.022,3169.507,-0.00207110326077542,0.033906985437911485,3156.3922000000002,3124.4401000000003,3176.085,3145.7932,False,False,False,False,False,False,False,False,False,,,,2023-01-11,3172.376
2023-01-11 00:00:00,2023-01-11,17.5846,0.0309218693140183,2023-01-20,2023-02-17,9,37,0.0302595067991162,0.0309755743827941,4017.740333024741,4028.376554663087,4000.0,4000.0,26,22,0.02996,0.03000375,OK,正常双期限插值,HIST_CLEAN_SURFACE,3172.376,3161.838,-0.0024196192026078034,0.02140802592609825,3164.0566,3131.0670999999998,3169.507,3156.3922000000002,False,False,False,False,False,False,False,False,False,,,,2023-01-12,3167.273
2023-01-12 00:00:00,2023-01-12,17.5342,0.0307447019786797,2023-01-20,2023-02-17,8,36,0.0301785744722912,0.0307790127366427,4024.983578170474,4034.056422352528,4000.0,4000.0,27,22,0.02996,0.0299975,OK,正常双期限插值,HIST_CLEAN_SURFACE,3167.273,3163.451,0.0005101463136314432,0.024632700654272144,3165.7036,3138.6722,3161.838,3164.0566,False,False,False,False,False,False,False,False,False,,,,2023-01-13,3170.355
2023-01-13 00:00:00,2023-01-13,16.9773,0.0288227133278694,2023-01-20,2023-02-17,7,35,0.0255813905999165,0.0289636404029978,4086.545696983339,4094.126720553447,4050.0,4050.0,27,22,0.02996,0.02999125,OK,正常双期限插值,HIST_CLEAN_SURFACE,3170.355,3195.306,0.010069699198754778,0.03956271622948471,3173.2374000000004,3150.8326,3163.451,3165.7036,False,False,False,False,False,False,False,False,False,,,,2023-01-16,3198.519
2023-01-16 00:00:00,2023-01-16,18.4718,0.0341208243552203,2023-02-17,2023-03-17,32,60,0.0344893566833509,0.0370690829802652,4163.431416722648,4181.446243030823,4150.0,4150.0,23,31,0.0299725,0.0301475,WARN,期限未夹住30日,HIST_CLEAN_SURFACE,3198.519,3227.592,0.010104196593377912,0.04477903755529655,3183.5388,3164.666,3195.306,3173.2374000000004,False,False,False,False,False,False,False,False,False,,,,2023-01-17,3229.435
2023-01-17 00:00:00,2023-01-17,19.0262,0.0361994918740803,2023-02-17,2023-03-17,31,59,0.036274828507451,0.0373474178639149,4161.868309918047,4173.133785415753,4150.0,4150.0,25,31,0.02996625,0.03014125,WARN,期限未夹住30日,HIST_CLEAN_SURFACE,3229.435,3224.245,-0.001036996001973045,0.03456845345052417,3194.4864000000002,3175.4393,3227.592,3183.5388,False,False,False,False,False,False,False,False,False,,,,2023-01-18,3227.595
2023-01-18 00:00:00,2023-01-18,19.5035,0.0380386583776455,2023-02-17,2023-03-17,30,58,0.0380386583776455,0.0397478555219686,4151.881655994605,4167.788541766281,4150.0,4150.0,25,32,0.02996,0.030135,WARN,期限未夹住30日,HIST_CLEAN_SURFACE,3227.595,3224.406,4.99341706352574e-05,0.032300138689860924,3207.0,3185.5283,3224.245,3194.4864000000002,False,False,False,False,False,False,False,False,False,,,,2023-01-19,3221.518
2023-01-19 00:00:00,2023-01-19,19.9123,0.0396498787285477,2023-02-17,2023-03-17,29,57,0.0394562094799914,0.0423102826166115,4181.888521203756,4190.163152396932,4150.0,4150.0,25,32,0.02996,0.03012875,OK,正常双期限插值,HIST_CLEAN_SURFACE,3221.518,3240.279,0.004922767170139286,0.026959485499566505,3222.3656,3194.0346,3224.406,3207.0,False,False,False,False,False,False,False,False,False,,,,2023-01-20,3247.203
2023-01-20 00:00:00,2023-01-20,19.1097,0.0365182205703688,2023-02-17,2023-03-17,28,56,0.0357520466516795,0.041498351041849,4194.521937097434,4209.767209625371,4150.0,4200.0,25,32,0.02996,0.0301225,OK,正常双期限插值,HIST_CLEAN_SURFACE,3247.203,3264.814,0.007571878841297286,0.03394215357876784,3236.2672000000002,3204.7523,3240.279,3222.3656,False,False,False,False,False,False,False,False,False,,,,2023-01-30,3308.869
2023-01-30 00:00:00,2023-01-30,19.0421,0.0362600181655184,2023-02-17,2023-03-17,18,46,0.0354939989408988,0.0366596803696678,4207.56206489747,4223.711536789671,4200.0,4200.0,25,32,0.02996,0.03006,OK,正常双期限插值,HIST_CLEAN_SURFACE,3308.869,3269.318,0.0013795579166226979,0.029354692963192264,3244.6124,3214.0756,3264.814,3236.2672000000002,False,False,False,False,False,False,False,False,False,,,,2023-01-31,3266.144
2023-01-31 00:00:00,2023-01-31,18.4482,0.0340335695080111,2023-02-17,2023-03-17,17,45,0.0335463030430849,0.0342459677106712,4174.988179641911,4186.56539339667,4150.0,4150.0,26,33,0.02996,0.03005375,OK,正常双期限插值,HIST_CLEAN_SURFACE,3266.144,3255.669,-0.004174876839756925,0.027184669413886642,3250.8972,3222.6918,3269.318,3244.6124,False,False,False,False,False,False,False,False,False,,,,2023-02-01,3262.196
2023-02-01 00:00:00,2023-02-01,18.7817,0.0352753650657942,2023-02-17,2023-03-17,16,44,0.0356723115935766,0.0351310208738733,4202.037858199509,4211.521145653264,4200.0,4200.0,25,33,0.02996,0.0300475,OK,正常双期限插值,HIST_CLEAN_SURFACE,3262.196,3284.921,0.008984942879635582,0.038927674346376895,3263.0002,3235.0001,3255.669,3250.8972,False,False,False,False,False,False,False,False,False,,,,2023-02-02,3291.783
2023-02-02 00:00:00,2023-02-02,18.8287,0.0354519093159743,2023-02-17,2023-03-17,15,43,0.0350576621627569,0.0355711003157843,4187.627762043514,4193.16013848565,4150.0,4150.0,25,33,0.02996,0.03004125,OK,正常双期限插值,HIST_CLEAN_SURFACE,3291.783,3285.671,0.00022831599298744898,0.03863502232214122,3272.0786,3247.2221,3284.921,3263.0002,False,False,False,False,False,False,False,False,False,,,,2023-02-03,3275.658
2023-02-03 00:00:00,2023-02-03,19.1241,0.0365730629574066,2023-02-17,2023-03-17,14,42,0.0361523813982219,0.0366782333472027,4142.17698120542,4146.397938980648,4100.0,4100.0,26,33,0.02996,0.030035,OK,正常双期限插值,HIST_CLEAN_SURFACE,3275.658,3263.406,-0.006776393619446375,0.021312512792202032,3271.7969999999996,3254.0321,3285.671,3272.0786,False,False,False,False,False,False,False,False,False,,,,2023-02-06,3244.701
2023-02-06 00:00:00,2023-02-06,19.5146,0.0380820619127324,2023-02-17,2023-03-17,11,39,0.0414256877435806,0.0376353426721738,4085.236991898503,4089.486542902039,4050.0,4050.0,26,33,0.02996,0.03001625,OK,正常双期限插值,HIST_CLEAN_SURFACE,3244.701,3238.698,-0.0075712307938393675,0.0034409553623877542,3265.673,3255.1426999999994,3263.406,3271.7969999999996,False,False,False,False,False,False,False,False,False,,,,2023-02-07,3245.23
2023-02-07 00:00:00,2023-02-07,18.9399,0.0358719774405868,2023-02-17,2023-03-17,10,38,0.0379090330707205,0.0356575505321517,4095.527753724282,4098.194367413776,4050.0,4050.0,24,33,0.02996,0.03001,OK,正常双期限插值,HIST_CLEAN_SURFACE,3245.23,3248.094,0.0029011658388649053,0.007396770406715492,3264.1580000000004,3257.5276,3238.698,3265.673,False,False,False,False,False,False,False,False,False,,,,2023-02-08,3251.501
2023-02-08 00:00:00,2023-02-08,18.0809,0.0326919893929747,2023-02-17,2023-03-17,9,37,0.033536701417978,0.0326234992287853,4078.525822146765,4086.759791400687,4050.0,4050.0,26,32,0.02996,0.03000375,OK,正常双期限插值,HIST_CLEAN_SURFACE,3251.501,3232.106,-0.00492227133820633,0.0023880367422712823,3253.5950000000003,3258.2976,3248.094,3264.1580000000004,False,False,False,False,False,False,False,False,False,,,,2023-02-09,3227.728
2023-02-09 00:00:00,2023-02-09,17.8472,0.0318521580749952,2023-02-17,2023-03-17,8,36,0.0316595703533005,0.0318638300581282,4134.979555348707,4145.319677740516,4100.0,4100.0,22,33,0.02996,0.0299975,OK,正常双期限插值,HIST_CLEAN_SURFACE,3227.728,3270.383,0.011842742781331905,0.009290558004418692,3250.5374,3261.308,3232.106,3253.5950000000003,False,False,False,False,False,False,False,False,False,,,,2023-02-10,3266.437
2023-02-10 00:00:00,2023-02-10,17.4876,0.0305816633914609,2023-02-17,2023-03-17,7,35,0.0292069744184202,0.0306414324772453,4105.636100468909,4115.8146543170205,4100.0,4100.0,25,33,0.02996,0.02999125,OK,正常双期限插值,HIST_CLEAN_SURFACE,3266.437,3260.673,-0.00296907120664458,-0.001268372409576779,3249.9908,3260.8939,3270.383,3250.5374,False,False,False,False,False,False,False,False,False,,,,2023-02-13,3256.988
2023-02-13 00:00:00,2023-02-13,18.189,0.0330839236301063,2023-03-17,2023-04-21,32,67,0.0326068733267671,0.028868792591646,4145.99585051769,4140.350985156845,4100.0,4100.0,33,21,0.0299725,0.03019125,WARN,期限未夹住30日,HIST_CLEAN_SURFACE,3256.988,3284.16,0.007203114203724326,0.004539784750213771,3259.0832,3262.3781,3260.673,3249.9908,False,False,False,False,False,False,False,False,False,,,,2023-02-14,3288.974
2023-02-14 00:00:00,2023-02-14,18.0835,0.0327013781425284,2023-03-17,2023-04-21,31,66,0.0324361749165355,0.0282170326848315,4155.871407682801,4154.176622451569,4150.0,4150.0,33,21,0.02996625,0.030185,WARN,期限未夹住30日,HIST_CLEAN_SURFACE,3288.974,3293.283,0.0027778792750656756,0.0115533858018122,3268.121,3266.1394999999998,3284.16,3259.0832,False,False,False,False,False,False,False,False,False,,,,2023-02-15,3294.015
2023-02-15 00:00:00,2023-02-15,17.6002,0.0309766373775727,2023-03-17,2023-04-21,30,65,0.0309766373775727,0.0269561987692566,4128.958187967015,4130.468010075418,4100.0,4100.0,32,21,0.02996,0.03017875,WARN,期限未夹住30日,HIST_CLEAN_SURFACE,3294.015,3280.492,-0.003883966242803849,-0.001348282043921234,3277.7981999999997,3265.6966,3293.283,3268.121,False,False,False,False,False,False,False,False,False,,,,2023-02-16,3281.735
2023-02-16 00:00:00,2023-02-16,18.2559,0.0333279486029439,2023-03-17,2023-04-21,29,64,0.0336645420354225,0.0281423060338204,4102.468574475638,4109.447330900452,4100.0,4100.0,33,21,0.02996,0.0301725,OK,正常双期限插值,HIST_CLEAN_SURFACE,3281.735,3249.03,-0.00959063457554532,-0.011151755607910707,3273.5276,3262.0325000000003,3280.492,3277.7981999999997,False,False,False,False,False,False,False,False,False,,,,2023-02-17,3244.733
2023-02-17 00:00:00,2023-02-17,18.0849,0.0327062050171093,2023-03-17,2023-04-21,28,63,0.0334164071224382,0.0274980562446978,4039.346424968055,4048.767302292503,4000.0,4000.0,33,21,0.02996,0.03016625,OK,正常双期限插值,HIST_CLEAN_SURFACE,3244.733,3224.024,-0.00769645094074245,-0.012067759880321383,3266.1978000000004,3258.0942999999997,3249.03,3273.5276,False,False,False,False,False,False,False,False,False,,,,2023-02-20,3230.473
2023-02-20 00:00:00,2023-02-20,18.0518,0.0325868663432804,2023-03-17,2023-04-21,25,60,0.0339960104295701,0.0290640061275562,4144.66011763341,4145.251186613744,4100.0,4100.0,33,22,0.02996,0.0301475,OK,正常双期限插值,HIST_CLEAN_SURFACE,3230.473,3290.338,0.02056870544388012,0.015944679003723206,3267.4334000000003,3263.2583000000004,3224.024,3266.1978000000004,False,False,False,False,False,False,False,False,False,,,,2023-02-21,3291.631
2023-02-21 00:00:00,2023-02-21,18.1023,0.0327691617126886,2023-03-17,2023-04-21,24,59,0.0344378406361938,0.0294883692529157,4151.10377058345,4152.884381584174,4150.0,4150.0,33,22,0.02996,0.03014125,OK,正常双期限插值,HIST_CLEAN_SURFACE,3291.631,3306.524,0.004919251456841023,0.017989011401763566,3270.0816000000004,3269.1013,3290.338,3267.4334000000003,False,False,False,False,False,False,False,False,False,,,,2023-02-22,3292.049
2023-02-22 00:00:00,2023-02-22,17.8565,0.0318854963674467,2023-03-17,2023-04-21,23,58,0.0333977593096325,0.0294867344591519,4110.893827586427,4114.500097785698,4100.0,4100.0,33,22,0.02996,0.030135,OK,正常双期限插值,HIST_CLEAN_SURFACE,3292.049,3291.148,-0.004650200633656287,0.01826734642985106,3272.2128000000002,3275.0055,3306.524,3270.0816000000004,False,False,False,False,False,False,False,False,False,,,,2023-02-23,3293.522
2023-02-23 00:00:00,2023-02-23,17.4947,0.030606499768099,2023-03-17,2023-04-21,22,57,0.0322558782504647,0.0284579672713332,4109.833079274953,4110.723623481565,4100.0,4100.0,33,22,0.02996,0.03012875,OK,正常双期限插值,HIST_CLEAN_SURFACE,3293.522,3287.477,-0.0011154162620460317,0.005226910731862322,3279.9021999999995,3276.7149,3291.148,3272.2128000000002,False,False,False,False,False,False,False,False,False,,,,2023-02-24,3287.255
2023-02-24 00:00:00,2023-02-24,17.585,0.0309231274828407,2023-03-17,2023-04-21,21,56,0.0325646583984603,0.0291448023242529,4066.568343123109,4069.958597981767,4050.0,4050.0,33,22,0.02996,0.0301225,OK,正常双期限插值,HIST_CLEAN_SURFACE,3287.255,3267.16,-0.006180119282963803,0.0019894665917128407,3288.5293999999994,3277.3635999999997,3287.477,3279.9021999999995,False,False,False,False,False,False,False,False,False,,,,2023-02-27,3257.0
2023-02-27 00:00:00,2023-02-27,18.2284,0.0332275884612453,2023-03-17,2023-04-21,18,53,0.0370916607729668,0.0307122961073889,4054.143067825369,4054.364784404349,4050.0,4050.0,32,22,0.02996,0.03010375,OK,正常双期限插值,HIST_CLEAN_SURFACE,3257.0,3258.034,-0.0027932516313862177,-0.007955154438273326,3282.0686,3274.751,3267.16,3288.5293999999994,False,False,False,False,False,False,False,False,False,,,,2023-02-28,3265.742
2023-02-28 00:00:00,2023-02-28,17.4166,0.0303338123580505,2023-03-17,2023-04-21,17,52,0.0324819626148132,0.0291453386952854,4084.271786846373,4085.566110283203,4050.0,4050.0,33,22,0.02996,0.0300975,OK,正常双期限插值,HIST_CLEAN_SURFACE,3265.742,3279.605,0.0066208639934388636,-0.004153302342981169,3276.6848,3273.3832,3258.034,3282.0686,False,False,False,False,False,False,False,False,False,,,,2023-03-01,3279.136
2023-03-01 00:00:00,2023-03-01,17.3161,0.0299847192926937,2023-03-17,2023-04-21,16,51,0.0328622832285461,0.028630571558175,4135.691233730853,4141.105592364473,4100.0,4100.0,33,22,0.02996,0.03009125,OK,正常双期限插值,HIST_CLEAN_SURFACE,3279.136,3312.348,0.009983824271520447,0.009710738511174544,3280.9248,3276.5688,3279.605,3276.6848,False,False,False,False,False,False,False,False,False,,,,2023-03-02,3308.011
2023-03-02 00:00:00,2023-03-02,17.2786,0.0298550958015349,2023-03-17,2023-04-21,15,50,0.0322131714146446,0.028911865556291,4127.770708145372,4132.01427425166,4100.0,4100.0,32,22,0.02996,0.030085,OK,正常双期限插值,HIST_CLEAN_SURFACE,3308.011,3310.654,-0.0005114196938243998,0.018966891656894358,3285.5602,3282.7311999999997,3312.348,3280.9248,False,False,False,False,False,False,False,False,False,,,,2023-03-03,3314.773
2023-03-03 00:00:00,2023-03-03,17.1229,0.0293193773167854,2023-03-17,2023-04-21,14,49,0.0319026145304171,0.028442921833589,4133.770997215016,4141.069122129652,4100.0,4100.0,32,22,0.02996,0.03007875,OK,正常双期限插值,HIST_CLEAN_SURFACE,3314.773,3328.393,0.005358155820571975,0.03237227762572492,3297.8068,3293.1681,3310.654,3285.5602,False,False,False,False,False,False,False,False,False,,,,2023-03-06,3332.024
2023-03-06 00:00:00,2023-03-06,17.1453,0.029396229928162,2023-03-17,2023-04-21,11,46,0.0343925682951281,0.0283901022936242,4104.959350966741,4112.713846515476,4100.0,4100.0,33,22,0.02996,0.03006,OK,正常双期限插值,HIST_CLEAN_SURFACE,3332.024,3322.026,-0.0019129351612025003,0.00963062153493044,3310.6052000000004,3296.3369,3328.393,3297.8068,False,False,False,False,False,False,False,False,False,,,,2023-03-07,3320.211
2023-03-07 00:00:00,2023-03-07,17.3832,0.0302176582427811,2023-03-17,2023-04-21,10,45,0.037961571053153,0.0289270061077191,4048.5083353576256,4054.3605257252,4000.0,4050.0,32,22,0.02996,0.03005375,OK,正常双期限插值,HIST_CLEAN_SURFACE,3320.211,3285.099,-0.011115807040643189,-0.00647961424142085,3311.704,3294.1944000000003,3322.026,3310.6052000000004,False,False,False,False,False,False,False,False,False,,,,2023-03-08,3271.88
2023-03-08 00:00:00,2023-03-08,17.1873,0.0295404460531235,2023-03-17,2023-04-21,9,44,0.035221079433782,0.0287658142284883,4035.462989114493,4040.827324248506,4000.0,4000.0,32,22,0.02996,0.0300475,OK,正常双期限插值,HIST_CLEAN_SURFACE,3271.88,3283.248,-0.000563453338849218,-0.0024003782266857066,3305.8839999999996,3293.4044000000004,3285.099,3311.704,False,False,False,False,False,False,False,False,False,,,,2023-03-09,3285.943
2023-03-09 00:00:00,2023-03-09,16.9746,0.0288136356031571,2023-03-17,2023-04-21,8,43,0.0336587166304719,0.0282809839891605,4022.098278656833,4028.737102378578,4000.0,4000.0,28,22,0.02996,0.03004125,OK,正常双期限插值,HIST_CLEAN_SURFACE,3285.943,3276.094,-0.002178939879046604,-0.0034625337302739423,3298.972,3292.2661,3283.248,3305.8839999999996,False,False,False,False,False,False,False,False,False,,,,2023-03-10,3255.512
2023-03-10 00:00:00,2023-03-10,17.519,0.0306914958080358,2023-03-17,2023-04-21,7,42,0.0382484243705139,0.0300343715852116,3966.386261876587,3973.475911284273,3950.0,3950.0,31,22,0.02996,0.030035,OK,正常双期限插值,HIST_CLEAN_SURFACE,3255.512,3230.077,-0.014046300258783728,-0.01135022465994917,3279.3088000000002,3288.5578,3276.094,3298.972,False,False,False,False,False,False,False,False,False,,,,2023-03-13,3228.124
2023-03-13 00:00:00,2023-03-13,17.6887,0.0312889166931361,2023-04-21,2023-05-19,39,67,0.0304146136202296,0.029196678991305,4014.016405529461,4003.742976177496,4000.0,4000.0,23,22,0.03001625,0.03019125,WARN,期限未夹住30日,HIST_CLEAN_SURFACE,3228.124,3268.696,0.01195606172855923,0.003272525701082163,3268.6428,3289.624,3230.077,3279.3088000000002,False,False,False,False,False,False,False,False,False,,,,2023-03-14,3261.922
2023-03-14 00:00:00,2023-03-14,18.1519,0.032948988014953,2023-04-21,2023-05-19,38,66,0.031509952978515,0.0292205790569091,3994.47080662732,3996.590436134285,3950.0,3950.0,23,22,0.03001,0.030185,WARN,期限未夹住30日,HIST_CLEAN_SURFACE,3261.922,3245.312,-0.007153923154677,-0.010456442163004454,3260.6854,3286.1947,3268.696,3268.6428,False,False,False,False,False,False,False,False,False,,,,2023-03-15,3261.028
2023-03-15 00:00:00,2023-03-15,17.0391,0.0290331122061122,2023-04-21,2023-05-19,37,65,0.0284565832800568,0.0273922221858007,3992.3607275061495,3997.750840243453,3950.0,3950.0,23,22,0.03000375,0.03017875,WARN,期限未夹住30日,HIST_CLEAN_SURFACE,3261.028,3263.315,0.005547386507060104,-0.014803094360858138,3256.6988,3281.2914000000005,3245.312,3260.6854,False,False,False,False,False,False,False,False,False,,,,2023-03-16,3244.47
2023-03-16 00:00:00,2023-03-16,18.0011,0.0324039508662447,2023-04-21,2023-05-19,36,64,0.0312055236383913,0.0285839640774621,3945.037625480272,3955.484247989162,3900.0,3950.0,23,22,0.0299975,0.0301725,WARN,期限未夹住30日,HIST_CLEAN_SURFACE,3244.47,3226.891,-0.011161656168650613,-0.025301043237982546,3246.8582,3272.9150999999997,3263.315,3256.6988,False,False,False,False,False,False,False,False,False,,,,2023-03-17,3245.26
2023-03-17 00:00:00,2023-03-17,16.7729,0.0281331702113215,2023-04-21,2023-05-19,35,63,0.0279843351432086,0.027587441628241,3968.221566347207,3974.175276456627,3950.0,3950.0,24,23,0.02999125,0.03016625,WARN,期限未夹住30日,HIST_CLEAN_SURFACE,3245.26,3250.546,0.0073305853838880886,-0.023388764487847546,3250.9519999999998,3265.1304,3226.891,3246.8582,False,False,False,False,False,False,False,False,False,,,,2023-03-20,3253.93
2023-03-20 00:00:00,2023-03-20,17.7202,0.0314004342861915,2023-04-21,2023-05-19,32,60,0.0311256770298175,0.0292023762351999,3947.29609546152,3951.6173744883126,3900.0,3950.0,24,23,0.0299725,0.0301475,WARN,期限未夹住30日,HIST_CLEAN_SURFACE,3253.93,3234.91,-0.004810268797918904,-0.026223756225869366,3244.1947999999998,3256.4188000000004,3250.546,3250.9519999999998,False,False,False,False,False,False,False,False,False,,,,2023-03-21,3240.839
2023-03-21 00:00:00,2023-03-21,16.7586,0.028084995752406,2023-04-21,2023-05-19,31,59,0.028033041955003,0.0272933607716381,3987.51111657497,3989.0692363767016,3950.0,3950.0,24,23,0.02996625,0.03014125,WARN,期限未夹住30日,HIST_CLEAN_SURFACE,3240.839,3255.651,0.006411615779109869,-0.008964113410280916,3246.2626,3253.4739999999997,3234.91,3244.1947999999998,False,False,False,False,False,False,False,False,False,,,,2023-03-22,3263.413
2023-03-22 00:00:00,2023-03-22,16.3804,0.026831835645951,2023-04-21,2023-05-19,30,58,0.026831835645951,0.0260068624692866,4004.3475669348063,4003.187159520684,4000.0,4000.0,24,23,0.02996,0.030135,WARN,期限未夹住30日,HIST_CLEAN_SURFACE,3263.413,3265.748,0.003101376652473009,-0.005330087766748037,3246.7491999999997,3251.7239999999997,3255.651,3246.2626,False,False,False,False,False,False,False,False,False,,,,2023-03-23,3258.779
2023-03-23 00:00:00,2023-03-23,15.432,0.0238145141083857,2023-04-21,2023-05-19,29,57,0.02379516076989,0.0240803678635099,4044.505814920221,4044.219070551422,4000.0,4000.0,24,23,0.02996,0.03012875,OK,正常双期限插值,HIST_CLEAN_SURFACE,3258.779,3286.649,0.006400065161181967,0.003221824526402406,3258.7008,3252.7795,3265.748,3246.7491999999997,False,False,False,False,False,False,False,False,False,,,,2023-03-24,3282.739
2023-03-24 00:00:00,2023-03-24,15.2259,0.0231828442772886,2023-04-21,2023-05-19,28,56,0.0231023076242723,0.0237063325218944,4039.2395769691393,4040.503361203345,4000.0,4000.0,24,23,0.02996,0.0301225,OK,正常双期限插值,HIST_CLEAN_SURFACE,3282.739,3265.654,-0.006387965371416282,0.0110142885138651,3261.7224,3256.3372,3286.649,3258.7008,False,False,False,False,False,False,False,False,False,,,,2023-03-27,3261.824
2023-03-27 00:00:00,2023-03-27,15.7754,0.0248864590294771,2023-04-21,2023-05-19,25,53,0.0250572432960746,0.024515889394407,4020.2203168260703,4020.885427110384,4000.0,4000.0,24,23,0.02996,0.03010375,OK,正常双期限插值,HIST_CLEAN_SURFACE,3261.824,3251.397,-0.004365741134853884,-0.005292324523296088,3265.0198,3254.6073,3265.654,3261.7224,False,False,False,False,False,False,False,False,False,,,,2023-03-28,3256.602
2023-03-28 00:00:00,2023-03-28,15.643,0.0244703105363292,2023-04-21,2023-05-19,24,52,0.0246515435834118,0.0241636084566508,4010.919892387833,4013.177502707121,4000.0,4000.0,24,23,0.02996,0.0300975,OK,正常双期限插值,HIST_CLEAN_SURFACE,3256.602,3245.376,-0.0018518193871741584,1.972075412171037e-05,3262.9648,3254.6137,3251.397,3265.0198,False,False,False,False,False,False,False,False,False,,,,2023-03-29,3253.621
2023-03-29 00:00:00,2023-03-29,15.746,0.0247937753342802,2023-04-21,2023-05-19,23,51,0.0248806298950881,0.0246762662225988,4011.475676147691,4014.8366484880175,4000.0,4000.0,24,23,0.02996,0.03009125,OK,正常双期限插值,HIST_CLEAN_SURFACE,3253.621,3240.057,-0.0016389472283028228,-0.007127108477116173,3257.8266000000003,3252.2879000000003,3245.376,3262.9648,False,False,False,False,False,False,False,False,False,,,,2023-03-30,3243.068
2023-03-30 00:00:00,2023-03-30,15.6229,0.0244074584957098,2023-04-21,2023-05-19,22,50,0.0240909630263168,0.0247556035120421,4053.516134799186,4052.1816213414,4050.0,4050.0,24,23,0.02996,0.030085,OK,正常双期限插值,HIST_CLEAN_SURFACE,3243.068,3261.249,0.006540625674178013,0.010647400237566051,3252.7466,3255.7237,3240.057,3257.8266000000003,False,False,False,False,False,False,False,False,False,,,,2023-03-31,3263.406
2023-03-31 00:00:00,2023-03-31,15.4414,0.0238437583382753,2023-04-21,2023-05-19,21,49,0.0239884984556264,0.0237128029940052,4063.704385214767,4067.2695934834737,4050.0,4050.0,24,23,0.02996,0.03007875,OK,正常双期限插值,HIST_CLEAN_SURFACE,3263.406,3272.86,0.003560292391044051,0.006864692885441448,3254.1878,3257.9551,3261.249,3252.7466,False,False,False,False,False,False,False,False,False,,,,2023-04-03,3277.34
2023-04-03 00:00:00,2023-04-03,15.7766,0.0248899730578179,2023-04-21,2023-05-19,18,46,0.0258959594195369,0.0243651106082253,4093.0111400048536,4099.3537999154105,4050.0,4050.0,24,23,0.02996,0.03006,OK,正常双期限插值,HIST_CLEAN_SURFACE,3277.34,3296.396,0.0071912639098525855,0.01900702028804524,3263.1876,3264.1036999999997,3272.86,3254.1878,False,False,False,False,False,False,False,False,False,,,,2023-04-04,3297.183
2023-04-04 00:00:00,2023-04-04,16.0667,0.0258139898529986,2023-04-21,2023-05-19,17,45,0.0272413708848445,0.0251917981211684,4112.770138536592,4113.279271985318,4100.0,4100.0,24,23,0.02996,0.03005375,OK,正常双期限插值,HIST_CLEAN_SURFACE,3297.183,3312.558,0.0049029303518144385,0.01747945341807222,3276.624,3269.7943999999998,3296.396,3263.1876,False,False,False,False,False,False,False,False,False,,,,2023-04-06,3302.751
2023-04-06 00:00:00,2023-04-06,16.2341,0.0263545628862788,2023-04-21,2023-05-19,15,43,0.0285391094543235,0.0256941185750095,4097.876841068859,4102.184359562148,4050.0,4100.0,24,23,0.02996,0.03004125,OK,正常双期限插值,HIST_CLEAN_SURFACE,3302.751,3312.628,2.1131705467469786e-05,0.014355057401857163,3291.1382,3274.4824,3312.558,3276.624,False,False,False,False,False,False,False,False,False,,,,2023-04-07,3312.481
2023-04-07 00:00:00,2023-04-07,15.684,0.0245987520086545,2023-04-21,2023-05-19,14,42,0.0261797472152939,0.0242035032069946,4129.205911791262,4134.866354299354,4100.0,4100.0,24,23,0.02996,0.030035,OK,正常双期限插值,HIST_CLEAN_SURFACE,3312.481,3327.646,0.004533560665429315,0.012473799301355282,3304.4175999999998,3278.5820999999996,3312.628,3291.1382,False,False,False,False,False,False,False,False,False,,,,2023-04-10,3331.505
2023-04-10 00:00:00,2023-04-10,15.7185,0.0247070260396643,2023-04-21,2023-05-19,11,39,0.027389850238184,0.0243485920374329,4112.901893576704,4120.626150451832,4100.0,4100.0,24,23,0.02996,0.03001625,OK,正常双期限插值,HIST_CLEAN_SURFACE,3331.505,3315.358,-0.0036927004855684675,0.015220228474909003,3312.917200000001,3283.5525000000002,3327.646,3304.4175999999998,False,False,False,False,False,False,False,False,False,,,,2023-04-11,3317.077
2023-04-11 00:00:00,2023-04-11,15.2431,0.023235260345297,2023-04-21,2023-05-19,10,38,0.024465523937077,0.0231057589145834,4103.5928376919765,4108.9940208470025,4100.0,4100.0,23,23,0.02996,0.03001,OK,正常双期限插值,HIST_CLEAN_SURFACE,3317.077,3313.571,-0.0005390066472460431,0.019122241916320837,3316.3522,3289.7699000000002,3315.358,3312.917200000001,False,False,False,False,False,False,False,False,False,,,,2023-04-12,3316.862
2023-04-12 00:00:00,2023-04-12,14.907,0.0222219002035343,2023-04-21,2023-05-19,9,37,0.023608689149086,0.0221094578565977,4097.379767121963,4103.902490979286,4050.0,4100.0,24,23,0.02996,0.03000375,OK,正常双期限插值,HIST_CLEAN_SURFACE,3316.862,3327.182,0.00410765304259364,0.025206940582539472,3319.2769999999996,3297.9505,3313.571,3316.3522,False,False,False,False,False,False,False,False,False,,,,2023-04-13,3321.273
2023-04-13 00:00:00,2023-04-13,14.5625,0.0212065952391587,2023-04-21,2023-05-19,8,36,0.0215887935304204,0.021183431706355,4074.6557018957446,4082.830508483861,4050.0,4050.0,24,23,0.02996,0.0299975,OK,正常双期限插值,HIST_CLEAN_SURFACE,3321.273,3318.364,-0.0026502908467285202,0.024168401975644294,3320.4242,3305.7812,3327.182,3319.2769999999996,False,False,False,False,False,False,False,False,False,,,,2023-04-14,3326.37
2023-04-14 00:00:00,2023-04-14,14.1008,0.019883386013761,2023-04-21,2023-05-19,7,35,0.0200843240867302,0.0198746495758058,4094.569094139784,4100.488577260348,4050.0,4100.0,24,23,0.02996,0.02999125,OK,正常双期限插值,HIST_CLEAN_SURFACE,3326.37,3338.153,0.005963480799574761,0.023581149430785597,3322.5256,3313.4716,3318.364,3320.4242,False,False,False,False,False,False,False,False,False,,,,2023-04-17,3337.061
2023-04-17 00:00:00,2023-04-17,15.0111,0.0225333745861273,2023-05-19,2023-06-16,32,60,0.0229626461005611,0.0259675467015976,4162.792654114541,4154.147385691284,4150.0,4150.0,23,28,0.0299725,0.0301475,WARN,期限未夹住30日,HIST_CLEAN_SURFACE,3337.061,3385.61,0.014216544298598865,0.034449991750334474,3336.576,3324.7466,3338.153,3322.5256,False,False,False,False,False,False,False,False,False,,,,2023-04-18,3379.227
2023-04-18 00:00:00,2023-04-18,14.5409,0.0211438250283475,2023-05-19,2023-06-16,31,59,0.0213829150572457,0.0247869086890156,4169.878408792044,4163.981675904181,4150.0,4150.0,23,28,0.02996625,0.03014125,WARN,期限未夹住30日,HIST_CLEAN_SURFACE,3379.227,3393.331,0.002280534379329069,0.029406357731291966,3352.528,3334.4401,3385.61,3336.576,False,False,False,False,False,False,False,False,False,,,,2023-04-19,3391.355
2023-04-19 00:00:00,2023-04-19,14.2528,0.0203143584508837,2023-05-19,2023-06-16,30,58,0.0203143584508837,0.0233718904694651,4138.561176133305,4129.743073697871,4100.0,4100.0,23,28,0.02996,0.030135,WARN,期限未夹住30日,HIST_CLEAN_SURFACE,3391.355,3370.128,-0.006837823955281652,0.017379318339482808,3361.1171999999997,3340.1971000000003,3393.331,3352.528,False,False,False,False,False,False,False,False,False,,,,2023-04-20,3367.053
2023-04-20 00:00:00,2023-04-20,14.1036,0.0198911441221071,2023-05-19,2023-06-16,29,57,0.0196288468904778,0.0234942797776453,4118.85736829751,4112.54835606028,4100.0,4100.0,23,28,0.02996,0.03012875,OK,正常双期限插值,HIST_CLEAN_SURFACE,3367.053,3367.031,-0.0009189561939487723,0.01642291256368056,3370.8506,3345.6374000000005,3370.128,3361.1171999999997,False,False,False,False,False,False,False,False,False,,,,2023-04-21,3363.999
2023-04-21 00:00:00,2023-04-21,15.1505,0.0229538556887562,2023-05-19,2023-06-16,28,56,0.0226335093127336,0.0250361071329032,4044.250040320479,4039.7162807620775,4000.0,4000.0,23,28,0.02996,0.0301225,OK,正常双期限插值,HIST_CLEAN_SURFACE,3363.999,3301.258,-0.019534420681009523,-0.007929930046645661,3363.4716,3342.9986,3367.031,3370.8506,False,False,False,False,False,False,False,False,False,,,,2023-04-24,3300.813
2023-04-24 00:00:00,2023-04-24,16.4876,0.0271841391529596,2023-05-19,2023-06-16,25,53,0.0260645467659369,0.0296134433889525,3991.504447458203,3982.167748874083,3950.0,3950.0,23,28,0.02996,0.03010375,OK,正常双期限插值,HIST_CLEAN_SURFACE,3300.813,3275.413,-0.007828833735503249,-0.01204847259330677,3341.4322,3339.0040999999997,3301.258,3363.4716,False,False,False,False,False,False,False,False,False,,,,2023-04-25,3276.403
2023-04-25 00:00:00,2023-04-25,17.108,0.0292683641385525,2023-05-19,2023-06-16,24,52,0.0280566230074768,0.0313190029757575,3974.632100762961,3966.5285734626,3950.0,3950.0,23,28,0.02996,0.0300975,OK,正常双期限插值,HIST_CLEAN_SURFACE,3276.403,3264.872,-0.003218220114532211,-0.014696833114485885,3315.7404,3334.1341999999995,3275.413,3341.4322,False,False,False,False,False,False,False,False,False,,,,2023-04-26,3255.217
2023-04-26 00:00:00,2023-04-26,16.8611,0.0284297578782512,2023-05-19,2023-06-16,23,51,0.0278249853496352,0.0292479795346139,3966.9705835598006,3960.1782895181714,3950.0,3950.0,23,28,0.02996,0.03009125,OK,正常双期限插值,HIST_CLEAN_SURFACE,3255.217,3264.101,-0.00023615014616185093,-0.018959287469095365,3294.535,3327.8260999999998,3264.872,3315.7404,False,False,False,False,False,False,False,False,False,,,,2023-04-27,3256.228
2023-04-27 00:00:00,2023-04-27,15.792,0.024938791300302,2023-05-19,2023-06-16,22,50,0.0237247787664044,0.0262742050875895,3996.684226688749,3990.0116358516175,3950.0,3950.0,23,28,0.02996,0.030085,OK,正常双期限插值,HIST_CLEAN_SURFACE,3256.228,3285.884,0.006673506732787882,-0.00978795575168967,3278.3056000000006,3324.5781,3264.101,3294.535,False,False,False,False,False,False,False,False,False,,,,2023-04-28,3283.122
2023-04-28 00:00:00,2023-04-28,14.8416,0.0220272070225368,2023-05-19,2023-06-16,21,49,0.0204096057012392,0.0234907510751394,4031.941122382259,4025.896638106872,4000.0,4000.0,23,28,0.02996,0.03007875,OK,正常双期限插值,HIST_CLEAN_SURFACE,3283.122,3323.275,0.011379281800574903,-0.004456955687770936,3282.709,3323.0903,3285.884,3278.3056000000006,False,False,False,False,False,False,False,False,False,,,,2023-05-04,3306.483
2023-05-04 00:00:00,2023-05-04,15.4789,0.0239595615671904,2023-05-19,2023-06-16,15,43,0.0234483098625685,0.0241141260360296,4032.0706457450096,4023.729464643747,4000.0,4000.0,23,28,0.02996,0.03004125,OK,正常双期限插值,HIST_CLEAN_SURFACE,3306.483,3350.459,0.008179882796337967,-0.01038247169638562,3297.7182000000003,3319.5752,3323.275,3282.709,False,False,False,False,False,False,False,False,False,,,,2023-05-05,3350.654
2023-05-05 00:00:00,2023-05-05,14.8724,0.0221188251875684,2023-05-19,2023-06-16,14,42,0.0204854377643821,0.0225271720433649,4017.396799386391,4008.6493002116167,4000.0,4000.0,23,28,0.02996,0.030035,OK,正常双期限插值,HIST_CLEAN_SURFACE,3350.654,3334.503,-0.004762332563985949,-0.017336357696906113,3311.6444,3313.6924,3350.459,3297.7182000000003,False,False,False,False,False,False,False,False,False,,,,2023-05-08,3340.99
2023-05-08 00:00:00,2023-05-08,15.4825,0.0239707335204142,2023-05-19,2023-06-16,11,39,0.0236927858994224,0.0240078682228138,4061.872351468171,4050.200642472876,4050.0,4050.0,23,27,0.02996,0.03001625,OK,正常双期限插值,HIST_CLEAN_SURFACE,3340.99,3395.004,0.018143933293807146,0.007381322015068692,3337.825,3316.1800000000003,3334.503,3311.6444,False,False,False,False,False,False,False,False,False,,,,2023-05-09,3402.394
2023-05-09 00:00:00,2023-05-09,16.2557,0.0264248152539267,2023-05-19,2023-06-16,10,38,0.0259493346457772,0.0264748658442582,4027.24353128641,4020.4173058905712,4000.0,4000.0,23,28,0.02996,0.03001,OK,正常双期限插值,HIST_CLEAN_SURFACE,3402.394,3357.671,-0.01099645243422398,-0.0027798971853838506,3352.1824,3315.244,3395.004,3337.825,False,False,False,False,False,False,False,False,False,,,,2023-05-10,3347.702
2023-05-10 00:00:00,2023-05-10,16.2895,0.0265349002429305,2023-05-19,2023-06-16,9,37,0.0268047624298908,0.0265130195250689,4001.045350852016,3991.8928698946775,4000.0,3950.0,23,28,0.02996,0.03000375,OK,正常双期限插值,HIST_CLEAN_SURFACE,3347.702,3319.151,-0.011472237750512204,0.005420055021449377,3351.3576000000003,3317.0333,3357.671,3352.1824,False,False,False,False,False,False,False,False,False,,,,2023-05-11,3323.658
2023-05-11 00:00:00,2023-05-11,15.8714,0.0251900721157676,2023-05-19,2023-06-16,8,36,0.0252197722606179,0.0251882721069888,3992.3047768142624,3983.464084813853,3950.0,3950.0,22,28,0.02996,0.0299975,OK,正常双期限插值,HIST_CLEAN_SURFACE,3323.658,3309.551,-0.002892305893886671,0.010422502444729753,3343.1760000000004,3320.4471,3319.151,3351.3576000000003,False,False,False,False,False,False,False,False,False,,,,2023-05-12,3304.458
2023-05-12 00:00:00,2023-05-12,16.4816,0.0271641826591168,2023-05-19,2023-06-16,7,35,0.0283230353194013,0.0271137977608435,3939.488777649915,3933.115525657653,3900.0,3900.0,23,28,0.02996,0.02999125,OK,正常双期限插值,HIST_CLEAN_SURFACE,3304.458,3272.362,-0.011236871708579121,0.0022941175029220773,3330.7477999999996,3321.1960999999997,3309.551,3343.1760000000004,False,False,False,False,False,False,False,False,False,,,,2023-05-15,3269.878
2023-05-15 00:00:00,2023-05-15,16.046,0.0257473337822323,2023-06-16,2023-07-21,32,67,0.0254147356702705,0.0228085564347489,3993.714719514511,3970.564115625729,3950.0,3950.0,28,21,0.0299725,0.03019125,WARN,期限未夹住30日,HIST_CLEAN_SURFACE,3269.878,3310.737,0.011727003308313666,0.014287548087513313,3313.8944,3325.8597,3272.362,3330.7477999999996,False,False,False,False,False,False,False,False,False,,,,2023-05-16,3310.161
2023-05-16 00:00:00,2023-05-16,16.3122,0.0266086965619859,2023-06-16,2023-07-21,31,66,0.0263799009091596,0.0227399700687426,3976.344069342552,3955.14440613227,3950.0,3950.0,28,21,0.02996625,0.030185,WARN,期限未夹住30日,HIST_CLEAN_SURFACE,3310.161,3290.987,-0.005965439115218185,0.001553006740347529,3300.5576,3326.37,3310.737,3313.8944,False,False,False,False,False,False,False,False,False,,,,2023-05-17,3281.966
2023-05-17 00:00:00,2023-05-17,16.7457,0.0280418792160853,2023-06-16,2023-07-21,30,65,0.0280418792160853,0.0248697454496167,3956.893261796246,3938.313584939084,3950.0,3900.0,28,21,0.02996,0.03017875,WARN,期限未夹住30日,HIST_CLEAN_SURFACE,3281.966,3284.232,-0.002052575716646743,-0.011748350648080663,3293.5737999999997,3322.4656999999997,3290.987,3300.5576,False,False,False,False,False,False,False,False,False,,,,2023-05-18,3288.411
2023-05-18 00:00:00,2023-05-18,16.2744,0.0264855116560573,2023-06-16,2023-07-21,29,64,0.0266595143734863,0.0238047822906662,3949.098323946635,3936.383454039087,3900.0,3900.0,28,21,0.02996,0.0301725,OK,正常双期限插值,HIST_CLEAN_SURFACE,3288.411,3297.32,0.003985102148691189,-0.015860214973530407,3291.1276,3317.1517999999996,3284.232,3293.5737999999997,False,False,False,False,False,False,False,False,False,,,,2023-05-19,3288.891
2023-05-19 00:00:00,2023-05-19,15.5421,0.0241555683777407,2023-06-16,2023-07-21,28,63,0.0244542153277927,0.0219654907440263,3943.154719317477,3929.408005287386,3900.0,3900.0,28,21,0.02996,0.03016625,OK,正常双期限插值,HIST_CLEAN_SURFACE,3288.891,3283.542,-0.004178545000181999,-0.015282937217330539,3293.3635999999997,3312.0557,3297.32,3291.1276,False,False,False,False,False,False,False,False,False,,,,2023-05-22,3278.596
2023-05-22 00:00:00,2023-05-22,14.8835,0.0221517631843789,2023-06-16,2023-07-21,25,60,0.0229377400166333,0.020186821103743,3961.168948235886,3939.3919653542753,3950.0,3900.0,28,21,0.02996,0.0301475,OK,正常双期限插值,HIST_CLEAN_SURFACE,3278.596,3296.47,0.003937211706139143,-0.029023235318721308,3290.5101999999997,3302.2023,3283.542,3293.3635999999997,False,False,False,False,False,False,False,False,False,,,,2023-05-23,3294.788
2023-05-23 00:00:00,2023-05-23,15.8412,0.0250943738055478,2023-06-16,2023-07-21,24,59,0.0267846941845134,0.0217710320435138,3903.3552946211457,3883.988493291649,3900.0,3850.0,28,21,0.02996,0.03014125,OK,正常双期限插值,HIST_CLEAN_SURFACE,3294.788,3246.238,-0.01523811835084199,-0.033187587467622626,3281.5604,3291.0589999999997,3296.47,3290.5101999999997,False,False,False,False,False,False,False,False,False,,,,2023-05-24,3237.705
2023-05-24 00:00:00,2023-05-24,16.6513,0.0277265325133138,2023-06-16,2023-07-21,23,58,0.0298648388949274,0.0243347361838577,3851.0183208313065,3827.893014890191,3850.0,3800.0,28,21,0.02996,0.030135,OK,正常双期限插值,HIST_CLEAN_SURFACE,3237.705,3204.749,-0.012780640236482954,-0.03446724779921129,3265.6638,3279.6188,3246.238,3281.5604,False,False,False,False,False,False,False,False,False,,,,2023-05-25,3197.364
2023-05-25 00:00:00,2023-05-25,16.7269,0.0279789753025211,2023-06-16,2023-07-21,22,57,0.0301887685885515,0.025100428785192,3838.550246136556,3815.816680023288,3800.0,3800.0,29,22,0.02996,0.03012875,OK,正常双期限插值,HIST_CLEAN_SURFACE,3197.364,3201.261,-0.0010883847689787673,-0.03272045059888784,3246.4519999999998,3268.7898,3204.749,3265.6638,False,False,False,False,False,False,False,False,False,,,,2023-05-26,3198.883
2023-05-26 00:00:00,2023-05-26,15.6088,0.0243635004040073,2023-06-16,2023-07-21,21,56,0.0262190063732786,0.0223533689372967,3841.3573393797305,3817.4429111616814,3800.0,3800.0,29,22,0.02996,0.0301225,OK,正常双期限插值,HIST_CLEAN_SURFACE,3198.883,3212.504,0.003512053531405268,-0.018291986033330154,3232.2444,3262.804,3201.261,3246.4519999999998,False,False,False,False,False,False,False,False,False,,,,2023-05-29,3219.755
2023-05-29 00:00:00,2023-05-29,15.9812,0.0255399531110598,2023-06-16,2023-07-21,18,53,0.0292824198855017,0.0231038190786401,3829.4871018334497,3804.101362845162,3800.0,3800.0,29,22,0.02996,0.03010375,OK,正常双期限插值,HIST_CLEAN_SURFACE,3219.755,3221.448,0.0027841210470087585,-0.026969523704238774,3217.2400000000002,3253.8750999999997,3212.504,3232.2444,False,False,False,False,False,False,False,False,False,,,,2023-05-30,3214.673
2023-05-30 00:00:00,2023-05-30,15.7536,0.0248174450614189,2023-06-16,2023-07-21,17,52,0.0278955638321551,0.0231144621912186,3827.965429469359,3803.007760602985,3800.0,3800.0,29,22,0.02996,0.0300975,OK,正常双期限插值,HIST_CLEAN_SURFACE,3214.673,3224.213,0.0008583096793741696,-0.02028996164372565,3212.835,3247.1976999999997,3221.448,3217.2400000000002,False,False,False,False,False,False,False,False,False,,,,2023-05-31,3214.655
2023-05-31 00:00:00,2023-05-31,16.6771,0.027812593093522,2023-06-16,2023-07-21,16,51,0.0319146427165803,0.0258822168003181,3794.1585054045377,3774.625666075223,3750.0,3750.0,29,22,0.02996,0.03009125,OK,正常双期限插值,HIST_CLEAN_SURFACE,3214.655,3204.564,-0.006094200352148027,-0.024257726007176128,3212.798,3239.2309,3224.213,3212.835,False,False,False,False,False,False,False,False,False,,,,2023-06-01,3196.155
2023-06-01 00:00:00,2023-06-01,16.4228,0.0269707879344065,2023-06-16,2023-07-21,15,50,0.0314369151505777,0.0251843370479381,3800.0676165719465,3778.907614632069,3800.0,3750.0,29,23,0.02996,0.030085,OK,正常双期限插值,HIST_CLEAN_SURFACE,3196.155,3204.635,2.2155900147424745e-05,-0.028109191707204606,3213.4728,3229.9624,3204.564,3212.798,False,False,False,False,False,False,False,False,False,,,,2023-06-02,3212.449
2023-06-02 00:00:00,2023-06-02,15.573,0.0242518746447124,2023-06-16,2023-07-21,14,49,0.0271266480562815,0.0232765050943586,3852.654919946997,3826.216011375584,3850.0,3800.0,29,23,0.02996,0.03007875,OK,正常双期限插值,HIST_CLEAN_SURFACE,3212.449,3230.069,0.007936629288514796,-0.016285157917882542,3216.9858,3224.6151,3204.635,3213.4728,False,False,False,False,False,False,False,False,False,,,,2023-06-05,3231.811
2023-06-05 00:00:00,2023-06-05,15.8248,0.025042293307465,2023-06-16,2023-07-21,11,46,0.0306694892334567,0.0239091279951372,3837.1998348174975,3813.924683791251,3800.0,3800.0,29,23,0.02996,0.03006,OK,正常双期限插值,HIST_CLEAN_SURFACE,3231.811,3232.441,0.0007343496377321124,-0.019423504536671077,3219.1843999999996,3218.2122,3230.069,3216.9858,False,False,False,False,False,False,False,False,False,,,,2023-06-06,3228.407
2023-06-06 00:00:00,2023-06-06,16.2868,0.0265258425042865,2023-06-16,2023-07-21,10,45,0.032604821787159,0.0255126792904744,3795.370079063837,3778.0674722297695,3750.0,3750.0,29,23,0.02996,0.03005375,OK,正常双期限插值,HIST_CLEAN_SURFACE,3228.407,3195.34,-0.011477703692039487,-0.0156790722060427,3213.4098,3213.1224,3232.441,3219.1843999999996,False,False,False,False,False,False,False,False,False,,,,2023-06-07,3197.468
2023-06-07 00:00:00,2023-06-07,16.6492,0.0277196027354366,2023-06-16,2023-07-21,9,44,0.0347545009362278,0.0267602984353287,3782.901748812596,3761.4825206279743,3750.0,3750.0,29,23,0.02996,0.0300475,OK,正常双期限插值,HIST_CLEAN_SURFACE,3197.468,3197.759,0.0007570399394116745,-0.002181138054805465,3212.0487999999996,3212.4234,3195.34,3213.4098,False,False,False,False,False,False,False,False,False,,,,2023-06-08,3194.835
2023-06-08 00:00:00,2023-06-08,16.0842,0.0258702350408681,2023-06-16,2023-07-21,8,43,0.0320578204801646,0.025189993089825,3812.240857511858,3788.777059273385,3800.0,3750.0,23,23,0.02996,0.03004125,OK,正常双期限插值,HIST_CLEAN_SURFACE,3194.835,3213.586,0.004949403629229021,0.0038500453415075686,3213.839,3213.6558999999997,3197.759,3212.0487999999996,False,False,False,False,False,False,False,False,False,,,,2023-06-09,3213.033
2023-06-09 00:00:00,2023-06-09,15.5455,0.0241663307431822,2023-06-16,2023-07-21,7,42,0.0291032598553248,0.0237370325595176,3833.660275079361,3810.9023350812095,3800.0,3800.0,26,22,0.02996,0.030035,OK,正常双期限插值,HIST_CLEAN_SURFACE,3213.033,3231.406,0.0055452071299788575,0.0058838837243471165,3214.1063999999997,3215.5461000000005,3213.586,3213.839,False,False,False,False,False,False,False,False,False,,,,2023-06-12,3225.305
2023-06-12 00:00:00,2023-06-12,15.6025,0.0243438956290941,2023-07-21,2023-08-18,39,67,0.0237022029296471,0.0228083026518105,3809.9303320063136,3821.7076819350714,3800.0,3800.0,23,21,0.03001625,0.03019125,WARN,期限未夹住30日,HIST_CLEAN_SURFACE,3225.305,3228.834,-0.0007959383624341898,0.00229275779090643,3213.385,3216.2847,3231.406,3214.1063999999997,False,False,False,False,False,False,False,False,False,,,,2023-06-13,3223.896
2023-06-13 00:00:00,2023-06-13,14.6894,0.0215778472411608,2023-07-21,2023-08-18,38,66,0.022079896100597,0.0228786101951545,3836.837475054655,3837.330107776677,3800.0,3800.0,23,21,0.03001,0.030185,WARN,期限未夹住30日,HIST_CLEAN_SURFACE,3223.896,3233.673,0.001498683425657621,0.0029340493323486427,3221.0516,3217.2306999999996,3228.834,3213.385,False,False,False,False,False,False,False,False,False,,,,2023-06-14,3238.119
2023-06-14 00:00:00,2023-06-14,14.791,0.0218772713569445,2023-07-21,2023-08-18,37,65,0.0219313423057236,0.0220311655957772,3834.822322780513,3841.642267745618,3800.0,3800.0,23,21,0.03000375,0.03017875,WARN,期限未夹住30日,HIST_CLEAN_SURFACE,3238.119,3228.989,-0.0014485076258482499,0.007621941705642454,3227.2976000000003,3219.6732,3233.673,3221.0516,False,False,False,False,False,False,False,False,False,,,,2023-06-15,3230.451
2023-06-15 00:00:00,2023-06-15,14.0413,0.0197158502934126,2023-07-21,2023-08-18,36,64,0.0202762847689138,0.0215022351840728,3896.779088369293,3895.1295001526814,3850.0,3850.0,23,21,0.0299975,0.0301725,WARN,期限未夹住30日,HIST_CLEAN_SURFACE,3230.451,3252.975,0.007428331282639755,0.01508440118765475,3235.1753999999996,3224.5072,3228.989,3227.2976000000003,False,False,False,False,False,False,False,False,False,,,,2023-06-16,3256.299
2023-06-16 00:00:00,2023-06-16,14.209,0.0201896671457151,2023-07-21,2023-08-18,35,63,0.0204285693046325,0.0210656417284124,3936.557179517276,3948.720649247168,3900.0,3900.0,23,21,0.02999125,0.03016625,WARN,期限未夹住30日,HIST_CLEAN_SURFACE,3256.299,3273.334,0.006258578685664595,0.01339445070678047,3243.561,3228.8336999999997,3252.975,3235.1753999999996,False,False,False,False,False,False,False,False,False,,,,2023-06-19,3271.164
2023-06-19 00:00:00,2023-06-19,15.0718,0.0227157892446525,2023-07-21,2023-08-18,32,60,0.0226770006376582,0.022405480388698,3907.518313919655,3914.1662248588473,3900.0,3900.0,23,21,0.0299725,0.0301475,WARN,期限未夹住30日,HIST_CLEAN_SURFACE,3271.164,3255.806,-0.005354785060125211,0.007228283517007883,3248.9554,3231.1701999999996,3273.334,3243.561,False,False,False,False,False,False,False,False,False,,,,2023-06-20,3252.544
2023-06-20 00:00:00,2023-06-20,14.5943,0.0212993081004516,2023-07-21,2023-08-18,31,59,0.0213416841421588,0.0219450040579892,3897.466468019976,3905.470196795861,3850.0,3900.0,23,21,0.02996625,0.03014125,WARN,期限未夹住30日,HIST_CLEAN_SURFACE,3252.544,3240.365,-0.0047426044426480685,0.014090832274499698,3250.2938000000004,3235.6727,3255.806,3248.9554,False,False,False,False,False,False,False,False,False,,,,2023-06-21,3230.114
2023-06-21 00:00:00,2023-06-21,15.2021,0.0231102554572848,2023-07-21,2023-08-18,30,58,0.0231102554572848,0.0231103371879126,3841.382165668325,3847.0606246665175,3800.0,3800.0,23,21,0.02996,0.030135,WARN,期限未夹住30日,HIST_CLEAN_SURFACE,3230.114,3197.901,-0.013104696538815852,4.440609814548857e-05,3244.0761999999995,3235.6868999999997,3240.365,3250.2938000000004,False,False,False,False,False,False,False,False,False,,,,2023-06-26,3177.229
2023-06-26 00:00:00,2023-06-26,16.7669,0.0281127904510805,2023-07-21,2023-08-18,25,53,0.0287856377719308,0.0266528387171601,3798.579239229011,3798.960331043496,3750.0,3750.0,23,21,0.02996,0.03010375,OK,正常双期限插值,HIST_CLEAN_SURFACE,3177.229,3150.619,-0.014785323247967885,-0.019593998729145468,3223.605,3229.3902000000003,3197.901,3244.0761999999995,False,False,False,False,False,False,False,False,False,,,,2023-06-27,3153.313
2023-06-27 00:00:00,2023-06-27,15.7747,0.0248841875577461,2023-07-21,2023-08-18,24,52,0.0250694086855482,0.0245707364183888,3819.940842571794,3823.688680073784,3800.0,3800.0,23,21,0.02996,0.0300975,OK,正常双期限插值,HIST_CLEAN_SURFACE,3153.313,3189.443,0.012322657865009967,-0.01298598814262264,3206.8268,3225.1938999999998,3150.619,3223.605,False,False,False,False,False,False,False,False,False,,,,2023-06-28,3183.487
2023-06-28 00:00:00,2023-06-28,15.699,0.0246459012503102,2023-07-21,2023-08-18,23,51,0.0247119304546273,0.02455656762094,3824.4403975670816,3825.377847035991,3800.0,3800.0,23,21,0.02996,0.03009125,OK,正常双期限插值,HIST_CLEAN_SURFACE,3183.487,3189.376,-2.100680275518574e-05,-0.012220510562017006,3193.5408,3221.2481,3189.443,3206.8268,False,False,False,False,False,False,False,False,False,,,,2023-06-29,3185.424
2023-06-29 00:00:00,2023-06-29,15.5124,0.0240635846448975,2023-07-21,2023-08-18,22,50,0.0240435595824243,0.024085612213618,3809.727340925155,3813.585981281886,3800.0,3800.0,23,21,0.02996,0.030085,OK,正常双期限插值,HIST_CLEAN_SURFACE,3185.424,3182.381,-0.00219321898703706,-0.01586183884393999,3181.944,3216.1189,3189.376,3193.5408,False,False,False,False,False,False,False,False,False,,,,2023-06-30,3178.924
2023-06-30 00:00:00,2023-06-30,15.1178,0.0228548708919851,2023-07-21,2023-08-18,21,49,0.0223634034586679,0.0232995319030816,3832.197115010344,3837.322044411173,3800.0,3800.0,23,21,0.02996,0.03007875,OK,正常双期限插值,HIST_CLEAN_SURFACE,3178.924,3202.062,0.006184363217352162,-0.008339142685218182,3182.7762,3213.4262,3182.381,3181.944,False,False,False,False,False,False,False,False,False,,,,2023-07-03,3209.162
2023-07-03 00:00:00,2023-07-03,15.1722,0.0230195447053854,2023-07-21,2023-08-18,18,46,0.0227176984493446,0.0231770297085372,3875.214480368036,3878.943184197544,3850.0,3850.0,23,21,0.02996,0.03006,OK,正常双期限插值,HIST_CLEAN_SURFACE,3209.162,3243.975,0.013089378032030696,-0.002766698176284832,3201.4474,3212.5262,3202.062,3182.7762,False,False,False,False,False,False,False,False,False,,,,2023-07-04,3241.231
2023-07-04 00:00:00,2023-07-04,15.0197,0.0225592469950384,2023-07-21,2023-08-18,17,45,0.0226723434720806,0.0225099485306866,3880.5076406418766,3883.561251563781,3850.0,3850.0,23,20,0.02996,0.03005375,OK,正常双期限插值,HIST_CLEAN_SURFACE,3241.231,3245.349,0.00042355443553065975,-0.00854938726081711,3212.6286,3209.7277000000004,3243.975,3201.4474,False,False,False,False,False,False,False,False,False,,,,2023-07-05,3240.049
2023-07-05 00:00:00,2023-07-05,15.222,0.0231710454887182,2023-07-21,2023-08-18,16,44,0.0233962145278907,0.02308916583811,3852.9466078583305,3860.476317074498,3850.0,3850.0,23,21,0.02996,0.0300475,OK,正常双期限插值,HIST_CLEAN_SURFACE,3240.049,3222.947,-0.006902801516878498,-0.010092431797226187,3219.3428,3206.4418,3245.349,3212.6286,False,False,False,False,False,False,False,False,False,,,,2023-07-06,3215.863
2023-07-06 00:00:00,2023-07-06,15.6342,0.024442955937805,2023-07-21,2023-08-18,15,43,0.0247436764289598,0.0243520404404792,3824.01024956607,3828.810687150208,3800.0,3800.0,23,21,0.02996,0.03004125,OK,正常双期限插值,HIST_CLEAN_SURFACE,3215.863,3205.575,-0.005390097944521055,-0.01073644481408731,3223.9816,3202.9628000000002,3222.947,3219.3428,False,False,False,False,False,False,False,False,False,,,,2023-07-07,3197.472
2023-07-07 00:00:00,2023-07-07,15.9667,0.0254934080944427,2023-07-21,2023-08-18,14,42,0.0260702128637362,0.0253492069021193,3811.008341195288,3817.013058972692,3800.0,3800.0,23,20,0.02996,0.030035,OK,正常双期限插值,HIST_CLEAN_SURFACE,3197.472,3196.609,-0.002797002097907564,-0.00040401500859466033,3222.891,3202.8336000000004,3205.575,3223.9816,False,False,False,False,False,False,False,False,False,,,,2023-07-10,3208.735
2023-07-10 00:00:00,2023-07-10,15.9129,0.0253220408570483,2023-07-21,2023-08-18,11,39,0.0278031382376896,0.0249905582110517,3826.934058234935,3833.386699005657,3800.0,3800.0,23,21,0.02996,0.03001625,OK,正常双期限插值,HIST_CLEAN_SURFACE,3208.735,3203.696,0.002217036866254185,0.01684653079283782,3214.8352,3208.1413000000002,3196.609,3222.891,False,False,False,False,False,False,False,False,False,,,,2023-07-11,3211.122
2023-07-11 00:00:00,2023-07-11,15.2787,0.0233439344623636,2023-07-21,2023-08-18,10,38,0.0245947489982128,0.0232122697743795,3854.463911844509,3858.041822049412,3850.0,3850.0,23,21,0.02996,0.03001,OK,正常双期限插值,HIST_CLEAN_SURFACE,3211.122,3221.367,0.005515816731674894,0.01000927121130557,3210.0388,3211.3337,3203.696,3214.8352,False,False,False,False,False,False,False,False,False,,,,2023-07-12,3220.376
2023-07-12 00:00:00,2023-07-12,15.4259,0.0237959630112127,2023-07-21,2023-08-18,9,37,0.0266291950173227,0.0235662414972038,3832.004931887896,3837.604389596093,3800.0,3800.0,21,21,0.02996,0.03000375,OK,正常双期限插值,HIST_CLEAN_SURFACE,3220.376,3196.134,-0.007833010023384546,0.0021189097804710233,3204.6762,3212.0095,3221.367,3210.0388,False,False,False,False,False,False,False,False,False,,,,2023-07-13,3202.699
2023-07-13 00:00:00,2023-07-13,14.9982,0.022494580697836,2023-07-21,2023-08-18,8,36,0.0237720943063644,0.0224171556306525,3895.240780602565,3901.945165759517,3850.0,3900.0,22,21,0.02996,0.0299975,OK,正常双期限插值,HIST_CLEAN_SURFACE,3202.699,3236.48,0.012623375615665733,0.016999535882095795,3210.8572,3217.4193999999998,3196.134,3204.6762,False,False,False,False,False,False,False,False,False,,,,2023-07-14,3240.97
2023-07-14 00:00:00,2023-07-14,14.8032,0.0219135161325396,2023-07-21,2023-08-18,7,35,0.024447731112251,0.0218033328725521,3893.736405451425,3902.122940721512,3850.0,3900.0,19,21,0.02996,0.02999125,OK,正常双期限插值,HIST_CLEAN_SURFACE,3240.97,3237.701,0.00037726171643259754,0.011130015596200193,3219.0756,3220.9833,3236.48,3210.8572,False,False,False,False,False,False,False,False,False,,,,2023-07-17,3219.016
2023-07-17 00:00:00,2023-07-17,14.7946,0.0218880440185928,2023-08-18,2023-09-15,32,60,0.0224063595916127,0.0260345686027516,3867.7089007110894,3868.901896164852,3850.0,3850.0,21,25,0.0299725,0.0301475,WARN,期限未夹住30日,HIST_CLEAN_SURFACE,3219.016,3209.63,-0.008670040871593732,-0.010587319569355436,3220.2624,3217.5488,3237.701,3219.0756,False,False,False,False,False,False,False,False,False,,,,2023-07-18,3206.786
2023-07-18 00:00:00,2023-07-18,14.9306,0.0222921574943057,2023-08-18,2023-09-15,31,59,0.0225457659389552,0.0261564624390498,3862.116657547509,3867.083673144797,3850.0,3850.0,21,25,0.02996625,0.03014125,WARN,期限未夹住30日,HIST_CLEAN_SURFACE,3206.786,3197.82,-0.003679551848655427,-0.01464526619479134,3215.553,3212.7959,3209.63,3220.2624,False,False,False,False,False,False,False,False,False,,,,2023-07-19,3195.009
2023-07-19 00:00:00,2023-07-19,15.5632,0.0242212513109002,2023-08-18,2023-09-15,30,58,0.0242212513109002,0.0265039833663767,3860.5028592955714,3864.6310379270017,3850.0,3850.0,21,25,0.02996,0.030135,WARN,期限未夹住30日,HIST_CLEAN_SURFACE,3195.009,3198.836,0.00031771644432754265,-0.007481041419545642,3216.0934,3210.3848,3197.82,3215.553,False,False,False,False,False,False,False,False,False,,,,2023-07-20,3201.911
2023-07-20 00:00:00,2023-07-20,15.7884,0.0249274279057881,2023-08-18,2023-09-15,29,57,0.024750176709231,0.0273622996058621,3832.9441936887183,3838.274519696124,3800.0,3800.0,21,25,0.02996,0.03012875,OK,正常双期限插值,HIST_CLEAN_SURFACE,3201.911,3169.522,-0.00916395838986428,-0.011246968172636707,3202.7018,3206.7794999999996,3198.836,3216.0934,False,False,False,False,False,False,False,False,False,,,,2023-07-21,3163.421
2023-07-21 00:00:00,2023-07-21,15.2815,0.02335249609292,2023-08-18,2023-09-15,28,56,0.0229995145920447,0.0256468758486093,3837.252166913636,3844.142448011633,3800.0,3800.0,21,25,0.02996,0.0301225,OK,正常双期限插值,HIST_CLEAN_SURFACE,3163.421,3167.745,-0.0005606523633532312,-0.009029568520891984,3188.7106,3203.8931000000002,3169.522,3202.7018,False,False,False,False,False,False,False,False,False,,,,2023-07-24,3157.469
2023-07-24 00:00:00,2023-07-24,15.871,0.0251888906043707,2023-08-18,2023-09-15,25,53,0.0246123823990386,0.0264398046348084,3815.3275417626696,3824.251524189133,3800.0,3800.0,21,25,0.02996,0.03010375,OK,正常双期限插值,HIST_CLEAN_SURFACE,3157.469,3164.161,-0.0011314042007799507,-0.012340434298385272,3179.6168000000002,3199.9396,3167.745,3188.7106,False,False,False,False,False,False,False,False,False,,,,2023-07-25,3201.458
2023-07-25 00:00:00,2023-07-25,15.3983,0.0237108231847509,2023-08-18,2023-09-15,24,52,0.0227046145230085,0.0254136378430843,3925.6536839609016,3929.936741420426,3900.0,3900.0,21,25,0.02996,0.0300975,OK,正常双期限插值,HIST_CLEAN_SURFACE,3201.458,3231.521,0.02128842369272621,0.003152077984284407,3186.357,3200.955,3164.161,3179.6168000000002,False,False,False,False,False,False,False,False,False,,,,2023-07-26,3228.087
2023-07-26 00:00:00,2023-07-26,15.5312,0.0241216964858815,2023-08-18,2023-09-15,23,51,0.0229013354931103,0.02577277312316,3918.434769994204,3923.459287398223,3900.0,3900.0,21,25,0.02996,0.03009125,OK,正常双期限插值,HIST_CLEAN_SURFACE,3228.087,3223.028,-0.0026281741631882793,0.00841454081712456,3191.1953999999996,3203.6444,3231.521,3186.357,False,False,False,False,False,False,False,False,False,,,,2023-07-27,3225.476
2023-07-27 00:00:00,2023-07-27,15.1703,0.0230137706066444,2023-08-18,2023-09-15,22,50,0.021309701219842,0.0248882469321271,3908.9999829859353,3916.564416017354,3900.0,3900.0,21,25,0.02996,0.030085,OK,正常双期限插值,HIST_CLEAN_SURFACE,3225.476,3216.671,-0.0019723688407299322,-0.006120538362665684,3200.6252,3201.6634999999997,3223.028,3191.1953999999996,False,False,False,False,False,False,False,False,False,,,,2023-07-28,3206.741
2023-07-28 00:00:00,2023-07-28,16.6583,0.0277500187775961,2023-08-18,2023-09-15,21,49,0.0269956898293436,0.0284325068736342,4007.104203040377,4014.232159032382,4000.0,4000.0,21,25,0.02996,0.03007875,OK,正常双期限插值,HIST_CLEAN_SURFACE,3206.741,3275.926,0.01842121870716662,0.01180621681866234,3222.2614,3205.486,3216.671,3200.6252,False,False,False,False,False,False,False,False,False,,,,2023-07-31,3287.209
2023-07-31 00:00:00,2023-07-31,18.2738,0.0333930394649672,2023-08-18,2023-09-15,18,46,0.0339735759569024,0.0330901508604793,4027.366584284946,4047.1465673338175,4000.0,4000.0,21,25,0.02996,0.03006,OK,正常双期限插值,HIST_CLEAN_SURFACE,3287.209,3291.04,0.0046136573292558936,0.02536429432676046,3247.6372,3213.627,3275.926,3222.2614,False,False,False,False,False,False,False,False,False,,,,2023-08-01,3288.76
2023-08-01 00:00:00,2023-08-01,17.7988,0.0316797558253018,2023-08-18,2023-09-15,17,45,0.0321249130955817,0.0314857129126157,4010.414522261311,4023.100514921374,4000.0,4000.0,22,26,0.02996,0.03005375,OK,正常双期限插值,HIST_CLEAN_SURFACE,3288.76,3290.949,-2.7650833778980477e-05,0.029122652306883934,3259.5228,3222.9399000000003,3291.04,3247.6372,False,False,False,False,False,False,False,False,False,,,,2023-08-02,3281.858
2023-08-02 00:00:00,2023-08-02,18.1127,0.0328069762766731,2023-08-18,2023-09-15,16,44,0.0326604364321633,0.0328602634928585,3980.692801198418,3994.904699822108,3950.0,3950.0,22,26,0.02996,0.0300475,OK,正常双期限插值,HIST_CLEAN_SURFACE,3281.858,3261.69,-0.008890748534845172,0.019649022331873267,3267.2552,3229.2253,3290.949,3259.5228,False,False,False,False,False,False,False,False,False,,,,2023-08-03,3254.565
2023-08-03 00:00:00,2023-08-03,18.2019,0.0331309876898392,2023-08-18,2023-09-15,15,43,0.0334494791903154,0.0330346995617882,4010.35121315026,4019.445340032708,4000.0,4000.0,21,25,0.02996,0.03004125,OK,正常双期限插值,HIST_CLEAN_SURFACE,3254.565,3280.463,0.005755605223059179,0.03500243885355592,3280.0135999999998,3240.3194,3261.69,3267.2552,False,False,False,False,False,False,False,False,False,,,,2023-08-04,3296.094
2023-08-04 00:00:00,2023-08-04,18.2279,0.0332254819562016,2023-08-18,2023-09-15,14,42,0.0332070584571852,0.0332300878309557,4027.659493069946,4044.608894214586,4000.0,4000.0,22,26,0.02996,0.030035,OK,正常双期限插值,HIST_CLEAN_SURFACE,3296.094,3288.084,0.0023231476776295334,0.03798885326943924,3282.4452000000006,3252.3533,3280.463,3280.0135999999998,False,False,False,False,False,False,False,False,False,,,,2023-08-07,3276.776
2023-08-07 00:00:00,2023-08-07,19.032,0.0362218603108807,2023-08-18,2023-09-15,11,39,0.0383213505184624,0.0359413616191795,4005.6031764005993,4018.2179195756776,4000.0,4000.0,22,26,0.02996,0.03001625,OK,正常双期限插值,HIST_CLEAN_SURFACE,3276.776,3268.831,-0.005855385689659931,0.03307985908428801,3278.0034,3262.8203000000003,3288.084,3282.4452000000006,False,False,False,False,False,False,False,False,False,,,,2023-08-08,3260.722
2023-08-08 00:00:00,2023-08-08,18.7998,0.0353431431640012,2023-08-18,2023-09-15,10,38,0.0383395165088061,0.0350277354434955,3993.153358175372,4009.42941461695,3950.0,4000.0,22,26,0.02996,0.03001,OK,正常双期限插值,HIST_CLEAN_SURFACE,3260.722,3260.62,-0.002511907161918181,0.009004738016556102,3271.9375999999997,3265.7302,3268.831,3278.0034,False,False,False,False,False,False,False,False,False,,,,2023-08-09,3251.152
2023-08-09 00:00:00,2023-08-09,19.1638,0.0367253127124473,2023-08-18,2023-09-15,9,37,0.04137410046109,0.0363483839760708,3983.8249786279566,4000.650131584389,3950.0,4000.0,22,26,0.02996,0.03000375,OK,正常双期限插值,HIST_CLEAN_SURFACE,3251.152,3244.487,-0.004947832007409558,0.006658024689826014,3268.4970000000003,3267.8761,3260.62,3271.9375999999997,False,False,False,False,False,False,False,False,False,,,,2023-08-10,3242.206
2023-08-10 00:00:00,2023-08-10,19.2191,0.0369373416441798,2023-08-18,2023-09-15,8,36,0.0397808037800259,0.0367650106056437,3983.956646370053,4001.404148254154,3950.0,4000.0,22,26,0.02996,0.0299975,OK,正常双期限插值,HIST_CLEAN_SURFACE,3242.206,3254.56,0.0031046510588577103,0.011778947862557398,3263.3164,3271.665,3244.487,3268.4970000000003,False,False,False,False,False,False,False,False,False,,,,2023-08-11,3254.475
2023-08-11 00:00:00,2023-08-11,19.2538,0.0370710140539707,2023-08-18,2023-09-15,7,35,0.0404604110370092,0.0369236489677517,3885.562986715502,3901.460607391211,3850.0,3900.0,22,26,0.02996,0.02999125,OK,正常双期限插值,HIST_CLEAN_SURFACE,3254.475,3189.248,-0.020067843272208785,-0.026459083630094193,3243.5492,3262.9972000000002,3254.56,3263.3164,False,False,False,False,False,False,False,False,False,,,,2023-08-14,3159.714
2023-08-14 00:00:00,2023-08-14,18.9992,0.0360969470033174,2023-09-15,2023-10-20,32,67,0.035110262936872,0.0273787833117407,3871.188095101096,3877.139555670341,3850.0,3850.0,26,22,0.0299725,0.03019125,WARN,期限未夹住30日,HIST_CLEAN_SURFACE,3159.714,3178.427,-0.0033929628551934155,-0.03421805872915551,3225.4684,3251.7359,3189.248,3243.5492,False,False,False,False,False,False,False,False,False,,,,2023-08-15,3180.558
2023-08-15 00:00:00,2023-08-15,18.4453,0.034022813334256,2023-09-15,2023-10-20,31,66,0.0336216032868436,0.027238716168919,3864.872794772224,3880.69182945522,3850.0,3850.0,26,22,0.02996625,0.030185,WARN,期限未夹住30日,HIST_CLEAN_SURFACE,3180.558,3176.176,-0.0007082119551590216,-0.03487535054478208,3208.5796,3240.2586,3178.427,3225.4684,False,False,False,False,False,False,False,False,False,,,,2023-08-16,3164.702
2023-08-16 00:00:00,2023-08-16,19.1657,0.0367324774305449,2023-09-15,2023-10-20,30,65,0.0367324774305449,0.0285735176771725,3836.769179803957,3866.0439992598585,3800.0,3850.0,26,22,0.02996,0.03017875,WARN,期限未夹住30日,HIST_CLEAN_SURFACE,3164.702,3150.128,-0.008201056868385015,-0.034203741005429666,3189.7078,3229.1024,3176.176,3208.5796,False,False,False,False,False,False,False,False,False,,,,2023-08-17,3137.351
2023-08-17 00:00:00,2023-08-17,19.2907,0.0372131024791702,2023-09-15,2023-10-20,29,64,0.037713919751254,0.0294973863811285,3851.245679178032,3870.773439620533,3850.0,3850.0,26,22,0.02996,0.0301725,OK,正常双期限插值,HIST_CLEAN_SURFACE,3137.351,3163.739,0.004320776806529647,-0.03558156272453006,3171.5436,3217.4300000000003,3150.128,3189.7078,False,False,False,False,False,False,False,False,False,,,,2023-08-18,3165.1
2023-08-18 00:00:00,2023-08-18,19.6814,0.0387357945000089,2023-09-15,2023-10-20,28,63,0.0398728092608596,0.0303976862537708,3796.0762091864954,3829.5377148815896,3750.0,3800.0,26,22,0.02996,0.03016625,OK,正常双期限插值,HIST_CLEAN_SURFACE,3165.1,3131.953,-0.01004697290136769,-0.04748388423166805,3160.0846,3201.8169,3163.739,3171.5436,False,False,False,False,False,False,False,False,False,,,,2023-08-21,3125.99
2023-08-21 00:00:00,2023-08-21,21.1384,0.044683051493376,2023-09-15,2023-10-20,25,60,0.0490824879757288,0.033684460287494,3740.2249647127433,3759.8582092956017,3700.0,3750.0,26,22,0.02996,0.0301475,OK,正常双期限插值,HIST_CLEAN_SURFACE,3125.99,3092.978,-0.012444311903786476,-0.05379690782423441,3142.9948,3184.2316,3131.953,3160.0846,False,False,False,False,False,False,False,False,False,,,,2023-08-22,3103.781
2023-08-22 00:00:00,2023-08-22,19.8196,0.0392814984469982,2023-09-15,2023-10-20,24,59,0.0431389344212372,0.0316973870400197,3765.541844970156,3782.113064168653,3750.0,3750.0,27,23,0.02996,0.03014125,OK,正常双期限插值,HIST_CLEAN_SURFACE,3103.781,3120.334,0.00884455046236976,-0.04302433279560336,3131.8264,3170.2030000000004,3092.978,3142.9948,False,False,False,False,False,False,False,False,False,,,,2023-08-23,3116.266
2023-08-23 00:00:00,2023-08-23,20.7338,0.0429889544628183,2023-09-15,2023-10-20,23,58,0.0481559600963901,0.034793014492325,3703.553760941323,3715.984300036142,3700.0,3700.0,27,23,0.02996,0.030135,OK,正常双期限插值,HIST_CLEAN_SURFACE,3116.266,3078.402,-0.013438305001964412,-0.05118991076247181,3117.4811999999997,3153.5945,3120.334,3131.8264,False,False,False,False,False,False,False,False,False,,,,2023-08-24,3085.911
2023-08-24 00:00:00,2023-08-24,19.8122,0.0392522584273429,2023-09-15,2023-10-20,22,57,0.0422900631926118,0.0352951180094268,3731.2773757380833,3745.619986326013,3700.0,3700.0,27,24,0.02996,0.03012875,OK,正常双期限插值,HIST_CLEAN_SURFACE,3085.911,3082.244,0.0012480501247076337,-0.05294602035298157,3101.1822,3136.3629,3078.402,3117.4811999999997,False,False,False,False,False,False,False,False,False,,,,2023-08-25,3068.615
2023-08-25 00:00:00,2023-08-25,20.519,0.0421030805326386,2023-09-15,2023-10-20,21,56,0.0462952716226145,0.0375615401851647,3724.559532462204,3739.582509862258,3700.0,3700.0,27,24,0.02996,0.0301225,OK,正常双期限插值,HIST_CLEAN_SURFACE,3068.615,3064.075,-0.005894731241264606,-0.039248437249157275,3087.6066,3123.8455999999996,3082.244,3101.1822,False,False,False,False,False,False,False,False,False,,,,2023-08-29,3091.938
2023-08-29 00:00:00,2023-08-29,20.3137,0.0412645587267161,2023-09-15,2023-10-20,17,52,0.0469982483950019,0.0380923694723686,3799.6945925735854,3813.070529733836,3750.0,3800.0,27,24,0.02996,0.0300975,OK,正常双期限插值,HIST_CLEAN_SURFACE,3091.938,3135.887,0.023436763134061733,-0.013383978930458396,3096.1884,3119.5916,3064.075,3087.6066,False,False,False,False,False,False,False,False,False,,,,2023-08-30,3144.407
2023-08-30 00:00:00,2023-08-30,18.7873,0.035296384815708,2023-09-15,2023-10-20,16,51,0.0409008853306735,0.0326589728086654,3796.829390915371,3811.013816942787,3750.0,3800.0,27,24,0.02996,0.03009125,OK,正常双期限插值,HIST_CLEAN_SURFACE,3144.407,3137.138,0.0003989301910432008,-0.012290880606112498,3099.5492000000004,3115.6878,3135.887,3096.1884,False,False,False,False,False,False,False,False,False,,,,2023-08-31,3134.553
2023-08-31 00:00:00,2023-08-31,18.0503,0.0325815122907983,2023-09-15,2023-10-20,15,50,0.0369599261981384,0.0308301467278622,3775.6315389735696,3789.757876684281,3750.0,3750.0,27,24,0.02996,0.030085,OK,正常双期限插值,HIST_CLEAN_SURFACE,3134.553,3119.876,-0.005502467535696498,-0.009603419289628823,3107.844,3112.6626,3137.138,3099.5492000000004,False,False,False,False,False,False,False,False,False,,,,2023-09-01,3126.023
2023-09-01 00:00:00,2023-09-01,17.5684,0.0308649366154038,2023-09-15,2023-10-20,14,49,0.0345698526577439,0.0296079115296098,3797.6023859060806,3810.0404613276023,3750.0,3800.0,27,24,0.02996,0.03007875,OK,正常双期限插值,HIST_CLEAN_SURFACE,3126.023,3133.247,0.004285747254057393,-0.009637963182171583,3118.0446,3109.6134,3119.876,3107.844,False,False,False,False,False,False,False,False,False,,,,2023-09-04,3145.944
2023-09-04 00:00:00,2023-09-04,17.2228,0.0296624320642143,2023-09-15,2023-10-20,11,46,0.0350234528919255,0.0285828672293434,3854.9593509667407,3865.892912040791,3850.0,3850.0,27,24,0.02996,0.03006,OK,正常双期限插值,HIST_CLEAN_SURFACE,3145.944,3177.06,0.013983257623800593,0.014402195690676134,3140.6416,3114.1241,3133.247,3118.0446,False,False,False,False,False,False,False,False,False,,,,2023-09-05,3169.738
2023-09-05 00:00:00,2023-09-05,16.8968,0.0285500280115361,2023-09-15,2023-10-20,10,45,0.0341678209136326,0.0276137291945201,3828.382262968098,3839.826208034864,3800.0,3800.0,27,24,0.02996,0.03005375,OK,正常双期限插值,HIST_CLEAN_SURFACE,3169.738,3154.369,-0.007142137699634232,0.01984850846013142,3144.338,3120.2632000000003,3177.06,3140.6416,False,False,False,False,False,False,False,False,False,,,,2023-09-06,3147.136
2023-09-06 00:00:00,2023-09-06,16.7688,0.0281191214246952,2023-09-15,2023-10-20,9,44,0.0350218651167843,0.0271778381939558,3817.838575363581,3832.9383115500727,3800.0,3800.0,27,24,0.02996,0.0300475,OK,正常双期限插值,HIST_CLEAN_SURFACE,3147.136,3158.077,0.0011755124400474326,0.012095820511522248,3148.5258000000003,3124.0375,3154.369,3144.338,False,False,False,False,False,False,False,False,False,,,,2023-09-07,3152.203
2023-09-07 00:00:00,2023-09-07,17.2805,0.0298616652511164,2023-09-15,2023-10-20,8,43,0.038660479884847,0.0288943537057592,3762.970732237709,3780.108280288368,3750.0,3750.0,27,24,0.02996,0.03004125,OK,正常双期限插值,HIST_CLEAN_SURFACE,3152.203,3122.352,-0.011312263760510088,0.014276887813872152,3149.0209999999997,3128.4325,3158.077,3148.5258000000003,False,False,False,False,False,False,False,False,False,,,,2023-09-08,3114.23
2023-09-08 00:00:00,2023-09-08,17.8258,0.0317760541719543,2023-09-15,2023-10-20,7,42,0.0385327162273008,0.0311885183410546,3742.2419883869698,3755.3914236314345,3700.0,3750.0,27,24,0.02996,0.030035,OK,正常双期限插值,HIST_CLEAN_SURFACE,3114.23,3116.719,-0.0018040887126115068,0.011185032722912158,3145.7154,3131.88,3122.352,3149.0209999999997,False,False,False,False,False,False,False,False,False,,,,2023-09-11,3119.61
2023-09-11 00:00:00,2023-09-11,17.1785,0.0295099452584359,2023-10-20,2023-11-17,39,67,0.0291027890549777,0.0285356062839912,3781.861607731146,3798.1942869216,3750.0,3750.0,24,20,0.03001625,0.03019125,WARN,期限未夹住30日,HIST_CLEAN_SURFACE,3119.61,3142.779,0.008361356926947838,0.0256860553348075,3138.8592,3139.7504,3116.719,3145.7154,False,False,False,False,False,False,False,False,False,,,,2023-09-12,3140.341
2023-09-12 00:00:00,2023-09-12,16.7992,0.0282211841379942,2023-10-20,2023-11-17,38,66,0.0278215965445248,0.0271858890094598,3775.969063964794,3791.250021798184,3750.0,3750.0,24,20,0.03001,0.030185,WARN,期限未夹住30日,HIST_CLEAN_SURFACE,3140.341,3137.059,-0.0018200452529433253,0.00037373795675677,3135.3972000000003,3139.8676,3142.779,3138.8592,False,False,False,False,False,False,False,False,False,,,,2023-09-13,3137.772
2023-09-13 00:00:00,2023-09-13,16.6802,0.0278230524954356,2023-10-20,2023-11-17,37,65,0.0277884319301755,0.0277245170404644,3746.9129456099695,3760.174616045124,3700.0,3750.0,24,20,0.03000375,0.03017875,WARN,期限未夹住30日,HIST_CLEAN_SURFACE,3137.772,3123.067,-0.004460228513394338,-0.004485298383431036,3128.3952,3138.4605,3137.059,3135.3972000000003,False,False,False,False,False,False,False,False,False,,,,2023-09-14,3124.848
2023-09-14 00:00:00,2023-09-14,16.1632,0.0261248223136768,2023-10-20,2023-11-17,36,64,0.026470083378181,0.0272253419567841,3744.298098745077,3753.279873741165,3700.0,3750.0,24,20,0.0299975,0.0301725,WARN,期限未夹住30日,HIST_CLEAN_SURFACE,3124.848,3126.551,0.0011155700470082408,0.0021395081086554857,3129.2349999999997,3139.1279999999997,3123.067,3128.3952,False,False,False,False,False,False,False,False,False,,,,2023-09-15,3133.588
2023-09-15 00:00:00,2023-09-15,16.0571,0.0257829239737935,2023-10-20,2023-11-17,35,63,0.0265973828603722,0.028769273224582,3731.361610713532,3738.785009237936,3700.0,3700.0,24,20,0.02999125,0.03016625,WARN,期限未夹住30日,HIST_CLEAN_SURFACE,3133.588,3117.743,-0.0028171617862622345,-0.004948221445675971,3129.4397999999997,3137.5776,3126.551,3129.2349999999997,False,False,False,False,False,False,False,False,False,,,,2023-09-18,3110.44
2023-09-18 00:00:00,2023-09-18,16.0137,0.0256439798761663,2023-10-20,2023-11-17,32,60,0.0258621397150741,0.0273892585874281,3745.4632438367394,3752.415060320876,3700.0,3750.0,24,20,0.0299725,0.0301475,WARN,期限未夹住30日,HIST_CLEAN_SURFACE,3110.44,3125.932,0.002626579548089758,-0.016092865731210715,3126.0704,3132.4647999999997,3117.743,3129.4397999999997,False,False,False,False,False,False,False,False,False,,,,2023-09-19,3123.986
2023-09-19 00:00:00,2023-09-19,16.0214,0.0256684104132751,2023-10-20,2023-11-17,31,59,0.0257488763945995,0.0268944937558282,3738.161637341918,3745.175835174095,3700.0,3700.0,24,20,0.02996625,0.03014125,WARN,期限未夹住30日,HIST_CLEAN_SURFACE,3123.986,3124.957,-0.0003119069768632299,-0.009324210325424964,3123.65,3129.5236,3125.932,3126.0704,False,False,False,False,False,False,False,False,False,,,,2023-09-20,3118.667
2023-09-20 00:00:00,2023-09-20,16.2353,0.0263585710409627,2023-10-20,2023-11-17,30,58,0.0263585710409627,0.0270628772947482,3723.482319640858,3735.594263425655,3700.0,3700.0,24,20,0.02996,0.030135,WARN,期限未夹住30日,HIST_CLEAN_SURFACE,3118.667,3108.568,-0.005244552165037719,-0.015676945178980772,3120.7502,3124.5726999999997,3124.957,3123.65,False,False,False,False,False,False,False,False,False,,,,2023-09-21,3103.175
2023-09-21 00:00:00,2023-09-21,16.6747,0.0278045547267052,2023-10-20,2023-11-17,29,57,0.0277989265526421,0.0278818680651522,3687.042284744452,3699.066233366709,3650.0,3650.0,24,20,0.02996,0.03012875,OK,正常双期限插值,HIST_CLEAN_SURFACE,3103.175,3084.701,-0.007677811776998333,-0.012058537922694068,3112.3802000000005,3120.8076,3108.568,3120.7502,False,False,False,False,False,False,False,False,False,,,,2023-09-22,3084.757
2023-09-22 00:00:00,2023-09-22,16.7261,0.0279761259419929,2023-10-20,2023-11-17,28,56,0.0278221979999731,0.0289766575651214,3764.3115217354025,3766.7745895463927,3750.0,3750.0,24,20,0.02996,0.0301225,OK,正常双期限插值,HIST_CLEAN_SURFACE,3084.757,3132.432,0.01547346079895573,0.0050415196236810456,3115.318,3122.3788999999997,3084.701,3112.3802000000005,False,False,False,False,False,False,False,False,False,,,,2023-09-25,3131.208
2023-09-25 00:00:00,2023-09-25,16.8625,0.0284342530524243,2023-10-20,2023-11-17,25,53,0.0283498180613596,0.0286174610519044,3732.862371166109,3742.5669073504273,3700.0,3700.0,24,20,0.02996,0.03010375,OK,正常双期限插值,HIST_CLEAN_SURFACE,3131.208,3115.607,-0.0053712259356307746,-0.008645851330939869,3113.2529999999997,3119.6616999999997,3132.432,3115.318,False,False,False,False,False,False,False,False,False,,,,2023-09-26,3114.021
2023-09-26 00:00:00,2023-09-26,17.0052,0.0289178498175015,2023-10-20,2023-11-17,24,52,0.0286181650834649,0.0294250085981789,3713.4264236512654,3726.1434003345257,3700.0,3700.0,24,20,0.02996,0.0300975,OK,正常双期限插值,HIST_CLEAN_SURFACE,3114.021,3102.273,-0.004279743882973586,-0.011088729921879037,3108.7162000000003,3116.1830999999997,3115.607,3113.2529999999997,False,False,False,False,False,False,False,False,False,,,,2023-09-27,3104.04
2023-09-27 00:00:00,2023-09-27,16.9355,0.0286811624254713,2023-10-20,2023-11-17,23,51,0.0287422800646534,0.0285984738548132,3727.251399121866,3737.533670468755,3700.0,3700.0,24,20,0.02996,0.03009125,OK,正常双期限插值,HIST_CLEAN_SURFACE,3104.04,3107.316,0.00162558227467402,-0.005043439670042393,3108.4658,3114.608,3102.273,3108.7162000000003,False,False,False,False,False,False,False,False,False,,,,2023-09-28,3117.755
2023-09-28 00:00:00,2023-09-28,16.9922,0.0288735760873961,2023-10-20,2023-11-17,22,50,0.0283712092059722,0.0294261796569624,3702.9051986969184,3716.688881816145,3700.0,3700.0,24,20,0.02996,0.030085,OK,正常双期限插值,HIST_CLEAN_SURFACE,3117.755,3110.475,0.0010166330041747607,-0.005141768037687511,3113.6206,3113.0004,3107.316,3108.4658,False,False,False,False,False,False,False,False,False,,,,2023-10-09,3100.0
2023-10-09 00:00:00,2023-10-09,16.3768,0.0268201183450129,2023-10-20,2023-11-17,11,39,0.0299237487144807,0.0264054632754078,3694.507579037056,3707.583868513325,3650.0,3700.0,24,20,0.02996,0.03001625,OK,正常双期限插值,HIST_CLEAN_SURFACE,3100.0,3096.922,-0.004357212322876669,-0.006678228449233936,3106.5186000000003,3110.9183,3110.475,3113.6206,False,False,False,False,False,False,False,False,False,,,,2023-10-10,3104.365
2023-10-10 00:00:00,2023-10-10,16.2288,0.0263372413950426,2023-10-20,2023-11-17,10,38,0.0297852721206001,0.0259742907923524,3664.771095207273,3676.5239038998266,3650.0,3650.0,24,20,0.02996,0.03001,OK,正常双期限插值,HIST_CLEAN_SURFACE,3104.365,3075.236,-0.007002436612869256,-0.016217883178520798,3098.4444,3105.8487,3096.922,3106.5186000000003,False,False,False,False,False,False,False,False,False,,,,2023-10-11,3085.699
2023-10-11 00:00:00,2023-10-11,15.715,0.0246960012460051,2023-10-20,2023-11-17,9,37,0.0273303711288731,0.0244824036879347,3673.5804900657386,3685.54197962576,3650.0,3650.0,24,21,0.02996,0.03000375,OK,正常双期限插值,HIST_CLEAN_SURFACE,3085.699,3078.956,0.0012096632583646905,-0.01472052255439027,3093.781,3101.2486,3075.236,3098.4444,False,False,False,False,False,False,False,False,False,,,,2023-10-12,3101.705
2023-10-12 00:00:00,2023-10-12,15.1119,0.0228369946546378,2023-10-20,2023-11-17,8,36,0.0247447222131767,0.0227213748026052,3708.8057804839937,3720.269023468336,3700.0,3700.0,25,21,0.02996,0.0299975,OK,正常双期限插值,HIST_CLEAN_SURFACE,3101.705,3107.901,0.009400913816241419,-0.00021456825136212387,3093.898,3101.1819,3078.956,3093.781,False,False,False,False,False,False,False,False,False,,,,2023-10-13,3091.997
2023-10-13 00:00:00,2023-10-13,15.4312,0.0238122863385998,2023-10-20,2023-11-17,7,35,0.0260957342862748,0.0237130059930488,3673.005743305762,3683.208191162282,3650.0,3650.0,25,21,0.02996,0.02999125,OK,正常双期限插值,HIST_CLEAN_SURFACE,3091.997,3088.099,-0.006371502824575104,0.0011015654353534465,3089.4228,3101.5217,3107.901,3093.898,False,False,False,False,False,False,False,False,False,,,,2023-10-16,3091.065
2023-10-16 00:00:00,2023-10-16,16.8722,0.0284671205728523,2023-11-17,2023-12-15,32,60,0.0285252740945221,0.0289323487462103,3640.781770519569,3653.705979140986,3600.0,3650.0,21,23,0.0299725,0.0301475,WARN,期限未夹住30日,HIST_CLEAN_SURFACE,3091.065,3073.813,-0.004626147024431537,-0.018713574628275942,3084.801,3095.6598,3088.099,3089.4228,False,False,False,False,False,False,False,False,False,,,,2023-10-17,3076.428
2023-10-17 00:00:00,2023-10-17,16.3544,0.0267464872420817,2023-11-17,2023-12-15,31,59,0.0268519707319516,0.0283537695707777,3651.094413266481,3661.608168633378,3650.0,3650.0,21,23,0.02996625,0.03014125,WARN,期限未夹住30日,HIST_CLEAN_SURFACE,3076.428,3083.496,0.0031501591020663966,-0.010306498862019509,3086.453,3092.4487,3073.813,3084.801,False,False,False,False,False,False,False,False,False,,,,2023-10-18,3076.58
2023-10-18 00:00:00,2023-10-18,16.3842,0.0268441028621492,2023-11-17,2023-12-15,30,58,0.0268441028621492,0.0289986677671696,3622.741124099467,3634.603154896037,3600.0,3600.0,21,23,0.02996,0.030135,WARN,期限未夹住30日,HIST_CLEAN_SURFACE,3076.58,3058.71,-0.008038278629192375,-0.01404228447979916,3082.4038,3088.0924,3083.496,3086.453,False,False,False,False,False,False,False,False,False,,,,2023-10-19,3043.196
2023-10-19 00:00:00,2023-10-19,18.8535,0.0355453392691068,2023-11-17,2023-12-15,29,57,0.0356833854758783,0.0336490203234559,3542.21723184294,3548.8256952560346,3500.0,3500.0,22,24,0.02996,0.03012875,OK,正常双期限插值,HIST_CLEAN_SURFACE,3043.196,3005.393,-0.01743120465817294,-0.03280097679154603,3061.9022,3077.9001000000003,3058.71,3082.4038,False,False,False,False,False,False,False,False,False,,,,2023-10-20,2995.358
2023-10-20 00:00:00,2023-10-20,19.7508,0.0390094121817697,2023-11-17,2023-12-15,28,56,0.0392713450103562,0.0373068487959578,3524.3238561552844,3526.2391566864567,3500.0,3500.0,23,25,0.02996,0.0301225,OK,正常双期限插值,HIST_CLEAN_SURFACE,2995.358,2983.059,-0.007431307652609798,-0.040963518433679624,3040.8942,3065.1585,3005.393,3061.9022,False,False,False,False,False,False,False,False,False,,,,2023-10-23,2969.786
2023-10-23 00:00:00,2023-10-23,20.7257,0.042955460195638,2023-11-17,2023-12-15,25,53,0.0439873158454067,0.0407165281253852,3476.346516446235,3478.971844152895,3450.0,3450.0,23,25,0.02996,0.03010375,OK,正常双期限插值,HIST_CLEAN_SURFACE,2969.786,2939.291,-0.014672187174306628,-0.05089924770465637,3013.9898000000003,3049.3954000000003,2983.059,3040.8942,False,False,False,False,False,False,False,False,False,,,,2023-10-24,2944.311
2023-10-24 00:00:00,2023-10-24,19.8111,0.0392480470041984,2023-11-17,2023-12-15,24,52,0.0394113887882788,0.0389716224465239,3490.648679286538,3500.125131519886,3450.0,3500.0,24,26,0.02996,0.0300975,OK,正常双期限插值,HIST_CLEAN_SURFACE,2944.311,2962.244,0.007809026054242274,-0.03674254593793769,2989.7394000000004,3038.0962,2939.291,3013.9898000000003,False,False,False,False,False,False,False,False,False,,,,2023-10-25,2986.407
2023-10-25 00:00:00,2023-10-25,17.9784,0.0323222785511271,2023-11-17,2023-12-15,23,51,0.0309818384720475,0.0341358151287055,3506.5065775909297,3518.457873360271,3500.0,3500.0,24,26,0.02996,0.03009125,OK,正常双期限插值,HIST_CLEAN_SURFACE,2986.407,2974.114,0.004007097322165087,-0.03405115240360701,2972.8202,3027.612,2962.244,2989.7394000000004,False,False,False,False,False,False,False,False,False,,,,2023-10-26,2960.104
2023-10-26 00:00:00,2023-10-26,17.2723,0.0298333548228082,2023-11-17,2023-12-15,22,50,0.0287034151546716,0.0310762884577585,3520.872894685172,3528.5827196440614,3500.0,3500.0,24,26,0.02996,0.030085,OK,正常双期限插值,HIST_CLEAN_SURFACE,2960.104,2988.299,0.004769487652457105,-0.038483207798446606,2969.4014,3015.6518,2974.114,2972.8202,False,False,False,False,False,False,False,False,False,,,,2023-10-27,2978.403
2023-10-27 00:00:00,2023-10-27,16.4449,0.0270435002775756,2023-11-17,2023-12-15,21,49,0.0252083794472856,0.0287038476954569,3574.1086813731845,3581.4595105781714,3550.0,3550.0,24,26,0.02996,0.03007875,OK,正常双期限插值,HIST_CLEAN_SURFACE,2978.403,3017.784,0.009866817209388978,-0.02276967156817189,2976.3464,3008.6203,2988.299,2969.4014,False,False,False,False,False,False,False,False,False,,,,2023-10-30,3009.61
2023-10-30 00:00:00,2023-10-30,16.7743,0.0281378633084636,2023-11-17,2023-12-15,18,46,0.0262643100712681,0.0291153693452612,3590.3344297381936,3599.441645402318,3550.0,3550.0,24,26,0.02996,0.03006,OK,正常双期限插值,HIST_CLEAN_SURFACE,3009.61,3021.553,0.001248929678200783,-0.017001684878032663,2992.7988,3003.3943,3017.784,2976.3464,False,False,False,False,False,False,False,False,False,,,,2023-10-31,3019.646
2023-10-31 00:00:00,2023-10-31,16.7617,0.0280953927616022,2023-11-17,2023-12-15,17,45,0.0255533573064923,0.029203459498445,3579.7129936389438,3589.4191130353647,3550.0,3550.0,24,26,0.02996,0.03005375,OK,正常双期限插值,HIST_CLEAN_SURFACE,3019.646,3018.771,-0.0009207185841186849,-0.020990784486180636,3004.1042,2996.9218,3021.553,2992.7988,False,False,False,False,False,False,False,False,False,,,,2023-11-01,3038.182
2023-11-01 00:00:00,2023-11-01,16.7309,0.0279923489676349,2023-11-17,2023-12-15,16,44,0.0256385315942509,0.0288482825579563,3578.7866733302403,3586.978518970225,3550.0,3550.0,24,26,0.02996,0.0300475,OK,正常双期限插值,HIST_CLEAN_SURFACE,3038.182,3023.077,0.0014264082966213287,-0.011649682382442239,3013.8968,2993.3585000000003,3018.771,3004.1042,False,False,False,False,False,False,False,False,False,,,,2023-11-02,3028.665
2023-11-02 00:00:00,2023-11-02,16.3031,0.0265792524027238,2023-11-17,2023-12-15,15,43,0.0238604055436166,0.0274012293601283,3562.353677132569,3570.87388811453,3550.0,3550.0,24,26,0.02996,0.03004125,OK,正常双期限插值,HIST_CLEAN_SURFACE,3028.665,3009.406,-0.004522213625389071,0.0013352663029426726,3018.1182,2993.7598000000003,3023.077,3013.8968,False,False,False,False,False,False,False,False,False,,,,2023-11-03,3012.465
2023-11-03 00:00:00,2023-11-03,15.9978,0.0255930440038779,2023-11-17,2023-12-15,14,42,0.0228221636755425,0.0262857640859617,3590.9550608146537,3600.657255928331,3550.0,3600.0,24,25,0.02996,0.030035,OK,正常双期限插值,HIST_CLEAN_SURFACE,3012.465,3030.798,0.007108379527388298,0.016003371036241498,3020.721,2998.5337,3009.406,3018.1182,False,False,False,False,False,False,False,False,False,,,,2023-11-06,3047.13
2023-11-06 00:00:00,2023-11-06,16.6696,0.0277874851848723,2023-11-17,2023-12-15,11,39,0.0287570431287027,0.0276579491033079,3638.712024637234,3648.6201368590105,3600.0,3600.0,24,26,0.02996,0.03001625,OK,正常双期限插值,HIST_CLEAN_SURFACE,3047.13,3058.411,0.00911080184162727,0.04052678009764943,3028.0926,3010.4457,3030.798,3020.721,False,False,False,False,False,False,False,False,False,,,,2023-11-07,3052.92
2023-11-07 00:00:00,2023-11-07,16.7118,0.0279282670884364,2023-11-17,2023-12-15,10,38,0.0271204258847769,0.0280133030046111,3626.7690724735394,3638.207240382536,3600.0,3600.0,24,26,0.02996,0.03001,OK,正常双期限插值,HIST_CLEAN_SURFACE,3052.92,3057.27,-0.00037306954493687705,0.03207905898366237,3035.7924,3019.9483,3058.411,3028.0926,False,False,False,False,False,False,False,False,False,,,,2023-11-08,3051.153
2023-11-08 00:00:00,2023-11-08,16.6048,0.0275719717136091,2023-11-17,2023-12-15,9,37,0.0277194622630018,0.027560013020415,3614.0565863627457,3623.7002171142462,3600.0,3600.0,24,25,0.02996,0.03000375,OK,正常双期限插值,HIST_CLEAN_SURFACE,3051.153,3052.373,-0.001601755814828243,0.02631338274188555,3041.6516,3027.7742,3057.27,3035.7924,False,False,False,False,False,False,False,False,False,,,,2023-11-09,3047.653
2023-11-09 00:00:00,2023-11-09,16.8736,0.0284719118172405,2023-11-17,2023-12-15,8,36,0.0288491743911348,0.0284490474188226,3618.624851587503,3627.0884252645074,3600.0,3600.0,24,26,0.02996,0.0299975,OK,正常双期限插值,HIST_CLEAN_SURFACE,3047.653,3053.279,0.0002968182460008073,0.02174481201512979,3050.4262,3034.2722000000003,3052.373,3041.6516,False,False,False,False,False,False,False,False,False,,,,2023-11-10,3043.559
2023-11-10 00:00:00,2023-11-10,17.0357,0.0290213416295163,2023-11-17,2023-12-15,7,35,0.0285448421556001,0.0290420589979475,3589.3939077513096,3597.3925119672977,3550.0,3550.0,23,26,0.02996,0.02999125,OK,正常双期限插值,HIST_CLEAN_SURFACE,3043.559,3038.97,-0.004686437105813179,0.0070203831685766716,3052.0606,3036.3908,3053.279,3050.4262,False,False,False,False,False,False,False,False,False,,,,2023-11-13,3044.032
2023-11-13 00:00:00,2023-11-13,17.2191,0.0296497722065668,2023-12-15,2024-01-19,32,67,0.0291816818635,0.0255138097723052,3593.632050085683,3600.018839514488,3550.0,3600.0,26,18,0.0299725,0.03019125,WARN,期限未夹住30日,HIST_CLEAN_SURFACE,3044.032,3046.533,0.002488672148787341,0.008267271830082024,3049.685,3038.8888,3038.97,3052.0606,False,False,False,False,False,False,False,False,False,,,,2023-11-14,3046.817
2023-11-14 00:00:00,2023-11-14,17.0052,0.0289175444346787,2023-12-15,2024-01-19,31,66,0.0286931381122392,0.0251230375279745,3595.572029095846,3605.117999110092,3550.0,3600.0,24,19,0.02996625,0.030185,WARN,期限未夹住30日,HIST_CLEAN_SURFACE,3046.817,3056.07,0.0031304436879562303,0.01235569044488627,3049.4449999999997,3042.6187,3046.533,3049.685,False,False,False,False,False,False,False,False,False,,,,2023-11-15,3077.029
2023-11-15 00:00:00,2023-11-15,16.8212,0.0282953528047149,2023-12-15,2024-01-19,30,65,0.0282953528047149,0.0240664118311098,3619.1199703134016,3630.526685754569,3600.0,3600.0,26,19,0.02996,0.03017875,WARN,期限未夹住30日,HIST_CLEAN_SURFACE,3077.029,3072.835,0.005485803662874211,0.016459388894163096,3053.5374,3047.5945,3056.07,3049.4449999999997,False,False,False,False,False,False,False,False,False,,,,2023-11-16,3066.855
2023-11-16 00:00:00,2023-11-16,16.5999,0.0275556801172616,2023-12-15,2024-01-19,29,64,0.0277670105080318,0.024299871284459,3580.8355578942515,3598.6102682410883,3550.0,3550.0,26,19,0.02996,0.0301725,OK,正常双期限插值,HIST_CLEAN_SURFACE,3066.855,3050.926,-0.007129897960678089,0.013796742612994128,3053.0667999999996,3051.7465,3072.835,3053.5374,False,False,False,False,False,False,False,False,False,,,,2023-11-17,3043.617
2023-11-17 00:00:00,2023-11-17,15.9333,0.0253870237926209,2023-12-15,2024-01-19,28,63,0.0255963374682561,0.0238520568379625,3575.472010586109,3581.1045213416637,3550.0,3550.0,26,19,0.02996,0.03016625,OK,正常双期限插值,HIST_CLEAN_SURFACE,3043.617,3054.366,0.0011275265280115132,0.007776169840418401,3056.1459999999997,3054.1033,3050.926,3053.0667999999996,False,False,False,False,False,False,False,False,False,,,,2023-11-20,3056.927
2023-11-20 00:00:00,2023-11-20,15.3392,0.0235290001071924,2023-12-15,2024-01-19,25,60,0.0240180129579364,0.0223064679803324,3585.6815483004216,3591.9488982148605,3550.0,3550.0,26,19,0.02996,0.0301475,OK,正常双期限插值,HIST_CLEAN_SURFACE,3056.927,3068.319,0.004568214811191629,0.0032395907548070646,3060.5032,3055.0941000000003,3054.366,3056.1459999999997,False,False,False,False,False,False,False,False,False,,,,2023-11-21,3074.828
2023-11-21 00:00:00,2023-11-21,14.9897,0.0224692015358323,2023-12-15,2024-01-19,24,59,0.0229974040591719,0.021430701659436,3588.575230142483,3597.54093155415,3550.0,3550.0,26,18,0.02996,0.03014125,OK,正常双期限插值,HIST_CLEAN_SURFACE,3074.828,3067.933,-0.00012580178266996533,0.0034877521448875015,3062.8758000000003,3056.1603999999998,3068.319,3060.5032,False,False,False,False,False,False,False,False,False,,,,2023-11-22,3060.498
2023-11-22 00:00:00,2023-11-22,15.4475,0.0238625154341747,2023-12-15,2024-01-19,23,58,0.0245804755477537,0.0227236821505666,3552.310051536733,3560.95521765402,3550.0,3550.0,26,19,0.02996,0.030135,OK,正常双期限插值,HIST_CLEAN_SURFACE,3060.498,3043.611,-0.007927813286665697,-0.0028705535005060234,3057.031,3055.2842,3067.933,3062.8758000000003,False,False,False,False,False,False,False,False,False,,,,2023-11-23,3041.678
2023-11-23 00:00:00,2023-11-23,15.2467,0.0232460515237465,2023-12-15,2024-01-19,22,57,0.0237169468565953,0.0226326483927987,3571.479881288696,3576.114132846854,3550.0,3550.0,26,19,0.02996,0.03012875,OK,正常双期限插值,HIST_CLEAN_SURFACE,3041.678,3061.856,0.0059945242673917765,0.002809111122829,3059.217,3056.1418999999996,3043.611,3057.031,False,False,False,False,False,False,False,False,False,,,,2023-11-24,3060.331
2023-11-24 00:00:00,2023-11-24,15.1595,0.0229811067022599,2023-12-15,2024-01-19,21,56,0.0233374068066827,0.0225951149224685,3544.709243180661,3552.4062793398525,3500.0,3550.0,26,19,0.02996,0.0301225,OK,正常双期限插值,HIST_CLEAN_SURFACE,3060.331,3040.972,-0.006820699601810198,0.0006587758352338824,3056.5382,3056.3421000000003,3061.856,3059.217,False,False,False,False,False,False,False,False,False,,,,2023-11-27,3038.186
2023-11-27 00:00:00,2023-11-27,15.7848,0.0249160194329151,2023-12-15,2024-01-19,18,53,0.0265275285428292,0.0238670182198578,3517.8500030918144,3521.856128278851,3500.0,3500.0,26,19,0.02996,0.03010375,OK,正常双期限插值,HIST_CLEAN_SURFACE,3038.186,3031.7,-0.003049025114338577,-0.0048688131722191,3049.2144,3054.8588,3040.972,3056.5382,False,False,False,False,False,False,False,False,False,,,,2023-11-28,3028.598
2023-11-28 00:00:00,2023-11-28,15.6788,0.0245825604238515,2023-12-15,2024-01-19,17,52,0.0257553215607145,0.0239337251203208,3525.165369992256,3529.25209369218,3500.0,3500.0,26,19,0.02996,0.0300975,OK,正常双期限插值,HIST_CLEAN_SURFACE,3028.598,3038.555,0.002261107629382808,-0.005731216889665602,3043.3388,3053.1073,3031.7,3049.2144,False,False,False,False,False,False,False,False,False,,,,2023-11-29,3038.464
2023-11-29 00:00:00,2023-11-29,15.6418,0.0244665384411477,2023-12-15,2024-01-19,16,51,0.0260661092773482,0.0237137992241122,3498.766710619559,3499.358166223919,3450.0,3450.0,26,19,0.02996,0.03009125,OK,正常双期限插值,HIST_CLEAN_SURFACE,3038.464,3021.687,-0.005551322915004042,-0.016645215249110445,3038.9539999999997,3047.9925,3038.555,3043.3388,False,False,False,False,False,False,False,False,False,,,,2023-11-30,3021.103
2023-11-30 00:00:00,2023-11-30,15.4726,0.0239400489512021,2023-12-15,2024-01-19,15,50,0.0251823733696635,0.0234431191838176,3505.2064063540065,3508.624193947999,3500.0,3500.0,26,19,0.02996,0.030085,OK,正常双期限插值,HIST_CLEAN_SURFACE,3021.103,3029.673,0.0026428945155470007,-0.006966081773206012,3032.5173999999997,3045.8671999999997,3021.687,3038.9539999999997,False,False,False,False,False,False,False,False,False,,,,2023-12-01,3027.353
2023-12-01 00:00:00,2023-12-01,15.6941,0.0246304348302755,2023-12-15,2024-01-19,14,49,0.0256381195986021,0.024288541783879,3486.78783042134,3491.7569409468792,3450.0,3450.0,26,19,0.02996,0.03007875,OK,正常双期限插值,HIST_CLEAN_SURFACE,3027.353,3031.636,0.000647924710026615,-0.0074418062537364715,3030.6502,3043.5942,3029.673,3032.5173999999997,False,False,False,False,False,False,False,False,False,,,,2023-12-04,3033.298
2023-12-04 00:00:00,2023-12-04,16.3674,0.0267890855936986,2023-12-15,2024-01-19,11,46,0.0339408137731771,0.025348920651378,3460.8362503119342,3466.8722635696995,3450.0,3450.0,26,19,0.02996,0.03006,OK,正常双期限插值,HIST_CLEAN_SURFACE,3033.298,3022.914,-0.0028769944676735326,-0.01479800503141937,3028.8929999999996,3039.0537,3031.636,3030.6502,False,False,False,False,False,False,False,False,False,,,,2023-12-05,3017.01
2023-12-05 00:00:00,2023-12-05,18.3402,0.0336361677138857,2023-12-15,2024-01-19,10,45,0.0505116037388273,0.0308235950430621,3378.303675382753,3382.707610667087,3350.0,3350.0,26,19,0.02996,0.03005375,OK,正常双期限插值,HIST_CLEAN_SURFACE,3017.01,2972.296,-0.016744770112547158,-0.03117310580120236,3015.6412,3029.49,3022.914,3028.8929999999996,False,False,False,False,False,False,False,False,False,,,,2023-12-06,2966.948
2023-12-06 00:00:00,2023-12-06,17.4695,0.0305181992557317,2023-12-15,2024-01-19,9,44,0.0401925664941599,0.0291989673595824,3391.0302995191187,3390.5423358142625,3350.0,3350.0,27,20,0.02996,0.0300475,OK,正常双期限插值,HIST_CLEAN_SURFACE,2966.948,2968.933,-0.0011314485502116334,-0.024535987023308836,3005.0904,3022.0222000000003,2972.296,3015.6412,False,False,False,False,False,False,False,False,False,,,,2023-12-07,2965.652
2023-12-07 00:00:00,2023-12-07,17.6512,0.0311563646337006,2023-12-15,2024-01-19,8,43,0.0395344406087318,0.030235307655473,3386.948053374512,3386.897062170663,3350.0,3350.0,27,20,0.02996,0.03004125,OK,正常双期限插值,HIST_CLEAN_SURFACE,2965.652,2966.206,-0.0009185118020513805,-0.03123922222338349,2992.397,3012.4572,2968.933,3005.0904,False,False,False,False,False,False,False,False,False,,,,2023-12-08,2965.39
2023-12-08 00:00:00,2023-12-08,17.5251,0.0307128476877065,2023-12-15,2024-01-19,7,42,0.0368373612293764,0.0301802812927787,3393.984978970717,3395.9317481307226,3350.0,3350.0,26,20,0.02996,0.030035,OK,正常双期限插值,HIST_CLEAN_SURFACE,2965.39,2969.559,0.00113040024866784,-0.023483609845799336,2979.9816,3005.3159,2966.206,2992.397,False,False,False,False,False,False,False,False,False,,,,2023-12-11,2956.291
2023-12-11 00:00:00,2023-12-11,18.3822,0.033790692622235,2024-01-19,2024-02-19,39,70,0.0312702697157804,0.0275496454252997,3421.1925714320555,3432.4030649361184,3400.0,3400.0,20,17,0.03001625,0.03021,WARN,期限未夹住30日,HIST_CLEAN_SURFACE,2956.291,2991.439,0.007368097417832065,-0.013280007916350534,2973.6866,3001.2897999999996,2969.559,2979.9816,False,False,False,False,False,False,False,False,False,,,,2023-12-12,2986.328
2023-12-12 00:00:00,2023-12-12,17.726,0.0314212628272832,2024-01-19,2024-02-19,38,69,0.0295422150623565,0.0263764280670996,3429.6282019121263,3437.700357965656,3400.0,3400.0,20,17,0.03001,0.03020375,WARN,期限未夹住30日,HIST_CLEAN_SURFACE,2986.328,3003.438,0.004011113046263004,-0.011557138179167259,2979.915,2997.7781,2991.439,2973.6866,False,False,False,False,False,False,False,False,False,,,,2023-12-13,2997.336
2023-12-13 00:00:00,2023-12-13,18.4811,0.03415513024728,2024-01-19,2024-02-19,37,68,0.0318387987819933,0.0273131931880506,3365.3429086528886,3389.5805423998204,3350.0,3350.0,20,17,0.03000375,0.0301975,WARN,期限未夹住30日,HIST_CLEAN_SURFACE,2997.336,2968.761,-0.011545768549242608,-0.017515381308520706,2979.8805999999995,2992.4855,3003.438,2979.915,False,False,False,False,False,False,False,False,False,,,,2023-12-14,2979.699
2023-12-14 00:00:00,2023-12-14,18.4497,0.0340392994489508,2024-01-19,2024-02-19,36,67,0.0320693845248482,0.0275121186556558,3347.3572443589383,3359.287346140769,3300.0,3350.0,21,18,0.0299975,0.03019125,WARN,期限未夹住30日,HIST_CLEAN_SURFACE,2979.699,2958.986,-0.0032926193789261093,-0.023331560864819356,2978.4366,2985.4168,2968.761,2979.8805999999995,False,False,False,False,False,False,False,False,False,,,,2023-12-15,2966.302
2023-12-15 00:00:00,2023-12-15,18.1968,0.0331123902558568,2024-01-19,2024-02-19,35,66,0.0319121822686391,0.0285297779410255,3345.0850418762275,3352.179767994832,3300.0,3350.0,21,18,0.02999125,0.030185,WARN,期限未夹住30日,HIST_CLEAN_SURFACE,2966.302,2942.557,-0.00555223985513964,-0.029383144942202843,2973.0362,2976.5089,2958.986,2978.4366,False,False,False,False,False,False,False,False,False,,,,2023-12-18,2936.575
2023-12-18 00:00:00,2023-12-18,18.0383,0.0325378649834777,2024-01-19,2024-02-19,32,63,0.0320158416795436,0.0281628125314588,3337.8396331325894,3338.279470128107,3300.0,3300.0,21,18,0.0299725,0.03016625,WARN,期限未夹住30日,HIST_CLEAN_SURFACE,2936.575,2930.804,-0.0039941452281127,-0.030470598898943213,2960.9091999999996,2967.2979,2942.557,2973.0362,False,False,False,False,False,False,False,False,False,,,,2023-12-19,2928.763
2023-12-19 00:00:00,2023-12-19,18.1927,0.0330975261120946,2024-01-19,2024-02-19,31,62,0.0329531955824208,0.030788237637314,3344.9428376404658,3347.763304300835,3300.0,3300.0,22,19,0.02996625,0.03016,WARN,期限未夹住30日,HIST_CLEAN_SURFACE,2928.763,2932.391,0.0005414896390205648,-0.013425648051203387,2946.6998,2963.3074,2930.804,2960.9091999999996,False,False,False,False,False,False,False,False,False,,,,2023-12-20,2932.119
2023-12-20 00:00:00,2023-12-20,18.9623,0.0359567151028556,2024-01-19,2024-02-19,30,61,0.0359567151028556,0.031088484851409,3311.383246453658,3320.9105682975783,3300.0,3300.0,22,19,0.02996,0.03015375,WARN,期限未夹住30日,HIST_CLEAN_SURFACE,2932.119,2902.11,-0.010326385533170668,-0.022507412595703546,2933.3696000000004,2956.6251,2932.391,2946.6998,False,False,False,False,False,False,False,False,False,,,,2023-12-21,2892.02
2023-12-21 00:00:00,2023-12-21,17.8983,0.032034782488371,2024-01-19,2024-02-19,29,60,0.0321858883473349,0.0298437475333944,3347.9751899388184,3353.478984725684,3300.0,3350.0,22,19,0.02996,0.0301475,OK,正常双期限插值,HIST_CLEAN_SURFACE,2892.02,2918.715,0.005721699039664241,-0.016010688401277617,2925.3154000000004,2951.876,2902.11,2933.3696000000004,False,False,False,False,False,False,False,False,False,,,,2023-12-22,2919.288
2023-12-22 00:00:00,2023-12-22,17.2702,0.0298259446209674,2024-01-19,2024-02-19,28,59,0.0299983399735316,0.0286396308389152,3352.7111655453277,3360.248311050138,3350.0,3350.0,22,19,0.02996,0.03014125,OK,正常双期限插值,HIST_CLEAN_SURFACE,2919.288,2914.775,-0.0013499091209658864,-0.018448530573058175,2919.759,2946.3976,2918.715,2925.3154000000004,False,False,False,False,False,False,False,False,False,,,,2023-12-25,2909.875
2023-12-25 00:00:00,2023-12-25,17.1287,0.0293391742222863,2024-01-19,2024-02-19,25,56,0.0300203582227856,0.0277578542211274,3358.666501343577,3366.275042126106,3350.0,3350.0,22,19,0.02996,0.0301225,OK,正常双期限插值,HIST_CLEAN_SURFACE,2909.875,2918.813,0.0013853556449467952,-0.024277947837144542,2917.3608000000004,2939.135,2914.775,2919.759,False,False,False,False,False,False,False,False,False,,,,2023-12-26,2917.971
2023-12-26 00:00:00,2023-12-26,17.5335,0.0307424429090111,2024-01-19,2024-02-19,24,55,0.031796538498189,0.0288259054741423,3337.338638115164,3345.414550846563,3300.0,3300.0,22,19,0.02996,0.03011625,OK,正常双期限插值,HIST_CLEAN_SURFACE,2917.971,2898.879,-0.006829488562645203,-0.03481310418260675,2910.6584,2928.6791000000003,2918.813,2917.3608000000004,False,False,False,False,False,False,False,False,False,,,,2023-12-27,2900.149
2023-12-27 00:00:00,2023-12-27,17.7656,0.0315616260105806,2024-01-19,2024-02-19,23,54,0.0327519345170846,0.0298233977153684,3343.312742364069,3356.1610796814653,3300.0,3350.0,22,19,0.02996,0.03011,OK,正常双期限插值,HIST_CLEAN_SURFACE,2900.149,2914.614,0.005427960256361164,-0.018238921893678817,2913.1592000000005,2923.2644,2898.879,2910.6584,False,False,False,False,False,False,False,False,False,,,,2023-12-28,2913.11
2023-12-28 00:00:00,2023-12-28,17.2179,0.0296455825352953,2024-01-19,2024-02-19,22,53,0.0313621488922167,0.0275970387225543,3433.35711818968,3438.559964242927,3400.0,3400.0,22,19,0.02996,0.03010375,OK,正常双期限插值,HIST_CLEAN_SURFACE,2913.11,2954.704,0.013754823108651726,-0.001447117357094574,2920.3570000000004,2922.8362,2914.614,2913.1592000000005,False,False,False,False,False,False,False,False,False,,,,2023-12-29,2950.837
2023-12-29 00:00:00,2023-12-29,16.5753,0.0274738946090114,2024-01-19,2024-02-19,21,52,0.0286784801770778,0.0262847524456639,3440.183092917528,3451.885179329235,3400.0,3450.0,22,19,0.02996,0.0300975,OK,正常双期限插值,HIST_CLEAN_SURFACE,2950.837,2974.935,0.006847047961487718,0.011003355245115198,2932.389,2926.0739999999996,2954.704,2920.3570000000004,False,False,False,False,False,False,False,False,False,,,,2024-01-02,2972.775
2024-01-02 00:00:00,2024-01-02,17.0081,0.0289275351320104,2024-01-19,2024-02-19,17,48,0.0308274951673796,0.0279958239608197,3391.117893368735,3401.425121796402,3350.0,3400.0,22,19,0.02996,0.0300725,OK,正常双期限插值,HIST_CLEAN_SURFACE,2972.775,2962.276,-0.004255219021592094,0.010738350295686594,2941.0816,2929.2212,2974.935,2932.389,False,False,False,False,False,False,False,False,False,,,,2024-01-03,2957.112
2024-01-03 00:00:00,2024-01-03,16.878,0.0284867858365813,2024-01-19,2024-02-19,16,47,0.0315478540579491,0.0272214202496329,3383.7787103189203,3393.1546906886592,3350.0,3350.0,22,19,0.02996,0.03006625,OK,正常双期限插值,HIST_CLEAN_SURFACE,2957.112,2967.247,0.0016781015678484223,0.011886545825573691,2954.7552,2932.7068,2962.276,2941.0816,False,False,False,False,False,False,False,False,False,,,,2024-01-04,2965.509
2024-01-04 00:00:00,2024-01-04,17.2274,0.0296783916693009,2024-01-19,2024-02-19,15,46,0.0339227036267879,0.0282021092493055,3351.9999089281264,3360.0489363714323,3350.0,3350.0,22,19,0.02996,0.03006,OK,正常双期限插值,HIST_CLEAN_SURFACE,2965.509,2954.349,-0.004346790139142298,0.01800035146841439,2962.7022,2937.9307,2967.247,2954.7552,False,False,False,False,False,False,False,False,False,,,,2024-01-05,2949.822
2024-01-05 00:00:00,2024-01-05,17.3945,0.0302568169294441,2024-01-19,2024-02-19,14,45,0.0345235815060376,0.0290123439279377,3333.8639077393304,3339.1342878886167,3300.0,3300.0,22,19,0.02996,0.03005375,OK,正常双期限插值,HIST_CLEAN_SURFACE,2949.822,2929.183,-0.0085182894776481,0.0035865098168199605,2957.598,2938.9775,2954.349,2962.7022,False,False,False,False,False,False,False,False,False,,,,2024-01-08,2923.457
2024-01-08 00:00:00,2024-01-08,20.6354,0.0425818244403323,2024-01-19,2024-02-19,11,42,0.0580689551063602,0.0400200434279066,3282.176875779404,3285.7784926769245,3250.0,3250.0,22,19,0.02996,0.030035,OK,正常双期限插值,HIST_CLEAN_SURFACE,2923.457,2887.538,-0.014217274919320455,-0.009344460550128275,2940.1186000000002,2936.2538,2929.183,2957.598,False,False,False,False,False,False,False,False,False,,,,2024-01-09,2887.11
2024-01-09 00:00:00,2024-01-09,18.809,0.0353778901482594,2024-01-19,2024-02-19,10,41,0.0438439817055134,0.0342421949393594,3291.9983927535577,3293.8406918060814,3250.0,3250.0,22,19,0.02996,0.03002875,OK,正常双期限插值,HIST_CLEAN_SURFACE,2887.11,2893.251,0.0019785021010980675,-0.008757669641734411,2926.3136,2933.6976,2887.538,2940.1186000000002,False,False,False,False,False,False,False,False,False,,,,2024-01-10,2886.981
2024-01-10 00:00:00,2024-01-10,19.0355,0.036235187196581,2024-01-19,2024-02-19,9,40,0.0473311053936422,0.0350463388183244,3279.1450392018764,3285.062231498291,3250.0,3250.0,22,19,0.02996,0.0300225,OK,正常双期限插值,HIST_CLEAN_SURFACE,2886.981,2877.702,-0.005374231271327634,-0.007305237645310325,2908.4046000000003,2931.5798999999997,2893.251,2926.3136,False,False,False,False,False,False,False,False,False,,,,2024-01-11,2873.798
2024-01-11 00:00:00,2024-01-11,18.7535,0.0351691903976957,2024-01-19,2024-02-19,8,39,0.0436917964090355,0.0344540066764644,3299.1666308424046,3306.93376125304,3250.0,3300.0,23,20,0.02996,0.03001625,OK,正常双期限插值,HIST_CLEAN_SURFACE,2873.798,2886.65,0.0031094255068802035,-0.009594409414076743,2894.8648000000003,2928.7835000000005,2877.702,2908.4046000000003,False,False,False,False,False,False,False,False,False,,,,2024-01-12,2880.04
2024-01-12 00:00:00,2024-01-12,18.5878,0.0345504774984249,2024-01-19,2024-02-19,7,38,0.0393938580959633,0.034240146476157,3285.904863536253,3292.096149369711,3250.0,3250.0,22,20,0.02996,0.03001,OK,正常双期限插值,HIST_CLEAN_SURFACE,2880.04,2881.977,-0.0016188315175030832,-0.024613971484114927,2885.4236,2921.5108,2886.65,2894.8648000000003,False,False,False,False,False,False,False,False,False,,,,2024-01-15,2872.556
2024-01-15 00:00:00,2024-01-15,16.9307,0.0286649702074209,2024-02-19,2024-03-15,35,60,0.0310265107216935,0.0369303620073751,3284.4107679121826,3291.1993819806426,3250.0,3250.0,20,26,0.02999125,0.0301475,WARN,期限未夹住30日,HIST_CLEAN_SURFACE,2872.556,2886.291,0.0014968891146598384,-0.029796953546884164,2885.1742000000004,2912.6464000000005,2881.977,2885.4236,False,False,False,False,False,False,False,False,False,,,,2024-01-16,2881.56
2024-01-16 00:00:00,2024-01-16,17.1181,0.0293029873410633,2024-02-19,2024-03-15,34,59,0.0313997875893889,0.0380633477005929,3303.7171326889656,3306.8854063501376,3300.0,3300.0,20,26,0.029985,0.03014125,WARN,期限未夹住30日,HIST_CLEAN_SURFACE,2881.56,2893.989,0.0026670907403307798,-0.02305220715422862,2885.3218,2905.8177,2886.291,2885.1742000000004,False,False,False,False,False,False,False,False,False,,,,2024-01-17,2887.292
2024-01-17 00:00:00,2024-01-17,20.1674,0.0406723714877803,2024-02-19,2024-03-15,33,58,0.0409940203201911,0.0423804377012718,3221.16631272046,3226.8505557126623,3200.0,3200.0,20,26,0.02997875,0.030135,WARN,期限未夹住30日,HIST_CLEAN_SURFACE,2887.292,2833.615,-0.02086186229456999,-0.04503568459248597,2876.5044000000003,2892.4545000000003,2893.989,2885.3218,False,False,False,False,False,False,False,False,False,,,,2024-01-18,2822.667
2024-01-18 00:00:00,2024-01-18,20.5276,0.0421382381793146,2024-02-19,2024-03-15,32,57,0.042893257097863,0.0478604868251551,3244.0173336267803,3244.6730312562704,3200.0,3200.0,20,26,0.0299725,0.03012875,WARN,期限未夹住30日,HIST_CLEAN_SURFACE,2822.667,2845.784,0.004294514251230508,-0.03674752035050699,2868.3312,2881.598,2833.615,2876.5044000000003,False,False,False,False,False,False,False,False,False,,,,2024-01-19,2836.975
2024-01-19 00:00:00,2024-01-19,18.9067,0.0357464691572851,2024-02-19,2024-03-15,31,56,0.0361734912105802,0.0418925365672114,3246.478639603541,3245.9507860256467,3200.0,3200.0,20,26,0.02996625,0.0301225,WARN,期限未夹住30日,HIST_CLEAN_SURFACE,2836.975,2832.279,-0.004745616673647812,-0.03308226218710131,2858.3916,2871.9076,2845.784,2868.3312,False,False,False,False,False,False,False,False,False,,,,2024-01-22,2826.503
2024-01-22 00:00:00,2024-01-22,22.359,0.0499924895508968,2024-02-19,2024-03-15,28,53,0.0492730275308032,0.0543635606918424,3179.078242518882,3171.246238845329,3150.0,3150.0,20,26,0.02996,0.03010375,OK,正常双期限插值,HIST_CLEAN_SURFACE,2826.503,2756.34,-0.026811977209872273,-0.04543593885171382,2832.4014,2858.7878,2832.279,2858.3916,False,False,False,False,False,False,False,False,False,,,,2024-01-23,2746.892
2024-01-23 00:00:00,2024-01-23,20.9017,0.0436880481323865,2024-02-19,2024-03-15,27,52,0.0421470267154814,0.0495557835275251,3215.211961244217,3215.631532005096,3200.0,3200.0,21,27,0.02996,0.0300975,OK,正常双期限插值,HIST_CLEAN_SURFACE,2746.892,2770.976,0.00530993999288909,-0.042262147321473376,2807.7987999999996,2846.5603,2756.34,2832.4014,False,False,False,False,False,False,False,False,False,,,,2024-01-24,2782.142
2024-01-24 00:00:00,2024-01-24,19.6369,0.0385609243435196,2024-02-19,2024-03-15,26,51,0.0356274040894303,0.0464124050235821,3263.9098747238345,3261.709753775789,3250.0,3250.0,21,27,0.02996,0.03009125,OK,正常双期限插值,HIST_CLEAN_SURFACE,2782.142,2820.772,0.017970563440462772,-0.019783146413353547,2805.2302000000004,2840.8673,2770.976,2807.7987999999996,False,False,False,False,False,False,False,False,False,,,,2024-01-25,2823.826
2024-01-25 00:00:00,2024-01-25,18.4693,0.0341113885053057,2024-02-19,2024-03-15,25,50,0.0301280039955897,0.0420781575247377,3335.979951884132,3335.8236504740285,3300.0,3300.0,21,27,0.02996,0.030085,OK,正常双期限插值,HIST_CLEAN_SURFACE,2823.826,2906.109,0.030253065472856333,0.0067410319921015205,2817.2951999999996,2842.8131999999996,2820.772,2805.2302000000004,False,False,False,False,False,False,False,False,False,,,,2024-01-26,2897.915
2024-01-26 00:00:00,2024-01-26,18.0508,0.0325832156092544,2024-02-19,2024-03-15,24,49,0.0278605011326044,0.0399082421444667,3330.7173134933646,3330.5057814701336,3300.0,3300.0,21,27,0.02996,0.03007875,OK,正常双期限插值,HIST_CLEAN_SURFACE,2897.915,2910.223,0.0014156385737769117,0.009800910971877963,2832.8840000000005,2845.6378,2906.109,2817.2951999999996,False,False,False,False,False,False,False,False,False,,,,2024-01-29,2910.607
2024-01-29 00:00:00,2024-01-29,19.6213,0.0384996951484775,2024-02-19,2024-03-15,21,46,0.0314043998953858,0.0442581956437404,3296.1784515759564,3300.6242387128614,3250.0,3300.0,21,27,0.02996,0.03006,OK,正常双期限插值,HIST_CLEAN_SURFACE,2910.607,2883.356,-0.009231938583400545,-0.0010168759837452246,2858.2872,2845.3442999999997,2910.223,2832.8840000000005,False,False,False,False,False,False,False,False,False,,,,2024-01-30,2866.28
2024-01-30 00:00:00,2024-01-30,20.7214,0.0429375188929998,2024-02-19,2024-03-15,20,45,0.0360934676065817,0.0475002197506119,3241.1225546932706,3239.3655714448937,3200.0,3200.0,21,27,0.02996,0.03005375,OK,正常双期限插值,HIST_CLEAN_SURFACE,2866.28,2830.527,-0.01832205249715957,-0.021928901595686834,2870.1974,2838.9981,2883.356,2858.2872,False,False,False,False,False,False,False,False,False,,,,2024-01-31,2815.504
2024-01-31 00:00:00,2024-01-31,22.4863,0.0505631927255088,2024-02-19,2024-03-15,19,44,0.0428504698015428,0.0548020032581017,3212.5930827279262,3211.212174596875,3200.0,3200.0,21,27,0.02996,0.0300475,OK,正常双期限插值,HIST_CLEAN_SURFACE,2815.504,2788.548,-0.01483080712531637,-0.015904418913649132,2863.7526,2834.4914,2830.527,2870.1974,False,False,False,False,False,False,False,False,False,,,,2024-02-01,2773.424
2024-02-01 00:00:00,2024-02-01,22.3724,0.0500526127564309,2024-02-19,2024-03-15,18,43,0.0395545252764818,0.0548133733578031,3214.615961721713,3212.6641559352074,3200.0,3200.0,21,27,0.02996,0.03004125,OK,正常双期限插值,HIST_CLEAN_SURFACE,2773.424,2770.74,-0.006386119227641096,-0.026370237516269768,2836.6787999999997,2826.987,2788.548,2863.7526,False,False,False,False,False,False,False,False,False,,,,2024-02-02,2773.295
2024-02-02 00:00:00,2024-02-02,23.9888,0.0575462737728727,2024-02-19,2024-03-15,17,42,0.0473334966903102,0.0613620366388851,3167.1389204395327,3159.9166962383338,3150.0,3150.0,21,27,0.02996,0.030035,OK,正常双期限插值,HIST_CLEAN_SURFACE,2773.295,2730.152,-0.014648794184946912,-0.03605824143737246,2800.6645999999996,2816.7743,2770.74,2836.6787999999997,False,False,False,False,False,False,False,False,False,,,,2024-02-05,2716.081
2024-02-05 00:00:00,2024-02-05,27.2494,0.0742528741846845,2024-02-19,2024-03-15,14,39,0.058138427108731,0.0775067529211751,3171.8249590423275,3140.3317141038774,3150.0,3100.0,21,27,0.02996,0.03001625,OK,正常双期限插值,HIST_CLEAN_SURFACE,2716.081,2702.185,-0.010243751996225847,-0.019647431013590566,2764.4303999999997,2811.3588,2730.152,2800.6645999999996,False,False,False,False,False,False,False,False,False,,,,2024-02-06,2680.485
2024-02-06 00:00:00,2024-02-06,22.7925,0.0519496079555067,2024-02-19,2024-03-15,13,38,0.0299107668607622,0.055497656676642,3301.1775855107444,3278.5059147272177,3300.0,3250.0,21,27,0.02996,0.03001,OK,正常双期限插值,HIST_CLEAN_SURFACE,2680.485,2789.486,0.03230755851283318,0.006679956809441778,2756.2221999999997,2813.2097999999996,2702.185,2764.4303999999997,False,True,True,False,False,True,False,True,False,,,,2024-02-07,2791.515
2024-02-07 00:00:00,2024-02-07,22.363,0.0500105083984198,2024-02-19,2024-03-15,12,37,0.0200935073160619,0.0537838238502487,3336.5284513441197,3320.884127038876,3300.0,3300.0,21,27,0.02996,0.03000375,OK,正常双期限插值,HIST_CLEAN_SURFACE,2791.515,2829.696,0.014414842017489882,0.003163672923582661,2764.4518,2814.1022000000003,2789.486,2756.2221999999997,False,False,False,False,False,False,False,False,False,,,,2024-02-08,2832.486
2024-02-08 00:00:00,2024-02-08,21.7023,0.0470990181576412,2024-02-19,2024-03-15,11,36,0.0206204091439325,0.0496539716589639,3362.1658548120618,3354.884035476356,3350.0,3350.0,21,27,0.02996,0.0299975,OK,正常双期限插值,HIST_CLEAN_SURFACE,2832.486,2865.903,0.012795367417560044,-0.013834993800989626,2783.4844000000003,2810.0816,2829.696,2764.4518,False,False,False,False,False,False,False,False,False,,,,2024-02-19,2886.587
2024-02-19 00:00:00,2024-02-19,21.5968,0.0466423530975339,2024-03-15,2024-04-19,25,60,0.0483858611425385,0.0422835829850226,3377.1839487988827,3383.909153787013,3350.0,3350.0,27,19,0.02996,0.0301475,OK,正常双期限插值,HIST_CLEAN_SURFACE,2886.587,2910.544,0.015576591391962769,0.00011030082574414735,2819.5628,2810.1137,2865.903,2783.4844000000003,False,False,False,False,False,False,False,False,False,,,,2024-02-20,2902.877
2024-02-20 00:00:00,2024-02-20,19.6281,0.0385263434929398,2024-03-15,2024-04-19,24,59,0.0395321236843435,0.036548877353909,3386.872566445267,3386.819042915527,3350.0,3350.0,27,19,0.02996,0.03014125,OK,正常双期限插值,HIST_CLEAN_SURFACE,2902.877,2922.73,0.004186846170338043,0.013655615192851522,2863.6718,2814.0510999999997,2910.544,2819.5628,False,False,False,False,False,False,True,False,True,,AVIX<20,AVIX<20,2024-02-21,2906.024
2024-02-21 00:00:00,2024-02-21,19.0779,0.0363967060458591,2024-03-15,2024-04-19,23,58,0.0374944637412679,0.034655435218659,3454.8995987590906,3463.185274911731,3450.0,3450.0,27,20,0.02996,0.030135,OK,正常双期限插值,HIST_CLEAN_SURFACE,2906.024,2950.956,0.009657409339898004,0.0425464939921083,2895.9658,2826.094,2922.73,2863.6718,False,False,False,False,False,False,False,False,False,,,,2024-02-22,2945.447
2024-02-22 00:00:00,2024-02-22,19.9009,0.0396046029345744,2024-03-15,2024-04-19,22,57,0.0418431829885915,0.0366885578642099,3484.595689673444,3482.5511355086296,3450.0,3450.0,28,21,0.02996,0.03012875,OK,正常双期限插值,HIST_CLEAN_SURFACE,2945.447,2988.358,0.012674536658628499,0.07165377823871077,2927.6982,2846.075,2950.956,2895.9658,False,False,False,False,False,False,False,False,False,,,,2024-02-23,2992.912
2024-02-23 00:00:00,2024-02-23,20.1179,0.0404728973852738,2024-03-15,2024-04-19,21,56,0.0425562219461393,0.0382159624443362,3486.746077790316,3487.6004334106856,3450.0,3450.0,28,21,0.02996,0.0301225,OK,正常双期限插值,HIST_CLEAN_SURFACE,2992.912,3004.881,0.005529123351352139,0.08450486151713976,2955.4937999999997,2869.4891,2988.358,2927.6982,False,False,False,False,False,False,False,False,False,,,,2024-02-26,3002.118
2024-02-26 00:00:00,2024-02-26,20.2635,0.0410610149863237,2024-03-15,2024-04-19,18,53,0.0453669097953007,0.0382581211955745,3446.816685372208,3448.228441967274,3400.0,3400.0,28,21,0.02996,0.03010375,OK,正常双期限插值,HIST_CLEAN_SURFACE,3002.118,2977.022,-0.00927124901119214,0.09042353685802107,2968.7894,2894.1760999999997,3004.881,2955.4937999999997,False,False,False,False,False,False,False,False,False,,,,2024-02-27,2966.417
2024-02-27 00:00:00,2024-02-27,20.2638,0.041062203507401,2024-03-15,2024-04-19,17,52,0.0452411466399231,0.0387501846737276,3497.069260179078,3493.198768007997,3450.0,3450.0,28,21,0.02996,0.0300975,OK,正常双期限插值,HIST_CLEAN_SURFACE,2966.417,3015.481,0.012918614642417836,0.1159417286381208,2987.3396000000002,2925.5057,2977.022,2968.7894,False,False,False,False,False,False,False,False,False,,,,2024-02-28,3016.256
2024-02-28 00:00:00,2024-02-28,20.0718,0.0402875812847154,2024-03-15,2024-04-19,16,51,0.0454921023700894,0.0378383948915981,3457.6560883500683,3461.0131775203995,3450.0,3450.0,28,21,0.02996,0.03009125,OK,正常双期限插值,HIST_CLEAN_SURFACE,3016.256,2957.852,-0.019111047292289518,0.060357356158087905,2988.7188,2942.3423,3015.481,2987.3396000000002,False,False,False,False,False,False,False,False,False,,,,2024-02-29,2943.624
2024-02-29 00:00:00,2024-02-29,19.9734,0.0398936464996172,2024-03-15,2024-04-19,15,50,0.0433084959936332,0.0385277067020107,3518.2935364223213,3515.145317185784,3500.0,3500.0,28,21,0.02996,0.030085,OK,正常双期限插值,HIST_CLEAN_SURFACE,2943.624,3015.171,0.019378589598127327,0.06554591023205325,2994.0814,2960.8898,2957.852,2988.7188,False,False,False,False,False,False,False,False,False,,,,2024-03-01,3013.823
2024-03-01 00:00:00,2024-03-01,19.9305,0.0397225103311384,2024-03-15,2024-04-19,14,49,0.0429098025446592,0.0386411076158367,3541.4476021841583,3541.1659225574017,3500.0,3500.0,27,22,0.02996,0.03007875,OK,正常双期限插值,HIST_CLEAN_SURFACE,3013.823,3027.02,0.003929793699926298,0.056218581019664704,2998.5092,2977.0015,3015.171,2994.0814,False,False,False,False,False,False,False,False,False,,,,2024-03-04,3026.607
2024-03-04 00:00:00,2024-03-04,20.2247,0.0409040332521492,2024-03-15,2024-04-19,11,46,0.0488358000738515,0.0393067895901131,3530.537310157595,3532.0960811277173,3500.0,3500.0,28,22,0.02996,0.03006,OK,正常双期限插值,HIST_CLEAN_SURFACE,3026.607,3039.306,0.004058777279304371,0.04423983970006984,3010.966,2989.8777,3027.02,2998.5092,False,False,False,False,False,False,False,False,False,,,,2024-03-05,3027.103
2024-03-05 00:00:00,2024-03-05,19.1174,0.0365476220982614,2024-03-15,2024-04-19,10,45,0.0412133972945692,0.0357699928988767,3548.2216503286268,3546.417984554123,3500.0,3500.0,28,21,0.02996,0.03005375,OK,正常双期限插值,HIST_CLEAN_SURFACE,3027.103,3047.793,0.002792413794465043,0.04278978899864172,3017.4284,3002.384,3039.306,3010.966,False,False,False,False,False,False,False,False,False,,,,2024-03-06,3041.752
2024-03-06 00:00:00,2024-03-06,18.2239,0.0332111665601996,2024-03-15,2024-04-19,9,44,0.0383152699744119,0.0325151524582616,3545.2261835267195,3544.0748138224994,3500.0,3500.0,29,23,0.02996,0.0300475,OK,正常双期限插值,HIST_CLEAN_SURFACE,3041.752,3039.931,-0.002579571512894785,0.030151245901328227,3033.8442000000005,3011.2815,3047.793,3017.4284,False,False,False,False,False,False,False,False,False,,,,2024-03-07,3040.211
2024-03-07 00:00:00,2024-03-07,17.4906,0.0305920869280611,2024-03-15,2024-04-19,8,43,0.0350607108888593,0.0301008217146118,3524.2158963309803,3518.7620420631574,3500.0,3500.0,28,23,0.02996,0.03004125,OK,正常双期限插值,HIST_CLEAN_SURFACE,3040.211,3027.401,-0.0041218040804216205,0.013065034376737783,3036.2902000000004,3015.1858,3039.931,3033.8442000000005,False,False,False,False,False,False,False,False,False,,,,2024-03-08,3026.165
2024-03-08 00:00:00,2024-03-08,17.0476,0.0290620099814044,2024-03-15,2024-04-19,7,42,0.0320534366530871,0.0288018859229972,3539.8754826227378,3535.792358065597,3500.0,3500.0,29,23,0.02996,0.030035,OK,正常双期限插值,HIST_CLEAN_SURFACE,3026.165,3046.019,0.006149829507224203,0.013690392398234774,3040.09,3019.2996,3027.401,3036.2902000000004,False,False,False,False,False,False,False,False,False,,,,2024-03-11,3042.619
2024-03-11 00:00:00,2024-03-11,17.0148,0.0289504195809662,2024-04-19,2024-05-17,39,67,0.0287586407537517,0.0284914861685774,3580.472131777261,3572.2808246124378,3550.0,3550.0,23,18,0.03001625,0.03019125,WARN,期限未夹住30日,HIST_CLEAN_SURFACE,3042.619,3068.455,0.007365679596877062,0.03071290705947094,3045.9197999999997,3028.4429,3046.019,3040.09,False,False,False,False,False,False,False,False,False,,,,2024-03-12,3068.182
2024-03-12 00:00:00,2024-03-12,17.0935,0.0292186707609585,2024-04-19,2024-05-17,38,66,0.0290940711617871,0.0288958445267415,3594.349916400492,3588.996350186285,3550.0,3550.0,23,18,0.03001,0.030185,WARN,期限未夹住30日,HIST_CLEAN_SURFACE,3068.182,3055.935,-0.004080229301065219,0.013415438532028423,3047.5482,3032.4883,3068.455,3045.9197999999997,False,False,False,False,False,False,False,False,False,,,,2024-03-13,3053.341
2024-03-13 00:00:00,2024-03-13,17.2022,0.0295916889562309,2024-04-19,2024-05-17,37,65,0.0293976235318374,0.0290393489021878,3573.4712788805978,3579.618815116395,3550.0,3550.0,24,18,0.03000375,0.03017875,WARN,期限未夹住30日,HIST_CLEAN_SURFACE,3053.341,3043.835,-0.003959508301060066,0.029069405771485535,3048.3289999999997,3041.0866,3055.935,3047.5482,False,False,False,False,False,False,False,False,False,,,,2024-03-14,3042.413
2024-03-14 00:00:00,2024-03-14,16.5538,0.0274028584007627,2024-04-19,2024-05-17,36,64,0.0282618875502748,0.0301410138148324,3563.9509433530334,3564.574157149704,3550.0,3550.0,23,19,0.0299975,0.0301725,WARN,期限未夹住30日,HIST_CLEAN_SURFACE,3042.413,3038.234,-0.0018401128839112824,0.007648985745750458,3050.4955999999997,3043.3929,3043.835,3048.3289999999997,False,False,False,False,False,False,False,False,False,,,,2024-03-15,3031.523
2024-03-15 00:00:00,2024-03-15,16.1147,0.0259684258831863,2024-04-19,2024-05-17,35,63,0.0267445004216537,0.0288140325242333,3575.85543423664,3571.2718206641266,3550.0,3550.0,24,19,0.02999125,0.03016625,WARN,期限未夹住30日,HIST_CLEAN_SURFACE,3031.523,3054.636,0.005398530857070316,0.009123164035916398,3052.219,3046.1545,3038.234,3050.4955999999997,False,False,False,False,False,False,False,False,False,,,,2024-03-18,3057.209
2024-03-18 00:00:00,2024-03-18,16.1164,0.0259738924034791,2024-04-19,2024-05-17,32,60,0.0262295796867815,0.0280193906698985,3607.839682352728,3602.874522960361,3600.0,3600.0,24,19,0.0299725,0.0301475,WARN,期限未夹住30日,HIST_CLEAN_SURFACE,3057.209,3084.926,0.009916075106821243,0.01501000557364085,3055.5132,3050.7165,3054.636,3052.219,False,False,False,False,False,False,False,False,False,,,,2024-03-19,3077.981
2024-03-19 00:00:00,2024-03-19,16.1809,0.0261820150561639,2024-04-19,2024-05-17,31,59,0.0262465395699044,0.0271651936638362,3582.139280552528,3581.022519243485,3550.0,3550.0,24,19,0.02996625,0.03014125,WARN,期限未夹住30日,HIST_CLEAN_SURFACE,3077.981,3062.756,-0.007186558121653475,0.004909454152562054,3056.8774,3052.2128000000002,3084.926,3055.5132,False,False,False,False,False,False,False,False,False,,,,2024-03-20,3058.648
2024-03-20 00:00:00,2024-03-20,16.1196,0.0259841413476804,2024-04-19,2024-05-17,30,58,0.0259841413476804,0.0268635797331102,3587.168441598561,3584.3232807839167,3550.0,3550.0,24,18,0.02996,0.030135,WARN,期限未夹住30日,HIST_CLEAN_SURFACE,3058.648,3079.686,0.005527701194610435,0.01307759945867204,3064.0476000000003,3056.1883,3062.756,3056.8774,False,False,False,False,False,False,False,False,False,,,,2024-03-21,3084.412
2024-03-21 00:00:00,2024-03-21,16.2217,0.0263142407771327,2024-04-19,2024-05-17,29,57,0.0263293937353507,0.0261060869826652,3585.966634935065,3583.5150788672245,3550.0,3550.0,24,19,0.02996,0.03012875,OK,正常双期限插值,HIST_CLEAN_SURFACE,3084.412,3077.113,-0.0008354747854165678,0.016420685597976714,3071.8234,3061.1595,3079.686,3064.0476000000003,False,False,False,False,False,False,False,False,False,,,,2024-03-22,3070.548
2024-03-22 00:00:00,2024-03-22,16.9202,0.028629457826788,2024-04-19,2024-05-17,28,56,0.028673927284228,0.0283404063534282,3541.850277842666,3540.513678882912,3500.0,3500.0,24,19,0.02996,0.0301225,OK,正常双期限插值,HIST_CLEAN_SURFACE,3070.548,3048.034,-0.00945009169309019,0.0006615191829073552,3070.5029999999997,3061.361,3077.113,3071.8234,False,False,False,False,False,False,False,False,False,,,,2024-03-25,3040.501
2024-03-25 00:00:00,2024-03-25,16.9224,0.0286367142757009,2024-04-19,2024-05-17,25,53,0.0287818047029343,0.0283218954241567,3530.110806126428,3528.119265882125,3500.0,3500.0,24,19,0.02996,0.03010375,OK,正常双期限插值,HIST_CLEAN_SURFACE,3040.501,3026.306,-0.007128529406168038,-0.013736228818737706,3058.779,3057.1461,3048.034,3070.5029999999997,False,False,False,False,False,False,False,False,False,,,,2024-03-26,3026.922
2024-03-26 00:00:00,2024-03-26,16.3143,0.026615558348907,2024-04-19,2024-05-17,24,52,0.0265155839647692,0.0267847457682171,3546.259537354813,3542.4542499867284,3500.0,3500.0,24,19,0.02996,0.0300975,OK,正常双期限插值,HIST_CLEAN_SURFACE,3026.922,3031.481,0.0017100055314962503,-0.008002133553233204,3052.5240000000003,3054.7007000000003,3026.306,3058.779,False,False,False,False,False,False,False,False,False,,,,2024-03-27,3026.814
2024-03-27 00:00:00,2024-03-27,16.9801,0.0288324702776825,2024-04-19,2024-05-17,23,51,0.0295455704644877,0.0278676876720048,3508.4189897451497,3510.376618732996,3500.0,3500.0,24,19,0.02996,0.03009125,OK,正常双期限插值,HIST_CLEAN_SURFACE,3026.814,2993.139,-0.012647943364975767,-0.01665530490318956,3035.2146000000002,3049.6310999999996,3031.481,3052.5240000000003,False,False,False,False,False,False,False,False,False,,,,2024-03-28,2988.59
2024-03-28 00:00:00,2024-03-28,16.2395,0.026372141478162,2024-04-19,2024-05-17,22,50,0.0271395170047484,0.0255280283989169,3525.0627762710087,3521.132932696022,3500.0,3500.0,24,19,0.02996,0.030085,OK,正常双期限插值,HIST_CLEAN_SURFACE,2988.59,3010.664,0.0058550571824429465,-0.009074350428571187,3021.9248,3046.8741,2993.139,3035.2146000000002,False,False,False,False,False,False,False,False,False,,,,2024-03-29,3008.376
2024-03-29 00:00:00,2024-03-29,15.7935,0.0249435970224874,2024-04-19,2024-05-17,21,49,0.0250211474901381,0.0248734323136606,3539.884949554064,3532.181824013313,3500.0,3500.0,23,18,0.02996,0.03007875,OK,正常双期限插值,HIST_CLEAN_SURFACE,3008.376,3041.167,0.010131652020949344,-0.004409363341491446,3020.5514000000003,3045.5272,3010.664,3021.9248,False,False,False,False,False,False,False,False,False,,,,2024-04-01,3049.021
2024-04-01 00:00:00,2024-04-01,15.4391,0.0238364919571318,2024-04-19,2024-05-17,18,46,0.0250148713824788,0.0232216853004289,3601.1477034816,3596.787854180618,3600.0,3550.0,23,19,0.02996,0.03006,OK,正常双期限插值,HIST_CLEAN_SURFACE,3049.021,3077.379,0.011907271123223317,-0.002446412004696419,3030.766,3044.7725,3041.167,3020.5514000000003,False,False,False,False,False,False,False,False,False,,,,2024-04-02,3076.875
2024-04-02 00:00:00,2024-04-02,15.5814,0.0242779567652095,2024-04-19,2024-05-17,17,45,0.0254813209381226,0.0237534134077859,3589.655296302689,3584.72318361577,3550.0,3550.0,24,19,0.02996,0.03005375,OK,正常双期限插值,HIST_CLEAN_SURFACE,3076.875,3074.959,-0.0007863834776282719,0.003984320004597253,3039.4616,3045.9928,3077.379,3030.766,False,False,False,False,False,False,False,False,False,,,,2024-04-03,3074.893
2024-04-03 00:00:00,2024-04-03,15.3762,0.0236426024346415,2024-04-19,2024-05-17,16,44,0.0242558338381422,0.0234196091970048,3574.5422887445447,3572.28055785814,3550.0,3550.0,24,19,0.02996,0.0300475,OK,正常双期限插值,HIST_CLEAN_SURFACE,3074.893,3069.296,-0.0018416505716011278,-0.003373720567616423,3054.693,3044.9538000000002,3074.959,3039.4616,False,False,False,False,False,False,False,False,False,,,,2024-04-08,3057.326
2024-04-08 00:00:00,2024-04-08,16.083,0.0258662682994786,2024-04-19,2024-05-17,11,39,0.0311432279947686,0.0251612493928205,3539.6544048950145,3534.53994206063,3500.0,3500.0,24,19,0.02996,0.03001625,OK,正常双期限插值,HIST_CLEAN_SURFACE,3057.326,3047.053,-0.0072469387116784745,-0.009768897014831746,3061.9708,3041.9478,3069.296,3054.693,False,False,False,False,False,False,False,False,False,,,,2024-04-09,3044.614
2024-04-09 00:00:00,2024-04-09,15.9079,0.025306273444047,2024-04-19,2024-05-17,10,38,0.0309558536139131,0.0247115807945874,3535.303002544089,3530.8330939708003,3500.0,3500.0,24,19,0.02996,0.03001,OK,正常双期限插值,HIST_CLEAN_SURFACE,3044.614,3048.537,0.0004870279578332859,0.00016502440589571954,3063.4447999999998,3041.9981,3047.053,3061.9708,False,False,False,False,False,False,False,False,False,,,,2024-04-10,3045.961
2024-04-10 00:00:00,2024-04-10,15.3323,0.0235080093893519,2024-04-19,2024-05-17,9,37,0.030179921864895,0.0229670435129565,3506.702876512032,3502.49609133813,3500.0,3500.0,24,19,0.02996,0.03000375,OK,正常双期限插值,HIST_CLEAN_SURFACE,3045.961,3027.335,-0.006954811439060737,0.0003400184911901416,3053.436,3042.1009999999997,3048.537,3063.4447999999998,False,False,False,False,False,False,False,False,False,,,,2024-04-11,3013.573
2024-04-11 00:00:00,2024-04-11,14.9137,0.0222418558578609,2024-04-19,2024-05-17,8,36,0.028624595002315,0.0218550231824394,3505.528585202921,3500.817278440637,3500.0,3500.0,24,19,0.02996,0.0299975,OK,正常双期限插值,HIST_CLEAN_SURFACE,3013.573,3034.246,0.002282865953057822,0.0009120954411390159,3045.2934,3042.3775,3027.335,3053.436,False,False,False,False,False,False,False,False,False,,,,2024-04-12,3035.577
2024-04-12 00:00:00,2024-04-12,15.2542,0.0232690996643664,2024-04-19,2024-05-17,7,35,0.0296309786755901,0.0229924962290958,3474.7020657505445,3471.3006866210026,3450.0,3450.0,24,19,0.02996,0.02999125,OK,正常双期限插值,HIST_CLEAN_SURFACE,3035.577,3019.474,-0.004868425302365087,0.008798455400835126,3035.329,3045.011,3034.246,3045.2934,False,False,False,False,False,False,False,False,False,,,,2024-04-15,3013.672
2024-04-15 00:00:00,2024-04-15,15.812,0.025001865654465,2024-05-17,2024-06-21,32,67,0.0253414516237755,0.0280023864579255,3541.023824372127,3521.3873792294107,3500.0,3500.0,19,25,0.0299725,0.03019125,WARN,期限未夹住30日,HIST_CLEAN_SURFACE,3013.672,3057.378,0.01255317979224202,0.015516178490857735,3037.3940000000002,3049.6824,3019.474,3035.329,False,False,False,False,False,False,False,False,False,,,,2024-04-16,3043.551
2024-04-16 00:00:00,2024-04-16,17.2556,0.0297756411317608,2024-05-17,2024-06-21,31,66,0.0298455385478415,0.0309575428945797,3508.0339530408373,3490.1608201536583,3500.0,3450.0,19,25,0.02996625,0.030185,WARN,期限未夹住30日,HIST_CLEAN_SURFACE,3043.551,3007.068,-0.01645527638388189,-0.011212472054313305,3029.1002,3046.2725,3057.378,3037.3940000000002,False,False,False,False,False,False,False,False,False,,,,2024-04-17,3008.061
2024-04-17 00:00:00,2024-04-17,16.1438,0.0260622681489559,2024-05-17,2024-06-21,30,65,0.0260622681489559,0.0287785279179132,3566.356006538408,3549.4651272572,3550.0,3500.0,19,25,0.02996,0.03017875,WARN,期限未夹住30日,HIST_CLEAN_SURFACE,3008.061,3071.381,0.02138727823913511,-0.0019490611978569827,3037.9094000000005,3045.6727,3007.068,3029.1002,False,False,False,False,False,False,False,False,False,,,,2024-04-18,3060.031
2024-04-18 00:00:00,2024-04-18,16.1962,0.0262315926008765,2024-05-17,2024-06-21,29,64,0.0260763251766879,0.028623681354782,3573.0293564343137,3561.655269269128,3550.0,3550.0,19,25,0.02996,0.0301725,OK,正常双期限插值,HIST_CLEAN_SURFACE,3060.031,3074.225,0.0009259678301063445,-0.0002387023696901469,3045.9052,3045.5993,3071.381,3037.9094000000005,False,False,False,False,False,False,False,False,False,,,,2024-04-19,3060.299
2024-04-19 00:00:00,2024-04-19,16.6885,0.0278506542013634,2024-05-17,2024-06-21,28,63,0.0275522029844385,0.0300392964588121,3541.2947989129448,3530.457688950022,3500.0,3500.0,19,25,0.02996,0.03016625,OK,正常双期限插值,HIST_CLEAN_SURFACE,3060.299,3065.261,-0.0029158568419682673,-0.0013146337140503839,3055.0626,3045.1958,3074.225,3045.9052,False,False,False,False,False,False,False,False,False,,,,2024-04-22,3059.065
2024-04-22 00:00:00,2024-04-22,16.5628,0.027432641716842,2024-05-17,2024-06-21,25,60,0.0266805725540452,0.0293128146238341,3534.56024661775,3520.4270748127537,3500.0,3500.0,19,25,0.02996,0.0301475,OK,正常双期限插值,HIST_CLEAN_SURFACE,3059.065,3044.595,-0.0067420033726329764,-0.0008066810784059797,3052.506,3044.95,3065.261,3055.0626,False,False,False,False,False,False,False,False,False,,,,2024-04-23,3038.612
2024-04-23 00:00:00,2024-04-23,16.3925,0.0268714303150693,2024-05-17,2024-06-21,24,59,0.0261404562942209,0.0283085995763984,3510.544454252979,3500.516480488576,3500.0,3500.0,19,25,0.02996,0.03014125,OK,正常双期限插值,HIST_CLEAN_SURFACE,3038.612,3021.978,-0.007428574243864894,-0.008712047778983711,3055.4880000000003,3042.2941,3044.595,3052.506,False,False,False,False,False,False,False,False,False,,,,2024-04-24,3029.403
2024-04-24 00:00:00,2024-04-24,16.2055,0.0262617497793521,2024-05-17,2024-06-21,23,58,0.0253579846675133,0.0276953082326136,3524.6338710287814,3512.5164641363563,3500.0,3500.0,19,25,0.02996,0.030135,OK,正常双期限插值,HIST_CLEAN_SURFACE,3029.403,3044.822,0.007559287327703945,0.005776367663307802,3050.1762000000003,3044.0428,3021.978,3055.4880000000003,False,False,False,False,False,False,False,False,False,,,,2024-04-25,3037.927
2024-04-25 00:00:00,2024-04-25,15.3591,0.0235901419406173,2024-05-17,2024-06-21,22,57,0.0221884233866053,0.0254160647938697,3533.29673966375,3521.867948535254,3500.0,3500.0,19,25,0.02996,0.03012875,OK,正常双期限插值,HIST_CLEAN_SURFACE,3037.927,3052.9,0.0026530286499506506,0.006147820578819241,3045.9112,3045.9082000000003,3044.822,3050.1762000000003,False,False,False,False,False,False,False,False,False,,,,2024-04-26,3054.979
2024-04-26 00:00:00,2024-04-26,15.3495,0.0235608132329552,2024-05-17,2024-06-21,21,56,0.0223255596336505,0.0248990046322019,3588.8947620376784,3577.9724669437023,3550.0,3550.0,19,25,0.02996,0.0301225,OK,正常双期限插值,HIST_CLEAN_SURFACE,3054.979,3088.636,0.011705591404893578,0.02290531397190354,3050.5862,3052.8244,3052.9,3045.9112,False,False,False,False,False,False,False,False,False,,,,2024-04-29,3086.682
2024-04-29 00:00:00,2024-04-29,17.0994,0.0292389935533373,2024-05-17,2024-06-21,18,53,0.0281522195940246,0.0299464218853428,3634.228380071157,3625.736423682773,3600.0,3600.0,19,25,0.02996,0.03010375,OK,正常双期限插值,HIST_CLEAN_SURFACE,3086.682,3113.043,0.007902193719169226,0.018206777179661682,3064.2758000000003,3058.3909,3088.636,3050.5862,False,False,False,False,False,False,False,False,False,,,,2024-04-30,3110.159
2024-04-30 00:00:00,2024-04-30,16.0852,0.025873214809614,2024-05-17,2024-06-21,17,52,0.0242411570058222,0.0267761580324219,3611.546379342848,3605.80672711244,3600.0,3600.0,18,25,0.02996,0.0300975,OK,正常双期限插值,HIST_CLEAN_SURFACE,3110.159,3104.825,-0.0026398607407608354,0.03250907528529434,3080.8451999999997,3068.1666,3113.043,3064.2758000000003,False,False,False,False,False,False,False,False,False,,,,2024-05-06,3132.512
2024-05-06 00:00:00,2024-05-06,17.0657,0.0291239224266218,2024-05-17,2024-06-21,11,46,0.0297532106839632,0.0289972007638162,3657.863757932356,3651.772121440001,3650.0,3650.0,18,25,0.02996,0.03006,OK,正常双期限插值,HIST_CLEAN_SURFACE,3132.512,3140.72,0.011561038061726592,0.022575838035072904,3100.0248,3075.1004999999996,3104.825,3080.8451999999997,False,False,False,False,False,False,False,False,False,,,,2024-05-07,3139.664
2024-05-07 00:00:00,2024-05-07,16.9217,0.0286342928911915,2024-05-17,2024-06-21,10,45,0.0288107048987757,0.0286048908899275,3659.7669894128503,3649.292722216544,3650.0,3600.0,20,26,0.02996,0.03005375,OK,正常双期限插值,HIST_CLEAN_SURFACE,3139.664,3147.738,0.002234519473241825,0.023912693443062905,3118.9924,3082.4518,3140.72,3100.0248,False,False,False,False,False,False,False,False,False,,,,2024-05-08,3141.487
2024-05-08 00:00:00,2024-05-08,16.4419,0.0270334588542356,2024-05-17,2024-06-21,9,44,0.0266349701789401,0.0270877982190486,3627.7464277928666,3617.526871210688,3600.0,3600.0,20,26,0.02996,0.0300475,OK,正常双期限插值,HIST_CLEAN_SURFACE,3141.487,3128.48,-0.006118044132008338,0.020624344876341683,3126.9611999999997,3088.7736999999997,3147.738,3118.9924,False,False,False,False,False,False,False,False,False,,,,2024-05-09,3128.164
2024-05-09 00:00:00,2024-05-09,16.4265,0.0269830211808795,2024-05-17,2024-06-21,8,43,0.0258514687577264,0.0271074201787737,3664.616738217677,3654.415599655256,3650.0,3650.0,19,24,0.02996,0.03004125,OK,正常双期限插值,HIST_CLEAN_SURFACE,3128.164,3154.32,0.008259602107093533,0.03603927615988356,3135.2165999999997,3099.7462,3128.48,3126.9611999999997,False,False,False,False,False,False,False,False,False,,,,2024-05-10,3158.589
2024-05-10 00:00:00,2024-05-10,16.271,0.0264746068453088,2024-05-17,2024-06-21,7,42,0.0242182899568373,0.0266708083138716,3664.46888738264,3651.4188851675726,3650.0,3650.0,19,25,0.02996,0.030035,OK,正常双期限插值,HIST_CLEAN_SURFACE,3158.589,3154.547,7.196479748405871e-05,0.043868287591769306,3145.1609999999996,3113.0031000000004,3154.32,3135.2165999999997,False,False,False,False,False,False,False,False,False,,,,2024-05-13,3139.475
2024-05-13 00:00:00,2024-05-13,16.1894,0.0262095542315041,2024-06-21,2024-07-19,39,67,0.0262078424469569,0.0262054578714683,3651.043236618614,3626.619732639885,3650.0,3600.0,26,18,0.03001625,0.03019125,WARN,期限未夹住30日,HIST_CLEAN_SURFACE,3139.475,3148.021,-0.00206875979340293,0.03389327849049972,3146.6212,3123.3230000000003,3154.547,3145.1609999999996,False,False,False,False,False,False,False,False,False,,,,2024-05-14,3148.849
2024-05-14 00:00:00,2024-05-14,16.1695,0.0261452918938286,2024-06-21,2024-07-19,38,66,0.0260905331860907,0.026003417060144,3642.005090321757,3623.212512106368,3600.0,3600.0,25,18,0.03001,0.030185,WARN,期限未夹住30日,HIST_CLEAN_SURFACE,3148.849,3145.774,-0.0007137817695626048,0.03042156637950799,3146.2284,3132.6104,3148.021,3146.6212,False,False,False,False,False,False,False,False,False,,,,2024-05-15,3141.252
2024-05-15 00:00:00,2024-05-15,15.8772,0.0252086002692434,2024-06-21,2024-07-19,37,65,0.0254800988569135,0.025981327018766,3616.231375554089,3598.5595738269244,3600.0,3550.0,26,19,0.03000375,0.03017875,WARN,期限未夹住30日,HIST_CLEAN_SURFACE,3141.252,3119.902,-0.008224367039717406,0.010122915099092245,3144.5128,3135.737,3145.774,3146.2284,False,False,False,False,False,False,False,False,False,,,,2024-05-16,3127.184
2024-05-16 00:00:00,2024-05-16,15.7945,0.0249467452627556,2024-06-21,2024-07-19,36,64,0.024956952329553,0.0249792802881723,3627.4301378699215,3607.158943922349,3600.0,3600.0,26,18,0.0299975,0.0301725,WARN,期限未夹住30日,HIST_CLEAN_SURFACE,3127.184,3122.401,0.0008009866976590452,0.0030060619143390532,3138.129,3136.6728,3119.902,3144.5128,False,False,False,False,False,False,False,False,False,,,,2024-05-17,3121.713
2024-05-17 00:00:00,2024-05-17,15.5792,0.0242712255412597,2024-06-21,2024-07-19,35,63,0.024414070070836,0.0247949888163729,3674.372221304409,3648.6597742023023,3650.0,3600.0,26,19,0.02999125,0.03016625,WARN,期限未夹住30日,HIST_CLEAN_SURFACE,3121.713,3154.026,0.010128423607345782,0.015846625816269944,3138.0248,3141.5929,3122.401,3138.129,False,False,False,False,False,False,False,False,False,,,,2024-05-20,3156.148
2024-05-20 00:00:00,2024-05-20,15.3148,0.023454344722592,2024-06-21,2024-07-19,32,60,0.0234842056863546,0.0236932324326925,3675.812188180806,3651.038821815987,3650.0,3650.0,26,19,0.0299725,0.0301475,WARN,期限未夹住30日,HIST_CLEAN_SURFACE,3156.148,3171.145,0.0054276661004062365,0.009687269161211542,3142.6495999999997,3144.6354,3154.026,3138.0248,False,False,False,False,False,False,False,False,False,,,,2024-05-21,3164.683
2024-05-21 00:00:00,2024-05-21,15.1704,0.0230141212049214,2024-06-21,2024-07-19,31,59,0.0230398696701823,0.0234064579891511,3662.562662410348,3632.113124955255,3650.0,3600.0,26,20,0.02996625,0.03014125,WARN,期限未夹住30日,HIST_CLEAN_SURFACE,3164.683,3157.966,-0.004155912138990803,0.0032493174463694707,3145.088,3145.6582,3171.145,3142.6495999999997,False,False,False,False,False,False,False,False,False,,,,2024-05-22,3157.189
2024-05-22 00:00:00,2024-05-22,15.2825,0.0233555433762824,2024-06-21,2024-07-19,30,58,0.0233555433762824,0.0234669080077284,3669.3978854395623,3642.045430742178,3650.0,3600.0,26,19,0.02996,0.030135,WARN,期限未夹住30日,HIST_CLEAN_SURFACE,3157.189,3158.54,0.00018176256489144116,0.009608499974428364,3152.8156,3148.6642,3157.966,3145.088,False,False,False,False,False,False,False,False,False,,,,2024-05-23,3149.875
2024-05-23 00:00:00,2024-05-23,15.2983,0.0234038901307739,2024-06-21,2024-07-19,29,57,0.0234243013963918,0.0231235037978128,3629.27981969168,3598.8143518176967,3600.0,3550.0,26,20,0.02996,0.03012875,OK,正常双期限插值,HIST_CLEAN_SURFACE,3149.875,3116.387,-0.013345723023928668,-0.01202572979279215,3151.6128,3144.8709000000003,3158.54,3152.8156,False,False,False,False,False,False,False,False,False,,,,2024-05-24,3110.753
2024-05-24 00:00:00,2024-05-24,16.2307,0.0263434037089278,2024-06-21,2024-07-19,28,56,0.0265264546231933,0.0251535727662018,3592.3138046044364,3563.029533935758,3550.0,3550.0,26,20,0.02996,0.0301225,OK,正常双期限插值,HIST_CLEAN_SURFACE,3110.753,3088.871,-0.0088294553917726,-0.020819471068270645,3138.5818,3138.3033,3116.387,3151.6128,False,False,False,False,False,False,False,False,False,,,,2024-05-27,3094.14
2024-05-27 00:00:00,2024-05-27,15.7102,0.0246808994177404,2024-06-21,2024-07-19,25,53,0.0246665345878611,0.0247120683882333,3619.709650891578,3588.7320006883792,3600.0,3550.0,25,20,0.02996,0.03010375,OK,正常双期限插值,HIST_CLEAN_SURFACE,3094.14,3124.043,0.011386684649504542,-0.007616848807552423,3129.1614,3135.9055,3088.871,3138.5818,False,False,False,False,False,False,False,False,False,,,,2024-05-28,3122.388
2024-05-28 00:00:00,2024-05-28,15.205,0.0231191511603493,2024-06-21,2024-07-19,24,52,0.0229925999742666,0.0233333147060277,3595.289130525165,3566.867944227336,3550.0,3550.0,26,19,0.02996,0.0300975,OK,正常双期限插值,HIST_CLEAN_SURFACE,3122.388,3109.572,-0.004632138546108333,-0.011508137583945866,3119.4826000000003,3132.2853,3124.043,3129.1614,False,False,False,False,False,False,False,False,False,,,,2024-05-29,3108.027
2024-05-29 00:00:00,2024-05-29,15.096,0.0227888323897614,2024-06-21,2024-07-19,23,51,0.0222404341303733,0.0235307829759924,3599.7350424236147,3573.478560731053,3550.0,3550.0,25,20,0.02996,0.03009125,OK,正常双期限插值,HIST_CLEAN_SURFACE,3108.027,3111.018,0.00046501576422741664,-0.0028475253389369515,3109.9782000000005,3131.3968999999997,3109.572,3119.4826000000003,False,False,False,False,False,False,False,False,False,,,,2024-05-30,3103.708
2024-05-30 00:00:00,2024-05-30,15.2839,0.0233598482904584,2024-06-21,2024-07-19,22,50,0.0230175305503628,0.0237363978045636,3586.970444703961,3556.4718753512147,3550.0,3550.0,26,20,0.02996,0.030085,OK,正常双期限插值,HIST_CLEAN_SURFACE,3103.708,3091.678,-0.006216614625823458,-0.00983954335141446,3105.0364,3128.3246,3111.018,3109.9782000000005,False,False,False,False,False,False,False,False,False,,,,2024-05-31,3094.759
2024-05-31 00:00:00,2024-05-31,15.3183,0.0234648807793572,2024-06-21,2024-07-19,21,49,0.0228337032695275,0.0240359461453935,3573.81323626464,3544.408178386852,3550.0,3500.0,25,20,0.02996,0.03007875,OK,正常双期限插值,HIST_CLEAN_SURFACE,3094.759,3086.813,-0.0015735791372839536,-0.021310223821870755,3104.6248000000005,3121.6032999999998,3091.678,3105.0364,False,False,False,False,False,False,False,False,False,,,,2024-06-03,3085.981
2024-06-03 00:00:00,2024-06-03,15.2177,0.0231579848525866,2024-06-21,2024-07-19,18,46,0.0223148680808916,0.0235978718639058,3574.452807508202,3545.515818451149,3550.0,3500.0,26,20,0.02996,0.03006,OK,正常双期限插值,HIST_CLEAN_SURFACE,3085.981,3078.489,-0.002696632416670508,-0.029218468408098608,3095.514,3112.3377,3086.813,3104.6248000000005,False,False,False,False,False,False,False,False,False,,,,2024-06-04,3071.32
2024-06-04 00:00:00,2024-06-04,14.8394,0.0220206956123461,2024-06-21,2024-07-19,17,45,0.0209187571213519,0.0225010277750872,3599.879797741855,3573.1307867933388,3550.0,3550.0,21,20,0.02996,0.03005375,OK,正常双期限插值,HIST_CLEAN_SURFACE,3071.32,3091.199,0.004128648827395498,-0.02114240621969954,3091.8394,3105.661,3078.489,3095.514,False,False,False,False,False,False,False,False,False,,,,2024-06-05,3086.051
2024-06-05 00:00:00,2024-06-05,14.9066,0.0222205741156668,2024-06-21,2024-07-19,16,44,0.021538180947841,0.0224687170857853,3584.9688216195414,3558.9720065484807,3550.0,3550.0,24,20,0.02996,0.0300475,OK,正常双期限插值,HIST_CLEAN_SURFACE,3086.051,3065.403,-0.008344981995659362,-0.02948735808316505,3082.7164,3096.3473000000004,3091.199,3091.8394,False,False,False,False,False,False,False,False,False,,,,2024-06-06,3069.439
2024-06-06 00:00:00,2024-06-06,15.4355,0.0238253905490594,2024-06-21,2024-07-19,15,43,0.024278093380756,0.0236885269022674,3585.876934486126,3555.2001957464554,3550.0,3550.0,25,20,0.02996,0.03004125,OK,正常双期限插值,HIST_CLEAN_SURFACE,3069.439,3048.794,-0.005418210917129018,-0.0216895398421314,3074.1396,3089.588,3065.403,3082.7164,False,False,False,False,False,False,False,False,False,,,,2024-06-07,3053.915
2024-06-07 00:00:00,2024-06-07,15.8611,0.025157430468445,2024-06-21,2024-07-19,14,42,0.023962660777305,0.02545612289123,3561.155387324992,3533.9849485702016,3550.0,3500.0,25,20,0.02996,0.030035,OK,正常双期限插值,HIST_CLEAN_SURFACE,3053.915,3051.279,0.0008150763875813816,-0.01217014242420611,3067.0328,3085.8288000000002,3048.794,3074.1396,False,False,False,False,False,False,False,False,False,,,,2024-06-11,3042.134
2024-06-11 00:00:00,2024-06-11,16.1401,0.0260502495351496,2024-06-21,2024-07-19,10,38,0.0281458594500201,0.0258296590177947,3537.348595453842,3511.570279571374,3500.0,3500.0,23,20,0.02996,0.03001,OK,正常双期限插值,HIST_CLEAN_SURFACE,3042.134,3028.045,-0.0076145118161924374,-0.030728770378640746,3056.944,3076.2290000000003,3051.279,3067.0328,False,False,False,False,False,False,False,False,False,,,,2024-06-12,3025.296
2024-06-12 00:00:00,2024-06-12,15.5625,0.0242191823781872,2024-06-21,2024-07-19,9,37,0.0273080872607833,0.0239687306309497,3532.843420927872,3508.1701429612813,3500.0,3500.0,25,20,0.02996,0.03000375,OK,正常双期限插值,HIST_CLEAN_SURFACE,3025.296,3037.468,0.003111908838871136,-0.023187757028941713,3046.1978,3069.0186000000003,3028.045,3056.944,False,False,False,False,False,False,False,False,False,,,,2024-06-13,3038.086
2024-06-13 00:00:00,2024-06-13,15.0745,0.0227240158951397,2024-06-21,2024-07-19,8,36,0.0233453280566586,0.0226863606126234,3516.778191810389,3489.272880529601,3500.0,3450.0,25,20,0.02996,0.0299975,OK,正常双期限插值,HIST_CLEAN_SURFACE,3038.086,3028.919,-0.002814515247568039,-0.026389754093354756,3038.901,3060.8087,3037.468,3046.1978,False,False,False,False,False,False,False,False,False,,,,2024-06-14,3020.959
2024-06-14 00:00:00,2024-06-14,14.8218,0.0219685729259918,2024-06-21,2024-07-19,7,35,0.0235024435209931,0.0219018829001221,3533.3724882287984,3506.6069782781165,3500.0,3500.0,26,20,0.02996,0.02999125,OK,正常双期限插值,HIST_CLEAN_SURFACE,3020.959,3032.633,0.0012261800332065143,-0.01909804319854791,3035.6688,3054.9042,3028.919,3038.901,False,False,False,False,False,False,False,False,False,,,,2024-06-17,3017.717
2024-06-17 00:00:00,2024-06-17,14.9103,0.0222317295435459,2024-07-19,2024-08-16,32,60,0.0221900929623074,0.021898636893638,3501.7421442105037,3496.488290491462,3500.0,3450.0,19,17,0.0299725,0.0301475,WARN,期限未夹住30日,HIST_CLEAN_SURFACE,3017.717,3015.891,-0.005520615254137162,-0.022975800607292984,3028.5912,3047.812,3032.633,3035.6688,False,False,False,False,False,False,False,False,False,,,,2024-06-18,3015.071
2024-06-18 00:00:00,2024-06-18,14.4983,0.0210200200723496,2024-07-19,2024-08-16,31,59,0.0211588242421134,0.0231350192014624,3509.256977990677,3501.121769273041,3500.0,3500.0,20,18,0.02996625,0.03014125,WARN,期限未夹住30日,HIST_CLEAN_SURFACE,3015.071,3030.246,0.004759787406109828,-0.015670999636509975,3029.0314,3042.9877,3015.891,3028.5912,False,False,False,False,False,False,False,False,False,,,,2024-06-19,3029.099
2024-06-19 00:00:00,2024-06-19,14.4409,0.0208539487766741,2024-07-19,2024-08-16,30,58,0.0208539487766741,0.0229856681952668,3499.320282439773,3498.8353808631773,3450.0,3450.0,20,18,0.02996,0.030135,WARN,期限未夹住30日,HIST_CLEAN_SURFACE,3029.099,3018.049,-0.0040250857521139105,-0.02366395693062795,3025.1476,3035.6727,3030.246,3029.0314,False,False,False,False,False,False,False,False,False,,,,2024-06-20,3015.722
2024-06-20 00:00:00,2024-06-20,14.7222,0.0216742070206372,2024-07-19,2024-08-16,29,57,0.0215914967905454,0.0228103843918981,3477.549696569737,3476.4353314440223,3450.0,3450.0,19,17,0.02996,0.03012875,OK,正常双期限插值,HIST_CLEAN_SURFACE,3015.722,3005.437,-0.004178858593747226,-0.019562191333406975,3020.4512,3029.6760999999997,3018.049,3025.1476,False,False,False,False,False,False,False,False,False,,,,2024-06-21,2998.241
2024-06-21 00:00:00,2024-06-21,14.6089,0.0213421119172659,2024-07-19,2024-08-16,28,56,0.0212548159443601,0.0219095357411536,3469.231670580849,3464.5884926653544,3450.0,3450.0,20,18,0.02996,0.0301225,OK,正常双期限插值,HIST_CLEAN_SURFACE,2998.241,2998.138,-0.0024285985698585533,-0.016615094361901783,3013.5521999999996,3024.6105,3005.437,3020.4512,False,False,False,False,False,False,False,False,False,,,,2024-06-24,2982.826
2024-06-24 00:00:00,2024-06-24,14.5251,0.0210977553581762,2024-07-19,2024-08-16,25,53,0.0210727509282533,0.0211520102532917,3451.7220436112057,3446.941863936549,3450.0,3400.0,21,19,0.02996,0.03010375,OK,正常双期限插值,HIST_CLEAN_SURFACE,2982.826,2963.099,-0.01168692034856289,-0.02889935663044907,3002.9938,3015.7925,2998.138,3013.5521999999996,False,False,False,False,False,False,False,False,False,,,,2024-06-25,2962.765
2024-06-25 00:00:00,2024-06-25,15.2537,0.023267517413575,2024-07-19,2024-08-16,24,52,0.0232902984029312,0.0232289649700491,3428.389974992688,3421.8376999502307,3400.0,3400.0,20,19,0.02996,0.0300975,OK,正常双期限插值,HIST_CLEAN_SURFACE,2962.765,2949.996,-0.004422059472194539,-0.025775376521815274,2986.9438,3007.9876,2963.099,3002.9938,False,False,False,False,False,False,False,False,False,,,,2024-06-26,2943.447
2024-06-26 00:00:00,2024-06-26,14.7982,0.0218987985734615,2024-07-19,2024-08-16,23,51,0.0219384191078483,0.021845194321056,3450.7439630877107,3442.2337607213635,3450.0,3400.0,21,19,0.02996,0.03009125,OK,正常双期限插值,HIST_CLEAN_SURFACE,2943.447,2972.525,0.007636959507741681,-0.021380636767202033,2977.839,3001.4933,2949.996,2986.9438,False,False,False,False,False,False,False,False,False,,,,2024-06-27,2962.696
2024-06-27 00:00:00,2024-06-27,14.7991,0.0219014174978433,2024-07-19,2024-08-16,22,50,0.0220376207499238,0.0217515939205547,3429.135256921696,3422.523109034091,3400.0,3400.0,21,18,0.02996,0.030085,OK,正常双期限插值,HIST_CLEAN_SURFACE,2962.696,2945.852,-0.00897317936770936,-0.027424635653842233,2965.922,2993.1866,2972.525,2977.839,False,False,False,False,False,False,False,False,False,,,,2024-06-28,2940.303
2024-06-28 00:00:00,2024-06-28,14.3346,0.0205480114654751,2024-07-19,2024-08-16,21,49,0.0205135177849739,0.0205792200335476,3438.268765429128,3434.00510308923,3400.0,3400.0,21,18,0.02996,0.03007875,OK,正常双期限插值,HIST_CLEAN_SURFACE,2940.303,2967.403,0.00731571036155243,-0.021509361666907978,2959.775,2986.6636,2945.852,2965.922,False,False,False,False,False,False,False,False,False,,,,2024-07-01,2965.245
2024-07-01 00:00:00,2024-07-01,13.8959,0.0193095680040005,2024-07-19,2024-08-16,18,46,0.0202434253645291,0.0188223380767683,3450.22572218647,3441.344458779078,3450.0,3400.0,17,18,0.02996,0.03006,OK,正常双期限插值,HIST_CLEAN_SURFACE,2965.245,2994.73,0.00920906260457377,-0.007016500264764192,2966.1012,2984.5474999999997,2967.403,2959.775,False,False,False,False,False,False,False,False,False,,,,2024-07-02,2992.856
2024-07-02 00:00:00,2024-07-02,13.3682,0.017870799374817,2024-07-19,2024-08-16,17,45,0.0179718285570408,0.0178267610133349,3446.9259923221584,3438.2957958358697,3400.0,3400.0,21,19,0.02996,0.03005375,OK,正常双期限插值,HIST_CLEAN_SURFACE,2992.856,2997.011,0.0007616713359801519,-0.010967756413175711,2975.5042000000003,2981.224,2994.73,2966.1012,False,False,False,False,False,False,False,False,False,,,,2024-07-03,2995.664
2024-07-03 00:00:00,2024-07-03,13.333,0.0177768269376016,2024-07-19,2024-08-16,16,44,0.0172526492314029,0.0179674370125829,3440.5219378360416,3433.058412285271,3400.0,3400.0,21,18,0.02996,0.0300475,OK,正常双期限插值,HIST_CLEAN_SURFACE,2995.664,2982.376,-0.004883198626898566,-0.011819887616138725,2977.4744,2977.6567,2997.011,2975.5042000000003,False,False,False,False,False,False,False,False,False,,,,2024-07-04,2984.83
2024-07-04 00:00:00,2024-07-04,13.5698,0.0184139951441321,2024-07-19,2024-08-16,15,43,0.018573867995697,0.0183656614913335,3422.2717836867723,3416.984991176485,3400.0,3400.0,21,18,0.02996,0.03004125,OK,正常双期限插值,HIST_CLEAN_SURFACE,2984.83,2957.567,-0.008318535288642459,-0.01592780018346751,2979.8174,2972.8697,2982.376,2977.4744,False,False,False,False,False,False,False,False,False,,,,2024-07-05,2954.372
2024-07-05 00:00:00,2024-07-05,14.0032,0.019608931453566,2024-07-19,2024-08-16,14,42,0.019482180494447,0.0196406191933457,3404.347568608752,3394.4357911480856,3400.0,3350.0,19,18,0.02996,0.030035,OK,正常双期限插值,HIST_CLEAN_SURFACE,2954.372,2949.933,-0.002581175675817282,-0.016078312606024103,2976.3234,2968.0492000000004,2957.567,2979.8174,False,False,False,False,False,False,False,False,False,,,,2024-07-08,2939.837
2024-07-08 00:00:00,2024-07-08,15.292,0.0233845426289052,2024-07-19,2024-08-16,11,39,0.0256091464064403,0.0230873283590321,3379.7471216500207,3370.144295795937,3350.0,3350.0,21,17,0.02996,0.03001625,OK,正常双期限插值,HIST_CLEAN_SURFACE,2939.837,2922.45,-0.009316482781134394,-0.013718407653608766,2961.8674,2963.9843,2949.933,2976.3234,False,False,False,False,False,False,False,False,False,,,,2024-07-09,2919.573
2024-07-09 00:00:00,2024-07-09,14.8647,0.0220959712116743,2024-07-19,2024-08-16,10,38,0.0236824267529184,0.0219289758915434,3419.4782541789104,3411.2278924686693,3400.0,3400.0,22,20,0.02996,0.03001,OK,正常双期限插值,HIST_CLEAN_SURFACE,2919.573,2959.372,0.012633920169720536,0.0031783093943178464,2954.3396000000002,2964.9219000000003,2922.45,2961.8674,False,False,False,False,False,False,False,False,False,,,,2024-07-10,2949.026
2024-07-10 00:00:00,2024-07-10,14.7604,0.021786890412009,2024-07-19,2024-08-16,9,37,0.0246641777668741,0.0215535968426956,3413.4469177411597,3406.251222599857,3400.0,3400.0,21,18,0.02996,0.03000375,OK,正常双期限插值,HIST_CLEAN_SURFACE,2949.026,2939.364,-0.006760893865319972,-0.01115583552703514,2945.7372000000005,2961.6058,2959.372,2954.3396000000002,False,False,False,False,False,False,False,False,False,,,,2024-07-11,2957.25
2024-07-11 00:00:00,2024-07-11,14.6242,0.0213866810059476,2024-07-19,2024-08-16,8,36,0.0236324412697656,0.0212505743232919,3455.372916096361,3448.848885027261,3450.0,3400.0,22,20,0.02996,0.0299975,OK,正常双期限插值,HIST_CLEAN_SURFACE,2957.25,2970.387,0.010554323996619708,0.008328660095619389,2948.3012,2964.0593,2939.364,2945.7372000000005,False,False,False,False,False,False,False,False,False,,,,2024-07-12,2965.612
2024-07-12 00:00:00,2024-07-12,13.9005,0.0193224219787049,2024-07-19,2024-08-16,7,35,0.0201875437874771,0.0192848079870191,3464.5926415882204,3456.207851031055,3450.0,3450.0,21,20,0.02996,0.02999125,OK,正常双期限插值,HIST_CLEAN_SURFACE,2965.612,2971.295,0.00030568407416264876,0.0013115845741209498,2952.5736,2964.4485,2970.387,2948.3012,False,False,False,False,False,False,False,False,False,,,,2024-07-15,2963.847
2024-07-15 00:00:00,2024-07-15,13.4075,0.0179762294298076,2024-08-16,2024-09-20,32,67,0.0183617316927253,0.0213824583797669,3453.892031826547,3448.217659967428,3450.0,3400.0,19,23,0.0299725,0.03019125,WARN,期限未夹住30日,HIST_CLEAN_SURFACE,2963.847,2974.011,0.0009140795511721755,-0.006918486808493607,2962.8858,2962.3766000000005,2971.295,2952.5736,False,False,False,False,False,False,False,False,False,,,,2024-07-16,2963.9
2024-07-16 00:00:00,2024-07-16,12.9895,0.0168728115831454,2024-08-16,2024-09-20,31,66,0.0170857625796868,0.0204736193428456,3473.6172571676493,3466.814998038848,3450.0,3450.0,20,23,0.02996625,0.030185,WARN,期限未夹住30日,HIST_CLEAN_SURFACE,2963.9,2976.304,0.0007710126156224018,-0.006909217216753638,2966.2722000000003,2960.3059000000003,2974.011,2962.8858,False,False,False,False,False,False,False,False,False,,,,2024-07-17,2970.808
2024-07-17 00:00:00,2024-07-17,13.3736,0.0178852969172412,2024-08-16,2024-09-20,30,65,0.0178852969172412,0.0192648458486179,3481.000700925724,3476.649722272403,3450.0,3450.0,20,23,0.02996,0.03017875,WARN,期限未夹住30日,HIST_CLEAN_SURFACE,2970.808,2962.855,-0.004518691639026184,-0.006545452350743219,2970.9703999999997,2958.3538,2976.304,2966.2722000000003,False,False,False,False,False,False,False,False,False,,,,2024-07-18,2951.143
2024-07-18 00:00:00,2024-07-18,14.3289,0.0205317402760405,2024-08-16,2024-09-20,29,64,0.0205330476565763,0.020511598444661,3498.6323877719637,3487.4954780072667,3450.0,3450.0,20,23,0.02996,0.0301725,OK,正常双期限插值,HIST_CLEAN_SURFACE,2951.143,2977.133,0.004819000592334088,0.00661557286783343,2972.3196,2960.3104,2962.855,2970.9703999999997,False,False,False,False,False,False,False,False,False,,,,2024-07-19,2963.514
2024-07-19 00:00:00,2024-07-19,14.0888,0.0198494412217008,2024-08-16,2024-09-20,28,63,0.0197501031398151,0.0205779204888625,3514.031400506784,3506.983768289379,3500.0,3500.0,20,23,0.02996,0.03016625,OK,正常双期限插值,HIST_CLEAN_SURFACE,2963.514,2982.309,0.00173858541086358,0.010975164520685698,2974.5224000000003,2963.548,2977.133,2972.3196,False,False,False,False,False,False,False,False,False,,,,2024-07-22,2978.193
2024-07-22 00:00:00,2024-07-22,14.2123,0.0201988212765874,2024-08-16,2024-09-20,25,60,0.0198334423313159,0.0211122686397663,3492.722050259188,3487.2707534579977,3450.0,3450.0,20,23,0.02996,0.0301475,OK,正常双期限插值,HIST_CLEAN_SURFACE,2978.193,2964.216,-0.0060667757767556285,0.014291433557460431,2972.5634,2967.7246,2982.309,2974.5224000000003,False,False,False,False,False,False,False,False,False,,,,2024-07-23,2960.5
2024-07-23 00:00:00,2024-07-23,15.0346,0.0226040516579538,2024-08-16,2024-09-20,24,59,0.0228128153022626,0.0221936011030417,3431.055292809824,3424.117216851252,3400.0,3400.0,20,23,0.02996,0.03014125,OK,正常双期限插值,HIST_CLEAN_SURFACE,2960.5,2915.369,-0.016478893575906706,-0.014869033024573985,2960.3764,2963.3242999999998,2964.216,2972.5634,False,False,False,False,False,False,False,False,False,,,,2024-07-24,2909.152
2024-07-24 00:00:00,2024-07-24,15.8986,0.025276550031162,2024-08-16,2024-09-20,23,58,0.0257695795271013,0.0244945032444997,3404.4499646313607,3395.0647500320147,3400.0,3350.0,20,23,0.02996,0.030135,OK,正常双期限插值,HIST_CLEAN_SURFACE,2909.152,2901.952,-0.004602161853267894,-0.012727923455550183,2948.1958000000004,2959.5831000000003,2915.369,2960.3764,False,False,False,False,False,False,False,False,False,,,,2024-07-25,2891.892
2024-07-25 00:00:00,2024-07-25,16.2186,0.0263041590238812,2024-08-16,2024-09-20,22,57,0.0269304268619585,0.0254883627611225,3382.147406052007,3375.7852713753314,3350.0,3350.0,20,23,0.02996,0.03012875,OK,正常双期限插值,HIST_CLEAN_SURFACE,2891.892,2886.742,-0.005241299649339504,-0.028159630378129186,2930.1176000000005,2951.2185999999997,2901.952,2948.1958000000004,False,False,False,False,False,False,False,False,False,,,,2024-07-26,2885.995
2024-07-26 00:00:00,2024-07-26,15.4705,0.0239336906627668,2024-08-16,2024-09-20,21,56,0.0239250950487308,0.0239430025779725,3399.542991326148,3391.90109477419,3350.0,3350.0,19,23,0.02996,0.0301225,OK,正常双期限插值,HIST_CLEAN_SURFACE,2885.995,2890.897,0.0014393388809945673,-0.02705823555049236,2911.8352,2943.1788,2886.742,2930.1176000000005,False,False,False,False,False,False,False,False,False,,,,2024-07-29,2889.473
2024-07-29 00:00:00,2024-07-29,15.6679,0.0245483666748246,2024-08-16,2024-09-20,18,53,0.025386731173804,0.0240026388405833,3384.259315923389,3379.643374374871,3350.0,3350.0,19,23,0.02996,0.03010375,OK,正常双期限插值,HIST_CLEAN_SURFACE,2889.473,2891.845,0.00032792589981589515,-0.027628008100844315,2897.361,2934.9622000000004,2890.897,2911.8352,False,False,False,False,False,False,False,False,False,,,,2024-07-30,2885.215
2024-07-30 00:00:00,2024-07-30,16.0433,0.0257388434958935,2024-08-16,2024-09-20,17,52,0.0273277032811852,0.0248597997685279,3360.7423449079006,3357.6046696472445,3350.0,3350.0,20,23,0.02996,0.0300975,OK,正常双期限插值,HIST_CLEAN_SURFACE,2885.215,2879.3,-0.004338060995661808,-0.032592100806906776,2890.1472000000003,2925.2617999999998,2891.845,2897.361,False,False,False,False,False,False,False,False,False,,,,2024-07-31,2877.541
2024-07-31 00:00:00,2024-07-31,15.5189,0.0240834872847059,2024-08-16,2024-09-20,16,51,0.0255833964352775,0.0233776476844369,3444.926167228144,3444.7934113300066,3400.0,3400.0,21,23,0.02996,0.03009125,OK,正常双期限插值,HIST_CLEAN_SURFACE,2877.541,2938.749,0.02064703226478648,-0.0081360714581038,2897.5065999999997,2922.8512,2879.3,2890.1472000000003,False,False,False,False,False,False,False,False,False,,,,2024-08-01,2940.12
2024-08-01 00:00:00,2024-08-01,15.5481,0.0241742837354641,2024-08-16,2024-09-20,15,50,0.0254383064082135,0.0236686746663644,3419.701194309363,3419.177554926406,3400.0,3400.0,21,23,0.02996,0.030085,OK,正常双期限插值,HIST_CLEAN_SURFACE,2940.12,2932.387,-0.0021648667511242614,-0.015029896212228167,2906.6356,2918.3766,2938.749,2897.5065999999997,False,False,False,False,False,False,False,False,False,,,,2024-08-02,2913.02
2024-08-02 00:00:00,2024-08-02,16.2139,0.0262892093313257,2024-08-16,2024-09-20,14,49,0.0283273034799604,0.0255977131023246,3382.284586810704,3379.4540800848185,3350.0,3350.0,21,23,0.02996,0.03007875,OK,正常双期限插值,HIST_CLEAN_SURFACE,2913.02,2905.338,-0.009224225861047652,-0.02580919683372851,2909.5238,2910.6794999999997,2932.387,2906.6356,False,False,False,False,False,False,False,False,False,,,,2024-08-05,2889.363
2024-08-05 00:00:00,2024-08-05,18.8586,0.0355647897420141,2024-08-16,2024-09-20,11,46,0.0492738644863927,0.0328041522648853,3341.506105693425,3333.690606334829,3300.0,3300.0,20,23,0.02996,0.03006,OK,正常双期限插值,HIST_CLEAN_SURFACE,2889.363,2860.698,-0.015364821580139854,-0.03492255625096152,2903.2944,2900.3277,2905.338,2909.5238,False,False,False,False,False,False,False,False,False,,,,2024-08-06,2878.651
2024-08-06 00:00:00,2024-08-06,18.2324,0.0332421405867769,2024-08-16,2024-09-20,10,45,0.0413369760963659,0.0318930013351787,3335.612268029985,3331.175619767718,3300.0,3300.0,21,23,0.02996,0.03005375,OK,正常双期限插值,HIST_CLEAN_SURFACE,2878.651,2867.284,0.0023022353285806485,-0.01649362396321019,2900.8912,2895.5192,2860.698,2903.2944,False,False,False,False,False,False,False,False,False,,,,2024-08-07,2864.01
2024-08-07 00:00:00,2024-08-07,16.5748,0.0274722359625713,2024-08-16,2024-09-20,9,44,0.0325496288921,0.0267798641994537,3332.0999452418764,3327.935902797198,3300.0,3300.0,21,23,0.02996,0.0300475,OK,正常双期限插值,HIST_CLEAN_SURFACE,2864.01,2869.834,0.000889343364661288,-0.011067722691485038,2887.1082,2892.3074,2867.284,2900.8912,False,False,False,False,False,False,False,False,False,,,,2024-08-08,2864.758
2024-08-08 00:00:00,2024-08-08,15.4852,0.0239790222223095,2024-08-16,2024-09-20,8,43,0.029785143860548,0.0233407170950613,3339.9965781565743,3336.625429399517,3300.0,3300.0,21,23,0.02996,0.03004125,OK,正常双期限插值,HIST_CLEAN_SURFACE,2864.758,2869.901,2.3346298078541494e-05,-0.005833912417528286,2874.611,2890.6233,2869.834,2887.1082,False,False,False,False,False,False,False,False,False,,,,2024-08-09,2879.873
2024-08-09 00:00:00,2024-08-09,15.2794,0.0233460422467209,2024-08-16,2024-09-20,7,42,0.0296025360162726,0.0228019993102382,3325.524802257954,3323.1440134550385,3300.0,3300.0,21,23,0.02996,0.030035,OK,正常双期限插值,HIST_CLEAN_SURFACE,2879.873,2862.194,-0.002685458487940884,-0.009928752217737258,2865.9822,2887.7529999999997,2869.901,2874.611,False,False,False,False,False,False,False,False,False,,,,2024-08-12,2858.895
2024-08-12 00:00:00,2024-08-12,15.0139,0.022541768114189,2024-09-20,2024-10-18,39,67,0.0221201433940675,0.0215328054754904,3320.582040017699,3321.879893300763,3300.0,3300.0,24,18,0.03001625,0.03019125,WARN,期限未夹住30日,HIST_CLEAN_SURFACE,2858.895,2858.205,-0.0013936861023396974,-0.01163271198836724,2865.4836,2884.389,2862.194,2865.9822,False,False,False,False,False,False,False,False,False,,,,2024-08-13,2860.41
2024-08-13 00:00:00,2024-08-13,15.4661,0.0239199931630074,2024-09-20,2024-10-18,38,66,0.0226662964618902,0.0206717789828402,3328.777825765587,3313.190059447941,3300.0,3300.0,24,19,0.03001,0.030185,WARN,期限未夹住30日,HIST_CLEAN_SURFACE,2860.41,2867.946,0.003408083045127963,-0.0039433195568368,2865.616,2883.2536,2858.205,2865.4836,False,False,False,False,False,False,False,False,False,,,,2024-08-14,2866.243
2024-08-14 00:00:00,2024-08-14,15.4358,0.0238265454436701,2024-09-20,2024-10-18,37,65,0.0230317939992025,0.0215645605632625,3299.019528719623,3307.6741750806414,3250.0,3300.0,23,20,0.03000375,0.03017875,WARN,期限未夹住30日,HIST_CLEAN_SURFACE,2866.243,2850.654,-0.006029402227238578,-0.029977041251226244,2861.7799999999997,2874.4440999999997,2867.946,2865.616,False,False,False,False,False,False,False,False,False,,,,2024-08-15,2844.201
2024-08-15 00:00:00,2024-08-15,14.8059,0.0219214400384165,2024-09-20,2024-10-18,36,64,0.0215543492984699,0.0207513383048366,3335.6802364840005,3332.713488617243,3300.0,3300.0,24,20,0.0299975,0.0301725,WARN,期限未夹住30日,HIST_CLEAN_SURFACE,2844.201,2877.358,0.009367674926525682,-0.01876594051194469,2863.2714,2868.9412,2850.654,2861.7799999999997,False,False,False,False,False,False,False,False,False,,,,2024-08-16,2877.94
2024-08-16 00:00:00,2024-08-16,14.0594,0.0197667930901509,2024-09-20,2024-10-18,35,63,0.0200314390280873,0.0207371615292511,3340.043704517489,3338.487460349192,3300.0,3300.0,24,20,0.02999125,0.03016625,WARN,期限未夹住30日,HIST_CLEAN_SURFACE,2877.94,2879.43,0.0007201050408047749,-0.008917378976215584,2866.7185999999997,2866.3504000000003,2877.358,2863.2714,False,False,False,False,False,False,False,False,False,,,,2024-08-19,2877.954
2024-08-19 00:00:00,2024-08-19,14.1405,0.0199953349088076,2024-09-20,2024-10-18,32,60,0.0197915486116696,0.0183650445317042,3350.0625919162417,3351.951169686322,3350.0,3350.0,24,20,0.0299725,0.0301475,WARN,期限未夹住30日,HIST_CLEAN_SURFACE,2877.954,2893.674,0.004946812389952315,0.01152725663456966,2873.8124,2869.648,2879.43,2866.7185999999997,False,False,False,False,False,False,False,False,False,,,,2024-08-20,2895.551
2024-08-20 00:00:00,2024-08-20,14.0823,0.0198312347202871,2024-09-20,2024-10-18,31,59,0.0196968462860994,0.0177835194264782,3320.7671888398013,3315.6501553364,3300.0,3300.0,24,19,0.02996625,0.03014125,WARN,期限未夹住30日,HIST_CLEAN_SURFACE,2895.551,2866.661,-0.009335191179103086,-0.00021727879066046896,2873.5554,2869.5856999999996,2893.674,2873.8124,False,False,False,False,False,False,False,False,False,,,,2024-08-21,2858.939
2024-08-21 00:00:00,2024-08-21,14.0421,0.0197180875974492,2024-09-20,2024-10-18,30,58,0.0197180875974492,0.0175121095951268,3315.3607506073267,3310.52800647812,3300.0,3300.0,24,20,0.02996,0.030135,WARN,期限未夹住30日,HIST_CLEAN_SURFACE,2858.939,2856.584,-0.003515239506868828,-0.004616991784193836,2874.7414,2868.2607,2866.661,2873.5554,False,False,False,False,False,False,False,False,False,,,,2024-08-22,2856.2
2024-08-22 00:00:00,2024-08-22,14.0091,0.0196254067788437,2024-09-20,2024-10-18,29,57,0.0197590246949484,0.0177899185628782,3303.95022738813,3300.393825733264,3300.0,3300.0,24,19,0.02996,0.03012875,OK,正常双期限插值,HIST_CLEAN_SURFACE,2856.2,2848.772,-0.002734734914149217,-0.007362274865927443,2869.0242,2866.1477999999997,2856.584,2874.7414,False,False,False,False,False,False,False,False,False,,,,2024-08-23,2844.77
2024-08-23 00:00:00,2024-08-23,13.7946,0.0190290378246018,2024-09-20,2024-10-18,28,56,0.0193036125204073,0.0172443023018665,3323.223747652145,3320.4004520530693,3300.0,3300.0,24,19,0.02996,0.0301225,OK,正常双期限插值,HIST_CLEAN_SURFACE,2844.77,2854.368,0.001964355167770604,-0.0027342660909778216,2864.0118,2865.3652,2848.772,2869.0242,False,False,False,False,False,False,False,False,False,,,,2024-08-26,2855.474
2024-08-26 00:00:00,2024-08-26,13.7727,0.018968835917886,2024-09-20,2024-10-18,25,53,0.0195757277006257,0.0176519952572244,3321.6493752303654,3317.4395650631777,3300.0,3300.0,24,18,0.02996,0.03010375,OK,正常双期限插值,HIST_CLEAN_SURFACE,2855.474,2855.52,0.00040359196851991186,-0.0009394007777608904,2856.381,2865.0967,2854.368,2864.0118,False,False,False,False,False,False,False,False,False,,,,2024-08-27,2850.877
2024-08-27 00:00:00,2024-08-27,13.7144,0.0188084708063881,2024-09-20,2024-10-18,24,52,0.0196630907000431,0.0173621909863566,3304.1207142305684,3302.5928915867235,3300.0,3300.0,23,18,0.02996,0.0300975,OK,正常双期限插值,HIST_CLEAN_SURFACE,2850.877,2848.731,-0.002377500420238654,-0.006699916944042816,2852.7949999999996,2863.1752,2855.52,2856.381,False,False,False,False,False,False,False,False,False,,,,2024-08-28,2844.327
2024-08-28 00:00:00,2024-08-28,13.8453,0.0191693460236299,2024-09-20,2024-10-18,23,51,0.020057501270786,0.0179677242186539,3282.3595216851786,3280.2314660530405,3250.0,3250.0,24,20,0.02996,0.03009125,OK,正常双期限插值,HIST_CLEAN_SURFACE,2844.327,2837.429,-0.003967380563486,-0.004639286283077415,2848.964,2861.8527000000004,2848.731,2852.7949999999996,False,False,False,False,False,False,False,False,False,,,,2024-08-29,2829.451
2024-08-29 00:00:00,2024-08-29,14.1104,0.0199102571551653,2024-09-20,2024-10-18,22,50,0.0211580503972612,0.0185376845888597,3277.451265041519,3276.742932443848,3250.0,3250.0,23,18,0.02996,0.030085,OK,正常双期限插值,HIST_CLEAN_SURFACE,2829.451,2823.106,-0.005047879612141815,-0.018854796657211237,2843.8308,2856.4275000000002,2837.429,2848.964,False,False,False,False,False,False,False,False,False,,,,2024-08-30,2819.65
2024-08-30 00:00:00,2024-08-30,13.4461,0.0180796909023249,2024-09-20,2024-10-18,21,49,0.0185405756524852,0.0176626999378941,3324.45272689409,3321.6903912905154,3300.0,3300.0,24,21,0.02996,0.03007875,OK,正常双期限插值,HIST_CLEAN_SURFACE,2819.65,2842.214,0.00676843164939589,-0.012924780251647006,2841.4,2852.7059,2823.106,2843.8308,False,False,False,False,False,False,False,False,False,,,,2024-09-02,2832.35
2024-09-02 00:00:00,2024-09-02,14.5422,0.0211474679725225,2024-09-20,2024-10-18,18,46,0.0244701463705881,0.0194138966344013,3260.129745655786,3259.835508769396,3250.0,3250.0,24,21,0.02996,0.03006,OK,正常双期限插值,HIST_CLEAN_SURFACE,2832.35,2811.035,-0.0109699691859938,-0.028558503825932058,2832.503,2844.442,2842.214,2841.4,False,False,False,False,False,False,False,False,False,,,,2024-09-03,2809.173
2024-09-03 00:00:00,2024-09-03,14.2563,0.0203240960037664,2024-09-20,2024-10-18,17,45,0.0231649362899751,0.0190857810072138,3270.194107644543,3268.263930555628,3250.0,3250.0,24,18,0.02996,0.03005375,OK,正常双期限插值,HIST_CLEAN_SURFACE,2809.173,2802.979,-0.002865848344115296,-0.022214695075560065,2823.3525999999997,2838.0738,2811.035,2832.503,False,False,False,False,False,False,False,False,False,,,,2024-09-04,2786.505
2024-09-04 00:00:00,2024-09-04,14.7371,0.0217181229759619,2024-09-20,2024-10-18,16,44,0.0246311983599131,0.0206588228363433,3251.336130956764,3249.652147029496,3250.0,3200.0,24,21,0.02996,0.0300475,OK,正常双期限插值,HIST_CLEAN_SURFACE,2786.505,2784.278,-0.006671830220633113,-0.025312051037182925,2812.7223999999997,2830.8432,2802.979,2823.3525999999997,False,False,False,False,False,False,False,False,False,,,,2024-09-05,2785.264
2024-09-05 00:00:00,2024-09-05,14.5797,0.0212567248798027,2024-09-20,2024-10-18,15,43,0.0236913757761826,0.02052066763206,3254.944560398021,3254.4128634261338,3250.0,3250.0,24,19,0.02996,0.03004125,OK,正常双期限插值,HIST_CLEAN_SURFACE,2785.264,2788.314,0.00144956789515982,-0.021222477614916246,2805.764,2824.7974000000004,2784.278,2812.7223999999997,False,False,False,False,False,False,False,False,False,,,,2024-09-06,2791.765
2024-09-06 00:00:00,2024-09-06,14.5596,0.0211981302306389,2024-09-20,2024-10-18,14,42,0.0237461694199385,0.020561120433314,3227.0588031832194,3223.6849095398898,3200.0,3200.0,24,20,0.02996,0.030035,OK,正常双期限插值,HIST_CLEAN_SURFACE,2791.765,2765.807,-0.00807190294923743,-0.03102648292021215,2790.4826,2815.9413,2788.314,2805.764,False,False,False,False,False,False,False,False,False,,,,2024-09-09,2754.724
2024-09-09 00:00:00,2024-09-09,16.2152,0.0262932233021601,2024-09-20,2024-10-18,11,39,0.0323464341081468,0.0254844947329392,3188.661090260096,3184.528634992057,3150.0,3150.0,24,20,0.02996,0.03001625,OK,正常双期限插值,HIST_CLEAN_SURFACE,2754.724,2736.488,-0.010600522740740748,-0.041684877010141785,2775.5732,2804.0380999999998,2765.807,2790.4826,False,False,False,False,False,False,False,False,False,,,,2024-09-10,2737.881
2024-09-10 00:00:00,2024-09-10,16.3037,0.0265809819364912,2024-09-20,2024-10-18,10,38,0.0332768786401693,0.0258761507045251,3190.1646188656464,3185.5814959542167,3150.0,3150.0,25,21,0.02996,0.03001,OK,正常双期限插值,HIST_CLEAN_SURFACE,2737.881,2744.192,0.002815287331791705,-0.03669669056151681,2763.8158,2793.5842,2736.488,2775.5732,False,False,False,False,False,False,False,False,False,,,,2024-09-11,2732.731
2024-09-11 00:00:00,2024-09-11,16.2098,0.026275693986628,2024-09-20,2024-10-18,9,37,0.0329449485520001,0.0257349436164627,3182.569989322561,3178.0295935093777,3150.0,3150.0,24,21,0.02996,0.03000375,OK,正常双期限插值,HIST_CLEAN_SURFACE,2732.731,2721.795,-0.0081616009375437,-0.040753090209481924,2751.3192,2782.0208,2744.192,2763.8158,False,False,False,False,False,False,False,False,False,,,,2024-09-12,2722.138
2024-09-12 00:00:00,2024-09-12,15.5068,0.0240461635702326,2024-09-20,2024-10-18,8,36,0.0262464437869387,0.0239128132540686,3173.528250410698,3168.094673149665,3150.0,3150.0,24,20,0.02996,0.0299975,OK,正常双期限插值,HIST_CLEAN_SURFACE,2722.138,2717.123,-0.0017165142856093718,-0.03754127546043262,2737.0809999999997,2771.4224999999997,2721.795,2751.3192,False,False,False,False,False,False,False,False,False,,,,2024-09-13,2718.986
2024-09-13 00:00:00,2024-09-13,14.7543,0.0217688414393751,2024-09-20,2024-10-18,7,35,0.0239094729633057,0.0216757705035521,3159.840336822429,3156.1857942416923,3150.0,3150.0,25,20,0.02996,0.02999125,OK,正常双期限插值,HIST_CLEAN_SURFACE,2718.986,2704.09,-0.004796617598835207,-0.04859732588749466,2724.7376,2757.6101,2717.123,2737.0809999999997,False,False,False,False,False,False,False,False,False,,,,2024-09-18,2705.345
2024-09-18 00:00:00,2024-09-18,15.8433,0.0251009302806539,2024-10-18,2024-11-15,30,58,0.0251009302806539,0.0248105768109137,3165.0147167223035,3161.9014289754164,3150.0,3150.0,23,18,0.02996,0.030135,WARN,期限未夹住30日,HIST_CLEAN_SURFACE,2705.345,2717.281,0.0048781660373729,-0.03335212830861223,2720.8962,2748.2347,2704.09,2724.7376,False,False,False,False,False,False,False,False,False,,,,2024-09-19,2723.205
2024-09-19 00:00:00,2024-09-19,15.2182,0.0231595045835405,2024-10-18,2024-11-15,29,57,0.0229830597145227,0.0255832998895218,3194.4172018062563,3192.766043909065,3150.0,3150.0,23,19,0.02996,0.03012875,OK,正常双期限插值,HIST_CLEAN_SURFACE,2723.205,2736.022,0.006896967961723455,-0.023887799373452312,2719.2622,2741.5389999999998,2717.281,2720.8962,False,False,False,False,False,False,False,False,False,,,,2024-09-20,2734.228
2024-09-20 00:00:00,2024-09-20,14.7091,0.02163571619965,2024-10-18,2024-11-15,28,56,0.0211688123949194,0.0246705909303988,3195.14029301765,3194.885189675499,3150.0,3150.0,23,18,0.02996,0.0301225,OK,正常双期限插值,HIST_CLEAN_SURFACE,2734.228,2736.814,0.00028947135658996537,-0.017047148309184634,2722.266,2736.7925999999998,2736.022,2719.2622,False,False,False,False,False,False,False,False,False,,,,2024-09-23,2735.39
2024-09-23 00:00:00,2024-09-23,14.4245,0.0208066128606362,2024-10-18,2024-11-15,25,53,0.0199637987320023,0.0226353604982381,3206.289238548973,3202.5660669536546,3200.0,3200.0,23,19,0.02996,0.03010375,OK,正常双期限插值,HIST_CLEAN_SURFACE,2735.39,2748.918,0.004422660801939982,-0.014128968258237729,2728.625,2732.853,2736.814,2722.266,False,False,False,False,False,False,False,False,False,,,,2024-09-24,2770.754
2024-09-24 00:00:00,2024-09-24,18.1022,0.0327689451849741,2024-10-18,2024-11-15,24,52,0.0326260290366649,0.0330108032821126,3361.0902133531404,3361.234133134605,3350.0,3350.0,23,19,0.02996,0.0300975,OK,正常双期限插值,HIST_CLEAN_SURFACE,2770.754,2863.126,0.04154652848866358,0.03518647541205899,2760.4322,2742.5849,2748.918,2728.625,False,False,False,False,False,False,False,False,False,,,,2024-09-26,2893.745
2024-09-26 00:00:00,2024-09-26,23.9664,0.0574390221788527,2024-10-18,2024-11-15,22,50,0.0666416262245413,0.0473161577285952,3578.128685045961,3584.3038186688773,3550.0,3550.0,23,20,0.02996,0.030085,OK,正常双期限插值,HIST_CLEAN_SURFACE,2893.745,3000.953,0.048138642867970205,0.09664394654754571,2817.1666,2769.0314000000003,2863.126,2760.4322,False,False,False,False,False,False,False,False,False,,,,2024-09-27,3049.103
2024-09-27 00:00:00,2024-09-27,25.0318,0.0626592832070465,2024-10-18,2024-11-15,21,49,0.0748541433263589,0.0516258383371923,3830.02393258212,3831.744600433063,3800.0,3800.0,23,23,0.02996,0.03007875,WARN,"正常双期限插值；期限质量 near=WARN, next=WARN",HIST_CLEAN_SURFACE,3049.103,3087.529,0.028849502141486294,0.12511405907458362,2887.468,2803.3651,3000.953,2817.1666,False,False,False,False,False,False,False,False,False,,,,2024-09-30,3194.722
2024-09-30 00:00:00,2024-09-30,30.0614,0.0903686632944037,2024-10-18,2024-11-15,18,46,0.1079132955793171,0.0812149421022749,4164.372288391017,4179.858204513679,4100.0,4100.0,27,26,0.02996,0.03006,WARN,"正常双期限插值；期限质量 near=WARN, next=WARN",HIST_CLEAN_SURFACE,3194.722,3336.497,0.08063665150999388,0.22584434169362488,3007.4046,2864.8352999999997,3087.529,2887.468,False,False,False,False,False,False,False,False,False,,,,2024-10-08,3674.405
2024-10-08 00:00:00,2024-10-08,44.2776,0.1960507538788451,2024-10-18,2024-11-15,10,38,0.3433450817114381,0.1805460877912037,4263.90396213981,4274.627075149308,4250.0,4250.0,32,32,0.02996,0.03001,OK,正常双期限插值,HIST_CLEAN_SURFACE,3674.405,3489.775,0.04593979853720831,0.2843640129651841,3155.576,2942.1005,3336.497,3007.4046,False,False,False,False,False,False,False,False,False,,,,2024-10-09,3427.22
2024-10-09 00:00:00,2024-10-09,43.5323,0.18950618365588,2024-10-18,2024-11-15,9,37,0.2778100940850143,0.1823464071345988,3945.4489381034095,3964.635802432749,3900.0,3950.0,39,39,0.02996,0.03000375,OK,正常双期限插值,HIST_CLEAN_SURFACE,3427.22,3258.858,-0.06616959546102541,0.20515885196128836,3234.7224,2997.5773,3489.775,3155.576,False,False,False,False,False,False,False,False,False,,,,2024-10-10,3277.692
2024-10-10 00:00:00,2024-10-10,37.8998,0.1436391565026628,2024-10-18,2024-11-15,8,36,0.2229510427729088,0.1388323755165873,4005.4035471151774,4012.864705849347,4000.0,4000.0,39,39,0.02996,0.0299975,OK,正常双期限插值,HIST_CLEAN_SURFACE,3277.692,3301.926,0.013215672484041985,0.2151580936973394,3294.917,3056.0418,3258.858,3234.7224,False,False,False,False,False,False,False,False,False,,,,2024-10-11,3287.873
2024-10-11 00:00:00,2024-10-11,41.5287,0.1724630852196276,2024-10-18,2024-11-15,7,35,0.2823148299098191,0.1676869224070106,3900.342755851928,3903.065215411335,3900.0,3900.0,39,39,0.02996,0.02999125,OK,正常双期限插值,HIST_CLEAN_SURFACE,3287.873,3217.738,-0.025496634388535666,0.1760643737513805,3320.9588000000003,3104.2133999999996,3301.926,3294.917,False,False,False,False,False,False,False,False,False,,,,2024-10-14,3241.428
2024-10-14 00:00:00,2024-10-14,34.8187,0.1212338912221264,2024-11-15,2024-12-20,32,67,0.1183179101776837,0.0954688049786925,3967.170168350689,3966.8642081148,3950.0,3950.0,39,33,0.0299725,0.03019125,WARN,期限未夹住30日,HIST_CLEAN_SURFACE,3241.428,3284.323,0.020693108015630957,0.20005341977934932,3310.524,3158.9643,3217.738,3320.9588000000003,False,False,False,False,False,False,False,False,False,,,,2024-10-15,3265.746
2024-10-15 00:00:00,2024-10-15,27.1355,0.0736334945777904,2024-11-15,2024-12-20,31,66,0.0731347024337896,0.0651993728701396,3859.497047862731,3868.3059669268137,3850.0,3850.0,39,33,0.02996625,0.030185,WARN,期限未夹住30日,HIST_CLEAN_SURFACE,3265.746,3201.292,-0.02528100920646359,0.16456438496892223,3252.8273999999997,3204.2017,3284.323,3310.524,False,False,False,False,False,False,False,False,False,,,,2024-10-16,3169.169
2024-10-16 00:00:00,2024-10-16,28.1127,0.0790322590593606,2024-11-15,2024-12-20,30,65,0.0790322590593606,0.0679743228080685,3836.6551225031353,3839.8146688325246,3800.0,3800.0,39,33,0.02996,0.03017875,WARN,期限未夹住30日,HIST_CLEAN_SURFACE,3169.169,3202.948,0.0005172911437008043,0.11868915304460925,3241.6454,3238.1839,3201.292,3252.8273999999997,False,False,False,False,False,False,False,False,False,,,,2024-10-17,3220.733
2024-10-17 00:00:00,2024-10-17,27.0435,0.0731351346106497,2024-11-15,2024-12-20,29,64,0.0735589133525347,0.066606293368485,3787.369971441559,3793.2340096612434,3750.0,3750.0,39,33,0.02996,0.0301725,OK,正常双期限插值,HIST_CLEAN_SURFACE,3220.733,3169.384,-0.010479096132687715,0.05612583735899901,3215.1369999999997,3255.0269999999996,3202.948,3241.6454,False,False,False,False,False,False,False,False,False,,,,2024-10-18,3165.975
2024-10-18 00:00:00,2024-10-18,33.6478,0.1132176310385303,2024-11-15,2024-12-20,28,63,0.1160829644088491,0.0922051863228588,3937.0555006860936,3940.691998983032,3900.0,3900.0,39,33,0.02996,0.03016625,OK,正常双期限插值,HIST_CLEAN_SURFACE,3165.975,3261.563,0.029084200589136522,0.05636675801263724,3223.902,3272.4304,3169.384,3215.1369999999997,False,True,True,False,False,True,False,True,False,,,,2024-10-21,3276.06
2024-10-21 00:00:00,2024-10-21,33.8596,0.1146471631070016,2024-11-15,2024-12-20,25,60,0.1229290433587782,0.0939424624775598,3938.7719880513137,3942.0579732768815,3900.0,3900.0,39,33,0.02996,0.0301475,OK,正常双期限插值,HIST_CLEAN_SURFACE,3276.06,3268.11,0.002007319803419394,-0.020496646632680804,3220.6593999999996,3265.5917,3261.563,3223.902,False,False,False,False,False,False,False,False,False,,,,2024-10-22,3263.822
2024-10-22 00:00:00,2024-10-22,31.5736,0.0996894682598814,2024-11-15,2024-12-20,24,59,0.1068390284289629,0.0856327058935518,3962.923836216382,3967.240780443713,3950.0,3950.0,39,33,0.02996,0.03014125,OK,正常双期限插值,HIST_CLEAN_SURFACE,3263.822,3285.867,0.005433415643904205,-0.058430128016849214,3237.5744,3245.2009,3268.11,3220.6593999999996,True,False,True,True,False,False,False,False,False,,,,2024-10-23,3285.247
2024-10-23 00:00:00,2024-10-23,29.4442,0.0866962526352122,2024-11-15,2024-12-20,23,58,0.089890301188172,0.0816298307925862,3978.276109945296,3984.096733287307,3950.0,3950.0,39,33,0.02996,0.030135,OK,正常双期限插值,HIST_CLEAN_SURFACE,3285.247,3302.803,0.005154195224578384,0.013484785160936763,3257.5454,3249.5953999999997,3285.867,3237.5744,False,False,False,False,False,False,False,False,False,,,,2024-10-24,3287.824
2024-10-24 00:00:00,2024-10-24,29.1608,0.085035051020309,2024-11-15,2024-12-20,22,57,0.0895411237795024,0.0791652983471492,3932.596710373552,3938.642590527204,3900.0,3900.0,39,33,0.02996,0.03012875,OK,正常双期限插值,HIST_CLEAN_SURFACE,3287.824,3280.263,-0.006824506335981861,-0.006560716381893483,3279.7212,3247.4291,3302.803,3257.5454,False,False,False,False,False,False,False,False,False,,,,2024-10-25,3280.762
2024-10-25 00:00:00,2024-10-25,29.5306,0.0872058246320375,2024-11-15,2024-12-20,21,56,0.0930909926879794,0.080830225904767,3963.647178795255,3965.740202908505,3950.0,3950.0,39,33,0.02996,0.0301225,OK,正常双期限插值,HIST_CLEAN_SURFACE,3280.762,3299.7,0.005925439515063191,0.02547193090301314,3287.3486,3255.6253,3280.263,3279.7212,False,False,False,False,False,False,False,False,False,,,,2024-10-28,3300.463
2024-10-28 00:00:00,2024-10-28,30.9126,0.0955586987867912,2024-11-15,2024-12-20,18,53,0.1063170319608066,0.0885556328527623,3967.6475128628326,3971.0193419369302,3950.0,3950.0,39,33,0.02996,0.03010375,OK,正常双期限插值,HIST_CLEAN_SURFACE,3300.463,3322.198,0.006818195593538912,0.011532056987086925,3298.1661999999997,3259.4128,3299.7,3287.3486,False,False,False,False,False,False,False,False,False,,,,2024-10-29,3328.089
2024-10-29 00:00:00,2024-10-29,30.3415,0.0920605321692634,2024-11-15,2024-12-20,17,52,0.1010716931359111,0.0870750673741062,3931.905046752959,3935.295280675524,3900.0,3900.0,39,33,0.02996,0.0300975,OK,正常双期限插值,HIST_CLEAN_SURFACE,3328.089,3286.407,-0.010773289250068707,0.02658770271502897,3298.2742,3267.9242999999997,3322.198,3298.1661999999997,False,False,False,False,False,False,False,False,False,,,,2024-10-30,3273.642
2024-10-30 00:00:00,2024-10-30,30.941,0.0957347243603699,2024-11-15,2024-12-20,16,51,0.1044060657314308,0.0916540931269294,3891.9237776850255,3901.614299185151,3850.0,3900.0,39,33,0.02996,0.03009125,OK,正常双期限插值,HIST_CLEAN_SURFACE,3273.642,3266.238,-0.006137097444108508,0.01975992117261982,3290.9612,3274.2533,3286.407,3298.2742,False,False,False,False,False,False,False,False,False,,,,2024-10-31,3267.975
2024-10-31 00:00:00,2024-10-31,31.7987,0.1011159730559003,2024-11-15,2024-12-20,15,50,0.1123914586846201,0.0966057788044124,3893.3179670826194,3897.5900886315953,3850.0,3850.0,38,33,0.02996,0.030085,OK,正常双期限插值,HIST_CLEAN_SURFACE,3267.975,3279.824,0.004159525423438337,0.034845888033762984,3290.8733999999995,3285.2972999999997,3266.238,3290.9612,False,False,False,False,False,False,False,False,False,,,,2024-11-01,3275.577
2024-11-01 00:00:00,2024-11-01,32.3561,0.1046918898753935,2024-11-15,2024-12-20,14,49,0.1194401613477315,0.0996880120544217,3902.211715503796,3910.532535620818,3900.0,3900.0,37,33,0.02996,0.03007875,OK,正常双期限插值,HIST_CLEAN_SURFACE,3275.577,3272.014,-0.0023812253340422807,0.003204291929973513,3285.3362,3286.3424,3279.824,3290.8733999999995,False,False,False,False,False,False,False,False,False,,,,2024-11-04,3275.679
2024-11-04 00:00:00,2024-11-04,34.0458,0.1159113537107175,2024-11-15,2024-12-20,11,46,0.1447665929352196,0.1101006876883921,3953.893763770052,3956.201571153325,3950.0,3950.0,39,33,0.02996,0.03006,OK,正常双期限插值,HIST_CLEAN_SURFACE,3275.679,3310.207,0.011672627317609097,0.01288114537148366,3282.9380000000006,3290.5521,3272.014,3285.3362,False,True,True,False,False,False,False,False,False,,,,2024-11-05,3306.81
2024-11-05 00:00:00,2024-11-05,33.649,0.1132255338272849,2024-11-15,2024-12-20,10,45,0.1423963950231709,0.1083637236279706,4056.818808686357,4068.081954272375,4050.0,4050.0,38,33,0.02996,0.03005375,OK,正常双期限插值,HIST_CLEAN_SURFACE,3306.81,3386.987,0.023194924063661304,0.03077422184160228,3303.054,3300.6641000000004,3310.207,3282.9380000000006,False,False,False,False,False,False,False,False,False,,,,2024-11-06,3395.222
2024-11-06 00:00:00,2024-11-06,32.1732,0.1035111615326419,2024-11-15,2024-12-20,9,44,0.1234431968902188,0.1007931567111541,4036.27606494301,4048.2127574108094,4000.0,4000.0,37,33,0.02996,0.0300475,OK,正常双期限插值,HIST_CLEAN_SURFACE,3395.222,3383.806,-0.0009391828194202922,0.024525531798293754,3326.5676,3308.7644,3386.987,3303.054,False,False,False,False,False,False,False,False,False,,,,2024-11-07,3359.985
2024-11-07 00:00:00,2024-11-07,31.7062,0.100528250196929,2024-11-15,2024-12-20,8,43,0.1469779758761661,0.095421726443609,4168.645061500217,4180.685048246093,4150.0,4150.0,39,32,0.02996,0.03004125,OK,正常双期限插值,HIST_CLEAN_SURFACE,3359.985,3470.661,0.025667842660010765,0.058043516632660275,3364.7349999999997,3327.8042,3383.806,3326.5676,False,False,False,False,False,False,False,False,False,,,,2024-11-08,3502.133
2024-11-08 00:00:00,2024-11-08,31.1036,0.0967432140841431,2024-11-15,2024-12-20,7,42,0.1315051233106209,0.0937204393687972,4116.6382777134695,4126.837604552109,4100.0,4100.0,39,33,0.02996,0.030035,OK,正常双期限插值,HIST_CLEAN_SURFACE,3502.133,3452.297,-0.005291211097828374,0.04624571930781585,3400.7915999999996,3343.0639,3470.661,3364.7349999999997,False,False,False,False,False,False,False,False,False,,,,2024-11-11,3432.367
2024-11-11 00:00:00,2024-11-11,28.78,0.0828287243402391,2024-12-20,2025-01-17,39,67,0.0754708207173331,0.0652210047252252,4142.0554031242245,4133.005115664755,4100.0,4100.0,33,23,0.03001625,0.03019125,WARN,期限未夹住30日,HIST_CLEAN_SURFACE,3432.367,3470.066,0.0051470079196545004,0.04450908705621992,3432.7634,3357.8507,3452.297,3400.7915999999996,False,False,False,False,False,False,False,False,False,,,,2024-11-12,3469.891
2024-11-12 00:00:00,2024-11-12,28.0613,0.078743472237684,2024-12-20,2025-01-17,38,66,0.0718076971921257,0.0607735096196465,4091.2607931406983,4099.99276283596,4050.0,4050.0,33,23,0.03001,0.030185,WARN,期限未夹住30日,HIST_CLEAN_SURFACE,3469.891,3421.97,-0.013860255107539743,0.04124960785441356,3439.7599999999998,3371.407,3470.066,3432.7634,False,False,False,False,False,False,False,False,False,,,,2024-11-13,3406.916
2024-11-13 00:00:00,2024-11-13,25.7875,0.0664995998931193,2024-12-20,2025-01-17,37,65,0.0635356550805415,0.0580637569650133,4118.00652598737,4124.215815593061,4100.0,4100.0,33,23,0.03000375,0.03017875,WARN,期限未夹住30日,HIST_CLEAN_SURFACE,3406.916,3439.278,0.005057905241717453,0.05297838063239735,3450.8544,3388.7110000000002,3421.97,3439.7599999999998,False,False,False,False,False,False,False,False,False,,,,2024-11-14,3429.505
2024-11-14 00:00:00,2024-11-14,26.2737,0.0690307698352655,2024-12-20,2025-01-17,36,64,0.0654119897670561,0.0574959083678479,4049.293340829435,4072.35555672238,4000.0,4050.0,33,23,0.0299975,0.0301725,WARN,期限未夹住30日,HIST_CLEAN_SURFACE,3429.505,3379.839,-0.01728240636552203,0.030494014312963058,3432.69,3398.7125,3439.278,3450.8544,False,False,False,False,False,False,False,False,False,,,,2024-11-15,3369.809
2024-11-15 00:00:00,2024-11-15,26.2979,0.0691579381798359,2024-12-20,2025-01-17,35,63,0.0662250386129328,0.0584039731011913,3978.193791099391,3994.8317915071966,3950.0,3950.0,33,23,0.02999125,0.03016625,WARN,期限未夹住30日,HIST_CLEAN_SURFACE,3369.809,3330.726,-0.014531165537766677,0.017943688505000388,3408.3758000000003,3404.5837,3379.839,3432.69,False,False,False,False,False,False,False,False,False,,,,2024-11-18,3344.69
2024-11-18 00:00:00,2024-11-18,26.4705,0.0700688049194255,2024-12-20,2025-01-17,32,60,0.069074081367433,0.0621110165034855,3956.485806721794,3953.1684887077863,3950.0,3950.0,33,23,0.0299725,0.0301475,WARN,期限未夹住30日,HIST_CLEAN_SURFACE,3344.69,3323.849,-0.0020647150200886477,0.004121192420897035,3379.1324,3405.9479,3330.726,3408.3758000000003,False,False,False,False,False,False,False,False,False,,,,2024-11-19,3324.883
2024-11-19 00:00:00,2024-11-19,26.5918,0.0707121683428381,2024-12-20,2025-01-17,31,59,0.0702053991293414,0.0629903798185413,3975.684008291552,3974.809411409803,3950.0,3950.0,32,23,0.02996625,0.03014125,WARN,期限未夹住30日,HIST_CLEAN_SURFACE,3324.883,3346.01,0.006667270384424828,-0.012098363530772316,3363.9404000000004,3401.8502,3323.849,3379.1324,False,False,False,False,False,False,False,False,False,,,,2024-11-20,3337.678
2024-11-20 00:00:00,2024-11-20,24.4415,0.0597387031954403,2024-12-20,2025-01-17,30,58,0.0597387031954403,0.0566440883193263,3983.5305440498814,3991.885494523011,3950.0,3950.0,33,23,0.02996,0.030135,WARN,期限未夹住30日,HIST_CLEAN_SURFACE,3337.678,3367.989,0.006568719161030634,-0.004674322345902815,3349.6826,3400.2684999999997,3346.01,3363.9404000000004,False,True,True,False,False,False,False,False,False,,,,2024-11-21,3362.944
2024-11-21 00:00:00,2024-11-21,23.1268,0.0534848326514846,2024-12-20,2025-01-17,29,57,0.0536021482408399,0.0518732869240254,3988.973784591837,3991.52305680216,3950.0,3950.0,32,23,0.02996,0.03012875,OK,正常双期限插值,HIST_CLEAN_SURFACE,3362.944,3370.404,0.0007170450972375786,-0.028887004521617077,3347.7956000000004,3390.2428,3367.989,3349.6826,False,False,False,False,False,False,False,False,False,,,,2024-11-22,3368.043
2024-11-22 00:00:00,2024-11-22,24.8505,0.0617548790121092,2024-12-20,2025-01-17,28,56,0.0627256340308355,0.0554449713903881,3860.394295562687,3863.0654552482674,3850.0,3850.0,33,23,0.02996,0.0301225,OK,正常双期限插值,HIST_CLEAN_SURFACE,3368.043,3267.192,-0.030623035102023355,-0.05361792452966818,3335.0888,3371.7323000000006,3370.404,3347.7956000000004,False,False,False,False,False,False,False,False,False,,,,2024-11-25,3274.884
2024-11-25 00:00:00,2024-11-25,24.182,0.0584769371620411,2024-12-20,2025-01-17,25,53,0.0616070270639462,0.0516852326579076,3838.660786030569,3840.504329402832,3800.0,3800.0,33,24,0.02996,0.03010375,OK,正常双期限插值,HIST_CLEAN_SURFACE,3274.884,3263.76,-0.0010504433164625349,-0.05945304786710093,3323.071,3351.1017,3267.192,3335.0888,False,False,False,False,False,False,False,False,False,,,,2024-11-26,3256.858
2024-11-26 00:00:00,2024-11-26,23.5914,0.0556555356725988,2024-12-20,2025-01-17,24,52,0.0578977919002349,0.0518609482104453,3836.760176641812,3839.4279819878175,3800.0,3800.0,33,24,0.02996,0.0300975,OK,正常双期限插值,HIST_CLEAN_SURFACE,3256.858,3259.757,-0.001226499497512079,-0.047403396289271926,3305.8203999999996,3334.8804000000005,3263.76,3323.071,False,False,False,False,False,False,False,False,False,,,,2024-11-27,3250.591
2024-11-27 00:00:00,2024-11-27,23.6042,0.0557156580729959,2024-12-20,2025-01-17,23,51,0.0578867887609712,0.0527782459657352,3907.117257860497,3909.980573863272,3900.0,3900.0,33,24,0.02996,0.03009125,OK,正常双期限插值,HIST_CLEAN_SURFACE,3250.591,3309.779,0.01534531561708441,-0.03765296088306902,3294.1784,3321.9305,3259.757,3305.8203999999996,False,True,True,False,False,False,False,False,False,,,,2024-11-28,3308.28
2024-11-28 00:00:00,2024-11-28,23.6458,0.0559123445261004,2024-12-20,2025-01-17,22,50,0.0582070621956569,0.0533881550895883,3872.192137084997,3872.1134294486474,3850.0,3850.0,31,24,0.02996,0.030085,OK,正常双期限插值,HIST_CLEAN_SURFACE,3308.28,3295.698,-0.004254362602457817,-0.024894972807876337,3279.2372000000005,3313.5163999999995,3309.779,3294.1784,False,False,False,False,False,False,False,False,False,,,,2024-11-29,3295.21
2024-11-29 00:00:00,2024-11-29,24.2143,0.0586332335754541,2024-12-20,2025-01-17,21,49,0.0620443468549636,0.0555469882273265,3914.406411418296,3915.520188541528,3900.0,3900.0,32,24,0.02996,0.03007875,OK,正常双期限插值,HIST_CLEAN_SURFACE,3295.21,3326.456,0.009332772602343997,-0.001282002782576508,3291.09,3313.0894,3295.698,3279.2372000000005,False,False,False,False,False,False,False,False,False,,,,2024-12-02,3328.482
2024-12-02 00:00:00,2024-12-02,25.5113,0.0650824189031761,2024-12-20,2025-01-17,18,46,0.070409309812706,0.062303171472117,3944.992607142687,3944.411686873672,3900.0,3900.0,32,24,0.02996,0.03006,OK,正常双期限插值,HIST_CLEAN_SURFACE,3328.482,3363.982,0.01128107511417542,0.012074254877402657,3311.1344,3317.1027000000004,3326.456,3291.09,False,False,False,False,False,False,False,False,False,,,,2024-12-03,3366.285
2024-12-03 00:00:00,2024-12-03,25.716,0.0661314529926546,2024-12-20,2025-01-17,17,45,0.0713303298811429,0.0638652758874162,3949.0592457749735,3951.946880515666,3900.0,3950.0,32,24,0.02996,0.03005375,OK,正常双期限插值,HIST_CLEAN_SURFACE,3366.285,3378.806,0.004406682318752075,0.009801524801181127,3334.9442000000004,3320.3823,3363.982,3311.1344,False,False,False,False,False,False,False,False,False,,,,2024-12-04,3376.572
2024-12-04 00:00:00,2024-12-04,25.451,0.0647753440455763,2024-12-20,2025-01-17,16,44,0.0695878058915023,0.063025357919785,3924.166094211616,3922.921485355679,3900.0,3900.0,33,24,0.02996,0.0300475,OK,正常双期限插值,HIST_CLEAN_SURFACE,3376.572,3364.65,-0.004189645691406896,-0.0009913927866154193,3345.9184,3320.0483999999997,3378.806,3334.9442000000004,False,False,False,False,False,False,False,False,False,,,,2024-12-05,3353.057
2024-12-05 00:00:00,2024-12-05,24.8538,0.0617711025577082,2024-12-20,2025-01-17,15,43,0.065637525298143,0.060602184054786,3918.823161433715,3913.71605942439,3900.0,3900.0,32,24,0.02996,0.03004125,OK,正常双期限插值,HIST_CLEAN_SURFACE,3353.057,3368.855,0.0012497585187165594,-0.00045958882080610053,3360.5498,3319.8934999999997,3364.65,3345.9184,False,False,False,False,False,False,False,False,False,,,,2024-12-06,3370.941
2024-12-06 00:00:00,2024-12-06,25.1243,0.0631231619425819,2024-12-20,2025-01-17,14,42,0.0657601086970093,0.0624639252539751,3973.20743236949,3973.563780272422,3950.0,3950.0,33,24,0.02996,0.030035,OK,正常双期限插值,HIST_CLEAN_SURFACE,3370.941,3404.076,0.010454887491447407,0.04189652766044971,3376.0738000000006,3333.5819,3368.855,3360.5498,False,False,False,False,False,False,False,False,False,,,,2024-12-09,3402.629
2024-12-09 00:00:00,2024-12-09,25.3331,0.0641766402568964,2024-12-20,2025-01-17,11,39,0.0648618764193669,0.064085090486202,3965.008819392589,3964.3662095384816,3950.0,3950.0,32,24,0.02996,0.03001625,OK,正常双期限插值,HIST_CLEAN_SURFACE,3402.629,3402.534,-0.0004529863610565066,0.04251967056401207,3383.7842000000005,3347.4593,3404.076,3376.0738000000006,False,False,False,False,False,False,False,False,False,,,,2024-12-10,3490.289
2024-12-10 00:00:00,2024-12-10,25.7543,0.0663283640993364,2024-12-20,2025-01-17,10,38,0.0786713050067899,0.0650291071617097,4001.7193621975593,4003.522934943544,4000.0,4000.0,32,24,0.02996,0.03001,OK,正常双期限插值,HIST_CLEAN_SURFACE,3490.289,3422.661,0.005915297246111173,0.04997427722373171,3392.5552000000002,3363.7497000000003,3402.534,3383.7842000000005,False,False,False,False,False,False,False,False,False,,,,2024-12-11,3416.087
2024-12-11 00:00:00,2024-12-11,25.3418,0.0642207267895706,2024-12-20,2025-01-17,9,37,0.0718563564026091,0.0636016216858107,3995.6490936145374,3997.689297187143,3950.0,3950.0,32,24,0.02996,0.03000375,OK,正常双期限插值,HIST_CLEAN_SURFACE,3416.087,3432.49,0.002871742191236537,0.03707528508701019,3406.1231999999995,3376.0208,3422.661,3392.5552000000002,False,False,False,False,False,False,False,False,False,,,,2024-12-12,3432.279
2024-12-12 00:00:00,2024-12-12,25.9314,0.0672436687847981,2024-12-20,2025-01-17,8,36,0.0757578295551749,0.066727659041139,4042.384477982525,4043.031699402911,4000.0,4000.0,32,24,0.02996,0.0299975,OK,正常双期限插值,HIST_CLEAN_SURFACE,3432.279,3461.5,0.008451590536316278,0.050308614442221344,3424.6521999999995,3392.601,3432.49,3406.1231999999995,False,False,False,False,False,False,False,False,False,,,,2024-12-13,3442.926
2024-12-13 00:00:00,2024-12-13,23.907,0.0571542561270298,2024-12-20,2025-01-17,7,35,0.0580719766668881,0.0571143552339925,3934.8975015091537,3932.318461896904,3900.0,3900.0,33,24,0.02996,0.02999125,OK,正常双期限插值,HIST_CLEAN_SURFACE,3442.926,3391.878,-0.020113245702729987,0.01966717732024703,3422.2126000000003,3399.1432,3461.5,3424.6521999999995,False,False,False,False,False,False,False,False,False,,,,2024-12-16,3390.083
2024-12-16 00:00:00,2024-12-16,22.581,0.0509901074759738,2025-01-17,2025-02-21,32,67,0.0505044649095048,0.0466990567394123,3913.1721396798953,3912.433025114392,3900.0,3900.0,24,21,0.0299725,0.03019125,WARN,期限未夹住30日,HIST_CLEAN_SURFACE,3390.083,3386.331,-0.001635377215807865,0.006643614621005822,3418.972,3401.3781000000004,3391.878,3422.2126000000003,False,False,False,False,False,False,False,False,False,,,,2024-12-17,3381.814
2024-12-17 00:00:00,2024-12-17,23.1525,0.05360381243036,2025-01-17,2025-02-21,31,66,0.0532546480013331,0.0476997593577229,3926.761225445718,3930.072848408368,3900.0,3900.0,24,21,0.02996625,0.030185,WARN,期限未夹住30日,HIST_CLEAN_SURFACE,3381.814,3361.485,-0.007337144537849394,-0.005126367124954734,3406.7368,3399.6459999999997,3386.331,3418.972,False,False,False,False,False,False,False,False,False,,,,2024-12-18,3371.296
2024-12-18 00:00:00,2024-12-18,22.0792,0.0487492003079392,2025-01-17,2025-02-21,30,65,0.0487492003079392,0.0471066585147366,3940.376331198921,3947.422482246285,3900.0,3900.0,24,21,0.02996,0.03017875,WARN,期限未夹住30日,HIST_CLEAN_SURFACE,3371.296,3382.208,0.006164834886962067,0.005218373382075425,3396.6803999999997,3401.4017999999996,3361.485,3406.7368,False,False,False,False,False,False,False,False,False,,,,2024-12-19,3355.904
2024-12-19 00:00:00,2024-12-19,22.3453,0.0499312146393476,2025-01-17,2025-02-21,29,64,0.0501219035946408,0.0469934129218625,3946.332762255634,3948.566258867473,3900.0,3900.0,24,21,0.02996,0.0301725,OK,正常双期限插值,HIST_CLEAN_SURFACE,3355.904,3370.033,-0.003599719473196261,0.00034967370219263216,3378.3869999999997,3401.5195999999996,3382.208,3396.6803999999997,False,False,False,False,False,False,False,False,False,,,,2024-12-20,3364.481
2024-12-20 00:00:00,2024-12-20,21.4839,0.0461556452071113,2025-01-17,2025-02-21,28,63,0.0462448422339209,0.0455015336771741,3937.371008099439,3945.1776029304538,3900.0,3900.0,24,21,0.02996,0.03016625,OK,正常双期限插值,HIST_CLEAN_SURFACE,3364.481,3368.069,-0.0005827836107242801,-0.010577613425787225,3373.6252,3397.9188999999997,3370.033,3378.3869999999997,False,False,False,False,False,False,False,False,False,,,,2024-12-23,3367.904
2024-12-23 00:00:00,2024-12-23,21.1233,0.0446193651207896,2025-01-17,2025-02-21,25,60,0.044501474975439,0.0449140904841663,3938.495255772899,3952.99820260901,3900.0,3950.0,24,21,0.02996,0.0301475,OK,正常双期限插值,HIST_CLEAN_SURFACE,3367.904,3351.257,-0.004991584198542176,-0.015070238827885385,3366.6104,3392.7911999999997,3368.069,3373.6252,False,False,False,False,False,False,False,False,False,,,,2024-12-24,3353.535
2024-12-24 00:00:00,2024-12-24,20.9296,0.0438046918615043,2025-01-17,2025-02-21,24,59,0.0444853504645558,0.0424664478283862,3988.978308942991,3994.459138573948,3950.0,3950.0,24,21,0.02996,0.03014125,OK,正常双期限插值,HIST_CLEAN_SURFACE,3353.535,3393.528,0.012613476077782071,-0.00851179827625359,3373.0190000000002,3389.8779000000004,3351.257,3366.6104,False,False,False,False,False,False,False,False,False,,,,2024-12-25,3395.107
2024-12-25 00:00:00,2024-12-25,20.7015,0.0428553416948456,2025-01-17,2025-02-21,23,58,0.0435716953811682,0.0417190565372304,3986.78646688342,3987.051485371271,3950.0,3950.0,24,21,0.02996,0.030135,OK,正常双期限插值,HIST_CLEAN_SURFACE,3395.107,3393.35,-5.2452786598489176e-05,-0.011402800882158393,3375.2474,3385.9639,3393.528,3373.0190000000002,False,False,False,False,False,False,False,False,False,,,,2024-12-26,3389.338
2024-12-26 00:00:00,2024-12-26,19.8201,0.0392836185733116,2025-01-17,2025-02-21,22,57,0.04013350876904,0.038176524765718,3990.78337155501,3994.935933019434,3950.0,3950.0,24,21,0.02996,0.03012875,OK,正常双期限插值,HIST_CLEAN_SURFACE,3389.338,3398.077,0.0013930186983366344,-0.018322403582262003,3380.8561999999997,3379.6216,3393.35,3375.2474,False,False,False,False,True,False,True,False,True,AVIX<20,AVIX<20,AVIX<20,2024-12-27,3397.294
2024-12-27 00:00:00,2024-12-27,19.2725,0.0371428492969061,2025-01-17,2025-02-21,21,56,0.0383180855335065,0.0358696767072558,3986.376537110042,3996.119949622366,3950.0,3950.0,24,21,0.02996,0.0301225,OK,正常双期限插值,HIST_CLEAN_SURFACE,3397.294,3400.142,0.0006076966472505774,0.002436408384971278,3387.2708,3380.4480000000003,3398.077,3380.8561999999997,False,False,False,False,False,False,False,False,False,,,,2024-12-30,3395.396
2024-12-30 00:00:00,2024-12-30,19.0875,0.0364333908652873,2025-01-17,2025-02-21,18,53,0.039905165371161,0.0341734621775016,4003.056874282424,4005.4236563049417,4000.0,4000.0,24,21,0.02996,0.03010375,OK,正常双期限插值,HIST_CLEAN_SURFACE,3395.396,3407.326,0.0021128529337892665,0.006199925524114525,3398.4846,3382.5474999999997,3400.142,3387.2708,False,False,False,False,False,False,False,False,False,,,,2024-12-31,3406.965
2024-12-31 00:00:00,2024-12-31,18.9973,0.0360895620565465,2025-01-17,2025-02-21,17,52,0.0397397901878635,0.0340700571436582,3922.0307201681608,3930.278157800286,3900.0,3900.0,24,21,0.02996,0.0300975,OK,正常双期限插值,HIST_CLEAN_SURFACE,3406.965,3351.763,-0.016306922202336982,-0.0028921741432730297,3390.1315999999997,3381.5752999999995,3407.326,3398.4846,False,False,False,False,False,False,False,False,False,,,,2025-01-02,3347.939
2025-01-02 00:00:00,2025-01-02,20.7242,0.0429494178533783,2025-01-17,2025-02-21,15,50,0.0540107209583212,0.0385248966114011,3817.236637972836,3820.283420684071,3800.0,3800.0,24,21,0.02996,0.030085,OK,正常双期限插值,HIST_CLEAN_SURFACE,3347.939,3262.561,-0.026613456858375684,-0.03537541156546253,3363.9737999999998,3369.6106,3351.763,3390.1315999999997,False,False,False,False,False,False,False,False,False,,,,2025-01-03,3267.077
2025-01-03 00:00:00,2025-01-03,20.8969,0.0436680761449882,2025-01-17,2025-02-21,14,49,0.0525540156799959,0.0406532038027534,3779.8757784234986,3779.008490879613,3750.0,3750.0,25,22,0.02996,0.03007875,OK,正常双期限插值,HIST_CLEAN_SURFACE,3267.077,3211.43,-0.015672044139557917,-0.04706274389597964,3326.6443999999997,3353.7502999999997,3262.561,3363.9737999999998,False,False,False,False,False,False,False,False,False,,,,2025-01-06,3209.783
2025-01-06 00:00:00,2025-01-06,22.5587,0.0508894278471207,2025-01-17,2025-02-21,11,46,0.0635650426937884,0.0483369012876087,3766.621089549366,3769.076912816253,3750.0,3750.0,26,23,0.02996,0.03006,OK,正常双期限插值,HIST_CLEAN_SURFACE,3209.783,3206.923,-0.0014034246426046781,-0.0478452193230009,3288.0005999999994,3337.6357000000003,3211.43,3326.6443999999997,False,False,False,False,False,False,False,False,False,,,,2025-01-07,3203.307
2025-01-07 00:00:00,2025-01-07,19.955,0.03982016020617,2025-01-17,2025-02-21,10,45,0.0427827744369651,0.0393263911677042,3793.079320717121,3793.541820882815,3750.0,3750.0,26,23,0.02996,0.03005375,OK,正常双期限插值,HIST_CLEAN_SURFACE,3203.307,3229.644,0.007084984578675568,-0.03628877164598243,3252.4642,3325.4744,3206.923,3288.0005999999994,False,False,False,False,False,False,False,False,False,,,,2025-01-08,3218.858
2025-01-08 00:00:00,2025-01-08,19.11,0.0365192920279419,2025-01-17,2025-02-21,9,44,0.0409162975217348,0.0359197003696974,3787.064294101545,3788.767025172615,3750.0,3750.0,26,23,0.02996,0.0300475,OK,正常双期限插值,HIST_CLEAN_SURFACE,3218.858,3230.168,0.00016224698449751607,-0.04813869224005218,3228.1452,3309.1384,3229.644,3252.4642,False,False,False,False,False,False,False,False,False,,,,2025-01-09,3220.721
2025-01-09 00:00:00,2025-01-09,18.9862,0.0360477162737428,2025-01-17,2025-02-21,8,43,0.0382907279934204,0.035801127247478,3778.530586914222,3781.639277827184,3750.0,3750.0,26,23,0.02996,0.03004125,OK,正常双期限插值,HIST_CLEAN_SURFACE,3220.721,3211.393,-0.005812391182130505,-0.053621642329851005,3217.9116,3290.9427000000005,3230.168,3228.1452,False,False,False,False,False,False,False,False,False,,,,2025-01-10,3211.707
2025-01-10 00:00:00,2025-01-10,19.4049,0.0376548376848528,2025-01-17,2025-02-21,7,42,0.039633890943969,0.0374827460971035,3734.030879286465,3734.9942250920326,3700.0,3700.0,26,23,0.02996,0.030035,OK,正常双期限插值,HIST_CLEAN_SURFACE,3211.707,3168.524,-0.01334903576111679,-0.06755379586748633,3209.3304,3267.9874,3211.393,3217.9116,False,False,False,False,False,False,False,False,False,,,,2025-01-13,3148.826
2025-01-13 00:00:00,2025-01-13,17.4923,0.0305981614425376,2025-02-21,2025-03-21,39,67,0.0377315013163268,0.0476684921852869,3721.9620559301097,3726.203953380554,3700.0,3700.0,23,31,0.03001625,0.03019125,WARN,期限未夹住30日,HIST_CLEAN_SURFACE,3148.826,3160.755,-0.00245193029940749,-0.07040500073232225,3200.0968000000003,3244.0487000000003,3168.524,3209.3304,False,False,False,False,False,False,False,False,False,,,,2025-01-14,3165.161
2025-01-14 00:00:00,2025-01-14,19.0363,0.036238020676981,2025-02-21,2025-03-21,38,66,0.041755448425071,0.0505331743879416,3818.8170414659694,3819.2852327073824,3800.0,3800.0,23,31,0.03001,0.030185,WARN,期限未夹住30日,HIST_CLEAN_SURFACE,3165.161,3240.94,0.025368938750393477,-0.04883184056940837,3202.3559999999998,3227.4101,3160.755,3200.0968000000003,False,False,False,False,False,False,False,False,False,,,,2025-01-15,3234.715
2025-01-15 00:00:00,2025-01-15,18.478,0.0341437265681381,2025-02-21,2025-03-21,37,65,0.0391876785872361,0.0484995900071093,3797.68929718714,3797.852501436351,3750.0,3750.0,23,31,0.03000375,0.03017875,WARN,期限未夹住30日,HIST_CLEAN_SURFACE,3234.715,3227.117,-0.0042651206131554265,-0.03718819021511954,3201.7457999999997,3214.9455000000003,3240.94,3202.3559999999998,False,False,False,False,False,False,False,False,False,,,,2025-01-16,3239.026
2025-01-16 00:00:00,2025-01-16,18.5683,0.0344782664665716,2025-02-21,2025-03-21,36,64,0.0390582977664069,0.0490771162347967,3796.841143168573,3799.067424177535,3750.0,3750.0,23,31,0.0299975,0.0301725,WARN,期限未夹住30日,HIST_CLEAN_SURFACE,3239.026,3236.032,0.002762527667884429,-0.00813134221858225,3206.6736,3212.2925999999998,3227.117,3201.7457999999997,False,False,False,False,False,False,False,False,False,,,,2025-01-17,3226.762
2025-01-17 00:00:00,2025-01-17,19.6043,0.0384327046715068,2025-02-21,2025-03-21,35,63,0.0417555893480356,0.0506166151521122,3813.0631656554,3817.7729748612232,3800.0,3800.0,23,31,0.02999125,0.03016625,WARN,期限未夹住30日,HIST_CLEAN_SURFACE,3226.762,3241.821,0.0017889192690305755,0.009463385470024344,3221.333,3215.3316999999997,3236.032,3206.6736,False,False,False,False,False,False,False,False,False,,,,2025-01-20,3256.149
2025-01-20 00:00:00,2025-01-20,19.7087,0.0388430952152842,2025-02-21,2025-03-21,32,60,0.0402948750599882,0.0504573339729167,3830.7558565585,3835.634239435733,3800.0,3800.0,23,31,0.0299725,0.0301475,WARN,期限未夹住30日,HIST_CLEAN_SURFACE,3256.149,3244.378,0.0007887542217785981,0.011679419805215252,3238.0576,3219.0772,3241.821,3221.333,False,False,False,False,False,False,False,False,False,,,,2025-01-21,3256.833
2025-01-21 00:00:00,2025-01-21,19.09,0.0364427705343545,2025-02-21,2025-03-21,31,59,0.0373174308402379,0.0497702216358668,3831.305961470869,3834.280584080332,3800.0,3800.0,23,31,0.02996625,0.03014125,WARN,期限未夹住30日,HIST_CLEAN_SURFACE,3256.833,3242.623,-0.0005409357356017663,0.004018709182807889,3238.3942,3220.3751,3244.378,3238.0576,False,False,False,False,False,False,False,False,False,,,,2025-01-22,3235.493
2025-01-22 00:00:00,2025-01-22,19.712,0.0388561535537682,2025-02-21,2025-03-21,30,58,0.0388561535537682,0.0516673617848816,3789.277609118794,3791.1319410884953,3750.0,3750.0,23,31,0.02996,0.030135,WARN,期限未夹住30日,HIST_CLEAN_SURFACE,3235.493,3213.624,-0.008943068620681505,-0.0051217150315402415,3235.6956,3218.7207,3242.623,3238.3942,False,False,False,False,False,False,False,False,False,,,,2025-01-23,3237.599
2025-01-23 00:00:00,2025-01-23,19.9402,0.0397612266602024,2025-02-21,2025-03-21,29,57,0.0388577539695673,0.0521720883578737,3800.1247861465754,3802.673753297277,3800.0,3800.0,23,31,0.02996,0.03012875,OK,正常双期限插值,HIST_CLEAN_SURFACE,3237.599,3230.164,0.005146837340024968,0.005845127021202323,3234.522,3220.5978,3213.624,3235.6956,False,False,False,False,False,False,False,False,False,,,,2025-01-24,3222.877
2025-01-24 00:00:00,2025-01-24,19.7457,0.0389892919914762,2025-02-21,2025-03-21,28,56,0.0372456022187404,0.0503232755142587,3837.942754406135,3842.508455166889,3800.0,3800.0,23,31,0.02996,0.0301225,OK,正常双期限插值,HIST_CLEAN_SURFACE,3222.877,3252.626,0.006953826493020232,0.02654295817232266,3236.683,3229.0080000000003,3230.164,3234.522,False,False,False,False,False,False,False,False,False,,,,2025-01-27,3256.614
2025-01-27 00:00:00,2025-01-27,19.5758,0.0383211947284545,2025-02-21,2025-03-21,25,53,0.0344540725175665,0.0467121202803811,3804.506741058826,3808.816915893037,3800.0,3800.0,23,31,0.02996,0.03010375,OK,正常双期限插值,HIST_CLEAN_SURFACE,3256.614,3250.601,-0.0006225738833791628,0.028425486948529644,3237.9276,3237.9926,3252.626,3236.683,False,False,False,False,False,False,False,False,False,,,,2025-02-05,3270.16
2025-02-05 00:00:00,2025-02-05,20.1456,0.0405844331952333,2025-02-21,2025-03-21,16,44,0.0342781124790964,0.0428776407283741,3791.095707021661,3792.449578150297,3750.0,3750.0,23,31,0.02996,0.0300475,OK,正常双期限插值,HIST_CLEAN_SURFACE,3270.16,3229.488,-0.006495106597210865,-0.00353354273760087,3235.3006,3236.8474,3250.601,3237.9276,False,False,False,False,False,False,False,False,False,,,,2025-02-06,3226.575
2025-02-06 00:00:00,2025-02-06,20.2927,0.0411792964617932,2025-02-21,2025-03-21,15,43,0.0353386613545948,0.042945069866295,3843.398961266789,3846.9592246207976,3800.0,3800.0,23,31,0.02996,0.03004125,OK,正常双期限插值,HIST_CLEAN_SURFACE,3226.575,3270.659,0.01274846043707245,0.01349253838642972,3246.7076,3241.2016,3229.488,3235.3006,False,False,False,False,False,False,False,False,False,,,,2025-02-07,3269.227
2025-02-07 00:00:00,2025-02-07,20.5663,0.0422971994123984,2025-02-21,2025-03-21,14,42,0.0373179551510101,0.0435420104777455,3896.0462980951897,3900.8579483405993,3850.0,3900.0,23,31,0.02996,0.030035,OK,正常双期限插值,HIST_CLEAN_SURFACE,3269.227,3303.667,0.010092155739867659,0.020900596780254244,3261.4082,3247.9651000000003,3270.659,3246.7076,False,False,False,False,False,False,False,False,False,,,,2025-02-10,3308.04
2025-02-10 00:00:00,2025-02-10,21.1465,0.0447174123382098,2025-02-21,2025-03-21,11,39,0.0398387039991354,0.0453692235737947,3899.3533703826097,3903.8910942528864,3850.0,3900.0,23,31,0.02996,0.03001625,OK,正常双期限插值,HIST_CLEAN_SURFACE,3308.04,3322.17,0.0056007460800377995,0.024785143905231122,3275.317,3256.0,3303.667,3261.4082,False,False,False,False,False,False,False,False,False,,,,2025-02-11,3323.669
2025-02-11 00:00:00,2025-02-11,20.5085,0.0420599871388446,2025-02-21,2025-03-21,10,38,0.0373844142487166,0.0425521527062265,3882.7248454792257,3886.333477296759,3850.0,3850.0,23,31,0.02996,0.03001,OK,正常双期限插值,HIST_CLEAN_SURFACE,3323.669,3318.057,-0.001238046216780031,0.022709745905070022,3288.8082000000004,3263.3679,3322.17,3275.317,False,False,False,False,False,False,False,False,False,,,,2025-02-12,3312.257
2025-02-12 00:00:00,2025-02-12,19.9846,0.0399385112246886,2025-02-21,2025-03-21,9,37,0.0383131089036527,0.0400703006020699,3919.087212631917,3921.908881858524,3900.0,3900.0,23,30,0.02996,0.03000375,OK,正常双期限插值,HIST_CLEAN_SURFACE,3312.257,3346.385,0.008537526630796322,0.03199940295248638,3312.1875999999997,3273.7441,3318.057,3288.8082000000004,False,False,False,False,False,False,False,False,False,,,,2025-02-13,3343.235
2025-02-13 00:00:00,2025-02-13,19.2521,0.0370644037889216,2025-02-21,2025-03-21,8,36,0.0313900003933037,0.0374083070250196,3906.903845728882,3911.097510920396,3900.0,3900.0,23,29,0.02996,0.0299975,OK,正常双期限插值,HIST_CLEAN_SURFACE,3343.235,3332.483,-0.004154333706372748,0.03698596973385815,3324.5523999999996,3285.63,3346.385,3312.1875999999997,False,False,False,False,False,False,False,False,False,,,,2025-02-14,3328.483
2025-02-14 00:00:00,2025-02-14,19.212,0.0369101671790689,2025-02-21,2025-03-21,7,35,0.0295825299283666,0.0372287601030124,3940.224099299119,3945.186175939625,3900.0,3900.0,23,27,0.02996,0.02999125,OK,正常双期限插值,HIST_CLEAN_SURFACE,3328.483,3346.724,0.004273390141825262,0.03608485513429027,3333.1638,3297.286,3332.483,3324.5523999999996,False,False,False,False,False,False,False,False,False,,,,2025-02-17,3355.417
2025-02-17 00:00:00,2025-02-17,20.2778,0.0411189198590847,2025-03-21,2025-04-18,32,60,0.0403248273703677,0.0347661799493483,3946.660021142846,3941.159567299077,3900.0,3900.0,30,20,0.0299725,0.0301475,WARN,期限未夹住30日,HIST_CLEAN_SURFACE,3355.417,3355.83,0.0027208697221521305,0.03172943953593177,3339.8958,3307.6063999999997,3346.724,3333.1638,False,False,False,False,False,False,False,False,False,,,,2025-02-18,3348.983
2025-02-18 00:00:00,2025-02-18,19.3248,0.0373449057863778,2025-03-21,2025-04-18,31,59,0.0370882716804786,0.033434497969372,3915.293056826386,3915.1840668573263,3900.0,3900.0,31,20,0.02996625,0.03014125,WARN,期限未夹住30日,HIST_CLEAN_SURFACE,3348.983,3324.491,-0.009338673293939226,0.02273118109543426,3341.1826,3314.9954,3355.83,3339.8958,False,False,False,False,False,False,False,False,False,,,,2025-02-19,3320.78
2025-02-19 00:00:00,2025-02-19,19.0806,0.0364068804068454,2025-03-21,2025-04-18,30,58,0.0364068804068454,0.0320436541946636,3942.905523404808,3943.064417649313,3900.0,3900.0,31,20,0.02996,0.030135,WARN,期限未夹住30日,HIST_CLEAN_SURFACE,3320.78,3351.539,0.008135982320301105,0.03779267797248376,3342.2133999999996,3327.2005,3324.491,3341.1826,False,False,False,False,False,False,False,False,False,,,,2025-02-20,3347.589
2025-02-20 00:00:00,2025-02-20,18.251,0.0333098253191889,2025-03-21,2025-04-18,29,57,0.0334268799030334,0.0317018649832198,3929.981955954697,3931.4334782945343,3900.0,3900.0,31,19,0.02996,0.03012875,OK,正常双期限插值,HIST_CLEAN_SURFACE,3347.589,3350.783,-0.00022556801517159553,0.024497815272090273,3345.8733999999995,3335.2129,3351.539,3342.2133999999996,False,False,False,False,False,False,False,False,False,,,,2025-02-21,3356.695
2025-02-21 00:00:00,2025-02-21,18.6197,0.0346693717647846,2025-03-21,2025-04-18,28,56,0.0352128720056183,0.0311366201993651,3987.6011025483353,3984.63810227032,3950.0,3950.0,31,20,0.02996,0.0301225,OK,正常双期限插值,HIST_CLEAN_SURFACE,3356.695,3379.113,0.00845474028010762,0.022837047438497793,3352.3512,3342.7574999999997,3350.783,3345.8733999999995,False,False,False,False,False,False,False,False,False,,,,2025-02-24,3374.081
2025-02-24 00:00:00,2025-02-24,18.1015,0.0327663561221961,2025-03-21,2025-04-18,25,53,0.0336099704156273,0.0309358722779585,3969.337142651984,3969.2549552084447,3950.0,3950.0,31,21,0.02996,0.03010375,OK,正常双期限插值,HIST_CLEAN_SURFACE,3374.081,3373.028,-0.0018007684265072266,0.015308668731581987,3355.7907999999998,3347.8432999999995,3379.113,3352.3512,False,False,False,False,False,False,False,False,False,,,,2025-02-25,3345.653
2025-02-25 00:00:00,2025-02-25,18.0176,0.0324633004305578,2025-03-21,2025-04-18,24,52,0.0328799680741222,0.0317581705722182,3929.740151918476,3926.0697416790217,3900.0,3900.0,31,21,0.02996,0.0300975,OK,正常双期限插值,HIST_CLEAN_SURFACE,3345.653,3346.04,-0.008001119468916351,0.008433550116830446,3360.1006,3350.6416,3373.028,3355.7907999999998,False,False,False,False,False,False,False,False,False,,,,2025-02-26,3351.209
2025-02-26 00:00:00,2025-02-26,18.147,0.0329313909386307,2025-03-21,2025-04-18,23,51,0.0338470231505649,0.0316925944166019,3960.2192746707,3957.462955089355,3950.0,3950.0,31,21,0.02996,0.03009125,OK,正常双期限插值,HIST_CLEAN_SURFACE,3351.209,3380.214,0.010213267026096595,0.01010911774945189,3365.8356,3354.0245000000004,3346.04,3360.1006,False,False,False,False,False,False,False,False,False,,,,2025-02-27,3378.449
2025-02-27 00:00:00,2025-02-27,18.154,0.032956788394695,2025-03-21,2025-04-18,22,50,0.0338317155988113,0.031994368470167,3971.46533582174,3966.174200479538,3950.0,3950.0,30,21,0.02996,0.030085,OK,正常双期限插值,HIST_CLEAN_SURFACE,3378.449,3388.062,0.0023217464929734533,0.016677954546204576,3373.2913999999996,3359.5824000000002,3380.214,3365.8356,False,False,False,False,False,False,False,False,False,,,,2025-02-28,3374.664
2025-02-28 00:00:00,2025-02-28,18.9203,0.0357979292114774,2025-03-21,2025-04-18,21,49,0.0385660710716488,0.0332934199094176,3897.400381088444,3891.309646221008,3850.0,3850.0,31,21,0.02996,0.03007875,OK,正常双期限插值,HIST_CLEAN_SURFACE,3374.664,3320.897,-0.01982401738811157,-0.007717098870417827,3361.6481999999996,3356.9996999999994,3388.062,3373.2913999999996,False,False,False,False,False,False,False,False,False,,,,2025-03-03,3328.396
2025-03-03 00:00:00,2025-03-03,17.6045,0.0309917870739913,2025-03-21,2025-04-18,18,46,0.0331455365215528,0.0298680917100462,3888.633635967772,3885.473625250834,3850.0,3850.0,31,21,0.02996,0.03006,OK,正常双期限插值,HIST_CLEAN_SURFACE,3328.396,3316.925,-0.0011960623891676958,-0.011593257107779475,3350.4276,3353.1092000000003,3320.897,3361.6481999999996,False,False,False,False,False,False,False,False,False,,,,2025-03-04,3300.498
2025-03-04 00:00:00,2025-03-04,17.1711,0.0294846594551489,2025-03-21,2025-04-18,17,45,0.0305372742499367,0.0290258273651132,3882.375423865472,3879.740150914033,3850.0,3850.0,31,21,0.02996,0.03005375,OK,正常双期限插值,HIST_CLEAN_SURFACE,3300.498,3324.21,0.002196311342583801,-8.452421739146843e-05,3346.0616,3353.0811000000003,3316.925,3350.4276,False,False,False,False,False,False,False,False,False,,,,2025-03-05,3324.696
2025-03-05 00:00:00,2025-03-05,16.5336,0.0273360399117409,2025-03-21,2025-04-18,16,44,0.0289947936865511,0.0267328567209008,3897.0019211539943,3893.1241140369207,3850.0,3850.0,29,21,0.02996,0.0300475,OK,正常双期限插值,HIST_CLEAN_SURFACE,3324.696,3341.965,0.0053411186417224865,-0.0028565981180586064,3338.4118000000003,3352.1237,3324.21,3346.0616,False,False,False,False,False,False,False,False,False,,,,2025-03-06,3353.57
2025-03-06 00:00:00,2025-03-06,16.9247,0.0286446072719768,2025-03-21,2025-04-18,15,43,0.0329398558785791,0.0273460437397482,3956.572287475129,3954.624471701104,3950.0,3950.0,30,21,0.02996,0.03004125,OK,正常双期限插值,HIST_CLEAN_SURFACE,3353.57,3381.098,0.011709578047645497,0.009047139131361348,3337.0190000000002,3355.1551999999997,3341.965,3338.4118000000003,False,False,False,False,False,False,False,False,False,,,,2025-03-07,3373.181
2025-03-07 00:00:00,2025-03-07,16.2706,0.0264732945560357,2025-03-21,2025-04-18,14,42,0.0259392142239978,0.0266068146390451,3944.040868474033,3942.97266958818,3900.0,3900.0,25,21,0.02996,0.030035,OK,正常双期限插值,HIST_CLEAN_SURFACE,3373.181,3372.546,-0.0025293558483072687,-0.0019434094095107657,3347.3487999999998,3354.4985,3381.098,3337.0190000000002,False,False,False,False,False,False,False,False,False,,,,2025-03-10,3373.259
2025-03-10 00:00:00,2025-03-10,16.2273,0.0263325225292732,2025-03-21,2025-04-18,11,39,0.0292239469096125,0.0259462188671226,3918.0340620720617,3917.97725284856,3900.0,3900.0,27,21,0.02996,0.03001625,OK,正常双期限插值,HIST_CLEAN_SURFACE,3373.259,3366.163,-0.001892635415499111,-0.0020352632708651175,3357.1964,3353.8120000000004,3372.546,3347.3487999999998,False,False,False,False,False,False,False,False,False,,,,2025-03-11,3335.439
2025-03-11 00:00:00,2025-03-11,16.2886,0.0265319948205591,2025-03-21,2025-04-18,10,38,0.0319415498759042,0.0259625679726281,3929.5453416887967,3922.776492318989,3900.0,3900.0,29,21,0.02996,0.03001,OK,正常双期限插值,HIST_CLEAN_SURFACE,3335.439,3379.828,0.00405951821109074,0.01009790677935718,3368.3199999999997,3357.1907999999994,3366.163,3357.1964,False,False,False,False,False,False,False,False,False,,,,2025-03-12,3385.685
2025-03-12 00:00:00,2025-03-12,16.7423,0.028030309884105,2025-03-21,2025-04-18,9,37,0.0328081352948525,0.0276429186345849,3923.570656959675,3919.514791915421,3900.0,3900.0,30,21,0.02996,0.03000375,OK,正常双期限插值,HIST_CLEAN_SURFACE,3385.685,3371.924,-0.002338580543151947,-0.0024525074447948603,3374.3118000000004,3356.3618,3379.828,3368.3199999999997,False,False,False,False,False,False,False,False,False,,,,2025-03-13,3371.095
2025-03-13 00:00:00,2025-03-13,16.9176,0.0286206460105133,2025-03-21,2025-04-18,8,36,0.0318246747436949,0.0284264624509265,3907.372017202489,3903.008889116044,3900.0,3900.0,29,21,0.02996,0.0299975,OK,正常双期限插值,HIST_CLEAN_SURFACE,3371.095,3358.729,-0.003913196145583386,-0.00865775183571027,3369.8379999999997,3353.4285000000004,3371.924,3374.3118000000004,False,False,False,False,False,False,False,False,False,,,,2025-03-14,3361.686
2025-03-14 00:00:00,2025-03-14,18.6058,0.034617730924105,2025-03-21,2025-04-18,7,35,0.0463034363154165,0.0341096567766566,4012.006896885311,4008.167040729541,4000.0,4000.0,28,21,0.02996,0.02999125,OK,正常双期限插值,HIST_CLEAN_SURFACE,3361.686,3419.562,0.018111910785300056,0.02971034633112679,3379.2412000000004,3363.2949999999996,3358.729,3369.8379999999997,False,False,False,False,False,False,False,False,False,,,,2025-03-17,3430.809
2025-03-17 00:00:00,2025-03-17,18.4653,0.0340968742350683,2025-04-18,2025-05-16,32,60,0.0338568474351542,0.0321766598357553,3997.547702691945,4002.404857909765,3950.0,4000.0,22,21,0.0299725,0.0301475,WARN,期限未夹住30日,HIST_CLEAN_SURFACE,3430.809,3426.129,0.0019204213873005305,0.032923264770834404,3391.2344,3374.2154,3419.562,3379.2412000000004,False,False,False,False,False,False,False,False,False,,,,2025-03-18,3434.565
2025-03-18 00:00:00,2025-03-18,18.0651,0.0326348111007821,2025-04-18,2025-05-16,31,59,0.0325679074873698,0.0316153814659072,4007.692460886317,4008.3545759652334,4000.0,4000.0,22,21,0.02996625,0.03014125,WARN,期限未夹住30日,HIST_CLEAN_SURFACE,3434.565,3429.759,0.0010595047647068423,0.031751604140532574,3401.2205999999996,3384.7703,3426.129,3391.2344,False,False,False,False,False,False,False,False,False,,,,2025-03-19,3424.173
2025-03-19 00:00:00,2025-03-19,18.1881,0.0330805302593436,2025-04-18,2025-05-16,30,58,0.0330805302593436,0.0320314666624969,4010.101873095528,4012.1709078673366,4000.0,4000.0,22,21,0.02996,0.030135,WARN,期限未夹住30日,HIST_CLEAN_SURFACE,3424.173,3426.429,-0.0009709136997672063,0.025273753615013828,3412.1216,3393.2167,3429.759,3401.2205999999996,False,False,False,False,False,False,False,False,False,,,,2025-03-20,3425.216
2025-03-20 00:00:00,2025-03-20,17.1533,0.0294236252854449,2025-04-18,2025-05-16,29,57,0.0293992886532349,0.0297579337594873,3976.8355786865577,3980.634276658832,3950.0,3950.0,22,21,0.02996,0.03012875,OK,正常双期限插值,HIST_CLEAN_SURFACE,3425.216,3408.948,-0.005101812995395583,0.00823696917391925,3422.1654000000003,3396.0017,3426.429,3412.1216,False,False,False,False,False,False,False,False,False,,,,2025-03-21,3401.759
2025-03-21 00:00:00,2025-03-21,17.0965,0.0292288611388929,2025-04-18,2025-05-16,28,56,0.0292794674168955,0.0288999203318759,3911.235530564597,3912.201923706512,3900.0,3900.0,22,21,0.02996,0.0301225,OK,正常双期限插值,HIST_CLEAN_SURFACE,3401.759,3364.831,-0.012941529175569677,-0.002287589257492617,3411.2192000000005,3395.2302000000004,3408.948,3422.1654000000003,False,False,False,False,False,False,False,False,False,,,,2025-03-24,3364.834
2025-03-24 00:00:00,2025-03-24,16.0986,0.0259164097749916,2025-04-18,2025-05-16,25,53,0.0258306923725103,0.0261024003652811,3929.665808523964,3925.6069934484026,3900.0,3900.0,22,21,0.02996,0.03010375,OK,正常双期限插值,HIST_CLEAN_SURFACE,3364.834,3370.028,0.0015445055041396483,0.001148191575987223,3399.999,3395.6167,3364.831,3411.2192000000005,False,False,False,False,False,False,False,False,False,,,,2025-03-25,3370.001
2025-03-25 00:00:00,2025-03-25,15.6184,0.0243935833638784,2025-04-18,2025-05-16,24,52,0.0245038968655947,0.0242068989763585,3932.11688699737,3926.600146947461,3900.0,3900.0,22,21,0.02996,0.0300975,OK,正常双期限插值,HIST_CLEAN_SURFACE,3370.001,3369.976,-1.5430138859295894e-05,-0.0029149412336958447,3388.0424,3394.6315000000004,3370.028,3399.999,False,False,False,False,False,False,False,False,False,,,,2025-03-26,3365.666
2025-03-26 00:00:00,2025-03-26,15.3548,0.0235770796323518,2025-04-18,2025-05-16,23,51,0.0234873006951635,0.0236985452532535,3917.743841349888,3918.1293847753086,3900.0,3900.0,22,21,0.02996,0.03009125,OK,正常双期限插值,HIST_CLEAN_SURFACE,3365.666,3368.697,-0.0003795279254213968,-0.0009570203836147817,3376.496,3394.3088000000002,3369.976,3388.0424,False,False,False,False,False,False,False,False,False,,,,2025-03-27,3362.712
2025-03-27 00:00:00,2025-03-27,15.0338,0.0226013854397295,2025-04-18,2025-05-16,22,50,0.0226755626859009,0.022519790468941,3931.642401530352,3927.419291012011,3900.0,3900.0,22,21,0.02996,0.030085,OK,正常双期限插值,HIST_CLEAN_SURFACE,3362.712,3373.749,0.0014996896426124895,0.004471929709125133,3369.4561999999996,3395.8108,3368.697,3376.496,False,False,False,False,False,False,False,False,False,,,,2025-03-28,3372.039
2025-03-28 00:00:00,2025-03-28,15.3133,0.0234496029840851,2025-04-18,2025-05-16,21,49,0.0237110065312186,0.0232130950128691,3912.905304429694,3914.2054507682383,3900.0,3900.0,22,21,0.02996,0.03007875,OK,正常双期限插值,HIST_CLEAN_SURFACE,3372.039,3351.307,-0.006651947136553482,-0.019960158640200176,3366.7514,3388.9852999999994,3373.749,3369.4561999999996,False,False,False,False,False,False,False,False,False,,,,2025-03-31,3343.344
2025-03-31 00:00:00,2025-03-31,16.1156,0.0259711817884899,2025-04-18,2025-05-16,18,46,0.0272472765335017,0.025305393225875,3887.3289314315352,3884.986989215098,3850.0,3850.0,22,21,0.02996,0.03006,OK,正常双期限插值,HIST_CLEAN_SURFACE,3343.344,3335.746,-0.004643263061247405,-0.026380501142834856,3359.8949999999995,3379.947,3351.307,3366.7514,False,False,False,False,False,False,False,False,False,,,,2025-04-01,3340.712
2025-04-01 00:00:00,2025-04-01,15.7127,0.0246888519494915,2025-04-18,2025-05-16,17,45,0.0256528038794124,0.0242686677749106,3886.363981348432,3883.013831050528,3850.0,3850.0,22,21,0.02996,0.03005375,OK,正常双期限插值,HIST_CLEAN_SURFACE,3340.712,3348.435,0.0038039467033761376,-0.02371128700296432,3355.5868,3371.8146,3335.746,3359.8949999999995,False,False,False,False,False,False,False,False,False,,,,2025-04-02,3344.171
2025-04-02 00:00:00,2025-04-02,15.826,0.0250461059472538,2025-04-18,2025-05-16,16,44,0.026310361447167,0.0245863766745581,3885.1275055414367,3881.934682817726,3850.0,3850.0,22,21,0.02996,0.0300475,OK,正常双期限插值,HIST_CLEAN_SURFACE,3344.171,3350.127,0.0005053106899193249,-0.022268665132124443,3351.8728,3364.1843999999996,3348.435,3355.5868,False,False,False,False,False,False,False,False,False,,,,2025-04-03,3319.606
2025-04-03 00:00:00,2025-04-03,16.4203,0.026962552895042,2025-04-18,2025-05-16,15,43,0.0288521707984955,0.0263912730637654,3863.5415488677513,3858.339644719287,3850.0,3850.0,22,21,0.02996,0.03004125,OK,正常双期限插值,HIST_CLEAN_SURFACE,3319.606,3342.008,-0.002423490213953161,-0.019636556497781732,3345.5245999999997,3357.4903999999997,3350.127,3351.8728,False,False,False,False,False,False,False,False,False,,,,2025-04-07,3193.102
2025-04-07 00:00:00,2025-04-07,29.6436,0.0878742905099915,2025-04-18,2025-05-16,11,39,0.1900038328173531,0.0742294528737853,3501.1090603129637,3483.7679989714165,3500.0,3450.0,22,21,0.02996,0.03001625,WARN,"正常双期限插值；期限质量 near=WARN, next=WARN",HIST_CLEAN_SURFACE,3193.102,3096.576,-0.07343848369004502,-0.07972317183240407,3294.5784,3330.6648999999998,3342.008,3345.5245999999997,False,False,False,False,False,False,False,False,False,,,,2025-04-08,3094.262
2025-04-08 00:00:00,2025-04-08,27.5564,0.0759354230367467,2025-04-18,2025-05-16,10,38,0.1265984821435418,0.0706024694465578,3598.8653512610376,3584.6897020897154,3550.0,3550.0,26,26,0.02996,0.03001,OK,正常双期限插值,HIST_CLEAN_SURFACE,3094.262,3145.549,0.01581521009011233,-0.0666104257887471,3256.5389999999998,3308.2169999999996,3096.576,3294.5784,True,False,True,True,False,False,False,True,False,,,,2025-04-09,3110.01
2025-04-09 00:00:00,2025-04-09,25.8111,0.0666211640394279,2025-04-18,2025-05-16,9,37,0.097679426733304,0.0641029265237082,3650.203307633677,3639.56269880128,3650.0,3600.0,26,26,0.02996,0.03000375,OK,正常双期限插值,HIST_CLEAN_SURFACE,3110.01,3186.81,0.013117265062474015,-0.05435231586219014,3224.214,3289.9004,3145.549,3256.5389999999998,True,False,True,False,False,False,False,False,False,,,,2025-04-10,3227.836
2025-04-10 00:00:00,2025-04-10,22.3573,0.0499850726906611,2025-04-18,2025-05-16,8,36,0.0713051678365787,0.0486929457121206,3709.500901864731,3699.02954889382,3700.0,3650.0,26,26,0.02996,0.0299975,OK,正常双期限插值,HIST_CLEAN_SURFACE,3227.836,3223.638,0.011556383970177109,-0.04306086299836409,3198.9162,3275.3945,3186.81,3224.214,False,True,True,False,False,True,False,False,False,,,,2025-04-11,3219.505
2025-04-11 00:00:00,2025-04-11,21.7254,0.0471992498629919,2025-04-18,2025-05-16,7,35,0.065271406202012,0.0464135039352084,3734.152413858974,3722.551937537072,3700.0,3700.0,26,26,0.02996,0.02999125,OK,正常双期限插值,HIST_CLEAN_SURFACE,3219.505,3238.227,0.0045256322204911825,-0.04016955618215812,3178.16,3261.8423,3223.638,3198.9162,False,False,False,False,False,False,False,False,False,,,,2025-04-14,3251.978
2025-04-14 00:00:00,2025-04-14,19.0833,0.0364172441050538,2025-05-16,2025-06-20,32,67,0.0371365301706946,0.0427727269537016,3730.6741389108897,3702.86316090551,3700.0,3700.0,26,32,0.0299725,0.03019125,WARN,期限未夹住30日,HIST_CLEAN_SURFACE,3251.978,3262.808,0.007590882294539636,-0.026407309148341218,3211.4064,3252.9924,3238.227,3178.16,False,False,False,False,True,False,True,False,True,AVIX<20,AVIX<20,AVIX<20,2025-04-15,3260.685
2025-04-15 00:00:00,2025-04-15,18.5168,0.0342872471390468,2025-05-16,2025-06-20,31,66,0.0346087334570021,0.0397232885153819,3725.364067564202,3693.476777295178,3700.0,3650.0,26,32,0.02996625,0.030185,WARN,期限未夹住30日,HIST_CLEAN_SURFACE,3260.685,3267.662,0.0014876756462531837,-0.020410426932986003,3235.829,3246.184,3262.808,3211.4064,False,False,False,False,False,False,False,False,False,,,,2025-04-16,3267.665
2025-04-16 00:00:00,2025-04-16,18.8763,0.0356313458330521,2025-05-16,2025-06-20,30,65,0.0356313458330521,0.041903909605977,3727.5476814545777,3691.00345792426,3700.0,3650.0,26,32,0.02996,0.03017875,WARN,期限未夹住30日,HIST_CLEAN_SURFACE,3267.665,3276.004,0.0025528956177229833,-0.021631299398077064,3253.6678,3238.9409,3267.662,3235.829,False,False,False,False,False,False,False,False,False,,,,2025-04-17,3261.718
2025-04-17 00:00:00,2025-04-17,18.9278,0.0358261724959307,2025-05-16,2025-06-20,29,64,0.0355400451397927,0.0402343220764322,3741.467798524851,3715.152296818566,3700.0,3700.0,26,32,0.02996,0.0301725,OK,正常双期限插值,HIST_CLEAN_SURFACE,3261.718,3280.341,0.0013238689574248674,-0.02083085208411506,3265.0083999999997,3231.9622999999997,3276.004,3253.6678,False,False,False,False,False,False,False,False,False,,,,2025-04-18,3270.353
2025-04-18 00:00:00,2025-04-18,18.8219,0.0354265095854377,2025-05-16,2025-06-20,28,63,0.034692341163145,0.0408104113489172,3744.472527675312,3719.163337310544,3700.0,3700.0,26,32,0.02996,0.03016625,OK,正常双期限插值,HIST_CLEAN_SURFACE,3270.353,3276.73,-0.0011008001911996246,-0.019532568443881626,3272.709,3225.4345000000003,3280.341,3265.0083999999997,False,False,False,False,False,False,False,False,False,,,,2025-04-21,3273.138
2025-04-21 00:00:00,2025-04-21,18.7806,0.0352710877710005,2025-05-16,2025-06-20,25,60,0.0341511218830345,0.0380710024909155,3762.728590522413,3739.132884867062,3750.0,3700.0,26,32,0.02996,0.0301475,OK,正常双期限插值,HIST_CLEAN_SURFACE,3273.138,3291.434,0.004487400548717879,0.06292692315641535,3278.4341999999997,3244.9202999999998,3276.73,3272.709,False,False,False,False,False,False,False,False,False,,,,2025-04-22,3289.166
2025-04-22 00:00:00,2025-04-22,18.6785,0.034888490594514,2025-05-16,2025-06-20,24,59,0.0331189161038845,0.0383676539998197,3764.236060262634,3739.574699630654,3750.0,3700.0,26,32,0.02996,0.03014125,OK,正常双期限插值,HIST_CLEAN_SURFACE,3289.166,3299.757,0.0025286850655368287,0.04902419259722235,3284.8532,3260.3411,3291.434,3278.4341999999997,False,False,False,False,False,False,False,False,False,,,,2025-04-23,3308.151
2025-04-23 00:00:00,2025-04-23,18.4525,0.0340494168234013,2025-05-16,2025-06-20,23,58,0.0322777615879635,0.0368596285761648,3769.327051908782,3740.892495176765,3750.0,3700.0,26,32,0.02996,0.030135,OK,正常双期限插值,HIST_CLEAN_SURFACE,3308.151,3296.355,-0.0010309850088960903,0.03437449989174124,3288.9233999999997,3271.2956,3299.757,3284.8532,False,False,False,False,False,False,False,False,False,,,,2025-04-24,3295.149
2025-04-24 00:00:00,2025-04-24,18.3388,0.0336312965715281,2025-05-16,2025-06-20,22,57,0.0322446564326413,0.035437577805078,3770.600474289944,3739.437243602264,3750.0,3700.0,26,32,0.02996,0.03012875,OK,正常双期限插值,HIST_CLEAN_SURFACE,3295.149,3297.288,0.00028303990316569383,0.02284685811496212,3292.3127999999997,3278.6606,3296.355,3288.9233999999997,False,False,False,False,False,False,False,False,False,,,,2025-04-25,3300.392
2025-04-25 00:00:00,2025-04-25,18.5657,0.0344685014862256,2025-05-16,2025-06-20,21,56,0.0323020432420676,0.0368154979173968,3772.549033856484,3741.390847876271,3750.0,3700.0,26,32,0.02996,0.0301225,OK,正常双期限插值,HIST_CLEAN_SURFACE,3300.392,3295.06,-0.0006757068233045338,0.017550653490320478,3295.9788,3284.3439,3297.288,3292.3127999999997,False,False,False,False,False,False,False,False,False,,,,2025-04-28,3292.056
2025-04-28 00:00:00,2025-04-28,18.9924,0.036071022658261,2025-05-16,2025-06-20,18,53,0.0347347493478956,0.0369408609451969,3766.666648723676,3733.7471947863023,3750.0,3700.0,26,32,0.02996,0.03010375,OK,正常双期限插值,HIST_CLEAN_SURFACE,3292.056,3288.415,-0.0020166552354130562,0.007848147975608732,3295.375,3286.9046000000003,3295.06,3295.9788,False,False,False,False,False,False,False,False,False,,,,2025-04-29,3281.445
2025-04-29 00:00:00,2025-04-29,19.4212,0.0377183671007131,2025-05-16,2025-06-20,17,52,0.0362984760616577,0.0385039281193621,3757.721647487024,3725.146014911625,3750.0,3700.0,26,32,0.02996,0.0300975,OK,正常双期限插值,HIST_CLEAN_SURFACE,3281.445,3286.655,-0.000535212252711359,0.0058124126669161225,3292.7546,3288.8039,3288.415,3295.375,False,False,False,False,False,False,False,False,False,,,,2025-04-30,3284.081
2025-04-30 00:00:00,2025-04-30,20.3415,0.0413778398392906,2025-05-16,2025-06-20,16,51,0.0412541716607784,0.0414360366291787,3752.9461060074655,3723.721521991323,3750.0,3700.0,26,32,0.02996,0.03009125,OK,正常双期限插值,HIST_CLEAN_SURFACE,3284.081,3279.031,-0.002319683690560792,0.0009239915457979198,3289.2898,3289.1066,3286.655,3292.7546,False,False,False,False,False,False,False,False,False,,,,2025-05-06,3295.25
2025-05-06 00:00:00,2025-05-06,17.6883,0.0312874773798694,2025-05-16,2025-06-20,10,45,0.0307986421142353,0.0313689499241417,3799.240401017107,3769.241001020185,3750.0,3750.0,26,32,0.02996,0.03005375,OK,正常双期限插值,HIST_CLEAN_SURFACE,3295.25,3316.114,0.011309133704438867,0.010905268690053926,3293.0550000000003,3292.6839,3279.031,3289.2898,False,False,False,False,False,False,False,False,False,,,,2025-05-07,3354.974
2025-05-07 00:00:00,2025-05-07,17.1578,0.0294391209334438,2025-05-16,2025-06-20,9,44,0.029481777484808,0.029433304130985,3817.514034093442,3782.005002688507,3800.0,3750.0,26,32,0.02996,0.0300475,OK,正常双期限插值,HIST_CLEAN_SURFACE,3354.974,3342.665,0.008006660808403954,0.020122194993179132,3302.576,3299.2774,3316.114,3293.0550000000003,False,False,False,False,False,False,False,False,False,,,,2025-05-08,3331.205
2025-05-08 00:00:00,2025-05-08,17.148,0.0294052463101109,2025-05-16,2025-06-20,8,43,0.029344622475623,0.029411911086841,3844.835192364538,3817.526775949847,3800.0,3800.0,26,32,0.02996,0.03004125,OK,正常双期限插值,HIST_CLEAN_SURFACE,3331.205,3351.996,0.002791485237078728,0.01839988284741545,3315.2922,3305.3336000000004,3342.665,3302.576,False,False,False,False,False,False,False,False,False,,,,2025-05-09,3350.405
2025-05-09 00:00:00,2025-05-09,17.2337,0.0297000669339599,2025-05-16,2025-06-20,7,42,0.0306577403264696,0.0296167909867851,3839.7654006253615,3808.713374908338,3800.0,3800.0,26,32,0.02996,0.030035,OK,正常双期限插值,HIST_CLEAN_SURFACE,3350.405,3341.999,-0.0029824021269716505,0.012801548720102751,3326.361,3309.5578,3351.996,3315.2922,False,False,False,False,False,False,False,False,False,,,,2025-05-12,3352.97
2025-05-12 00:00:00,2025-05-12,19.199,0.0368603049487861,2025-06-20,2025-07-18,39,67,0.0327828311512781,0.0271027681497744,3855.858655967604,3823.685725042528,3850.0,3800.0,32,19,0.03001625,0.03019125,WARN,期限未夹住30日,HIST_CLEAN_SURFACE,3352.97,3369.245,0.008152605671037039,0.022112302831460706,3344.4038,3316.8468000000003,3341.999,3326.361,False,False,False,False,False,False,False,False,False,,,,2025-05-13,3386.234
2025-05-13 00:00:00,2025-05-13,16.5323,0.0273318328245915,2025-06-20,2025-07-18,38,66,0.0265010225126095,0.0251792788344562,3854.372360540485,3826.656449247584,3850.0,3800.0,32,20,0.03001,0.030185,WARN,期限未夹住30日,HIST_CLEAN_SURFACE,3386.234,3374.871,0.0016698102987464658,0.02352933683681857,3356.1551999999997,3324.6050999999998,3369.245,3344.4038,False,False,False,False,False,False,False,False,False,,,,2025-05-14,3374.235
2025-05-14 00:00:00,2025-05-14,18.4973,0.0342148319722222,2025-06-20,2025-07-18,37,65,0.0321466636942724,0.0283285068734421,3910.3477902923023,3880.909622563926,3900.0,3850.0,32,20,0.03000375,0.03017875,WARN,期限未夹住30日,HIST_CLEAN_SURFACE,3374.235,3403.948,0.008615736720010814,0.033045832245846896,3368.4117999999994,3335.4939,3374.871,3356.1551999999997,False,False,False,False,False,False,False,False,False,,,,2025-05-15,3398.427
2025-05-15 00:00:00,2025-05-15,17.1628,0.0294563087987572,2025-06-20,2025-07-18,36,64,0.0290553634096422,0.028178295370953,3876.324099282574,3845.585222646109,3850.0,3800.0,31,21,0.0299975,0.0301725,WARN,期限未夹住30日,HIST_CLEAN_SURFACE,3398.427,3380.821,-0.006794169593660082,0.028100467854574207,3374.1767999999997,3344.7345,3403.948,3368.4117999999994,False,False,False,False,False,False,False,False,False,,,,2025-05-16,3374.706
2025-05-16 00:00:00,2025-05-16,16.3228,0.0266434042889584,2025-06-20,2025-07-18,35,63,0.0265736142867964,0.0263875076143642,3850.302759122028,3819.710428505663,3850.0,3800.0,31,21,0.02999125,0.03016625,WARN,期限未夹住30日,HIST_CLEAN_SURFACE,3374.706,3367.462,-0.003951407069466284,0.024586395590653565,3379.2694,3352.8152,3380.821,3374.1767999999997,False,False,False,False,False,False,False,False,False,,,,2025-05-19,3365.882
2025-05-19 00:00:00,2025-05-19,15.993,0.0255776043769067,2025-06-20,2025-07-18,32,60,0.0254400207192226,0.0244769351154339,3844.779857907331,3806.089577029662,3800.0,3800.0,32,21,0.0299725,0.0301475,WARN,期限未夹住30日,HIST_CLEAN_SURFACE,3365.882,3367.583,3.593210554431181e-05,0.027005539136409462,3378.9370000000004,3361.6704,3367.462,3379.2694,False,False,False,False,False,False,False,False,False,,,,2025-05-20,3371.689
2025-05-20 00:00:00,2025-05-20,16.3824,0.0268382638490275,2025-06-20,2025-07-18,31,59,0.0267973683268445,0.0262151269940703,3866.72762881646,3828.452256674612,3850.0,3800.0,32,21,0.02996625,0.03014125,WARN,期限未夹住30日,HIST_CLEAN_SURFACE,3371.689,3380.478,0.0038291558069987186,0.01940946541644828,3380.0584000000003,3368.1068,3367.583,3378.9370000000004,False,False,False,False,False,False,False,False,False,,,,2025-05-21,3380.209
2025-05-21 00:00:00,2025-05-21,16.2508,0.0264089813199855,2025-06-20,2025-07-18,30,58,0.0264089813199855,0.0255218939786496,3883.59027316718,3843.876139320228,3850.0,3800.0,32,21,0.02996,0.030135,WARN,期限未夹住30日,HIST_CLEAN_SURFACE,3380.209,3387.574,0.002099111427437128,0.01343508846982866,3376.7835999999998,3372.5977,3380.478,3380.0584000000003,False,False,False,False,False,False,False,False,False,,,,2025-05-22,3381.865
2025-05-22 00:00:00,2025-05-22,16.86,0.0284260321630669,2025-06-20,2025-07-18,29,57,0.0285629064821308,0.0265458112538208,3879.292125389503,3841.656864831637,3850.0,3800.0,32,21,0.02996,0.03012875,OK,正常双期限插值,HIST_CLEAN_SURFACE,3381.865,3380.189,-0.00218002617802604,0.008410809559438626,3376.6572,3375.417,3387.574,3376.7835999999998,False,False,False,False,False,False,False,False,False,,,,2025-05-23,3376.869
2025-05-23 00:00:00,2025-05-23,16.3244,0.0266486456527577,2025-06-20,2025-07-18,28,56,0.0266699051586275,0.0265104588646044,3849.1060527218583,3814.741549285725,3800.0,3800.0,32,21,0.02996,0.0301225,OK,正常双期限插值,HIST_CLEAN_SURFACE,3376.869,3348.372,-0.009412787273137657,0.0019069425215267888,3372.8392,3376.0543,3380.189,3376.6572,False,False,False,False,False,False,False,False,False,,,,2025-05-26,3346.561
2025-05-26 00:00:00,2025-05-26,16.7127,0.0279315946652806,2025-06-20,2025-07-18,25,53,0.0289794232476808,0.0256580043449783,3834.241392330978,3792.134543877192,3800.0,3750.0,32,21,0.02996,0.03010375,OK,正常双期限插值,HIST_CLEAN_SURFACE,3346.561,3346.839,-0.0004578344341668039,-0.006650154559849408,3368.6903999999995,3373.8137,3348.372,3372.8392,False,False,False,False,False,False,False,False,False,,,,2025-05-27,3346.503
2025-05-27 00:00:00,2025-05-27,16.5457,0.027376053235865,2025-06-20,2025-07-18,24,52,0.0284959994254626,0.0254807596842384,3812.012315202296,3778.080478541064,3800.0,3750.0,32,21,0.02996,0.0300975,OK,正常双期限插值,HIST_CLEAN_SURFACE,3346.503,3340.687,-0.0018381523580907055,-0.01012897974470739,3360.7322,3370.3953,3346.839,3368.6903999999995,False,False,False,False,False,False,False,False,False,,,,2025-05-28,3341.852
2025-05-28 00:00:00,2025-05-28,16.7701,0.0281237810877367,2025-06-20,2025-07-18,23,51,0.0294802510380974,0.0262885570372486,3808.527584725455,3771.2991501406495,3800.0,3750.0,32,21,0.02996,0.03009125,OK,正常双期限插值,HIST_CLEAN_SURFACE,3341.852,3339.932,-0.00022600141827122666,-0.018806397747556658,3351.2038000000002,3363.9937,3340.687,3360.7322,False,False,False,False,False,False,False,False,False,,,,2025-05-29,3340.401
2025-05-29 00:00:00,2025-05-29,15.9904,0.0255693161852478,2025-06-20,2025-07-18,22,50,0.0262705862906421,0.0247979190693141,3836.768682018757,3804.035770823728,3800.0,3800.0,32,21,0.02996,0.030085,OK,正常双期限插值,HIST_CLEAN_SURFACE,3340.401,3363.446,0.007040263095176913,-0.005139284215283757,3347.8551999999995,3362.2562,3339.932,3351.2038000000002,False,False,False,False,False,False,False,False,False,,,,2025-05-30,3358.809
2025-05-30 00:00:00,2025-05-30,15.9262,0.0253643785936364,2025-06-20,2025-07-18,21,49,0.0270388571222974,0.0238493742105622,3821.46474334023,3785.547725334052,3800.0,3750.0,32,21,0.02996,0.03007875,OK,正常双期限插值,HIST_CLEAN_SURFACE,3358.809,3347.487,-0.004744836099643046,-0.0059317670102884135,3347.6782,3360.2587,3363.446,3347.8551999999995,False,False,False,False,False,False,False,False,False,,,,2025-06-03,3340.067
2025-06-03 00:00:00,2025-06-03,15.3109,0.023442283836622,2025-06-20,2025-07-18,17,45,0.0241311804120611,0.0231419955857895,3826.208839759981,3790.088591123495,3800.0,3750.0,32,21,0.02996,0.03005375,OK,正常双期限插值,HIST_CLEAN_SURFACE,3340.067,3361.976,0.0043283215140192954,-0.001664992369898477,3350.7056,3359.6980000000003,3347.487,3347.6782,False,False,False,False,False,False,False,False,False,,,,2025-06-04,3363.391
2025-06-04 00:00:00,2025-06-04,15.2708,0.0233197857069338,2025-06-20,2025-07-18,16,44,0.0245927402703317,0.0228568931384254,3844.591306882312,3807.061868411991,3800.0,3800.0,30,21,0.02996,0.0300475,OK,正常双期限插值,HIST_CLEAN_SURFACE,3363.391,3376.203,0.004231737525788315,-0.0012646140575386378,3357.8088000000002,3359.2705,3361.976,3350.7056,False,False,False,False,False,False,False,False,False,,,,2025-06-05,3378.217
2025-06-05 00:00:00,2025-06-05,15.4317,0.0238136974203063,2025-06-20,2025-07-18,15,43,0.0244713502273962,0.0236148721530465,3855.128231688248,3819.381740419605,3850.0,3800.0,31,21,0.02996,0.03004125,OK,正常双期限插值,HIST_CLEAN_SURFACE,3378.217,3384.099,0.002338721931116172,-0.0010258078495111178,3366.6422,3358.923,3376.203,3357.8088000000002,False,False,False,False,False,False,False,False,False,,,,2025-06-06,3384.295
2025-06-06 00:00:00,2025-06-06,15.262,0.0232927892025899,2025-06-20,2025-07-18,14,42,0.0237148595687213,0.023187271611057,3857.465999163544,3820.5206474314823,3850.0,3800.0,32,21,0.02996,0.030035,OK,正常双期限插值,HIST_CLEAN_SURFACE,3384.295,3385.358,0.0003720340332833416,0.0015292044320600606,3371.0245999999997,3359.4399,3384.099,3366.6422,False,False,False,False,False,False,False,False,False,,,,2025-06-09,3388.778
2025-06-09 00:00:00,2025-06-09,15.3659,0.0236110921579699,2025-06-20,2025-07-18,11,39,0.0254287797624409,0.0233682432067653,3870.691735630903,3835.5302520534287,3850.0,3800.0,31,21,0.02996,0.03001625,OK,正常双期限插值,HIST_CLEAN_SURFACE,3388.778,3399.772,0.004257747629645037,0.015350743585240911,3381.4816,3364.5798999999997,3385.358,3371.0245999999997,False,False,False,False,False,False,False,False,False,,,,2025-06-10,3402.013
2025-06-10 00:00:00,2025-06-10,15.6089,0.0243638460070286,2025-06-20,2025-07-18,10,38,0.0269285157764747,0.0240938807681395,3845.887039887272,3811.349416006559,3800.0,3800.0,32,21,0.02996,0.03001,OK,正常双期限插值,HIST_CLEAN_SURFACE,3402.013,3384.816,-0.00439911852912489,0.011347124854228063,3386.0496,3368.3776,3399.772,3381.4816,False,False,False,False,False,False,False,False,False,,,,2025-06-11,3385.457
2025-06-11 00:00:00,2025-06-11,15.7724,0.024876810977464,2025-06-20,2025-07-18,9,37,0.0283014520271128,0.0245991373788438,3879.7222253927034,3844.016592953229,3850.0,3800.0,32,21,0.02996,0.03000375,OK,正常双期限插值,HIST_CLEAN_SURFACE,3385.457,3402.316,0.005170148096676375,0.018448001863089702,3391.2722000000003,3374.5405,3384.816,3386.0496,False,False,False,False,False,False,False,False,False,,,,2025-06-12,3397.972
2025-06-12 00:00:00,2025-06-12,15.8106,0.0249974773342807,2025-06-20,2025-07-18,8,36,0.0263598770768464,0.0249149076529131,3881.7291142277422,3840.449615669981,3850.0,3800.0,31,20,0.02996,0.0299975,OK,正常双期限插值,HIST_CLEAN_SURFACE,3397.972,3402.658,0.00010051976359637393,0.018780621880924553,3394.9839999999995,3380.8131000000003,3402.316,3391.2722000000003,False,False,False,False,False,False,False,False,False,,,,2025-06-13,3397.484
2025-06-13 00:00:00,2025-06-13,16.4625,0.0271012311502138,2025-06-20,2025-07-18,7,35,0.0308122163268403,0.0269398839686213,3854.5157311606304,3813.4306808395295,3850.0,3800.0,32,21,0.02996,0.02999125,OK,正常双期限插值,HIST_CLEAN_SURFACE,3397.484,3376.996,-0.007541751183927303,0.004028606375723109,3393.3116,3382.1681000000003,3402.658,3394.9839999999995,False,False,False,False,False,False,False,False,False,,,,2025-06-16,3369.366
2025-06-16 00:00:00,2025-06-16,16.0666,0.0258134843971643,2025-07-18,2025-08-15,32,60,0.025816889832814,0.0258407278823621,3833.086828990339,3815.419179354729,3800.0,3800.0,21,19,0.0299725,0.0301475,WARN,期限未夹住30日,HIST_CLEAN_SURFACE,3369.366,3388.729,0.0034743896646605155,0.012320286830090676,3391.103,3386.2923,3376.996,3393.3116,False,False,False,False,False,False,False,False,False,,,,2025-06-17,3388.18
2025-06-17 00:00:00,2025-06-17,15.8457,0.0251084625236352,2025-07-18,2025-08-15,31,59,0.0251551373606889,0.0258196604645044,3829.434540154221,3813.2068891065674,3800.0,3800.0,21,19,0.02996625,0.03014125,WARN,期限未夹住30日,HIST_CLEAN_SURFACE,3388.18,3387.405,-0.0003907069582724798,0.0075637065820814975,3391.6207999999997,3388.8352,3388.729,3391.103,False,False,False,False,False,False,False,False,False,,,,2025-06-18,3386.136
2025-06-18 00:00:00,2025-06-18,16.3592,0.0267624868513834,2025-07-18,2025-08-15,30,58,0.0267624868513834,0.0266058103481653,3832.6312979507934,3822.036247787207,3800.0,3800.0,21,19,0.02996,0.030135,WARN,期限未夹住30日,HIST_CLEAN_SURFACE,3386.136,3388.809,0.00041447656834647795,0.003733780225892991,3388.9194,3390.0958,3387.405,3391.6207999999997,False,False,False,False,False,False,False,False,False,,,,2025-06-19,3384.293
2025-06-19 00:00:00,2025-06-19,16.3829,0.0268399855874869,2025-07-18,2025-08-15,29,57,0.0268699197138078,0.0264287852206571,3799.160874765821,3786.898943061003,3750.0,3750.0,21,19,0.02996,0.03012875,OK,正常双期限插值,HIST_CLEAN_SURFACE,3384.293,3362.108,-0.007879169348287252,-0.0064983323478420285,3380.8093999999996,3387.8967,3388.809,3388.9194,False,False,False,False,False,False,False,False,False,,,,2025-06-20,3358.913
2025-06-20 00:00:00,2025-06-20,15.703,0.0246582883733631,2025-07-18,2025-08-15,28,56,0.0248386650444368,0.0234858400113845,3807.837521864945,3797.45533342656,3800.0,3750.0,21,19,0.02996,0.0301225,OK,正常双期限插值,HIST_CLEAN_SURFACE,3358.913,3359.895,-0.0006582179989459425,-0.007521508803500332,3377.3892,3385.3504000000003,3362.108,3380.8093999999996,False,False,False,False,False,False,False,False,False,,,,2025-06-23,3349.46
2025-06-23 00:00:00,2025-06-23,14.8472,0.0220440079036464,2025-07-18,2025-08-15,25,53,0.0222343679882066,0.021630962437148,3824.563595088402,3811.741010007972,3800.0,3800.0,21,19,0.02996,0.03010375,OK,正常双期限插值,HIST_CLEAN_SURFACE,3349.46,3381.582,0.006454665994026554,-0.0053503587887658854,3375.9598000000005,3383.5314,3359.895,3377.3892,False,False,False,False,False,False,False,False,False,,,,2025-06-24,3380.08
2025-06-24 00:00:00,2025-06-24,15.4634,0.0239116992073627,2025-07-18,2025-08-15,24,52,0.0243138704426328,0.0232311017322901,3874.129298280943,3861.1577063656623,3850.0,3850.0,21,19,0.02996,0.0300975,OK,正常双期限插值,HIST_CLEAN_SURFACE,3380.08,3420.566,0.011528332005552366,0.010561873968924829,3382.5919999999996,3387.1063999999997,3381.582,3375.9598000000005,False,False,False,False,False,False,False,False,False,,,,2025-06-25,3419.091
2025-06-25 00:00:00,2025-06-25,18.6343,0.0347238485487296,2025-07-18,2025-08-15,23,51,0.0363825054944031,0.0324797832692889,3937.682462302202,3922.959715174458,3900.0,3900.0,21,19,0.02996,0.03009125,OK,正常双期限插值,HIST_CLEAN_SURFACE,3419.091,3455.974,0.010351503230751957,0.01577102185687651,3396.025,3392.4722,3420.566,3382.5919999999996,False,False,False,False,False,False,False,False,False,,,,2025-06-26,3451.719
2025-06-26 00:00:00,2025-06-26,16.5702,0.0274572689051137,2025-07-18,2025-08-15,22,50,0.0278737898408865,0.0269990958757635,3923.758890718647,3914.3651971770246,3900.0,3900.0,22,20,0.02996,0.030085,OK,正常双期限插值,HIST_CLEAN_SURFACE,3451.719,3448.453,-0.002176231649890892,0.013458596191565642,3413.2940000000003,3397.0517,3455.974,3396.025,False,False,False,False,False,False,False,False,False,,,,2025-06-27,3450.686
2025-06-27 00:00:00,2025-06-27,15.7542,0.024819486556526,2025-07-18,2025-08-15,21,49,0.0247666606882839,0.0248672813896973,3897.1089087801543,3888.559863732332,3850.0,3850.0,22,20,0.02996,0.03007875,OK,正常双期限插值,HIST_CLEAN_SURFACE,3450.686,3424.227,-0.007025179116548763,0.013986098887887266,3426.1603999999998,3401.7748,3448.453,3413.2940000000003,False,False,False,False,False,False,False,False,False,,,,2025-06-30,3423.474
2025-06-30 00:00:00,2025-06-30,15.6867,0.0246072612328293,2025-07-18,2025-08-15,18,46,0.0256729409968469,0.0240512543994288,3911.268998568417,3901.003795568556,3900.0,3900.0,22,20,0.02996,0.03006,OK,正常双期限插值,HIST_CLEAN_SURFACE,3423.474,3444.426,0.005898849579773824,0.01643595578165158,3438.7292,3407.3445,3424.227,3426.1603999999998,False,False,False,False,False,False,False,False,False,,,,2025-07-01,3445.846
2025-07-01 00:00:00,2025-07-01,14.9863,0.0224590462766745,2025-07-18,2025-08-15,17,45,0.0227425016992995,0.0223354887847611,3915.0451365280815,3902.566695436157,3900.0,3900.0,22,20,0.02996,0.03005375,OK,正常双期限插值,HIST_CLEAN_SURFACE,3445.846,3457.747,0.003867407806119161,0.020765748412132412,3446.1653999999994,3414.3786999999998,3444.426,3438.7292,False,False,False,False,False,False,False,False,False,,,,2025-07-02,3458.171
2025-07-02 00:00:00,2025-07-02,14.7819,0.0218503886971078,2025-07-18,2025-08-15,16,44,0.0212888740768091,0.0220545758317618,3922.442958568071,3907.865459210198,3900.0,3900.0,22,20,0.02996,0.0300475,OK,正常双期限插值,HIST_CLEAN_SURFACE,3458.171,3454.792,-0.0008546027225242447,0.019470852444029685,3445.929,3420.9770000000003,3457.747,3446.1653999999994,False,False,False,False,False,False,False,False,False,,,,2025-07-03,3456.152
2025-07-03 00:00:00,2025-07-03,15.0706,0.022712447321971,2025-07-18,2025-08-15,15,43,0.0228435822458599,0.022672801879865,3946.862094879004,3930.462422838008,3900.0,3900.0,22,20,0.02996,0.03004125,OK,正常双期限插值,HIST_CLEAN_SURFACE,3456.152,3461.151,0.0018406317949097861,0.02945860156782576,3448.4686,3430.8813,3454.792,3445.929,False,False,False,False,False,False,False,False,False,,,,2025-07-04,3459.592
2025-07-04 00:00:00,2025-07-04,14.8313,0.0219967069756834,2025-07-18,2025-08-15,14,42,0.021015080665024,0.0222421135533482,3964.843756502361,3949.9785591258,3950.0,3900.0,22,20,0.02996,0.030035,OK,正常双期限插值,HIST_CLEAN_SURFACE,3459.592,3472.319,0.0032266722832954287,0.03346056945231912,3458.0870000000004,3442.1237,3461.151,3448.4686,False,False,False,False,False,False,False,False,False,,,,2025-07-07,3467.985
2025-07-07 00:00:00,2025-07-07,15.6653,0.0245400586711247,2025-07-18,2025-08-15,11,39,0.0256052701636936,0.0243977429656398,3947.371856813392,3934.265587509535,3900.0,3900.0,22,20,0.02996,0.03001625,OK,正常双期限插值,HIST_CLEAN_SURFACE,3467.985,3473.127,0.00023269751425480933,0.027071648713531182,3463.8271999999997,3451.2781999999997,3472.319,3458.0870000000004,False,False,False,False,False,False,False,False,False,,,,2025-07-08,3474.632
2025-07-08 00:00:00,2025-07-08,16.5703,0.0274575696088914,2025-07-18,2025-08-15,10,38,0.0292072346007202,0.0272733943465936,3983.420851508005,3968.379811742112,3950.0,3950.0,22,20,0.02996,0.03001,OK,正常双期限插值,HIST_CLEAN_SURFACE,3474.632,3497.475,0.007010397258723877,0.02248429061155388,3471.7728,3458.9691,3473.127,3463.8271999999997,False,False,False,False,False,False,False,False,False,,,,2025-07-09,3498.724
2025-07-09 00:00:00,2025-07-09,16.4364,0.0270153691781093,2025-07-18,2025-08-15,9,37,0.0267443150148457,0.0270373465426982,3980.3300017982624,3966.8994785017226,3950.0,3950.0,22,19,0.02996,0.03000375,OK,正常双期限插值,HIST_CLEAN_SURFACE,3498.724,3493.05,-0.0012651984646064873,0.01072808996826935,3479.4244,3462.6767,3497.475,3471.7728,False,False,False,False,False,False,False,False,False,,,,2025-07-10,3491.497
2025-07-10 00:00:00,2025-07-10,16.9338,0.0286752102874479,2025-07-18,2025-08-15,8,36,0.0268620336591615,0.0287850997800713,3999.9806705885,3986.370278620483,3950.0,3950.0,22,20,0.02996,0.0299975,OK,正常双期限插值,HIST_CLEAN_SURFACE,3491.497,3509.682,0.004761454888993821,0.017755497900072914,3489.1305999999995,3468.7996,3493.05,3479.4244,False,False,False,False,False,False,False,False,False,,,,2025-07-11,3511.366
2025-07-11 00:00:00,2025-07-11,17.7997,0.0316828747047712,2025-07-18,2025-08-15,7,35,0.028152566297651,0.031836366374646,4015.400387258851,4004.325246800027,4000.0,4000.0,23,21,0.02996,0.02999125,OK,正常双期限插值,HIST_CLEAN_SURFACE,3511.366,3510.177,0.00014103841886536905,0.025100555541440528,3496.7022000000006,3477.3946000000005,3509.682,3489.1305999999995,False,False,False,False,False,False,False,False,False,,,,2025-07-14,3513.252
2025-07-14 00:00:00,2025-07-14,17.6381,0.0311101389165353,2025-08-15,2025-09-19,32,67,0.0315630202789185,0.0351117175214739,3999.536355611147,3992.8075875002833,3950.0,3950.0,21,26,0.0299725,0.03019125,WARN,期限未夹住30日,HIST_CLEAN_SURFACE,3513.252,3519.65,0.002698724309343925,0.02183934275260957,3506.0068,3484.917,3510.177,3496.7022000000006,False,False,False,False,False,False,False,False,False,,,,2025-07-15,3519.805
2025-07-15 00:00:00,2025-07-15,16.7844,0.0281714624084384,2025-08-15,2025-09-19,31,66,0.0285448178368357,0.0344845632886106,3996.944412791248,3988.007092377499,3950.0,3950.0,21,26,0.02996625,0.030185,WARN,期限未夹住30日,HIST_CLEAN_SURFACE,3519.805,3504.999,-0.004162629806941154,0.013665545801934131,3507.5116000000003,3489.6422,3519.65,3506.0068,False,False,False,False,False,False,False,False,False,,,,2025-07-16,3502.899
2025-07-16 00:00:00,2025-07-16,16.6594,0.0277536580934219,2025-08-15,2025-09-19,30,65,0.0277536580934219,0.0318168704568052,3989.37386569881,3980.3459057619953,3950.0,3950.0,21,26,0.02996,0.03017875,WARN,期限未夹住30日,HIST_CLEAN_SURFACE,3502.899,3503.777,-0.00034864489262331766,0.014178856498451964,3509.657,3494.5407,3504.999,3507.5116000000003,False,False,False,False,False,False,False,False,False,,,,2025-07-17,3500.372
2025-07-17 00:00:00,2025-07-17,16.9325,0.0286709077900326,2025-08-15,2025-09-19,29,64,0.0284372753742358,0.032270307195902,4025.511310695932,4010.201392059337,4000.0,4000.0,21,26,0.02996,0.0301725,OK,正常双期限插值,HIST_CLEAN_SURFACE,3500.372,3516.826,0.0037242666984800277,0.016085689413724014,3511.0858,3500.1081999999997,3503.777,3509.657,False,False,False,False,False,False,False,False,False,,,,2025-07-18,3519.475
2025-07-18 00:00:00,2025-07-18,16.8484,0.0283868882085188,2025-08-15,2025-09-19,28,63,0.0279721966585274,0.0314279595751228,4056.623637413748,4046.924365191596,4050.0,4000.0,21,26,0.02996,0.03016625,OK,正常双期限插值,HIST_CLEAN_SURFACE,3519.475,3534.483,0.005020720388213773,0.01790273301502543,3515.947,3506.3246,3516.826,3511.0858,False,False,False,False,False,False,False,False,False,,,,2025-07-21,3542.816
2025-07-21 00:00:00,2025-07-21,17.6851,0.0312764284330377,2025-08-15,2025-09-19,25,60,0.0306606258655976,0.032815934851638,4079.0098926593582,4070.8559264490536,4050.0,4050.0,22,26,0.02996,0.0301475,OK,正常双期限插值,HIST_CLEAN_SURFACE,3542.816,3559.791,0.007160311706124967,0.024952729917449012,3523.9752,3514.9909999999995,3534.483,3515.947,False,False,False,False,False,False,False,False,False,,,,2025-07-22,3561.632
2025-07-22 00:00:00,2025-07-22,18.0869,0.0327136269884478,2025-08-15,2025-09-19,24,59,0.0322495388520741,0.0336260714599623,4117.370704515206,4107.120638180988,4100.0,4100.0,22,26,0.02996,0.03014125,OK,正常双期限插值,HIST_CLEAN_SURFACE,3561.632,3581.861,0.006199802179397418,0.024127692120744282,3539.3475999999996,3523.4296000000004,3559.791,3523.9752,False,False,False,False,False,False,False,False,False,,,,2025-07-23,3588.878
2025-07-23 00:00:00,2025-07-23,19.3144,0.0373047035004508,2025-08-15,2025-09-19,23,58,0.0370095635231542,0.0377728565678866,4118.43808701575,4113.297120432962,4100.0,4100.0,23,27,0.02996,0.030135,OK,正常双期限插值,HIST_CLEAN_SURFACE,3588.878,3582.298,0.0001220036176725614,0.025550163896880917,3555.0518,3532.3544,3581.861,3539.3475999999996,False,False,False,False,False,False,False,False,False,,,,2025-07-24,3578.912
2025-07-24 00:00:00,2025-07-24,19.5217,0.0381096940259874,2025-08-15,2025-09-19,22,57,0.0377487343297782,0.0385798915249967,4150.711328180733,4145.880005617852,4150.0,4100.0,23,26,0.02996,0.03012875,OK,正常双期限插值,HIST_CLEAN_SURFACE,3578.912,3605.727,0.006540215247307746,0.027365727151348773,3572.832,3541.9589,3582.298,3555.0518,False,False,False,False,False,False,False,False,False,,,,2025-07-25,3604.451
2025-07-25 00:00:00,2025-07-25,19.4155,0.0376960205838892,2025-08-15,2025-09-19,21,56,0.0370043714814473,0.0384453071115347,4126.673714445215,4121.468444667814,4100.0,4100.0,24,27,0.02996,0.0301225,OK,正常双期限插值,HIST_CLEAN_SURFACE,3604.451,3593.655,-0.0033480072118603488,0.023781706734446795,3584.6663999999996,3550.3067,3605.727,3572.832,False,False,False,False,False,False,False,False,False,,,,2025-07-28,3594.231
2025-07-28 00:00:00,2025-07-28,19.4663,0.0378937688893565,2025-08-15,2025-09-19,18,53,0.0369486460577897,0.0385089903551878,4135.296261398706,4125.109519930283,4100.0,4100.0,24,27,0.02996,0.03010375,OK,正常双期限插值,HIST_CLEAN_SURFACE,3594.231,3597.937,0.0011915445416990078,0.022242836645689046,3592.2956,3558.1354,3593.655,3584.6663999999996,False,False,False,False,False,False,False,False,False,,,,2025-07-29,3595.81
2025-07-29 00:00:00,2025-07-29,19.4837,0.0379616153002172,2025-08-15,2025-09-19,17,52,0.0364408312551505,0.0388029958221919,4153.095602830448,4142.755067064055,4150.0,4100.0,24,27,0.02996,0.0300975,OK,正常双期限插值,HIST_CLEAN_SURFACE,3595.81,3609.711,0.0032724308402287683,0.029875044186888466,3597.8656,3568.6066,3597.937,3592.2956,False,False,False,False,False,False,False,False,False,,,,2025-07-30,3608.354
2025-07-30 00:00:00,2025-07-30,18.5659,0.0344694213128102,2025-08-15,2025-09-19,16,51,0.0319428009240044,0.0356584191428364,4147.113396638902,4141.153095799407,4100.0,4100.0,24,27,0.02996,0.03009125,OK,正常双期限插值,HIST_CLEAN_SURFACE,3608.354,3615.717,0.001663845111146145,0.03194838027648461,3604.5494,3579.8006,3609.711,3597.8656,False,False,False,False,False,False,False,False,False,,,,2025-07-31,3604.696
2025-07-31 00:00:00,2025-07-31,18.7795,0.0352669009494718,2025-08-15,2025-09-19,15,50,0.0319861714344084,0.0365791927554972,4067.985771037603,4057.620064211162,4050.0,4050.0,24,27,0.02996,0.030085,OK,正常双期限插值,HIST_CLEAN_SURFACE,3604.696,3573.208,-0.011756727642124654,0.016032069826599438,3598.0456,3585.4388,3615.717,3604.5494,False,False,False,False,False,False,False,False,False,,,,2025-08-01,3568.261
2025-08-01 00:00:00,2025-08-01,17.8996,0.0320395945454121,2025-08-15,2025-09-19,14,49,0.0279378523734562,0.03343125706804,4045.607714131441,4037.978311398416,4000.0,4000.0,24,27,0.02996,0.03007875,OK,正常双期限插值,HIST_CLEAN_SURFACE,3568.261,3559.952,-0.0037098316134968057,0.0072058629225264514,3591.3050000000003,3587.9857,3573.208,3598.0456,False,False,False,False,False,False,False,False,False,,,,2025-08-04,3547.163
2025-08-04 00:00:00,2025-08-04,17.4927,0.0305993570317421,2025-08-15,2025-09-19,11,46,0.0265776099881157,0.0314092282899552,4065.708653896497,4055.100964884449,4050.0,4050.0,24,27,0.02996,0.03006,OK,正常双期限插值,HIST_CLEAN_SURFACE,3547.163,3583.309,0.0065610435196878925,0.006606567632762683,3588.3794000000003,3590.3375,3559.952,3591.3050000000003,False,False,False,False,False,False,False,False,False,,,,2025-08-05,3588.808
2025-08-05 00:00:00,2025-08-05,17.2807,0.0298624258842083,2025-08-15,2025-09-19,10,45,0.0228655668456619,0.0310285690572993,4097.179240641531,4088.311531486376,4050.0,4050.0,24,26,0.02996,0.03005375,OK,正常双期限插值,HIST_CLEAN_SURFACE,3588.808,3617.598,0.009569088236599077,0.009977215754603641,3589.9568,3593.9112,3583.309,3588.3794000000003,False,False,False,False,False,False,False,False,False,,,,2025-08-06,3615.808
2025-08-06 00:00:00,2025-08-06,17.5169,0.0306842308510336,2025-08-15,2025-09-19,9,44,0.0253362735569449,0.031413497754773,4110.398689826427,4102.213416171408,4100.0,4100.0,24,27,0.02996,0.0300475,OK,正常双期限插值,HIST_CLEAN_SURFACE,3615.808,3633.995,0.0045325655310513024,0.014431239388794648,3593.6123999999995,3599.0809,3617.598,3589.9568,False,False,False,False,False,False,False,False,False,,,,2025-08-07,3637.781
2025-08-07 00:00:00,2025-08-07,17.5245,0.0307109278268317,2025-08-15,2025-09-19,8,43,0.0249465733937985,0.0313446412105901,4103.543305815822,4096.50069927436,4100.0,4050.0,24,27,0.02996,0.03004125,OK,正常双期限插值,HIST_CLEAN_SURFACE,3637.781,3639.667,0.0015608166769629506,0.009412803576088757,3606.9042,3602.4749,3633.995,3593.6123999999995,False,False,False,False,False,False,False,False,False,,,,2025-08-08,3634.855
2025-08-08 00:00:00,2025-08-08,17.0123,0.0289416944242256,2025-08-15,2025-09-19,7,42,0.0231692344884473,0.0294436474621194,4102.152145338249,4090.786000793344,4100.0,4050.0,24,27,0.02996,0.030035,OK,正常双期限插值,HIST_CLEAN_SURFACE,3634.855,3635.128,-0.001247092110349568,0.0115406181172093,3621.9394,3606.6222000000002,3639.667,3606.9042,False,False,False,False,False,False,False,False,False,,,,2025-08-11,3637.053
2025-08-11 00:00:00,2025-08-11,17.5963,0.0309630052314747,2025-09-19,2025-10-17,39,67,0.0296281286389792,0.0277685990573935,4111.289002114254,4112.349857980304,4100.0,4100.0,27,21,0.03001625,0.03019125,WARN,期限未夹住30日,HIST_CLEAN_SURFACE,3637.053,3647.547,0.003416385887924589,0.013788457107503538,3634.7869999999994,3611.5832,3635.128,3621.9394,False,False,False,False,False,False,False,False,False,,,,2025-08-12,3647.963
2025-08-12 00:00:00,2025-08-12,18.1715,0.0330202280705325,2025-09-19,2025-10-17,38,66,0.0305621109854571,0.0266514701682917,4132.583460791085,4125.248787002495,4100.0,4100.0,27,21,0.03001,0.030185,WARN,期限未夹住30日,HIST_CLEAN_SURFACE,3647.963,3665.918,0.005036535512770612,0.015571052641056404,3644.451,3617.2039000000004,3647.547,3634.7869999999994,False,False,False,False,False,False,False,False,False,,,,2025-08-13,3668.658
2025-08-13 00:00:00,2025-08-13,19.7821,0.0391329806236643,2025-09-19,2025-10-17,37,65,0.0360777804867204,0.0304374110031316,4173.5195828013775,4168.092734786381,4150.0,4150.0,27,21,0.03000375,0.03017875,WARN,期限未夹住30日,HIST_CLEAN_SURFACE,3668.658,3683.465,0.004786522775468427,0.01873708589472023,3654.345,3623.9786999999997,3665.918,3644.451,False,False,False,False,False,False,False,False,False,,,,2025-08-14,3685.522
2025-08-14 00:00:00,2025-08-14,18.9721,0.0359941071174946,2025-09-19,2025-10-17,36,64,0.0346940273320282,0.0318501028013204,4166.99870337427,4170.691112468275,4150.0,4150.0,26,21,0.0299975,0.0301725,WARN,期限未夹住30日,HIST_CLEAN_SURFACE,3685.522,3666.443,-0.004621192274122277,0.026092799523565358,3659.7002,3633.3022000000005,3683.465,3654.345,False,False,False,False,False,False,False,False,False,,,,2025-08-15,3659.815
2025-08-15 00:00:00,2025-08-15,21.4312,0.0459295035064646,2025-09-19,2025-10-17,35,63,0.0430111553643733,0.0352288936521297,4211.846219611139,4208.443850992243,4200.0,4200.0,27,21,0.02999125,0.03016625,WARN,期限未夹住30日,HIST_CLEAN_SURFACE,3659.815,3696.771,0.0082717773056884,0.03843282156613337,3672.0288,3646.9841000000006,3666.443,3659.7002,False,False,False,False,False,False,False,False,False,,,,2025-08-18,3712.495
2025-08-18 00:00:00,2025-08-18,22.2117,0.0493361639877791,2025-09-19,2025-10-17,32,60,0.0482129915494789,0.0403507844813773,4244.385265383457,4240.156275512559,4200.0,4200.0,28,22,0.0299725,0.0301475,WARN,期限未夹住30日,HIST_CLEAN_SURFACE,3712.495,3728.027,0.008454946221986726,0.040386692858472406,3688.1248,3661.4559,3696.771,3672.0288,False,False,False,False,False,False,False,False,False,,,,2025-08-19,3728.485
2025-08-19 00:00:00,2025-08-19,20.4908,0.0419872204705341,2025-09-19,2025-10-17,31,59,0.041865571403994,0.040133618592237,4222.1291566976215,4220.5428592899225,4200.0,4200.0,28,23,0.02996625,0.03014125,WARN,期限未夹住30日,HIST_CLEAN_SURFACE,3728.485,3727.288,-0.00019822817806847137,0.030321224193511798,3700.3988,3672.4248999999995,3728.027,3688.1248,False,False,False,False,False,False,False,False,False,,,,2025-08-20,3716.685
2025-08-20 00:00:00,2025-08-20,21.2032,0.0449574127043237,2025-09-19,2025-10-17,30,58,0.0449574127043237,0.0404218123850942,4276.1261992642085,4267.846398115456,4250.0,4250.0,28,23,0.02996,0.030135,WARN,期限未夹住30日,HIST_CLEAN_SURFACE,3716.685,3766.21,0.010442445016322965,0.036382823861893065,3716.9478000000004,3685.6464,3727.288,3700.3988,False,False,False,False,False,False,False,False,False,,,,2025-08-21,3770.676
2025-08-21 00:00:00,2025-08-21,20.3845,0.0415529303849461,2025-09-19,2025-10-17,29,57,0.0417329952067106,0.039079408359655,4285.766158291281,4279.993789858769,4250.0,4250.0,28,23,0.02996,0.03012875,OK,正常双期限插值,HIST_CLEAN_SURFACE,3770.676,3771.099,0.0012981219847008063,0.03611099586857813,3737.879,3698.7896,3766.21,3716.9478000000004,False,False,False,False,False,False,False,False,False,,,,2025-08-22,3772.277
2025-08-22 00:00:00,2025-08-22,21.3203,0.0454553348002503,2025-09-19,2025-10-17,28,56,0.0461396937227693,0.0410070018038765,4389.383988763382,4385.965833834235,4350.0,4350.0,29,24,0.02996,0.0301225,OK,正常双期限插值,HIST_CLEAN_SURFACE,3772.277,3825.759,0.014494448435323548,0.052441344568884496,3763.6766000000002,3717.8526999999995,3771.099,3737.879,False,False,False,False,False,False,False,False,False,,,,2025-08-25,3848.163
2025-08-25 00:00:00,2025-08-25,24.6483,0.0607540458693589,2025-09-19,2025-10-17,25,53,0.0646654196090967,0.0522671028491731,4475.344462284535,4469.539478569283,4450.0,4450.0,31,26,0.02996,0.03010375,OK,正常双期限插值,HIST_CLEAN_SURFACE,3848.163,3883.562,0.015108897345598615,0.06470512922794414,3794.7836,3741.4542,3825.759,3763.6766000000002,False,False,False,False,False,False,False,False,False,,,,2025-08-26,3871.471
2025-08-26 00:00:00,2025-08-26,24.4571,0.0598150202742976,2025-09-19,2025-10-17,24,52,0.0632916538194109,0.0539314865825673,4453.000739715153,4451.350039741576,4450.0,4450.0,33,28,0.02996,0.0300975,OK,正常双期限插值,HIST_CLEAN_SURFACE,3871.471,3868.382,-0.003908782710305592,0.0552287312482167,3823.0024,3761.7006,3883.562,3794.7836,False,False,False,False,False,False,False,False,False,,,,2025-08-27,3869.612
2025-08-27 00:00:00,2025-08-27,23.0729,0.0532356528375658,2025-09-19,2025-10-17,23,51,0.055480424906415,0.0501986082738287,4385.973544569628,4384.036940547493,4350.0,4350.0,33,28,0.02996,0.03009125,OK,正常双期限插值,HIST_CLEAN_SURFACE,3869.612,3800.35,-0.017586680943092015,0.03173234983907802,3829.8304000000003,3773.3890999999994,3868.382,3823.0024,False,False,False,False,False,False,False,False,False,,,,2025-08-28,3796.711
2025-08-28 00:00:00,2025-08-28,24.5875,0.0604546093418249,2025-09-19,2025-10-17,22,50,0.0646493737092345,0.0558403685376743,4465.410945192037,4459.232332684492,4450.0,4450.0,33,28,0.02996,0.030085,OK,正常双期限插值,HIST_CLEAN_SURFACE,3796.711,3843.597,0.011379741339613503,0.04831767465088088,3844.3299999999995,3791.1045,3800.35,3829.8304000000003,False,False,False,False,False,False,False,False,False,,,,2025-08-29,3842.823
2025-08-29 00:00:00,2025-08-29,24.048,0.0578305005227283,2025-09-19,2025-10-17,21,49,0.0613562350652861,0.0546405502223188,4509.416216997472,4504.960283215451,4500.0,4500.0,33,28,0.02996,0.03007875,OK,正常双期限插值,HIST_CLEAN_SURFACE,3842.823,3857.927,0.003728278484971259,0.04359372003296924,3850.7635999999998,3807.2201,3843.597,3844.3299999999995,False,True,True,False,False,True,False,True,False,,,,2025-09-01,3869.746
2025-09-01 00:00:00,2025-09-01,22.746,0.051737914746214,2025-09-19,2025-10-17,18,46,0.0546413464369583,0.0502230808206083,4514.153043875135,4510.840992140415,4500.0,4500.0,33,28,0.02996,0.03006,OK,正常双期限插值,HIST_CLEAN_SURFACE,3869.746,3875.53,0.004562813137729105,0.039565968808702445,3849.1572,3821.9704000000006,3857.927,3850.7635999999998,False,False,False,False,False,False,False,False,False,,,,2025-09-02,3877.086
2025-09-02 00:00:00,2025-09-02,22.8483,0.0522045553783938,2025-09-19,2025-10-17,17,45,0.0546202469837276,0.0511515616017099,4483.780037172019,4481.245169300248,4450.0,4450.0,34,29,0.02996,0.03005375,OK,正常双期限插值,HIST_CLEAN_SURFACE,3877.086,3858.133,-0.004488934416712165,0.03510461225427175,3847.1074,3835.0549,3875.53,3849.1572,False,False,False,False,False,False,False,False,False,,,,2025-09-03,3865.286
2025-09-03 00:00:00,2025-09-03,22.0392,0.0485724598279041,2025-09-19,2025-10-17,16,44,0.0468783283987093,0.0491885076203386,4433.246766863347,4429.209588243584,4400.0,4400.0,34,29,0.02996,0.0300475,OK,正常双期限插值,HIST_CLEAN_SURFACE,3865.286,3813.557,-0.011553774843946596,0.012571524158238478,3849.7488000000003,3839.7896,3858.133,3847.1074,False,False,False,False,False,False,False,False,False,,,,2025-09-04,3807.757
2025-09-04 00:00:00,2025-09-04,22.282,0.0496487332559128,2025-09-19,2025-10-17,15,43,0.049819499634736,0.0495971062111522,4349.337661247551,4349.397872774285,4300.0,4300.0,34,29,0.02996,0.03004125,OK,正常双期限插值,HIST_CLEAN_SURFACE,3807.757,3765.876,-0.012503025390730893,-0.001385007394396176,3834.2046,3839.2673000000004,3813.557,3849.7488000000003,False,False,False,False,False,False,False,False,False,,,,2025-09-05,3761.88
2025-09-05 00:00:00,2025-09-05,20.8198,0.0433463226802231,2025-09-19,2025-10-17,14,42,0.0425289417831226,0.0435506679044983,4458.761094610555,4452.710173044333,4450.0,4450.0,34,29,0.02996,0.030035,OK,正常双期限插值,HIST_CLEAN_SURFACE,3761.88,3812.514,0.01238436953314448,-0.0034620581170952125,3825.1220000000003,3837.9428,3765.876,3834.2046,False,False,False,False,False,False,False,False,False,,,,2025-09-08,3811.669
2025-09-08 00:00:00,2025-09-08,20.9287,0.0438011205486148,2025-09-19,2025-10-17,11,39,0.0429664327145867,0.0439126375466833,4455.787322637121,4455.178750474436,4450.0,4450.0,33,29,0.02996,0.03001625,OK,正常双期限插值,HIST_CLEAN_SURFACE,3811.669,3826.841,0.003757887839887175,-0.01460540606793459,3815.3841999999995,3832.2706999999996,3812.514,3825.1220000000003,False,False,False,False,False,False,False,False,False,,,,2025-09-09,3816.657
2025-09-09 00:00:00,2025-09-09,20.0168,0.0400670898850568,2025-09-19,2025-10-17,10,38,0.0404131418602157,0.0400306633613559,4427.183314168638,4423.673849463833,4400.0,4400.0,34,29,0.02996,0.03001,OK,正常双期限插值,HIST_CLEAN_SURFACE,3816.657,3807.292,-0.005108390967902721,-0.015792132214450416,3805.2159999999994,3826.1616999999997,3826.841,3815.3841999999995,False,False,False,False,False,False,False,False,False,,,,2025-09-10,3806.584
2025-09-10 00:00:00,2025-09-10,18.8598,0.0355692899481848,2025-09-19,2025-10-17,9,37,0.0331063012877494,0.0357689917314633,4434.262224866092,4428.086134748953,4400.0,4400.0,34,29,0.02996,0.03000375,OK,正常双期限插值,HIST_CLEAN_SURFACE,3806.584,3812.221,0.00129462095368571,0.003123659662925826,3804.9487999999997,3827.3487999999998,3807.292,3805.2159999999994,False,False,False,False,False,False,True,False,True,,AVIX<20,AVIX<20,2025-09-11,3806.056
2025-09-11 00:00:00,2025-09-11,20.2619,0.0410545527491132,2025-09-19,2025-10-17,8,36,0.0455702519142185,0.0407808740118341,4558.221914265627,4552.644587619788,4550.0,4550.0,33,29,0.02996,0.0299975,OK,正常双期限插值,HIST_CLEAN_SURFACE,3806.056,3875.309,0.016548883183844953,0.00825060483708362,3826.8354,3830.5199999999995,3812.221,3804.9487999999997,False,False,False,False,False,False,False,False,False,,,,2025-09-12,3875.507
2025-09-12 00:00:00,2025-09-12,20.1278,0.0405129417308167,2025-09-19,2025-10-17,7,35,0.0370727025602336,0.040662517346929,4523.294666987242,4519.78058285924,4500.0,4500.0,31,30,0.02996,0.02999125,OK,正常双期限插值,HIST_CLEAN_SURFACE,3875.507,3870.598,-0.0012156449975989636,0.0032844063664241308,3838.4521999999997,3831.7871000000005,3875.309,3826.8354,False,False,False,False,False,False,False,False,False,,,,2025-09-15,3876.097
2025-09-15 00:00:00,2025-09-15,20.9025,0.0436914356694308,2025-10-17,2025-11-21,32,67,0.0435205792336634,0.0421817788041429,4524.825743463284,4517.7368439872025,4500.0,4500.0,30,24,0.0299725,0.03019125,WARN,期限未夹住30日,HIST_CLEAN_SURFACE,3876.097,3860.504,-0.0026078657613113343,-0.0038771471256835444,3845.1848,3830.2845,3870.598,3838.4521999999997,False,False,False,False,False,False,False,False,False,,,,2025-09-16,3865.98
2025-09-16 00:00:00,2025-09-16,22.0103,0.0484453687488174,2025-10-17,2025-11-21,31,66,0.0482096371327543,0.0444593614226595,4510.835351312099,4505.592054076083,4500.0,4500.0,30,24,0.02996625,0.030185,WARN,期限未夹住30日,HIST_CLEAN_SURFACE,3865.98,3861.865,0.00035254464183953615,0.0009673072442033526,3856.0994,3830.6577000000007,3860.504,3845.1848,False,False,False,False,False,False,False,False,False,,,,2025-09-17,3854.073
2025-09-17 00:00:00,2025-09-17,22.6117,0.0511289305268081,2025-10-17,2025-11-21,30,65,0.0511289305268081,0.0470933556078347,4546.072250348069,4534.191584641549,4500.0,4500.0,30,24,0.02996,0.03017875,WARN,期限未夹住30日,HIST_CLEAN_SURFACE,3854.073,3876.341,0.0037484479649081415,0.016463370024363044,3868.9233999999997,3836.9361000000004,3861.865,3856.0994,False,False,False,False,False,False,False,False,False,,,,2025-09-18,3876.059
2025-09-18 00:00:00,2025-09-18,21.4519,0.0460185179987814,2025-10-17,2025-11-21,29,64,0.046233211821067,0.0427108912991928,4474.138512951766,4466.320843068041,4450.0,4450.0,30,24,0.02996,0.0301725,OK,正常双期限插值,HIST_CLEAN_SURFACE,3876.059,3831.656,-0.011527623601741976,0.01746738341889098,3860.1928,3843.5140999999994,3876.341,3868.9233999999997,False,False,False,False,False,False,False,False,False,,,,2025-09-19,3830.444
2025-09-19 00:00:00,2025-09-19,20.3565,0.0414389057929109,2025-10-17,2025-11-21,28,63,0.0413430428494791,0.0421419007114114,4491.648025379098,4491.8301752246725,4450.0,4450.0,30,24,0.02996,0.03016625,OK,正常双期限插值,HIST_CLEAN_SURFACE,3830.444,3820.089,-0.0030187991823901195,0.0019868779498251055,3850.0910000000003,3844.2716,3831.656,3860.1928,False,False,False,False,False,False,False,False,False,,,,2025-09-22,3822.01
2025-09-22 00:00:00,2025-09-22,20.4775,0.0419329163354964,2025-10-17,2025-11-21,25,60,0.0417148118856374,0.0424781774601439,4510.638708240093,4496.027604739431,4500.0,4450.0,30,24,0.02996,0.0301475,OK,正常双期限插值,HIST_CLEAN_SURFACE,3822.01,3828.576,0.0022216759871300784,0.00045337655784494224,3843.7054,3844.4451,3820.089,3850.0910000000003,False,False,False,False,False,False,False,False,False,,,,2025-09-23,3830.138
2025-09-23 00:00:00,2025-09-23,20.1381,0.0405544311425046,2025-10-17,2025-11-21,24,59,0.0392514856985569,0.0431161543882322,4508.377979777333,4495.2027272159785,4500.0,4450.0,30,24,0.02996,0.03014125,OK,正常双期限插值,HIST_CLEAN_SURFACE,3830.138,3821.833,-0.001761229240323292,0.00381925000761707,3835.6989999999996,3845.8992,3828.576,3843.7054,False,False,False,False,False,False,False,False,False,,,,2025-09-24,3804.483
2025-09-24 00:00:00,2025-09-24,19.1901,0.0368260447645834,2025-10-17,2025-11-21,23,58,0.0343516801714653,0.0407508989467707,4557.350634587369,4543.193653916589,4550.0,4500.0,30,24,0.02996,0.030135,OK,正常双期限插值,HIST_CLEAN_SURFACE,3804.483,3853.642,0.008322969632634347,0.01086531971782323,3831.1591999999996,3850.0412999999994,3821.833,3835.6989999999996,False,False,False,False,False,False,False,False,False,,,,2025-09-25,3852.431
2025-09-25 00:00:00,2025-09-25,17.9674,0.0322828685101522,2025-10-17,2025-11-21,22,57,0.029356279705322,0.0360951355059179,4588.973133730676,4577.695302052951,4550.0,4550.0,30,24,0.02996,0.03012875,OK,正常双期限插值,HIST_CLEAN_SURFACE,3852.431,3853.302,-8.822822670073727e-05,-0.005678772970103774,3835.4883999999997,3847.8406000000004,3853.642,3831.1591999999996,False,False,False,False,False,False,False,False,False,,,,2025-09-26,3839.855
2025-09-26 00:00:00,2025-09-26,18.1346,0.0328862704959787,2025-10-17,2025-11-21,21,56,0.0291303276958114,0.0369552085294932,4547.910288950155,4538.900012293361,4500.0,4500.0,30,24,0.02996,0.0301225,OK,正常双期限插值,HIST_CLEAN_SURFACE,3839.855,3828.106,-0.006538807495493404,-0.010978148596159976,3837.0918000000006,3843.5914,3853.302,3835.4883999999997,False,False,False,False,False,False,False,False,False,,,,2025-09-29,3828.166
2025-09-29 00:00:00,2025-09-29,19.0496,0.0362887752999987,2025-10-17,2025-11-21,18,53,0.0313710678648021,0.0394899244795135,4625.539220323327,4614.411501001578,4600.0,4600.0,30,24,0.02996,0.03010375,OK,正常双期限插值,HIST_CLEAN_SURFACE,3828.166,3862.532,0.00899295892015517,0.0005253200100299171,3843.8830000000003,3843.7942000000003,3828.106,3837.0918000000006,False,False,False,False,False,False,False,False,False,,,,2025-09-30,3869.705
2025-09-30 00:00:00,2025-09-30,18.7322,0.0350896018688505,2025-10-17,2025-11-21,17,52,0.0301401256736559,0.037827921538973,4636.748357794512,4629.038020622438,4600.0,4600.0,30,24,0.02996,0.0300975,OK,正常双期限插值,HIST_CLEAN_SURFACE,3869.705,3882.777,0.005241380524484862,0.005415000265415859,3856.0718,3845.8854,3862.532,3843.8830000000003,False,False,False,False,False,False,False,False,False,,,,2025-10-09,3898.307
2025-10-09 00:00:00,2025-10-09,18.0538,0.0325941433908448,2025-10-17,2025-11-21,8,43,0.0284385644728146,0.0330509935044549,4710.173856447394,4703.088867380696,4700.0,4700.0,31,25,0.02996,0.03004125,OK,正常双期限插值,HIST_CLEAN_SURFACE,3898.307,3933.972,0.0131851507310361,0.014867371059460455,3872.1378000000004,3851.6485000000002,3882.777,3856.0718,False,False,False,False,False,False,False,False,False,,,,2025-10-10,3915.475
2025-10-10 00:00:00,2025-10-10,19.2997,0.0372479547517323,2025-10-17,2025-11-21,7,42,0.0326584645937429,0.037647040852427,4615.351376958564,4610.771959502623,4600.0,4600.0,31,25,0.02996,0.030035,OK,正常双期限插值,HIST_CLEAN_SURFACE,3915.475,3897.028,-0.009391017526306888,0.017061030530924448,3880.8830000000003,3858.1857000000005,3933.972,3872.1378000000004,False,False,False,False,False,False,False,False,False,,,,2025-10-13,3800.106
2025-10-13 00:00:00,2025-10-13,19.8836,0.0395356332641547,2025-11-21,2025-12-19,39,67,0.0438960611195581,0.0499702889778315,4579.644322089198,4572.599589522935,4550.0,4550.0,25,31,0.03001625,0.03019125,WARN,期限未夹住30日,HIST_CLEAN_SURFACE,3800.106,3889.502,-0.0019312152748196532,0.018170519063822832,3893.1622,3865.1270000000004,3897.028,3880.8830000000003,False,False,False,False,False,False,False,False,False,,,,2025-10-14,3910.783
2025-10-14 00:00:00,2025-10-14,21.0384,0.0442613002186986,2025-11-21,2025-12-19,38,66,0.0478512518919386,0.0535625386448204,4524.655492877864,4515.248479010516,4500.0,4500.0,25,31,0.03001,0.030185,WARN,期限未夹住30日,HIST_CLEAN_SURFACE,3910.783,3865.229,-0.006240644689217367,0.009573533345034857,3893.7016000000003,3868.7923,3889.502,3893.1622,False,False,False,False,False,False,False,False,False,,,,2025-10-15,3867.536
2025-10-15 00:00:00,2025-10-15,18.6968,0.0349569965212044,2025-11-21,2025-12-19,37,65,0.0395598462641576,0.048057415020379,4595.787206354765,4588.664197905728,4550.0,4550.0,25,31,0.03000375,0.03017875,WARN,期限未夹住30日,HIST_CLEAN_SURFACE,3867.536,3912.21,0.012154777892849467,0.02364755341219782,3899.5881999999997,3877.8300000000004,3865.229,3893.7016000000003,False,False,False,False,False,False,False,False,False,,,,2025-10-16,3900.683
2025-10-16 00:00:00,2025-10-16,18.951,0.0359140391986861,2025-11-21,2025-12-19,36,64,0.039184254747847,0.0463378512616364,4604.276434955311,4595.741386880839,4600.0,4550.0,25,30,0.0299975,0.0301725,WARN,期限未夹住30日,HIST_CLEAN_SURFACE,3900.683,3916.228,0.0010270409819512771,0.01624074057735525,3896.0394,3884.0886000000005,3912.21,3899.5881999999997,False,False,False,False,False,False,False,False,False,,,,2025-10-17,3912.04
2025-10-17 00:00:00,2025-10-17,19.9385,0.0397545542546178,2025-11-21,2025-12-19,35,63,0.0432283309288709,0.0524917353935458,4497.446976230534,4486.954846650036,4450.0,4450.0,25,31,0.02999125,0.03016625,WARN,期限未夹住30日,HIST_CLEAN_SURFACE,3912.04,3839.755,-0.019527208323927958,-0.0035156860272047563,3884.5847999999996,3882.7339,3916.228,3896.0394,False,False,False,False,False,False,False,False,False,,,,2025-10-20,3865.552
2025-10-20 00:00:00,2025-10-20,19.8173,0.039272484918912,2025-11-21,2025-12-19,32,60,0.0402632476956818,0.047198587133071,4525.527984359984,4518.686559468724,4500.0,4500.0,25,31,0.0299725,0.0301475,WARN,期限未夹住30日,HIST_CLEAN_SURFACE,3865.552,3863.893,0.006286338581497963,0.009348487215348644,3879.4630000000006,3886.3126,3839.755,3884.5847999999996,False,False,False,False,False,False,False,False,False,,,,2025-10-21,3870.749
2025-10-21 00:00:00,2025-10-21,18.5783,0.0345152408787587,2025-11-21,2025-12-19,31,59,0.0350677130571792,0.0429334186482513,4591.59450755628,4582.9501289935,4550.0,4550.0,25,31,0.02996625,0.03014125,WARN,期限未夹住30日,HIST_CLEAN_SURFACE,3870.749,3916.332,0.013571545588865863,0.013928687192753308,3889.6836000000003,3891.6926,3863.893,3879.4630000000006,False,False,False,False,False,False,False,False,False,,,,2025-10-22,3896.074
2025-10-22 00:00:00,2025-10-22,18.6325,0.0347170042677008,2025-11-21,2025-12-19,30,58,0.0347170042677008,0.0433295221411258,4577.824054910123,4570.737924145997,4550.0,4550.0,25,31,0.02996,0.030135,WARN,期限未夹住30日,HIST_CLEAN_SURFACE,3896.074,3913.758,-0.0006572476490757095,0.007979083011978139,3889.9932,3894.7907,3916.332,3889.6836000000003,False,False,False,False,False,False,False,False,False,,,,2025-10-23,3904.159
2025-10-23 00:00:00,2025-10-23,19.1215,0.0365633197900173,2025-11-21,2025-12-19,29,57,0.0361233183231621,0.0426075504662923,4593.1750607299255,4583.582354328789,4550.0,4550.0,25,31,0.02996,0.03012875,OK,正常双期限插值,HIST_CLEAN_SURFACE,3904.159,3922.41,0.0022106629996030414,-0.0029390143092020704,3891.2296,3893.634499999999,3913.758,3889.9932,False,False,False,False,False,False,False,False,False,,,,2025-10-24,3929.115
2025-10-24 00:00:00,2025-10-24,18.2916,0.0334582961675969,2025-11-21,2025-12-19,28,56,0.0325137320742969,0.0395979627740464,4646.795427896903,4633.817013036875,4600.0,4600.0,25,31,0.02996,0.0301225,OK,正常双期限插值,HIST_CLEAN_SURFACE,3929.115,3950.312,0.007113483802050347,0.013672983617259105,3913.3409999999994,3898.9629,3922.41,3891.2296,False,False,False,False,False,False,False,False,False,,,,2025-10-27,3969.22
2025-10-27 00:00:00,2025-10-27,18.7754,0.0352516995003761,2025-11-21,2025-12-19,25,53,0.0337002420693619,0.0386180693978598,4701.212475669335,4687.618332919088,4700.0,4650.0,25,31,0.02996,0.03010375,OK,正常双期限插值,HIST_CLEAN_SURFACE,3969.22,3996.945,0.011804890347901775,0.027623844903537753,3939.9513999999995,3909.7072,3950.312,3913.3409999999994,False,False,False,False,False,False,False,False,False,,,,2025-10-28,3986.891
2025-10-28 00:00:00,2025-10-28,18.3335,0.033611649521885,2025-11-21,2025-12-19,24,52,0.0314513964276053,0.0372674624506659,4686.004612786164,4676.783178920199,4650.0,4650.0,25,31,0.02996,0.0300975,OK,正常双期限插值,HIST_CLEAN_SURFACE,3986.891,3988.224,-0.0021819164386800427,0.0318208830576403,3954.3297999999995,3922.0066999999995,3996.945,3939.9513999999995,False,False,False,False,False,False,False,False,False,,,,2025-10-29,3990.266
2025-10-29 00:00:00,2025-10-29,18.7707,0.0352340158232554,2025-11-21,2025-12-19,23,51,0.032636986692645,0.0387476434705518,4742.5641440882255,4731.32464537049,4700.0,4700.0,25,31,0.02996,0.03009125,OK,正常双期限插值,HIST_CLEAN_SURFACE,3990.266,4016.331,0.0070474978336221294,0.02661436886056734,3974.8444000000004,3932.4188000000004,3988.224,3954.3297999999995,False,False,False,False,False,False,False,False,False,,,,2025-10-30,4007.821
2025-10-30 00:00:00,2025-10-30,17.946,0.0322057725254138,2025-11-21,2025-12-19,22,50,0.028211979032468,0.0365989453676543,4700.9673321875,4689.747873570865,4700.0,4650.0,25,31,0.02996,0.030085,OK,正常双期限插值,HIST_CLEAN_SURFACE,4007.821,3986.901,-0.007327583309244212,0.018046191386201116,3987.7426,3939.4860999999996,4016.331,3974.8444000000004,False,False,False,False,False,False,False,False,False,,,,2025-10-31,3985.064
2025-10-31 00:00:00,2025-10-31,18.6451,0.0347640808317292,2025-11-21,2025-12-19,21,49,0.0303217304416659,0.0387833502322626,4643.721879399118,4637.949948995431,4600.0,4600.0,25,30,0.02996,0.03007875,OK,正常双期限插值,HIST_CLEAN_SURFACE,3985.064,3954.79,-0.008054125246651389,0.02995894269295829,3988.6382,3950.9896,3986.901,3987.7426,False,False,False,False,False,False,False,False,False,,,,2025-11-03,3954.078
2025-11-03 00:00:00,2025-11-03,19.0153,0.036158267267192,2025-11-21,2025-12-19,18,46,0.0300667226260973,0.0393364644712414,4648.584496480467,4637.120384441668,4600.0,4600.0,25,31,0.02996,0.03006,OK,正常双期限插值,HIST_CLEAN_SURFACE,3954.078,3976.521,0.005494855605481019,0.029148840301737255,3984.5534,3962.2524,3954.79,3988.6382,False,False,False,False,False,False,False,False,False,,,,2025-11-04,3973.458
2025-11-04 00:00:00,2025-11-04,18.8943,0.0356994442233869,2025-11-21,2025-12-19,17,45,0.0313890550155624,0.0375783318267976,4608.26598538644,4594.469827712669,4600.0,4550.0,25,31,0.02996,0.03005375,OK,正常双期限插值,HIST_CLEAN_SURFACE,3973.458,3960.186,-0.004107862123700623,0.011197722767119833,3978.9458,3966.6378000000004,3976.521,3984.5534,False,False,False,False,False,False,False,False,False,,,,2025-11-05,3922.584
2025-11-05 00:00:00,2025-11-05,18.9892,0.0360588989137313,2025-11-21,2025-12-19,16,44,0.0309900112069784,0.037902130807096,4611.418117786337,4600.901423690111,4600.0,4600.0,25,31,0.02996,0.0300475,OK,正常双期限插值,HIST_CLEAN_SURFACE,3922.584,3969.248,0.0022882763587366295,0.014178188840495487,3969.5292,3972.1868000000004,3960.186,3978.9458,False,False,False,False,False,False,False,False,False,,,,2025-11-06,3973.349
2025-11-06 00:00:00,2025-11-06,18.1757,0.0330355699634996,2025-11-21,2025-12-19,15,43,0.0271714036720274,0.034808457446968,4682.4971222376735,4671.6897988992,4650.0,4650.0,25,31,0.02996,0.03004125,OK,正常双期限插值,HIST_CLEAN_SURFACE,3973.349,4007.76,0.009702593539128834,0.021759581481793244,3973.701,3980.7218000000003,3969.248,3969.5292,False,False,False,False,False,False,False,False,False,,,,2025-11-07,3994.317
2025-11-07 00:00:00,2025-11-07,18.1542,0.0329576674690357,2025-11-21,2025-12-19,14,42,0.0261335430564993,0.0346636985721699,4671.698197490586,4659.605646443,4650.0,4650.0,25,31,0.02996,0.030035,OK,正常双期限插值,HIST_CLEAN_SURFACE,3994.317,3997.556,-0.0025460606423538534,0.01195956167512846,3982.2542000000003,3985.4462,4007.76,3973.701,False,False,False,False,False,False,False,False,False,,,,2025-11-10,4001.794
2025-11-10 00:00:00,2025-11-10,18.946,0.0358951074017721,2025-11-21,2025-12-19,11,39,0.029853021035442,0.0367023497098243,4688.634867837418,4675.907809634173,4650.0,4650.0,25,31,0.02996,0.03001625,OK,正常双期限插值,HIST_CLEAN_SURFACE,4001.794,4018.597,0.005263465977712434,0.005417137338642464,3990.6694,3987.6114000000002,3997.556,3982.2542000000003,False,False,False,False,False,False,False,False,False,,,,2025-11-11,4023.877
2025-11-11 00:00:00,2025-11-11,19.5995,0.0384139645590987,2025-11-21,2025-12-19,10,38,0.0316990050750943,0.0391208023995202,4643.267033305952,4635.623069809759,4600.0,4600.0,24,31,0.02996,0.03001,OK,正常双期限插值,HIST_CLEAN_SURFACE,4023.877,4002.758,-0.003941425328292558,0.003644228609024802,3999.1838,3989.064799999999,4018.597,3990.6694,False,False,False,False,False,False,False,False,False,,,,2025-11-12,3996.565
2025-11-12 00:00:00,2025-11-12,19.1134,0.0365323919031369,2025-11-21,2025-12-19,9,37,0.0314364827911967,0.036945573723024,4646.88745719248,4633.31860097415,4600.0,4600.0,25,31,0.02996,0.03000375,OK,正常双期限插值,HIST_CLEAN_SURFACE,3996.565,4000.14,-0.0006540490331915505,-0.004031291245666813,4005.3622000000005,3987.4456999999993,4002.758,3999.1838,False,False,False,False,False,False,False,False,False,,,,2025-11-13,3996.514
2025-11-13 00:00:00,2025-11-13,18.8121,0.0353895712679537,2025-11-21,2025-12-19,8,36,0.0266893782824877,0.0359168556913153,4694.829427918508,4682.763299402838,4650.0,4650.0,25,31,0.02996,0.0299975,OK,正常双期限插值,HIST_CLEAN_SURFACE,3996.514,4029.501,0.007339993100241582,0.010684990673207162,4009.7104,3991.7057,4000.14,4005.3622000000005,False,False,False,False,False,False,False,False,False,,,,2025-11-14,4007.126
2025-11-14 00:00:00,2025-11-14,18.7723,0.0352399156662178,2025-11-21,2025-12-19,7,35,0.0288543707170851,0.0355175480553105,4620.473044112134,4607.0973120993685,4600.0,4600.0,25,31,0.02996,0.02999125,OK,正常双期限插值,HIST_CLEAN_SURFACE,4007.126,3990.492,-0.00968085130143903,0.009027533699640156,4008.2975999999994,3995.2758999999996,4029.501,4009.7104,False,False,False,False,False,False,False,False,False,,,,2025-11-17,3988.556
2025-11-17 00:00:00,2025-11-17,19.5025,0.0380346175151797,2025-12-19,2026-01-16,32,60,0.0376825649125463,0.0352181966941129,4584.130933746556,4569.329123711009,4550.0,4550.0,31,23,0.0299725,0.0301475,WARN,期限未夹住30日,HIST_CLEAN_SURFACE,3988.556,3972.035,-0.0046252442054764975,-0.0011281217928938991,3998.9852,3994.8273,3990.492,4008.2975999999994,False,False,False,False,False,False,False,False,False,,,,2025-11-18,3962.444
2025-11-18 00:00:00,2025-11-18,20.6029,0.0424481071174533,2025-12-19,2026-01-16,31,59,0.0421155143017213,0.0373802945523179,4556.88809874618,4543.604225411715,4550.0,4500.0,31,23,0.02996625,0.03014125,WARN,期限未夹住30日,HIST_CLEAN_SURFACE,3962.444,3939.813,-0.008112214519761185,-0.005144455336188791,3986.3962,3992.7899999999995,3972.035,3998.9852,False,False,False,False,False,False,False,False,False,,,,2025-11-19,3937.92
2025-11-19 00:00:00,2025-11-19,19.6537,0.0386266673837443,2025-12-19,2026-01-16,30,58,0.0386266673837443,0.0344478724652807,4565.318307892128,4566.147718803429,4550.0,4550.0,31,23,0.02996,0.030135,WARN,期限未夹住30日,HIST_CLEAN_SURFACE,3937.92,3946.742,0.0017587129135316903,-0.005670091664718324,3975.7165999999997,3990.5394,3939.813,3986.3962,False,False,False,False,False,False,False,False,False,,,,2025-11-20,3960.699
2025-11-20 00:00:00,2025-11-20,18.746,0.0351414046687235,2025-12-19,2026-01-16,29,57,0.0353149647177897,0.0327572376789197,4546.953748754847,4538.012346540806,4500.0,4500.0,30,23,0.02996,0.03012875,OK,正常双期限插值,HIST_CLEAN_SURFACE,3960.699,3931.051,-0.0039756842479189425,-0.019140118170748788,3956.0266,3982.8685000000005,3946.742,3975.7165999999997,False,False,False,False,False,False,False,False,False,,,,2025-11-21,3896.665
2025-11-21 00:00:00,2025-11-21,20.2456,0.0409883894782491,2025-12-19,2026-01-16,28,56,0.0414782440465419,0.0378043347843461,4434.167183135506,4430.170938010615,4400.0,4400.0,31,23,0.02996,0.0301225,OK,正常双期限插值,HIST_CLEAN_SURFACE,3896.665,3834.891,-0.024461651604112955,-0.04069111226959676,3924.9064,3966.602,3931.051,3956.0266,False,False,False,False,False,False,False,False,False,,,,2025-11-24,3848.657
2025-11-24 00:00:00,2025-11-24,18.9332,0.0358467623029132,2025-12-19,2026-01-16,25,53,0.0368296004106247,0.0337141890503315,4437.6491285773045,4436.607919332135,4400.0,4400.0,31,24,0.02996,0.03010375,OK,正常双期限插值,HIST_CLEAN_SURFACE,3848.657,3836.766,0.0004889317584255704,-0.04524738360178937,3897.8525999999997,3948.4188999999997,3834.891,3924.9064,False,False,False,False,False,False,False,False,False,,,,2025-11-25,3850.571
2025-11-25 00:00:00,2025-11-25,17.3754,0.0301906214119249,2025-12-19,2026-01-16,24,52,0.0309000196169865,0.0289901013725899,4472.560704658423,4462.870517225269,4450.0,4450.0,31,24,0.02996,0.0300975,OK,正常双期限插值,HIST_CLEAN_SURFACE,3850.571,3870.023,0.008667977145335515,-0.03316088556939978,3883.8946000000005,3935.1454000000003,3836.766,3897.8525999999997,False,False,False,False,False,False,False,False,False,,,,2025-11-26,3867.429
2025-11-26 00:00:00,2025-11-26,16.3051,0.0265855991361924,2025-12-19,2026-01-16,23,51,0.0263617357986788,0.0268884730634166,4493.988661958413,4483.339884291117,4450.0,4450.0,31,24,0.02996,0.03009125,OK,正常双期限插值,HIST_CLEAN_SURFACE,3867.429,3864.184,-0.0015087765628266636,-0.03398781042663501,3867.3830000000003,3921.5498,3870.023,3883.8946000000005,False,False,False,False,False,False,False,False,False,,,,2025-11-27,3867.197
2025-11-27 00:00:00,2025-11-27,16.1741,0.026160284486874,2025-12-19,2026-01-16,22,50,0.0263864165606164,0.0259115392057574,4492.476635442124,4478.579435413143,4450.0,4450.0,31,24,0.02996,0.030085,OK,正常双期限插值,HIST_CLEAN_SURFACE,3867.197,3875.259,0.002866064348902686,-0.038278188788140266,3856.2246,3906.1256000000003,3864.184,3867.3830000000003,False,False,False,False,False,False,False,False,False,,,,2025-11-28,3870.944
2025-11-28 00:00:00,2025-11-28,15.7137,0.0246920910279174,2025-12-19,2026-01-16,21,49,0.0246810143223427,0.0247021128091517,4507.996137521757,4493.893033710668,4500.0,4450.0,30,24,0.02996,0.03007875,OK,正常双期限插值,HIST_CLEAN_SURFACE,3870.944,3888.596,0.003441576421085557,-0.02553469597232627,3866.9656000000004,3895.936,3875.259,3856.2246,False,False,False,False,False,False,False,False,False,,,,2025-12-01,3894.213
2025-12-01 00:00:00,2025-12-01,16.0197,0.025663086602986,2025-12-19,2026-01-16,18,46,0.0259809117342549,0.0254972647953674,4554.481776482602,4539.960822377291,4550.0,4500.0,30,24,0.02996,0.03006,OK,正常双期限插值,HIST_CLEAN_SURFACE,3894.213,3914.006,0.006534492140608084,-0.01460938788303734,3882.4136,3890.1331,3888.596,3866.9656000000004,False,False,False,False,False,False,False,False,False,,,,2025-12-02,3908.456
2025-12-02 00:00:00,2025-12-02,15.8133,0.0250061753140337,2025-12-19,2026-01-16,17,45,0.0251296123643215,0.0249523694203185,4536.250548640336,4519.87896130321,4500.0,4500.0,30,24,0.02996,0.03005375,OK,正常双期限插值,HIST_CLEAN_SURFACE,3908.456,3897.712,-0.004162998217171809,-0.010686040175003297,3887.9514000000004,3885.923,3914.006,3882.4136,False,False,False,False,False,False,False,False,False,,,,2025-12-03,3894.156
2025-12-03 00:00:00,2025-12-03,15.9985,0.0255951506209713,2025-12-19,2026-01-16,16,44,0.0256235967590634,0.025584806570756,4519.895083299904,4502.370130699564,4500.0,4500.0,27,24,0.02996,0.0300475,OK,正常双期限插值,HIST_CLEAN_SURFACE,3894.156,3878.0,-0.00505732593890984,-0.01741740402590297,3890.7146000000002,3879.0487999999996,3897.712,3887.9514000000004,False,False,False,False,False,False,False,False,False,,,,2025-12-04,3879.742
2025-12-04 00:00:00,2025-12-04,15.7713,0.0248735316846816,2025-12-19,2026-01-16,15,43,0.0253568407236076,0.0247274149984947,4531.948623206325,4515.765802788319,4500.0,4500.0,31,24,0.02996,0.03004125,OK,正常双期限插值,HIST_CLEAN_SURFACE,3879.742,3875.793,-0.0005691077875192851,-0.014056800585899198,3890.8214,3873.5229999999997,3878.0,3890.7146000000002,False,False,False,False,False,False,False,False,False,,,,2025-12-05,3873.121
2025-12-05 00:00:00,2025-12-05,15.6458,0.0244790690625024,2025-12-19,2026-01-16,14,42,0.0237674265658783,0.0246569796866584,4573.070443619686,4560.253920849534,4550.0,4550.0,31,24,0.02996,0.030035,OK,正常双期限插值,HIST_CLEAN_SURFACE,3873.121,3902.808,0.006970186488287622,0.017710281726390553,3893.6638,3880.3147000000004,3875.793,3890.8214,False,False,False,False,False,False,False,False,False,,,,2025-12-08,3909.226
2025-12-08 00:00:00,2025-12-08,16.5013,0.027229450663078,2025-12-19,2026-01-16,11,39,0.0277088677023957,0.0271653989938574,4614.858534607894,4602.4135699948265,4600.0,4600.0,31,24,0.02996,0.03001625,OK,正常双期限插值,HIST_CLEAN_SURFACE,3909.226,3924.078,0.005449922209854963,0.02275666537912402,3895.6782,3889.0459,3902.808,3893.6638,False,False,False,False,False,False,False,False,False,,,,2025-12-09,3916.509
2025-12-09 00:00:00,2025-12-09,15.7801,0.024901076268723,2025-12-19,2026-01-16,10,38,0.0257891971508245,0.0248075898600808,4586.726602688619,4575.701825732711,4550.0,4550.0,31,24,0.02996,0.03001,OK,正常双期限插值,HIST_CLEAN_SURFACE,3916.509,3909.522,-0.003709406387946479,0.010206399290133339,3898.0402000000004,3892.9957999999997,3924.078,3895.6782,False,False,False,False,False,False,False,False,False,,,,2025-12-10,3901.128
2025-12-10 00:00:00,2025-12-10,16.4532,0.0270707177134925,2025-12-19,2026-01-16,9,37,0.0285589706201186,0.0269500485589012,4574.492101589316,4562.739562715753,4550.0,4550.0,30,24,0.02996,0.03000375,OK,正常双期限插值,HIST_CLEAN_SURFACE,3901.128,3900.496,-0.0023087221404559655,0.009397068048519364,3902.5394,3896.6269999999995,3909.522,3898.0402000000004,False,False,False,False,False,False,False,False,False,,,,2025-12-11,3903.895
2025-12-11 00:00:00,2025-12-11,16.5123,0.0272657302428951,2025-12-19,2026-01-16,8,36,0.0297930812067781,0.0271125574572052,4541.543439030993,4527.6573922476855,4500.0,4500.0,30,24,0.02996,0.0299975,OK,正常双期限插值,HIST_CLEAN_SURFACE,3903.895,3873.318,-0.0069678317834449555,-0.0005008697483187552,3902.0444,3896.4329,3900.496,3902.5394,False,False,False,False,False,False,False,False,False,,,,2025-12-12,3869.413
2025-12-12 00:00:00,2025-12-12,16.0279,0.0256894402411597,2025-12-19,2026-01-16,7,35,0.0236276119234295,0.0257790849506263,4572.421359981509,4555.698628289297,4550.0,4550.0,31,24,0.02996,0.02999125,OK,正常双期限插值,HIST_CLEAN_SURFACE,3869.413,3889.346,0.00413805424703062,0.0001928716688490706,3899.3520000000003,3896.5079000000005,3873.318,3902.0444,False,False,False,False,False,False,False,False,False,,,,2025-12-15,3865.402
2025-12-15 00:00:00,2025-12-15,16.0658,0.0258110550284884,2026-01-16,2026-02-24,32,71,0.0257987246418381,0.0256971292025365,4533.503010106277,4536.1509352713165,4500.0,4500.0,24,22,0.0299725,0.03021625,WARN,期限未夹住30日,HIST_CLEAN_SURFACE,3865.402,3867.921,-0.005508638213211237,-0.01177438154157151,3888.1205999999997,3891.8994,3889.346,3899.3520000000003,False,False,False,False,False,False,False,False,False,,,,2025-12-16,3861.515
2025-12-16 00:00:00,2025-12-16,16.5386,0.0273523994794985,2026-01-16,2026-02-24,31,70,0.0273022892124445,0.0264647318916844,4483.030989565157,4472.519794029274,4450.0,4450.0,24,22,0.02996625,0.03021,WARN,期限未夹住30日,HIST_CLEAN_SURFACE,3861.515,3824.812,-0.011145263825191876,-0.018703280283407286,3871.1786,3884.6094,3867.921,3888.1205999999997,False,False,False,False,False,False,False,False,False,,,,2025-12-17,3822.509
2025-12-17 00:00:00,2025-12-17,16.6656,0.0277743126963927,2026-01-16,2026-02-24,30,69,0.0277743126963927,0.026724036771053,4564.4355032016165,4556.681300523182,4550.0,4550.0,24,22,0.02996,0.03020375,WARN,期限未夹住30日,HIST_CLEAN_SURFACE,3822.509,3870.278,0.01188712020355509,-0.0019912325941207065,3865.1349999999998,3883.8372000000004,3824.812,3871.1786,False,False,False,False,False,False,False,False,False,,,,2025-12-18,3857.257
2025-12-18 00:00:00,2025-12-18,16.9684,0.028792696352576,2026-01-16,2026-02-24,29,68,0.0288672628612976,0.0275842802847651,4537.169494797774,4531.766982881646,4500.0,4500.0,24,22,0.02996,0.0301975,OK,正常双期限插值,HIST_CLEAN_SURFACE,3857.257,3876.371,0.0015743055150043705,0.00014913077143186015,3865.7455999999997,3883.8950000000004,3870.278,3865.1349999999998,False,False,False,False,False,False,False,False,False,,,,2025-12-19,3878.227
2025-12-19 00:00:00,2025-12-19,15.9865,0.0255569628397743,2026-01-16,2026-02-24,28,67,0.0255444758801709,0.0256535038110361,4556.886989377275,4549.071198217506,4550.0,4500.0,24,22,0.02996,0.03019125,OK,正常双期限插值,HIST_CLEAN_SURFACE,3878.227,3890.448,0.0036314893491875555,-0.003166950564824078,3865.9660000000003,3882.6589999999997,3876.371,3865.7455999999997,False,False,False,False,False,False,False,False,False,,,,2025-12-22,3900.535
2025-12-22 00:00:00,2025-12-22,15.5861,0.0242925464361477,2026-01-16,2026-02-24,25,64,0.0242486074503776,0.0244092593670995,4593.840069558795,4580.917951120472,4550.0,4550.0,24,22,0.02996,0.0301725,OK,正常双期限插值,HIST_CLEAN_SURFACE,3900.535,3917.364,0.006918483424017019,-0.0017109751641022353,3875.8546,3881.9875999999995,3890.448,3865.9660000000003,False,False,False,False,False,False,False,False,False,,,,2025-12-23,3919.106
2025-12-23 00:00:00,2025-12-23,15.3782,0.0236488018160633,2026-01-16,2026-02-24,24,63,0.0234475718820467,0.0240704264397171,4600.743118566973,4586.702395067061,4600.0,4550.0,24,22,0.02996,0.03016625,OK,正常双期限插值,HIST_CLEAN_SURFACE,3919.106,3919.979,0.0006675407238132536,0.002674751542515841,3894.888,3883.0333,3917.364,3875.8546,False,False,False,False,False,False,False,False,False,,,,2025-12-24,3920.347
2025-12-24 00:00:00,2025-12-24,16.2771,0.0264942495563763,2026-01-16,2026-02-24,23,62,0.0268886669258756,0.0258253758606357,4622.288640546129,4612.51191984456,4600.0,4600.0,24,22,0.02996,0.03016,OK,正常双期限插值,HIST_CLEAN_SURFACE,3920.347,3940.947,0.005349008247238052,0.010370732337630972,3909.0218,3887.0784,3919.979,3894.888,False,False,False,False,False,False,False,False,False,,,,2025-12-25,3937.72
2025-12-25 00:00:00,2025-12-25,15.9042,0.0252944060853849,2026-01-16,2026-02-24,22,61,0.0258640266124197,0.0244983380537501,4635.2994883093625,4624.829887893314,4600.0,4600.0,24,22,0.02996,0.03015375,OK,正常双期限插值,HIST_CLEAN_SURFACE,3937.72,3959.621,0.004738454995715458,0.022281413506456182,3925.6718,3895.7087,3940.947,3909.0218,False,False,False,False,False,False,False,False,False,,,,2025-12-26,3957.833
2025-12-26 00:00:00,2025-12-26,16.0982,0.0259150901272688,2026-01-16,2026-02-24,21,60,0.0257609325257514,0.0260949406623724,4659.05380441022,4649.053798367162,4650.0,4600.0,24,23,0.02996,0.0301475,OK,正常双期限插值,HIST_CLEAN_SURFACE,3957.833,3963.679,0.0010248455597139383,0.019111953526376846,3940.318,3903.142,3959.621,3925.6718,False,False,False,False,False,False,False,False,False,,,,2025-12-29,3964.651
2025-12-29 00:00:00,2025-12-29,16.5304,0.0273255458769321,2026-01-16,2026-02-24,18,57,0.0270811851505569,0.027499170603567,4637.307441426444,4624.043461045184,4600.0,4600.0,24,23,0.02996,0.03012875,OK,正常双期限插值,HIST_CLEAN_SURFACE,3964.651,3965.28,0.00040391767345449026,0.025170886375394108,3949.9012000000002,3912.8779000000004,3963.679,3940.318,False,False,False,False,False,False,False,False,False,,,,2025-12-30,3947.871
2025-12-30 00:00:00,2025-12-30,16.8158,0.0282772008168168,2026-01-16,2026-02-24,17,56,0.028166950764248,0.0283441383487336,4648.453274347576,4640.338321020563,4600.0,4600.0,24,23,0.02996,0.0301225,OK,正常双期限插值,HIST_CLEAN_SURFACE,3947.871,3965.116,-4.1358996086038324e-05,0.03668258727487794,3958.9286,3926.9083000000005,3965.28,3949.9012000000002,False,False,False,False,False,False,False,False,False,,,,2025-12-31,3968.726
2025-12-31 00:00:00,2025-12-31,16.7555,0.0280745354492727,2026-01-16,2026-02-24,16,55,0.0276150181807708,0.0283132457186244,4624.342274923589,4613.374917963488,4600.0,4600.0,24,22,0.02996,0.03011625,OK,正常双期限插值,HIST_CLEAN_SURFACE,3968.726,3968.84,0.000939190681937152,0.02546638768584586,3964.5072,3936.7644999999998,3965.116,3958.9286,False,False,False,False,False,False,False,False,False,,,,2026-01-05,3986.972
2026-01-05 00:00:00,2026-01-05,16.7407,0.0280250801927407,2026-01-16,2026-02-24,11,50,0.0315397327419058,0.0272111606550393,4716.459979906854,4706.868443714188,4700.0,4700.0,24,23,0.02996,0.030085,OK,正常双期限插值,HIST_CLEAN_SURFACE,3986.972,4023.417,0.013751373197206096,0.03793393356827801,3977.2664000000004,3951.4691,3968.84,3964.5072,False,False,False,False,False,False,False,False,False,,,,2026-01-06,4026.016
2026-01-06 00:00:00,2026-01-06,17.7086,0.0313593553762997,2026-01-16,2026-02-24,10,49,0.0399273253009417,0.0296982183500936,4796.0158080970605,4784.910564574228,4750.0,4750.0,24,23,0.02996,0.03007875,OK,正常双期限插值,HIST_CLEAN_SURFACE,4026.016,4083.667,0.014974833580511326,0.04966497431658268,4001.264,3970.791,4023.417,3977.2664000000004,False,False,False,False,False,False,False,False,False,,,,2026-01-07,4083.843
2026-01-07 00:00:00,2026-01-07,17.9346,0.0321649512934081,2026-01-16,2026-02-24,9,48,0.0358211725517863,0.0315773443054545,4776.56429290792,4769.407093924634,4750.0,4750.0,24,24,0.02996,0.0300725,OK,正常双期限插值,HIST_CLEAN_SURFACE,4083.843,4085.772,0.0005154680829755343,0.042990133160972555,4025.3623999999995,3987.6318,4083.667,4001.264,False,False,False,False,False,False,False,False,False,,,,2026-01-08,4077.715
2026-01-08 00:00:00,2026-01-08,18.0447,0.0325609918914096,2026-01-16,2026-02-24,8,47,0.0357369955048999,0.032143258340699,4741.220910929962,4736.748796558083,4700.0,4700.0,24,24,0.02996,0.03006625,OK,正常双期限插值,HIST_CLEAN_SURFACE,4077.715,4082.979,-0.0006835917422705062,0.04158185541300097,4048.935,4003.9318,4085.772,4025.3623999999995,False,False,False,False,False,False,False,False,False,,,,2026-01-09,4086.762
2026-01-09 00:00:00,2026-01-09,18.6579,0.0348118655449516,2026-01-16,2026-02-24,7,46,0.0356351625591682,0.0347247112296471,4763.836668440232,4761.454250167412,4750.0,4750.0,24,24,0.02996,0.03006,OK,正常双期限插值,HIST_CLEAN_SURFACE,4086.762,4120.426,0.009171489738252436,0.04554209939895171,4079.2522,4021.8797,4082.979,4048.935,False,False,False,False,False,False,False,False,False,,,,2026-01-12,4134.893
2026-01-12 00:00:00,2026-01-12,19.1974,0.0368539448331159,2026-02-24,2026-03-20,43,67,0.0454485039220131,0.052553076303191,4789.94110597257,4779.268072575251,4750.0,4750.0,24,29,0.03004125,0.03019125,WARN,期限未夹住30日,HIST_CLEAN_SURFACE,4134.893,4165.287,0.010887466490115294,0.051940829690518386,4107.626200000001,4042.4463000000005,4120.426,4079.2522,False,False,False,False,False,False,False,False,False,,,,2026-01-13,4169.704
2026-01-13 00:00:00,2026-01-13,18.6438,0.0347592034483397,2026-02-24,2026-03-20,42,66,0.0432128173425061,0.0508979208826573,4764.682951629533,4760.606753591329,4750.0,4750.0,24,29,0.030035,0.030185,WARN,期限未夹住30日,HIST_CLEAN_SURFACE,4169.704,4138.759,-0.006368828846607721,0.04417108448993967,4118.6446,4059.9543,4165.287,4107.626200000001,False,False,False,False,False,False,False,False,False,,,,2026-01-14,4138.645
2026-01-14 00:00:00,2026-01-14,18.5878,0.0345507002175968,2026-02-24,2026-03-20,41,65,0.0417360951273684,0.0489717375539917,4745.215518189182,4741.449386024133,4700.0,4700.0,24,29,0.03002875,0.03017875,WARN,期限未夹住30日,HIST_CLEAN_SURFACE,4138.645,4126.093,-0.0030603376519386938,0.04055526974135493,4126.7088,4076.0356,4138.759,4118.6446,False,False,False,False,False,False,False,False,False,,,,2026-01-15,4106.224
2026-01-15 00:00:00,2026-01-15,16.2863,0.0265244575572172,2026-02-24,2026-03-20,40,64,0.0348544542589747,0.0442257005484519,4751.841813339463,4745.039131267804,4750.0,4700.0,24,28,0.0300225,0.0301725,WARN,期限未夹住30日,HIST_CLEAN_SURFACE,4106.224,4112.601,-0.0032699214486925365,0.037195633116408056,4132.6332,4090.7841,4126.093,4126.7088,False,False,False,False,False,False,False,False,False,,,,2026-01-16,4127.063
2026-01-16 00:00:00,2026-01-16,15.9424,0.0254159244441052,2026-02-24,2026-03-20,39,63,0.0332186333179845,0.0431268350625932,4729.975776966789,4727.27212093607,4700.0,4700.0,24,29,0.03001625,0.03016625,WARN,期限未夹住30日,HIST_CLEAN_SURFACE,4127.063,4101.913,-0.0025988419494135107,0.03352944437165495,4128.9306,4104.0914,4112.601,4132.6332,False,False,False,False,False,False,False,False,False,,,,2026-01-19,4090.719
2026-01-19 00:00:00,2026-01-19,14.1091,0.019906702067932,2026-02-24,2026-03-20,36,60,0.0261024454647025,0.0384939322582436,4736.813328563086,4732.655783059482,4700.0,4700.0,24,29,0.0299975,0.0301475,WARN,期限未夹住30日,HIST_CLEAN_SURFACE,4090.719,4114.0,0.0029466739055656888,0.02251394772155102,4118.673199999999,4113.1497,4101.913,4128.9306,False,False,False,False,False,False,False,False,False,,,,2026-01-20,4116.366
2026-01-20 00:00:00,2026-01-20,13.3853,0.0179165762842727,2026-02-24,2026-03-20,35,59,0.0233873019918922,0.0367395816850651,4716.500228371672,4714.099129027198,4700.0,4700.0,24,29,0.02999125,0.03014125,WARN,期限未夹住30日,HIST_CLEAN_SURFACE,4116.366,4113.649,-8.531842489056807e-05,0.007341930671624475,4113.6512,4116.1479,4114.0,4118.673199999999,False,False,False,False,False,False,False,False,False,,,,2026-01-21,4103.529
2026-01-21 00:00:00,2026-01-21,13.899,0.019318211567944,2026-02-24,2026-03-20,34,58,0.0234783387352236,0.0363890782198843,4728.184925587937,4728.633132565997,4700.0,4700.0,24,29,0.029985,0.030135,WARN,期限未夹住30日,HIST_CLEAN_SURFACE,4103.529,4116.94,0.00080001964192844,0.007628423710378307,4111.8206,4119.2647,4113.649,4113.6512,False,False,False,False,False,False,False,False,False,,,,2026-01-22,4126.072
2026-01-22 00:00:00,2026-01-22,14.3231,0.0205151971169567,2026-02-24,2026-03-20,33,57,0.0235573644260617,0.0363664899380826,4725.251117878749,4723.652205463826,4700.0,4700.0,24,28,0.02997875,0.03012875,WARN,期限未夹住30日,HIST_CLEAN_SURFACE,4126.072,4122.576,0.0013689779302104021,0.009698066044425024,4113.8156,4123.2244,4116.94,4111.8206,False,False,False,False,False,False,False,False,False,,,,2026-01-23,4130.108
2026-01-23 00:00:00,2026-01-23,16.8187,0.0282869962928871,2026-02-24,2026-03-20,32,56,0.0300786339394143,0.0415963045242322,4711.166877316844,4716.6768950181095,4700.0,4700.0,24,29,0.0299725,0.0301225,WARN,期限未夹住30日,HIST_CLEAN_SURFACE,4130.108,4136.164,0.003295997454018984,0.003819507982912196,4120.6658,4124.7982,4122.576,4113.8156,False,False,False,False,False,False,False,False,False,,,,2026-01-26,4144.778
2026-01-26 00:00:00,2026-01-26,18.8389,0.0354904404295768,2026-02-24,2026-03-20,29,53,0.0345779206563546,0.0469744156888059,4720.649094309835,4732.304402049074,4700.0,4700.0,24,29,0.02996,0.03010375,OK,正常双期限插值,HIST_CLEAN_SURFACE,4144.778,4132.605,-0.0008604591113892113,-0.00784627805959126,4124.3868,4121.53,4136.164,4120.6658,False,False,False,False,False,False,False,False,False,,,,2026-01-27,4125.216
2026-01-27 00:00:00,2026-01-27,18.2475,0.0332969991871745,2026-02-24,2026-03-20,28,52,0.0314438584014555,0.0442732946102796,4718.828376055506,4727.021200323929,4700.0,4700.0,24,28,0.02996,0.0300975,OK,正常双期限插值,HIST_CLEAN_SURFACE,4125.216,4139.904,0.0017661983180103924,0.00027665297737811123,4129.6377999999995,4121.6445,4132.605,4124.3868,False,False,False,False,False,False,False,False,False,,,,2026-01-28,4150.215
2026-01-28 00:00:00,2026-01-28,18.7766,0.035255978082452,2026-02-24,2026-03-20,27,51,0.033030105620533,0.0435047995589755,4732.415985772472,4739.948039740692,4700.0,4700.0,24,28,0.02996,0.03009125,OK,正常双期限插值,HIST_CLEAN_SURFACE,4150.215,4151.238,0.0027377446433540786,0.0060941428125833585,4136.4974,4124.159,4139.904,4129.6377999999995,False,False,False,False,False,False,False,False,False,,,,2026-01-29,4155.919
2026-01-29 00:00:00,2026-01-29,18.8734,0.0356205614447437,2026-02-24,2026-03-20,26,50,0.0324386268127439,0.0438935914879431,4776.964076739392,4787.124495790943,4750.0,4750.0,24,28,0.02996,0.030085,OK,正常双期限插值,HIST_CLEAN_SURFACE,4155.919,4157.985,0.0016252982845115227,0.011035352080106975,4143.5792,4128.697399999999,4151.238,4136.4974,False,False,False,False,False,False,False,False,False,,,,2026-01-30,4131.993
2026-01-30 00:00:00,2026-01-30,19.2838,0.0371865284670762,2026-02-24,2026-03-20,25,49,0.0323631931340233,0.046537892888301,4714.527282675825,4726.330182776353,4700.0,4700.0,24,29,0.02996,0.03007875,OK,正常双期限插值,HIST_CLEAN_SURFACE,4131.993,4117.948,-0.009628942865354095,0.0039091516568003915,4139.936,4130.3009,4157.985,4143.5792,False,False,False,False,False,False,False,False,False,,,,2026-02-02,4079.708
2026-02-02 00:00:00,2026-02-02,24.2737,0.0589211211988615,2026-02-24,2026-03-20,22,46,0.0518520857758567,0.0656828072556487,4591.841538364882,4586.329691558142,4550.0,4550.0,24,29,0.02996,0.03006,OK,正常双期限插值,HIST_CLEAN_SURFACE,4079.708,4015.746,-0.02481867182392794,-0.023882839086047603,4116.5642,4120.4755000000005,4117.948,4139.936,False,False,False,False,False,False,False,False,False,,,,2026-02-03,4043.906
2026-02-03 00:00:00,2026-02-03,20.839,0.0434262438972522,2026-02-24,2026-03-20,21,45,0.0349688249864797,0.0500042363834085,4660.685010505333,4662.208902740324,4650.0,4650.0,24,29,0.02996,0.03005375,OK,正常双期限插值,HIST_CLEAN_SURFACE,4043.906,4067.738,0.012947034000656332,-0.011160650799326932,4102.130999999999,4115.8844,4015.746,4116.5642,False,False,False,False,False,False,False,False,False,,,,2026-02-04,4064.677
2026-02-04 00:00:00,2026-02-04,19.0415,0.0362579080049234,2026-02-24,2026-03-20,20,44,0.0273172155093348,0.0419474395930252,4697.27098616702,4696.4805368850575,4650.0,4650.0,24,29,0.02996,0.0300475,OK,正常双期限插值,HIST_CLEAN_SURFACE,4064.677,4102.202,0.008472522074922217,-0.0035798432816604997,4092.3237999999997,4114.4106,4067.738,4102.130999999999,False,False,False,False,False,False,False,False,False,,,,2026-02-05,4075.025
2026-02-05 00:00:00,2026-02-05,18.8215,0.0354250523914484,2026-02-24,2026-03-20,19,43,0.0243244987511478,0.0412217474213728,4673.276802261927,4672.224293761551,4650.0,4650.0,24,29,0.02996,0.03004125,OK,正常双期限插值,HIST_CLEAN_SURFACE,4075.025,4075.917,-0.0064075342949957426,-0.011317923550712039,4075.9102,4109.7447,4102.202,4092.3237999999997,False,False,False,False,False,False,False,False,False,,,,2026-02-06,4040.299
2026-02-06 00:00:00,2026-02-06,18.9284,0.0358285923214229,2026-02-24,2026-03-20,18,42,0.0245034279635689,0.0406822341890747,4645.012771435222,4647.467165522525,4600.0,4600.0,24,29,0.02996,0.030035,OK,正常双期限插值,HIST_CLEAN_SURFACE,4040.299,4065.583,-0.0025353803818870535,-0.017064362051407933,4065.4372000000003,4102.686599999999,4075.917,4075.9102,False,False,False,False,False,False,False,False,False,,,,2026-02-09,4103.54
2026-02-09 00:00:00,2026-02-09,18.7072,0.0349960118618781,2026-02-24,2026-03-20,15,39,0.0218597201248761,0.0380274638011863,4722.812641673367,4725.40570090065,4700.0,4700.0,24,29,0.02996,0.03001625,OK,正常双期限插值,HIST_CLEAN_SURFACE,4103.54,4123.09,0.0141448348244273,-0.002302421838041524,4086.906,4101.7351,4065.583,4065.4372000000003,False,False,False,False,False,False,False,False,False,,,,2026-02-10,4127.766
2026-02-10 00:00:00,2026-02-10,17.6757,0.0312431721266575,2026-02-24,2026-03-20,14,38,0.0171715528655738,0.0338353125168571,4726.827282882832,4726.258020036614,4700.0,4700.0,24,29,0.02996,0.03001,OK,正常双期限插值,HIST_CLEAN_SURFACE,4127.766,4128.373,0.0012813205629755853,-0.002785330287852328,4099.033,4100.582,4123.09,4086.906,False,False,False,False,False,False,False,False,False,,,,2026-02-11,4124.428
2026-02-11 00:00:00,2026-02-11,17.5187,0.0306904506734408,2026-02-24,2026-03-20,13,37,0.0157463510260014,0.0328524746287937,4717.361949884418,4716.736233773,4700.0,4700.0,24,29,0.02996,0.03000375,OK,正常双期限插值,HIST_CLEAN_SURFACE,4124.428,4131.985,0.0008749209434322225,-0.004637893563317896,4104.9896,4098.6567000000005,4128.373,4099.033,False,False,False,False,False,False,False,False,False,,,,2026-02-12,4136.99
2026-02-12 00:00:00,2026-02-12,17.5519,0.0308069484874539,2026-02-24,2026-03-20,12,36,0.0156554098267487,0.0324904527830878,4719.795110944116,4719.40711322242,4700.0,4700.0,24,29,0.02996,0.0299975,OK,正常双期限插值,HIST_CLEAN_SURFACE,4136.99,4134.018,0.0004920153388747739,-0.005764090058044902,4116.6098,4096.26,4131.985,4104.9896,False,False,False,False,False,False,False,False,False,,,,2026-02-13,4115.924
2026-02-13 00:00:00,2026-02-13,19.5313,0.0381471418105215,2026-02-24,2026-03-20,11,35,0.0251200490084851,0.0392245705385095,4641.5259370135045,4633.669753390769,4600.0,4600.0,24,29,0.02996,0.02999125,OK,正常双期限插值,HIST_CLEAN_SURFACE,4115.924,4082.073,-0.012565257335599433,-0.008711863287249044,4119.9078,4092.6724999999997,4134.018,4116.6098,False,False,False,False,False,False,False,False,False,,,,2026-02-24,4129.134
2026-02-24 00:00:00,2026-02-24,17.671,0.0312264854576181,2026-03-20,2026-04-17,24,52,0.0329342602296915,0.0283364050741092,4688.58132202412,4687.832226350721,4650.0,4650.0,29,21,0.02996,0.0300975,OK,正常双期限插值,HIST_CLEAN_SURFACE,4129.134,4117.409,0.008656386105784897,0.025316093199121648,4118.7716,4102.8387999999995,4082.073,4119.9078,False,False,False,False,False,False,False,False,False,,,,2026-02-25,4123.781
2026-02-25 00:00:00,2026-02-25,16.5057,0.02724387724211,2026-03-20,2026-04-17,23,51,0.0282000552672255,0.025950224619895,4731.671124260616,4730.146054341242,4700.0,4700.0,29,21,0.02996,0.03009125,OK,正常双期限插值,HIST_CLEAN_SURFACE,4123.781,4147.231,0.007242904457633426,0.019542310738793978,4122.5432,4110.7881,4117.409,4118.7716,False,False,False,False,False,False,False,False,False,,,,2026-02-26,4151.068
2026-02-26 00:00:00,2026-02-26,15.5878,0.024297827627069,2026-03-20,2026-04-17,22,50,0.0246010511165185,0.0239642817886744,4716.31222782963,4708.847663472933,4700.0,4700.0,28,21,0.02996,0.030085,OK,正常双期限插值,HIST_CLEAN_SURFACE,4151.068,4146.631,-0.00014467484449254275,0.010830524679184439,4125.472400000001,4115.231000000001,4147.231,4122.5432,False,False,False,False,False,False,False,False,False,,,,2026-02-27,4128.897
2026-02-27 00:00:00,2026-02-27,15.5345,0.0241320490364556,2026-03-20,2026-04-17,21,49,0.0242565882064928,0.0240193707397553,4716.398429539523,4712.241488292393,4700.0,4700.0,29,21,0.02996,0.03007875,OK,正常双期限插值,HIST_CLEAN_SURFACE,4128.897,4162.882,0.003919085156118163,0.021336302971821874,4131.245199999999,4123.9275,4146.631,4125.472400000001,False,False,False,False,False,False,False,False,False,,,,2026-03-02,4151.801
2026-03-02 00:00:00,2026-03-02,16.1536,0.0260940180102085,2026-03-20,2026-04-17,18,46,0.0270129504063022,0.0256145750209423,4711.726758363745,4709.652378156629,4700.0,4700.0,29,21,0.02996,0.03006,OK,正常双期限插值,HIST_CLEAN_SURFACE,4151.801,4182.591,0.0047344604050754135,0.02878012821285414,4151.3488,4135.628299999999,4162.882,4131.245199999999,False,False,False,False,False,False,False,False,False,,,,2026-03-03,4189.408
2026-03-03 00:00:00,2026-03-03,18.2216,0.0332027985264667,2026-03-20,2026-04-17,17,45,0.0397221006715622,0.0303610514375789,4653.434500319536,4642.661715338014,4650.0,4600.0,29,21,0.02996,0.03005375,OK,正常双期限插值,HIST_CLEAN_SURFACE,4189.408,4122.676,-0.014324852704938107,-0.0001004101292961801,4152.4021999999995,4135.5869,4182.591,4151.3488,False,False,False,False,False,False,False,False,False,,,,2026-03-04,4087.632
2026-03-04 00:00:00,2026-03-04,19.0575,0.0363187436362233,2026-03-20,2026-04-17,16,44,0.0445892186327438,0.0333112981829431,4592.590275083951,4584.712091136417,4550.0,4550.0,29,21,0.02996,0.0300475,OK,正常双期限插值,HIST_CLEAN_SURFACE,4087.632,4082.474,-0.009751433292356726,-0.011117939197838766,4139.4508000000005,4130.997,4122.676,4152.4021999999995,False,False,False,False,False,False,False,False,False,,,,2026-03-05,4109.777
2026-03-05 00:00:00,2026-03-05,16.8413,0.0283628453353453,2026-03-20,2026-04-17,15,43,0.0310424387569153,0.027552735696266,4628.958231349925,4618.262100970105,4600.0,4600.0,29,21,0.02996,0.03004125,OK,正常双期限插值,HIST_CLEAN_SURFACE,4109.777,4108.567,0.006391467526798644,-0.005667493952664304,4131.838,4128.655199999999,4082.474,4139.4508000000005,False,False,False,False,False,False,False,False,False,,,,2026-03-06,4085.895
2026-03-06 00:00:00,2026-03-06,16.1721,0.026153543820331,2026-03-20,2026-04-17,14,42,0.0272310192593088,0.0258841749605866,4650.0,4639.966994300429,4650.0,4600.0,28,21,0.02996,0.030035,OK,正常双期限插值,HIST_CLEAN_SURFACE,4085.895,4124.194,0.0038035159217313375,-0.0023763805576075825,4124.1004,4127.6728,4108.567,4131.838,False,False,False,False,False,False,False,False,False,,,,2026-03-09,4098.699
2026-03-09 00:00:00,2026-03-09,18.4661,0.0340995854123731,2026-03-20,2026-04-17,11,39,0.0445402893428594,0.0327046735512151,4597.59783205156,4578.624187310567,4550.0,4550.0,29,21,0.02996,0.03001625,OK,正常双期限插值,HIST_CLEAN_SURFACE,4098.699,4096.602,-0.006690276936536121,0.003559221013440972,4106.9026,4129.1257,4124.194,4124.1004,False,False,False,False,False,False,False,False,False,,,,2026-03-10,4098.587
2026-03-10 00:00:00,2026-03-10,17.2754,0.0298439103723424,2026-03-20,2026-04-17,10,38,0.0329568865038061,0.0295162286742935,4664.178538152881,4650.680247404795,4650.0,4650.0,29,21,0.02996,0.03001,OK,正常双期限插值,HIST_CLEAN_SURFACE,4098.587,4123.138,0.00647756360027163,0.0013914090147468805,4106.995,4129.6986,4096.602,4106.9026,False,False,False,False,False,False,False,False,False,,,,2026-03-11,4123.666
2026-03-11 00:00:00,2026-03-11,17.0482,0.0290640557781092,2026-03-20,2026-04-17,9,37,0.0336266188133551,0.0286941182347108,4684.462372668624,4669.056432973908,4650.0,4650.0,28,21,0.02996,0.03000375,OK,正常双期限插值,HIST_CLEAN_SURFACE,4123.666,4133.433,0.0024968846543580447,-0.0033270391738486893,4117.1868,4128.3188,4123.138,4106.995,False,False,False,False,False,False,False,False,False,,,,2026-03-12,4133.2
2026-03-12 00:00:00,2026-03-12,17.7878,0.0316406441583683,2026-03-20,2026-04-17,8,36,0.0370202182097845,0.0313146093673734,4662.493004494917,4647.592888707165,4650.0,4600.0,29,21,0.02996,0.0299975,OK,正常双期限插值,HIST_CLEAN_SURFACE,4133.2,4129.103,-0.001047555385559673,-0.004227046004334656,4121.294,4126.566,4133.433,4117.1868,False,False,False,False,False,False,False,False,False,,,,2026-03-13,4117.574
2026-03-13 00:00:00,2026-03-13,18.8175,0.0354096952152834,2026-03-20,2026-04-17,7,35,0.0418519601938543,0.0351295967379543,4657.125188951292,4640.121317063286,4650.0,4600.0,29,21,0.02996,0.02999125,OK,正常双期限插值,HIST_CLEAN_SURFACE,4117.574,4095.449,-0.008150438485065692,-0.016198633542819474,4115.545,4119.8227,4129.103,4121.294,False,False,False,False,False,False,False,False,False,,,,2026-03-16,4092.249
2026-03-16 00:00:00,2026-03-16,18.1976,0.0331151874615807,2026-04-17,2026-05-15,32,60,0.0331010469739715,0.0330020635607065,4649.9215085270525,4619.576170282925,4600.0,4600.0,21,22,0.0299725,0.0301475,WARN,期限未夹住30日,HIST_CLEAN_SURFACE,4092.249,4084.786,-0.0026036217274345574,-0.023383830740323464,4113.1818,4110.0422,4095.449,4115.545,False,False,False,False,False,False,False,False,False,,,,2026-03-17,4086.295
2026-03-17 00:00:00,2026-03-17,18.0609,0.0326195664012453,2026-04-17,2026-05-15,31,59,0.0326269219906611,0.0327316456365804,4619.819793314707,4606.630903260239,4600.0,4600.0,21,22,0.02996625,0.03014125,WARN,期限未夹住30日,HIST_CLEAN_SURFACE,4086.295,4049.907,-0.008538758211568465,-0.017650914115006855,4098.5356,4102.7653,4084.786,4113.1818,False,False,False,False,False,False,False,False,False,,,,2026-03-18,4053.305
2026-03-18 00:00:00,2026-03-18,17.5965,0.0309636209962092,2026-04-17,2026-05-15,30,58,0.0309636209962092,0.0322038532712724,4634.284320103841,4617.042558068342,4600.0,4600.0,21,22,0.02996,0.030135,WARN,期限未夹住30日,HIST_CLEAN_SURFACE,4053.305,4062.984,0.0032289630354473964,-0.004774065921791637,4084.4458,4100.8163,4049.907,4098.5356,False,False,False,False,False,False,False,False,False,,,,2026-03-19,4028.542
2026-03-19 00:00:00,2026-03-19,19.1183,0.0365508852783108,2026-04-17,2026-05-15,29,57,0.0365214369940545,0.0369554117094105,4565.555862517624,4541.98016159691,4550.0,4500.0,21,22,0.02996,0.03012875,OK,正常双期限插值,HIST_CLEAN_SURFACE,4028.542,4006.552,-0.013889299096427554,-0.02482982509473497,4059.9356,4090.6148000000003,4062.984,4084.4458,False,False,False,False,False,False,False,False,False,,,,2026-03-20,4004.573
2026-03-20 00:00:00,2026-03-20,19.7764,0.0391107568177144,2026-04-17,2026-05-15,28,56,0.0394219264786029,0.0370881540219395,4543.440592470825,4535.402113674736,4500.0,4500.0,21,22,0.02996,0.0301225,OK,正常双期限插值,HIST_CLEAN_SURFACE,4004.573,3957.053,-0.01235451330720283,-0.04052694902325171,4032.2563999999998,4073.9006999999997,4006.552,4059.9356,False,False,False,False,False,False,False,False,False,,,,2026-03-23,3904.951
2026-03-23 00:00:00,2026-03-23,25.1011,0.0630067112783186,2026-04-17,2026-05-15,25,53,0.0672503626155455,0.0537987885654678,4405.691972320143,4382.911324539813,4400.0,4350.0,21,22,0.02996,0.03010375,OK,正常双期限插值,HIST_CLEAN_SURFACE,3904.951,3813.283,-0.03633259397839761,-0.0691595131770184,3977.9557999999997,4045.5688,3957.053,4032.2563999999998,False,False,False,False,False,False,False,False,False,,,,2026-03-24,3849.631
2026-03-24 00:00:00,2026-03-24,20.8447,0.0434501149844089,2026-04-17,2026-05-15,24,52,0.0458639093909073,0.0393652321426424,4446.087505101087,4427.379889802596,4400.0,4400.0,24,25,0.02996,0.0300975,OK,正常双期限插值,HIST_CLEAN_SURFACE,3849.631,3881.28,0.01783161648374909,-0.058658720615220705,3944.2304000000004,4021.3830000000003,3813.283,3977.9557999999997,False,False,False,False,False,False,False,False,False,,,,2026-03-25,3892.269
2026-03-25 00:00:00,2026-03-25,18.6719,0.0348640037836944,2026-04-17,2026-05-15,23,51,0.0364059044501214,0.0327779028820577,4509.932658363236,4490.165753603374,4500.0,4450.0,24,25,0.02996,0.03009125,OK,正常双期限插值,HIST_CLEAN_SURFACE,3892.269,3931.838,0.013026115096050894,-0.048771807841085035,3918.0012,4001.2235,3881.28,3944.2304000000004,False,False,False,False,False,False,False,False,False,,,,2026-03-26,3924.962
2026-03-26 00:00:00,2026-03-26,19.7112,0.0388531131876669,2026-04-17,2026-05-15,22,50,0.0409064594812361,0.0365944322647409,4458.0144595173815,4435.528400317479,4450.0,4400.0,24,25,0.02996,0.030085,OK,正常双期限插值,HIST_CLEAN_SURFACE,3924.962,3889.084,-0.010873794902028111,-0.05812860565599842,3894.5076,3977.2216,3931.838,3918.0012,False,False,False,False,False,False,False,False,False,,,,2026-03-27,3852.094
2026-03-27 00:00:00,2026-03-27,19.1762,0.0367728061460412,2026-04-17,2026-05-15,21,49,0.0375374995527011,0.0360809406828727,4482.025012925003,4465.002207746233,4450.0,4450.0,24,25,0.02996,0.03007875,OK,正常双期限插值,HIST_CLEAN_SURFACE,3852.094,3913.724,0.006335682129776643,-0.04437242412248321,3885.8418000000006,3959.0491,3889.084,3894.5076,False,False,False,False,False,False,False,False,False,,,,2026-03-30,3884.277
2026-03-30 00:00:00,2026-03-30,20.1398,0.0405612417048358,2026-04-17,2026-05-15,18,46,0.0424563442595283,0.0395724925458658,4471.906161431012,4447.650954612561,4450.0,4400.0,24,25,0.02996,0.03006,OK,正常双期限插值,HIST_CLEAN_SURFACE,3884.277,3923.287,0.0024434528341803485,-0.03953671012385962,3907.8426,3942.8992,3913.724,3885.8418000000006,False,False,False,False,False,False,False,False,False,,,,2026-03-31,3924.067
2026-03-31 00:00:00,2026-03-31,19.8227,0.0392939579239584,2026-04-17,2026-05-15,17,45,0.041977907435504,0.0381240312137975,4438.074565712946,4417.265292037406,4400.0,4400.0,24,25,0.02996,0.03005375,OK,正常双期限插值,HIST_CLEAN_SURFACE,3924.067,3891.861,-0.008010120085530259,-0.03902459982414419,3909.9588000000003,3927.0946000000004,3923.287,3907.8426,False,False,False,False,False,False,False,False,False,,,,2026-04-01,3939.566
2026-04-01 00:00:00,2026-04-01,18.2755,0.0333993643842024,2026-04-17,2026-05-15,16,44,0.0350586454206584,0.0327959894618547,4506.371938273551,4488.118602700212,4500.0,4450.0,24,25,0.02996,0.0300475,OK,正常双期限插值,HIST_CLEAN_SURFACE,3939.566,3948.552,0.01456655312201538,-0.02816452144532189,3913.3016000000002,3915.6513999999997,3891.861,3909.9588000000003,False,False,False,False,False,False,False,False,False,,,,2026-04-02,3940.799
2026-04-02 00:00:00,2026-04-02,19.1149,0.0365378742875378,2026-04-17,2026-05-15,15,43,0.0406408513676494,0.0352974393563413,4456.299370243298,4431.818224860694,4450.0,4400.0,24,25,0.02996,0.03004125,OK,正常双期限插值,HIST_CLEAN_SURFACE,3940.799,3919.285,-0.007412084227331972,-0.021781072603076268,3919.3417999999997,3906.9247000000005,3948.552,3913.3016000000002,False,False,False,False,False,False,False,False,False,,,,2026-04-03,3927.592
2026-04-03 00:00:00,2026-04-03,19.8062,0.0392287155576999,2026-04-17,2026-05-15,14,42,0.0471326315017059,0.0372527365716984,4423.026445657865,4401.522133121797,4400.0,4400.0,24,25,0.02996,0.030035,OK,正常双期限插值,HIST_CLEAN_SURFACE,3927.592,3880.097,-0.009998762529389804,-0.019447806233578335,3912.6164,3899.2291000000005,3919.285,3919.3417999999997,False,False,False,False,False,False,False,False,False,,,,2026-04-07,3884.151
2026-04-07 00:00:00,2026-04-07,19.2637,0.0371088696923057,2026-04-17,2026-05-15,10,38,0.0468641313888248,0.0360820000400405,4425.399798574312,4404.815020229933,4400.0,4400.0,24,25,0.02996,0.03001,OK,正常双期限插值,HIST_CLEAN_SURFACE,3884.151,3890.165,0.002594780491312454,0.0201616297557774,3905.9919999999997,3906.9173,3880.097,3912.6164,False,False,False,False,False,False,False,False,False,,,,2026-04-08,3930.251
2026-04-08 00:00:00,2026-04-08,17.797,0.0316731897385377,2026-04-17,2026-05-15,9,37,0.0361160291595899,0.0313129595152092,4588.129242468394,4571.209577624378,4550.0,4550.0,24,25,0.02996,0.03000375,OK,正常双期限插值,HIST_CLEAN_SURFACE,3930.251,3994.998,0.026948214278828875,0.029299097205045754,3926.6194000000005,3918.2891000000004,3890.165,3905.9919999999997,False,False,False,False,False,False,False,False,False,,,,2026-04-09,3967.63
2026-04-09 00:00:00,2026-04-09,16.8924,0.02853527322014,2026-04-17,2026-05-15,8,36,0.0313340066873827,0.0283656530100041,4556.083117897672,4538.657690535018,4550.0,4500.0,24,25,0.02996,0.0299975,OK,正常双期限插值,HIST_CLEAN_SURFACE,3967.63,3966.171,-0.007215773324542374,0.00873204847198683,3930.1432,3921.7223999999997,3994.998,3926.6194000000005,False,False,False,False,False,False,False,False,False,,,,2026-04-10,3985.464
2026-04-10 00:00:00,2026-04-10,17.4978,0.0306172570536004,2026-04-17,2026-05-15,7,35,0.0346908207669806,0.0304401455878013,4622.084685017051,4603.898369303114,4600.0,4600.0,24,25,0.02996,0.02999125,OK,正常双期限插值,HIST_CLEAN_SURFACE,3985.464,3986.225,0.005056262072411943,0.02497786111073963,3943.5312000000004,3931.4365000000007,3966.171,3930.1432,False,False,False,False,False,False,False,False,False,,,,2026-04-13,3971.199
2026-04-13 00:00:00,2026-04-13,17.6203,0.0310473634362571,2026-05-15,2026-06-22,32,70,0.0313345300188242,0.0336728864768702,4613.30436286968,4576.374670334073,4600.0,4550.0,25,26,0.0299725,0.03021,WARN,期限未夹住30日,HIST_CLEAN_SURFACE,3971.199,3988.558,0.0005852655080935687,0.019120919104157474,3965.2234,3938.9199,3986.225,3943.5312000000004,False,False,False,False,False,False,False,False,False,,,,2026-04-14,4006.727
2026-04-14 00:00:00,2026-04-14,18.0651,0.0326349530834289,2026-05-15,2026-06-22,31,69,0.0327096927215926,0.0339445215260354,4677.2693143102415,4640.662161180229,4650.0,4600.0,25,26,0.02996625,0.03020375,WARN,期限未夹住30日,HIST_CLEAN_SURFACE,4006.727,4026.626,0.009544301474367467,0.026339903249494645,3992.5156,3949.2538,3988.558,3965.2234,False,False,False,False,False,False,False,False,False,,,,2026-04-15,4039.471
2026-04-15 00:00:00,2026-04-15,17.8676,0.0319252210597658,2026-05-15,2026-06-22,30,68,0.0319252210597658,0.0348913714491575,4664.679528691915,4633.166066440561,4650.0,4600.0,25,26,0.02996,0.0301975,WARN,期限未夹住30日,HIST_CLEAN_SURFACE,4039.471,4027.21,0.00014503457733594516,0.03477744965711782,3998.958,3962.7887,4026.626,3992.5156,False,False,False,False,False,False,False,False,False,,,,2026-04-16,4030.138
2026-04-16 00:00:00,2026-04-16,17.9284,0.0321426621646902,2026-05-15,2026-06-22,29,67,0.031969475457061,0.0349162343629911,4713.551096079776,4681.708549064968,4700.0,4650.0,25,26,0.02996,0.03019125,OK,正常双期限插值,HIST_CLEAN_SURFACE,4030.138,4055.547,0.007036384991098155,0.027097275153018074,4016.8332,3973.4882000000007,4027.21,3998.958,False,False,False,False,False,False,False,False,False,,,,2026-04-17,4043.381
2026-04-17 00:00:00,2026-04-17,17.688,0.0312864790151175,2026-05-15,2026-06-22,28,66,0.0308846970518457,0.0343546321891927,4701.702677521647,4670.219580160511,4700.0,4650.0,25,27,0.02996,0.030185,OK,正常双期限插值,HIST_CLEAN_SURFACE,4043.381,4051.425,-0.0010163857057999826,0.033715333281453264,4029.8732000000005,3986.7021999999997,4055.547,4016.8332,False,False,False,False,False,False,False,False,False,,,,2026-04-20,4053.375
2026-04-20 00:00:00,2026-04-20,17.6542,0.0311671904692036,2026-05-15,2026-06-22,25,63,0.0302272365850566,0.0336289744514933,4732.643453481098,4699.629299952952,4700.0,4650.0,25,27,0.02996,0.03016625,OK,正常双期限插值,HIST_CLEAN_SURFACE,4053.375,4082.127,0.007578074381236144,0.05206828592171786,4048.5869999999995,4006.9051999999997,4051.425,4029.8732000000005,False,False,False,False,False,False,False,False,False,,,,2026-04-21,4075.845
2026-04-21 00:00:00,2026-04-21,17.4291,0.030377439714589,2026-05-15,2026-06-22,24,62,0.0294500990740949,0.0322919494239962,4742.981695010236,4710.524728209574,4700.0,4700.0,25,27,0.02996,0.03016,OK,正常双期限插值,HIST_CLEAN_SURFACE,4075.845,4085.077,0.0007226624747345145,0.05010378737148691,4060.2771999999995,4026.3964,4082.127,4048.5869999999995,False,False,False,False,False,False,False,False,False,,,,2026-04-22,4074.813
2026-04-22 00:00:00,2026-04-22,17.3981,0.0302693047372386,2026-05-15,2026-06-22,23,61,0.0296985063972185,0.0312224176562886,4782.461225424575,4747.261301531069,4750.0,4700.0,25,27,0.02996,0.03015375,OK,正常双期限插值,HIST_CLEAN_SURFACE,4074.813,4106.258,0.00518496958564052,0.027849826207672734,4076.0868,4037.5223999999994,4085.077,4060.2771999999995,False,False,False,False,False,False,False,False,False,,,,2026-04-23,4110.788
2026-04-23 00:00:00,2026-04-23,17.1,0.0292409180115003,2026-05-15,2026-06-22,22,60,0.0276948552258614,0.0313667543417539,4768.122905897746,4728.226796132676,4750.0,4700.0,25,27,0.02996,0.0301475,OK,正常双期限插值,HIST_CLEAN_SURFACE,4110.788,4093.25,-0.0031678477095203883,0.03204072643363087,4083.6274,4050.2303,4106.258,4076.0868,False,False,False,False,False,False,False,False,False,,,,2026-04-24,4081.033
2026-04-24 00:00:00,2026-04-24,16.9064,0.0285825976403708,2026-05-15,2026-06-22,21,59,0.0261193843621788,0.0314076388577322,4754.407590934986,4719.992017620758,4750.0,4700.0,25,27,0.02996,0.03014125,OK,正常双期限插值,HIST_CLEAN_SURFACE,4081.033,4079.9,-0.003261467049410549,0.023499677012712494,4089.3224,4059.5977999999996,4093.25,4083.6274,False,False,False,False,False,False,False,False,False,,,,2026-04-27,4074.811
2026-04-27 00:00:00,2026-04-27,16.8025,0.0282325355858566,2026-05-15,2026-06-22,18,56,0.0251559321392364,0.0303751701290385,4757.21064571453,4720.610905565993,4750.0,4700.0,25,27,0.02996,0.0301225,OK,正常双期限插值,HIST_CLEAN_SURFACE,4074.811,4086.344,0.001579450476727251,0.0245166298195989,4090.1658,4069.3764,4079.9,4089.3224,False,False,False,False,False,False,False,False,False,,,,2026-04-28,4076.143
2026-04-28 00:00:00,2026-04-28,16.5045,0.0272398006862171,2026-05-15,2026-06-22,17,55,0.0240384564677168,0.0291426975993116,4742.8254834737145,4706.901243694052,4700.0,4700.0,25,27,0.02996,0.03011625,OK,正常双期限插值,HIST_CLEAN_SURFACE,4076.143,4078.637,-0.0018860379840757169,0.012916769523665605,4088.8777999999998,4074.5775000000003,4086.344,4090.1658,False,False,False,False,False,False,False,False,False,,,,2026-04-29,4061.822
2026-04-29 00:00:00,2026-04-29,16.1933,0.026222326253324,2026-05-15,2026-06-22,16,54,0.0243406160488943,0.0271781155635105,4797.0617663586845,4765.965079563193,4750.0,4750.0,25,27,0.02996,0.03011,OK,正常双期限插值,HIST_CLEAN_SURFACE,4061.822,4107.514,0.007080061304793661,0.01994035573014563,4089.129,4082.6079000000004,4078.637,4088.8777999999998,False,False,False,False,False,False,False,False,False,,,,2026-04-30,4107.297
2026-04-30 00:00:00,2026-04-30,16.8587,0.0284214895967285,2026-05-15,2026-06-22,15,53,0.0263878481289109,0.0293040132525739,4800.178815542798,4766.23602610064,4800.0,4750.0,25,27,0.02996,0.03010375,OK,正常双期限插值,HIST_CLEAN_SURFACE,4107.297,4112.159,0.0011308543318415687,0.013959152735746772,4092.9108,4088.2691,4107.514,4089.129,False,False,False,False,False,False,False,False,False,,,,2026-05-06,4135.451
2026-05-06 00:00:00,2026-05-06,17.663,0.0311982316598539,2026-05-15,2026-06-22,9,47,0.032286239336605,0.0310295739348864,4871.931780943414,4845.368509619857,4850.0,4800.0,25,27,0.02996,0.03006625,OK,正常双期限插值,HIST_CLEAN_SURFACE,4135.451,4160.174,0.011676348117862334,0.02684216047440091,4108.9656,4099.144,4112.159,4092.9108,False,False,False,False,False,False,False,False,False,,,,2026-05-07,4168.447
2026-05-07 00:00:00,2026-05-07,18.149,0.0329386356721572,2026-05-15,2026-06-22,8,46,0.0341568554108682,0.0327845525431503,4895.39718957337,4867.3969679077,4850.0,4850.0,26,27,0.02996,0.03006,OK,正常双期限插值,HIST_CLEAN_SURFACE,4168.447,4180.092,0.004787780511103623,0.02399851841944156,4127.7152,4108.9405,4160.174,4108.9656,False,False,False,False,False,False,False,False,False,,,,2026-05-08,4163.854
2026-05-08 00:00:00,2026-05-08,17.9053,0.0320600706055843,2026-05-15,2026-06-22,7,45,0.030619223660732,0.0322062434840476,4866.167228978787,4838.130203205709,4850.0,4800.0,26,27,0.02996,0.03005375,OK,正常双期限插值,HIST_CLEAN_SURFACE,4163.854,4179.952,-3.349208581993057e-05,0.02322477642404297,4147.9782,4118.428,4180.092,4127.7152,False,False,False,False,False,False,False,False,False,,,,2026-05-11,4201.347
2026-05-11 00:00:00,2026-05-11,19.7139,0.0388639201165234,2026-06-22,2026-07-17,42,67,0.0382179881380587,0.037615439650685,4922.477550173791,4888.429032220742,4900.0,4850.0,27,19,0.030035,0.03019125,WARN,期限未夹住30日,HIST_CLEAN_SURFACE,4201.347,4225.021,0.010782181230789112,0.028922439846692516,4171.479600000001,4130.304300000001,4179.952,4147.9782,False,False,False,False,False,False,False,False,False,,,,2026-05-12,4229.283
2026-05-12 00:00:00,2026-05-12,19.5907,0.0383796784430639,2026-06-22,2026-07-17,41,66,0.0393068876217433,0.0402647483435195,4914.681066671415,4884.170423155937,4900.0,4850.0,28,20,0.03002875,0.030185,WARN,期限未夹住30日,HIST_CLEAN_SURFACE,4229.283,4214.489,-0.0024927686749959266,0.029619251206254082,4191.9456,4142.4282,4225.021,4171.479600000001,False,False,False,False,False,False,False,False,False,,,,2026-05-13,4192.315
2026-05-13 00:00:00,2026-05-13,19.051,0.0362938986641561,2026-06-22,2026-07-17,40,65,0.038323298826212,0.0406649143978149,4966.668284136982,4939.719458049769,4950.0,4900.0,28,20,0.0300225,0.03017875,WARN,期限未夹住30日,HIST_CLEAN_SURFACE,4192.315,4242.572,0.006663441285527316,0.03987156547954607,4208.4252,4158.6954,4214.489,4191.9456,False,False,False,False,False,False,False,False,False,,,,2026-05-14,4256.157
2026-05-14 00:00:00,2026-05-14,17.8872,0.0319953117335066,2026-06-22,2026-07-17,39,64,0.0346312953447118,0.0380635656718019,4887.192874812252,4876.723068648012,4850.0,4850.0,28,20,0.03001625,0.0301725,WARN,期限未夹住30日,HIST_CLEAN_SURFACE,4256.157,4177.918,-0.015239340664106704,0.02240976285892704,4207.990400000001,4167.8528,4242.572,4208.4252,False,False,False,False,False,False,False,False,False,,,,2026-05-15,4174.175
2026-05-15 00:00:00,2026-05-15,18.6841,0.0349095000014936,2026-06-22,2026-07-17,38,63,0.0361471413654742,0.0379888695856834,4830.4201113139725,4798.504436833366,4800.0,4750.0,28,20,0.03001,0.03016625,WARN,期限未夹住30日,HIST_CLEAN_SURFACE,4174.175,4135.389,-0.010179472167715975,0.013914452303551483,4199.0778,4173.528,4177.918,4207.990400000001,False,False,False,False,False,False,False,False,False,,,,2026-05-18,4120.14
2026-05-18 00:00:00,2026-05-18,18.8776,0.0356363061261597,2026-06-22,2026-07-17,35,60,0.0359356363496555,0.0366839619083951,4803.341877600282,4766.987034538859,4800.0,4750.0,28,20,0.02999125,0.0301475,WARN,期限未夹住30日,HIST_CLEAN_SURFACE,4120.14,4131.528,-0.000933648563653855,0.005846358649051586,4180.3792,4175.929399999999,4135.389,4199.0778,False,False,False,False,False,False,False,False,False,,,,2026-05-19,4122.961
2026-05-19 00:00:00,2026-05-19,18.3442,0.0336509539818261,2026-06-22,2026-07-17,34,59,0.0342143311633626,0.036004724748754,4816.150058423987,4780.460496504529,4800.0,4750.0,28,20,0.029985,0.03014125,WARN,期限未夹住30日,HIST_CLEAN_SURFACE,4122.961,4169.538,0.009199986058426646,0.013953497420698069,4171.389,4181.667299999999,4131.528,4180.3792,False,False,False,False,False,False,False,False,False,,,,2026-05-20,4152.698
2026-05-20 00:00:00,2026-05-20,17.3601,0.0301374640130241,2026-06-22,2026-07-17,33,58,0.0311072563303102,0.0352873956289574,4813.372760068345,4775.177103558551,4800.0,4750.0,28,20,0.02997875,0.030135,WARN,期限未夹住30日,HIST_CLEAN_SURFACE,4152.698,4162.185,-0.001763504733617749,0.0004833932426866472,4155.3116,4181.8684,4169.538,4171.389,False,False,False,False,False,False,False,False,False,,,,2026-05-21,4174.377
2026-05-21 00:00:00,2026-05-21,18.1694,0.0330126471869873,2026-06-22,2026-07-17,32,57,0.033173593820012,0.0342324532478055,4747.901593637747,4714.839945444567,4700.0,4700.0,28,20,0.0299725,0.03012875,WARN,期限未夹住30日,HIST_CLEAN_SURFACE,4174.377,4077.277,-0.020399862091665888,-0.024596348597112128,4135.1834,4171.5869,4162.185,4155.3116,False,False,False,False,False,False,False,False,False,,,,2026-05-22,4096.172
2026-05-22 00:00:00,2026-05-22,17.7639,0.0315555490177596,2026-06-22,2026-07-17,31,56,0.031708716337818,0.0337600643743147,4793.486802423755,4759.0351531656925,4750.0,4750.0,28,20,0.02996625,0.0301225,WARN,期限未夹住30日,HIST_CLEAN_SURFACE,4096.172,4112.9,0.008736958514224069,-0.016041332532048314,4130.6856,4164.8817,4077.277,4135.1834,False,False,False,False,False,False,False,False,False,,,,2026-05-25,4126.338
2026-05-25 00:00:00,2026-05-25,18.1739,0.0330291181255073,2026-06-22,2026-07-17,28,53,0.0327778156513661,0.0345558991948178,4859.790702759063,4826.0436303129245,4850.0,4800.0,28,20,0.02996,0.03010375,OK,正常双期限插值,HIST_CLEAN_SURFACE,4126.338,4152.569,0.009645019329427074,-0.01714831713262477,4134.8938,4157.6365,4112.9,4130.6856,False,False,False,False,False,False,False,False,False,,,,2026-05-26,4137.32
2026-05-26 00:00:00,2026-05-26,18.8422,0.0355029625814397,2026-06-22,2026-07-17,27,52,0.0353752417072065,0.0359892843717892,4899.547684859507,4858.291212121319,4850.0,4850.0,28,20,0.02996,0.0300975,OK,正常双期限插值,HIST_CLEAN_SURFACE,4137.32,4145.373,-0.0017329031739149459,-0.01639961570667281,4130.0608,4150.7249,4152.569,4134.8938,False,False,False,False,False,False,False,False,False,,,,2026-05-27,4138.805
2026-05-27 00:00:00,2026-05-27,19.4631,0.0378813714802497,2026-06-22,2026-07-17,26,51,0.0381437505102588,0.0371791217234607,4862.361915988441,4820.898718331235,4850.0,4800.0,28,20,0.02996,0.03009125,OK,正常双期限插值,HIST_CLEAN_SURFACE,4138.805,4093.727,-0.012458709988220518,-0.035083670943003464,4116.369199999999,4135.8404,4145.373,4130.0608,False,False,False,False,False,False,False,False,False,,,,2026-05-28,4080.304
2026-05-28 00:00:00,2026-05-28,18.7499,0.0351557062292554,2026-06-22,2026-07-17,25,50,0.0344389853104434,0.0365891480668796,4858.623026570634,4822.544827340364,4850.0,4800.0,28,20,0.02996,0.030085,OK,正常双期限插值,HIST_CLEAN_SURFACE,4080.304,4098.636,0.0011991517753873193,-0.01897643754616518,4120.641,4127.9122,4093.727,4116.369199999999,False,False,False,False,False,False,False,False,False,,,,2026-05-29,4110.521
2026-05-29 00:00:00,2026-05-29,19.3194,0.0373239798640823,2026-06-22,2026-07-17,24,49,0.0353427573056703,0.0403968964852928,4855.03285995612,4813.247473007577,4850.0,4800.0,28,20,0.02996,0.03007875,OK,正常双期限插值,HIST_CLEAN_SURFACE,4110.521,4068.569,-0.00733585514790791,-0.016158092987140993,4111.7748,4121.2302,4098.636,4120.641,False,False,False,False,False,False,False,False,False,,,,2026-06-01,4067.158
2026-06-01 00:00:00,2026-06-01,19.5121,0.0380720853530503,2026-06-22,2026-07-17,21,46,0.0362994289500519,0.0395107630134549,4814.270304904818,4779.511377808324,4800.0,4750.0,28,20,0.02996,0.03006,OK,正常双期限插值,HIST_CLEAN_SURFACE,4067.158,4057.74,-0.002661623779761424,-0.017859736155727446,4092.809,4113.8514000000005,4068.569,4111.7748,False,False,False,False,False,False,False,False,False,,,,2026-06-02,4061.463
2026-06-02 00:00:00,2026-06-02,19.2586,0.0370894168812901,2026-06-22,2026-07-17,20,45,0.0340374300876648,0.039124074743707,4879.270705162287,4845.814680926808,4850.0,4800.0,28,20,0.02996,0.03005375,OK,正常双期限插值,HIST_CLEAN_SURFACE,4061.463,4075.102,0.004278736439495834,-0.02264903209899982,4078.7548,4104.4078,4057.74,4092.809,False,False,False,False,False,False,False,False,False,,,,2026-06-03,4068.341
2026-06-03 00:00:00,2026-06-03,18.9635,0.0359615153319783,2026-06-22,2026-07-17,19,44,0.0323685669195455,0.0379361522693898,4911.284236747335,4873.216663322613,4900.0,4850.0,28,20,0.02996,0.0300475,OK,正常双期限插值,HIST_CLEAN_SURFACE,4068.341,4083.974,0.002177123419242033,-0.018790851439808742,4076.8042,4096.5867,4075.102,4078.7548,False,False,False,False,False,False,False,False,False,,,,2026-06-04,4053.67
2026-06-04 00:00:00,2026-06-04,19.1633,0.0367233603443532,2026-06-22,2026-07-17,18,43,0.0325935263425391,0.0385961920428503,4871.648981910031,4835.03523257494,4850.0,4800.0,27,20,0.02996,0.03004125,OK,正常双期限插值,HIST_CLEAN_SURFACE,4053.67,4057.781,-0.006413605963211388,-0.004781622636872651,4068.6332,4094.6371,4083.974,4076.8042,False,False,False,False,False,False,False,False,False,,,,2026-06-05,4044.829
2026-06-05 22:20:46,2026-06-05,19.6815,0.0387362260472598,2026-06-22,2026-07-17,17,42,0.0353591754087947,0.0399979812308621,4778.386046925403,4741.8870378061165,4750.0,4700.0,33,21,0.013865,0.013896,OK,正常双期限插值,CLOSE_MID,4044.829,4027.736,-0.0074042931345974505,-0.020706557416907745,4060.4665999999997,4086.1207000000004,4057.781,4068.6332,False,False,False,False,False,False,False,False,False,,,,2026-06-08,3938.709
2026-06-08 20:48:36,2026-06-08,21.4891,0.0461779572439936,2026-06-22,2026-07-17,14,39,0.0510143477878064,0.0452013783841852,4684.191583068463,4642.388699782406,4650.0,4600.0,33,21,0.013885,0.01390525,OK,正常双期限插值,CLOSE_MID,3938.709,3959.338,-0.01698174855551593,-0.04653288121160659,4040.7862,4066.7975999999994,4027.736,4060.4665999999997,False,False,False,False,False,False,False,False,False,,,,2026-06-09,3977.539
2026-06-09 21:39:56,2026-06-09,19.9601,0.0398406132618647,2026-06-22,2026-07-17,13,38,0.037263108759175,0.0402555675471275,4746.598315138838,4707.010155198443,4700.0,4700.0,33,22,0.01391,0.0139246666666666,OK,正常双期限插值,CLOSE_MID,3977.539,4010.031,0.012803402993126545,-0.03264893171253824,4027.772,4053.2634,3959.338,4040.7862,False,False,False,False,False,False,False,False,False,,,,2026-06-10,3985.124
2026-06-10 23:06:32,2026-06-10,20.113,0.0404531479343173,2026-06-22,2026-07-17,12,37,0.0391354778126456,0.0406193405622759,4719.8090699342665,4678.2693130418365,4700.0,4650.0,33,22,0.01393,0.0139405,OK,正常双期限插值,CLOSE_MID,3985.124,3993.226,-0.004190740670084514,-0.024550000525193738,4009.6224,4043.2133000000003,4010.031,4027.772,False,False,False,False,False,False,False,False,False,,,,2026-06-11,3979.706
2026-06-11 21:54:22,2026-06-11,19.7856,0.0391470344774846,2026-06-22,2026-07-17,11,36,0.0367904879494852,0.0393744205459757,4697.999158398319,4657.310066774718,4650.0,4650.0,33,22,0.0139599999999999,0.0139719999999999,OK,正常双期限插值,CLOSE_MID,3979.706,3987.015,-0.0015553840428766952,-0.02723369433148015,3995.4692000000005,4032.0512000000003,3993.226,4009.6224,False,False,False,False,False,False,False,False,False,,,,2026-06-12,4017.865
2026-06-12 23:57:16,2026-06-12,19.2705,0.0371350532681567,2026-06-22,2026-07-17,10,35,0.0280570764774029,0.0377834801817819,4766.206228210633,4725.366860650608,4750.0,4700.0,33,22,0.01403,0.0140391666666666,OK,正常双期限插值,CLOSE_MID,4017.865,4031.513,0.011160730521455386,-0.009107870605119417,3996.2246,4028.3455999999996,3987.015,3995.4692000000005,False,False,False,False,False,False,False,False,False,,,,2026-06-15,4053.582
2026-06-15 23:47:47,2026-06-15,19.3118,0.0372944718895753,2026-06-22,2026-07-17,7,32,0.0330614862876754,0.0373749906374375,4877.794000323669,4837.885039003865,4850.0,4800.0,32,22,0.01409,0.0140945,OK,正常双期限插值,CLOSE_MID,4053.582,4096.472,0.016112809260443894,0.00954521482401538,4023.6513999999997,4032.2188,4031.513,3996.2246,False,False,False,False,False,False,False,False,False,,,,2026-06-16,4094.212
2026-06-16 19:19:59,2026-06-16,20.0466,0.0401865240867416,2026-07-17,2026-08-21,31,66,0.0402755748924355,0.0416922922557464,4833.88063673142,4803.007728139702,4800.0,4800.0,22,22,0.0141521666666666,0.014228,WARN,两个期限未能夹住30日，使用最近期限外推/内插,CLOSE_MID,4094.212,4091.892,-0.0011180352264094084,0.004120142268831506,4040.0236000000004,4033.8978,4096.472,4023.6513999999997,False,False,False,False,False,False,False,False,False,,,,2026-06-17,4074.291
2026-06-17 20:44:59,2026-06-17,20.7403,0.0430158713253917,2026-07-17,2026-07-17,30,30,0.0430158713253917,0.0430158713253917,4884.782268131054,4884.782268131054,4850.0,4850.0,22,22,0.014185,0.014185,OK,存在精确30日到期期限，使用单期限,CLOSE_MID,4074.291,4108.076,0.003955138600921115,0.0059016046625173235,4062.9936000000002,4036.308,4091.892,4040.0236000000004,False,False,False,False,False,False,False,False,False,,,,2026-06-18,4094.23
2026-06-18 22:17:15,2026-06-18,21.2519,0.0451644051970911,2026-07-17,2026-08-21,29,64,0.0452629607259613,0.0436460340804348,4914.422900381786,4889.162059540543,4900.0,4850.0,22,22,0.02,0.02,OK,正常双期限插值,CLOSE_MID,4094.23,4090.481,-0.004283026896289122,0.008058591629267475,4083.6868000000004,4039.578,4108.076,4062.9936000000002,False,False,False,False,False,False,False,False,False,,,,2026-06-22,4093.955
2026-06-22 19:14:15,2026-06-22,22.5791,0.0509816161805162,2026-07-17,2026-08-21,25,60,0.0522096998785297,0.0479114069354822,5025.624928293616,5011.025806388471,5000.0,5000.0,22,22,0.01421,0.014255,OK,正常双期限插值,CLOSE_MID,4093.955,4163.097,0.017752435471525052,0.03360721755348406,4110.003600000001,4053.1141000000002,4090.481,4083.6868000000004,False,False,False,False,False,False,False,False,False,,,,2026-06-23,4153.593
2026-06-23 18:41:58,2026-06-23,23.1708,0.0536884373544047,2026-07-17,2026-08-21,24,59,0.0544650063097594,0.0521616238150631,4872.120717101565,4841.981513775436,4850.0,4800.0,23,23,0.01425,0.014279,OK,正常双期限插值,CLOSE_MID,4153.593,4106.252,-0.013654498081596356,0.03710569797274199,4111.9596,4067.8054999999995,4163.097,4110.003600000001,False,False,False,False,False,False,False,False,False,,,,2026-06-24,4090.1
2026-06-24 18:27:44,2026-06-24,22.5221,0.0507242801428697,2026-07-17,2026-08-21,23,58,0.0511787984065699,0.0500033201383797,4892.192968284406,4861.626440714151,4850.0,4850.0,23,23,0.0143,0.014328,OK,正常双期限插值,CLOSE_MID,4090.1,4110.813,0.0011107452733050138,0.0251324740382306,4115.7438,4077.8837,4106.252,4111.9596,False,False,False,False,False,False,False,False,False,,,,2026-06-25,4103.482
2026-06-25 18:20:23,2026-06-25,21.986,0.0483385437127572,2026-07-17,2026-08-21,22,57,0.0480669914403456,0.0486922762781355,4972.619487739674,4939.57667969522,4950.0,4900.0,23,23,0.0143,0.01434275,OK,正常双期限插值,CLOSE_MID,4103.482,4120.281,0.0023031940397191253,0.03181763316175945,4118.1848,4090.5892,4110.813,4115.7438,False,False,False,False,False,False,False,False,False,,,,2026-06-26,4098.686
2026-06-26 18:27:40,2026-06-26,23.4938,0.0551960685457192,2026-07-17,2026-08-21,21,56,0.0564422133305345,0.0538460783621694,4825.379752274578,4786.570479208415,4800.0,4750.0,23,23,0.0143,0.0143433333333333,OK,正常双期限插值,CLOSE_MID,4098.686,4027.265,-0.0225751593155904,0.010095271776002779,4105.5416,4094.6142,4120.281,4118.1848,False,False,False,False,False,False,False,False,False,,,,2026-06-29,4026.686
2026-06-29 20:07:41,2026-06-29,23.49,0.0551779216980785,2026-07-17,2026-08-21,18,53,0.0569290734774993,0.0540380210114744,4868.713164308202,4835.269426819331,4850.0,4800.0,23,23,0.01427,0.0143083333333333,OK,正常双期限插值,CLOSE_MID,4026.686,4073.902,0.011580315673291874,0.010514414811511275,4087.7025999999996,4098.8531,4027.265,4105.5416,False,False,False,False,False,False,False,False,False,,,,2026-06-30,4058.17
2026-06-30 18:35:31,2026-06-30,23.3036,0.0543058859403338,2026-07-17,2026-08-21,17,52,0.0558876334144188,0.0534307771307068,4931.087443123697,4891.783272755023,4900.0,4850.0,23,23,0.01426,0.0143039999999999,OK,正常双期限插值,CLOSE_MID,4058.17,4094.397,0.0050308033919324036,-0.0005065334268120614,4085.3316,4098.6456,4073.902,4087.7025999999996,False,True,True,False,False,True,False,True,False,,,,2026-07-01,4090.76
2026-07-01 18:48:30,2026-07-01,22.5815,0.0509924836250297,2026-07-17,2026-08-21,16,51,0.051264703551085,0.0508643801304154,4905.003126456518,4865.030005395488,4900.0,4850.0,23,23,0.01426,0.0143019999999999,OK,正常双期限插值,CLOSE_MID,4090.76,4112.445,0.004407975093768224,0.005022859840875471,4085.6580000000004,4100.7009,4094.397,4085.3316,False,False,False,False,False,False,False,False,False,,,,2026-07-02,4054.086
2026-07-02 18:14:45,2026-07-02,24.2956,0.0590276383656777,2026-07-17,2026-08-21,15,50,0.063448051746849,0.0572594730132092,4785.791675972143,4752.9056850628485,4750.0,4750.0,23,23,0.01426,0.0142966666666666,OK,正常双期限插值,CLOSE_MID,4054.086,4028.904,-0.020314192651816554,-0.019272282207047797,4067.3826,4092.7837,4112.445,4085.6580000000004,False,False,False,False,False,False,False,False,False,,,,2026-07-03,4031.335
2026-07-03 18:10:25,2026-07-03,22.4575,0.0504337527957563,2026-07-17,2026-08-21,14,49,0.0517496852286282,0.0499872757203176,4815.508450439696,4787.075290984915,4800.0,4750.0,23,23,0.01421,0.0142543333333333,OK,正常双期限插值,CLOSE_MID,4031.335,4043.643,0.0036583150156965782,-0.011450487118752073,4070.6581999999994,4088.0998999999997,4028.904,4067.3826,False,False,False,False,False,False,False,False,False,,,,2026-07-06,4059.194
2026-07-06 16:42:20,2026-07-06,22.6922,0.0514934830592562,2026-07-17,2026-08-21,11,46,0.0559226021834795,0.0506015780639892,4810.004274337895,4782.568780547796,4800.0,4750.0,23,23,0.01418,0.014224,OK,正常双期限插值,CLOSE_MID,4059.194,4041.238,-0.000594760714533904,-0.029271237254380522,4064.1254,4075.9139999999998,4043.643,4070.6581999999994,False,False,False,False,False,False,False,False,False,,,,2026-07-07,4019.494
2026-07-07 18:31:13,2026-07-07,22.4364,0.0503392271948532,2026-07-17,2026-08-21,10,45,0.0590699398868977,0.0488841084128458,4761.504461604977,4732.469339962488,4750.0,4700.0,23,23,0.0141579999999999,0.0141982499999999,OK,正常双期限插值,CLOSE_MID,4019.494,3990.235,-0.01262063753730902,-0.028253745751600334,4043.293,4064.312299999999,4041.238,4064.1254,False,False,False,False,False,False,False,False,False,,,,2026-07-08,3996.807
2026-07-08 17:33:10,2026-07-08,22.0659,0.0486904069790249,2026-07-17,2026-08-21,9,44,0.0598923475400279,0.0471628696297972,4730.893334297688,4701.302225425969,4700.0,4700.0,23,23,0.014151,0.0141885666666666,OK,正常双期限插值,CLOSE_MID,3996.807,3970.88,-0.004850591506515234,-0.034040225133081914,4014.9800000000005,4050.3190000000004,3990.235,4043.293,False,False,False,False,False,False,False,False,False,,,,2026-07-09,3977.547
2026-07-09 18:35:33,2026-07-09,21.4984,0.0462181020948485,2026-07-17,2026-08-21,8,43,0.0543612743567784,0.0453228696263065,4841.897490164661,4814.924891484354,4800.0,4800.0,23,23,0.014135,0.0141685833333333,OK,正常双期限插值,CLOSE_MID,3977.547,4036.588,0.01654746554919817,-0.020312449563512747,4016.5168,4041.9496999999997,3970.88,4014.9800000000005,False,False,False,False,False,False,False,False,False,,,,2026-07-10,4031.537
2026-07-10 18:29:04,2026-07-10,20.8532,0.0434857353606258,2026-07-17,2026-08-21,7,42,0.0467737484885186,0.0431998211755916,4771.60584539573,4731.870519830345,4750.0,4700.0,23,23,0.014109,0.014143,OK,正常双期限插值,CLOSE_MID,4031.537,3996.162,-0.010014893766715938,-0.007723107369393412,4007.0206,4038.8394,4036.588,4016.5168,False,False,False,False,False,False,False,False,False,,,,2026-07-13,3966.023
2026-07-13 18:34:46,2026-07-13,22.0349,0.0485537088262571,2026-08-21,2026-09-18,39,67,0.0527262604091027,0.0585387700767483,4657.311041832415,4638.770717087389,4650.0,4600.0,23,26,0.0141454999999999,0.0142248333333333,WARN,两个期限未能夹住30日，使用最近期限外推/内插,CLOSE_MID,3966.023,3913.794,-0.020611777000031473,-0.03930089629058342,3981.5317999999997,4022.8286,3996.162,4007.0206,False,False,False,False,False,False,False,False,False,,,,2026-07-14,3909.274
2026-07-14 17:15:22,2026-07-14,19.8722,0.0394904883181427,2026-08-21,2026-09-18,38,66,0.0452669035270372,0.0544566549957329,4730.471243717374,4702.406184339143,4700.0,4700.0,23,26,0.0141542666666666,0.0142322,WARN,两个期限未能夹住30日，使用最近期限外推/内插,CLOSE_MID,3909.274,3967.126,0.01362667529256778,-0.03108418651146916,3976.91,4010.1014999999998,3913.794,3981.5317999999997,False,False,False,False,False,False,True,False,True,,AVIX<20,AVIX<20,2026-07-15,3963.727
2026-07-15 17:19:39,2026-07-15,19.721,0.0388918721547525,2026-08-21,2026-09-18,37,65,0.043656695116058,0.0524532913523143,4742.088633453133,4726.767818031317,4700.0,4700.0,23,26,0.0141834,0.014245,WARN,两个期限未能夹住30日，使用最近期限外推/内插,CLOSE_MID,3963.727,3955.578,-0.002910923424161549,-0.03814446150647599,3973.8496,3994.4148,3967.126,3976.91,False,False,False,False,False,False,False,False,False,,,,2026-07-16,3912.381
2026-07-16 17:24:27,2026-07-16,21.8387,0.0476929516973368,2026-08-21,2026-09-18,36,64,0.0511367631170391,0.0586701005976379,4664.320043279526,4648.897247619082,4650.0,4600.0,23,26,0.014201,0.0142523333333333,WARN,两个期限未能夹住30日，使用最近期限外推/内插,CLOSE_MID,3912.381,3882.413,-0.01849666470993616,-0.03636001254931864,3943.0146,3979.7657,3955.578,3973.8496,False,False,False,False,False,False,False,False,False,,,,2026-07-17,3865.317
2026-07-17 17:19:04,2026-07-17,24.1626,0.0583830227302947,2026-08-21,2026-09-18,35,63,0.0605037076238219,0.0661588673398944,4505.507498058975,4475.940878313878,4500.0,4450.0,23,26,0.0142074166666666,0.01425455,WARN,两个期限未能夹住30日，使用最近期限外推/内插,CLOSE_MID,3865.317,3764.155,-0.030459922733619527,-0.06911787217615395,3896.6132,3951.8169000000003,3882.413,3943.0146,False,False,False,False,False,False,False,False,False,,,,2026-07-20,3791.662
2026-07-20 18:19:48,2026-07-20,25.0239,0.0626194462052001,2026-08-21,2026-09-18,32,60,0.0630441307124884,0.0660169222635068,4567.521804988753,4549.097889309677,4550.0,4500.0,26,28,0.0142033333333333,0.0142499999999999,WARN,两个期限未能夹住30日，使用最近期限外推/内插,CLOSE_MID,3791.662,3796.281,0.008534717619226528,-0.060614346395832186,3873.1106,3927.3212,3764.155,3896.6132,True,False,True,True,False,False,False,True,False,,,,2026-07-21,3812.162
2026-07-21 17:35:45,2026-07-21,22.474,0.0505078964640357,2026-08-21,2026-09-18,31,59,0.050946846513522,0.0571963048451915,4686.984310343367,4663.029975524158,4650.0,4650.0,26,28,0.0142016666666666,0.0142483333333333,WARN,两个期限未能夹住30日，使用最近期限外推/内插,CLOSE_MID,3812.162,3864.367,0.01793492104509653,-0.03154400680661662,3852.5588000000002,3914.7344000000003,3796.281,3873.1106,False,True,True,False,False,True,False,False,False,,,,2026-07-22,3839.665
2026-07-22 17:35:56,2026-07-22,20.7308,0.0429765985040008,2026-08-21,2026-08-21,30,30,0.0429765985040008,0.0429765985040008,4677.373607615111,4677.373607615111,4650.0,4650.0,26,26,0.0141999999999999,0.0141999999999999,OK,存在精确30日到期期限，使用单期限,CLOSE_MID,3839.665,3867.034,0.0006901518411681629,-0.026151885728100566,3834.85,3904.3498,3864.367,3852.5588000000002,False,False,False,False,False,False,False,False,False,,,,2026-07-23,3868.087
2026-07-23 14:17:12,2026-07-23,19.8247,0.0393018321238294,2026-08-21,2026-09-18,29,57,0.0390253220117083,0.0431002078745452,4685.783970246834,4659.621379563042,4650.0,4650.0,26,28,0.0141999999999999,0.0142449999999999,OK,正常双期限插值,CLOSE_MID,3868.087,3876.777,0.0025195020266177703,-0.039590614647816436,3833.7228000000005,3888.3687000000004,3867.034,3834.85,False,False,False,False,True,False,True,False,True,AVIX<20,AVIX<20,AVIX<20,2026-07-24,3853.632
2026-07-24 17:29:50,2026-07-24,21.0125,0.0441525995084088,2026-08-21,2026-09-18,28,56,0.0439833420572217,0.0452527729411254,4609.910774889434,4582.962861922419,4600.0,4550.0,26,28,0.01418,0.0142233333333333,OK,正常双期限插值,CLOSE_MID,3853.632,3814.198,-0.016142016938296977,-0.04553469053556891,3843.7313999999997,3870.1722999999997,3876.777,3833.7228000000005,False,False,False,False,False,False,False,False,False,,,,2026-07-27,3808.903
2026-07-27 18:50:08,2026-07-27,20.2817,0.0411345503237336,2026-08-21,2026-09-18,25,53,0.0410829971112885,0.0412464110677183,4677.2779111777245,4656.814073434612,4650.0,4650.0,26,28,0.0141999999999999,0.0142383333333333,OK,正常双期限插值,CLOSE_MID,3808.903,3858.245,0.011548168186339636,-0.014193133312586204,3856.1241999999997,3864.6174,3814.198,3843.7313999999997,False,False,False,False,False,False,False,False,False,,,,2026-07-28,3823.133
2026-07-28 17:43:55,2026-07-28,22.5988,0.0510705579166619,2026-08-21,2026-09-18,24,52,0.0525921759398153,0.0484955120313255,4548.098225144141,4526.151678962155,4500.0,4500.0,26,28,0.0141999999999999,0.0142366666666666,OK,正常双期限插值,CLOSE_MID,3823.133,3813.315,-0.011645191013012313,-0.03877139269082963,3845.9138,3849.2362999999996,3858.245,3856.1241999999997,False,False,False,False,False,False,False,False,False,,,,2026-07-29,3823.293
2026-07-29 17:47:09,2026-07-29,23.2405,0.0540122143368865,2026-08-21,2026-09-18,23,51,0.0550360308466234,0.0526270508237129,4577.479843922428,4548.196413717052,4550.0,4500.0,26,28,0.01421,0.014245,OK,正常双期限插值,CLOSE_MID,3823.293,3828.469,0.0039739701545769,-0.032134115418783304,3838.2008,3836.5254,3813.315,3845.9138,False,False,False,False,False,False,False,False,False,,,,2026-07-30,3812.111
2026-07-30 17:37:50,2026-07-30,24.5576,0.0603075872956756,2026-08-21,2026-09-18,22,50,0.0636511472793618,0.0566296713136207,4527.780991099269,4506.111905209755,4500.0,4500.0,26,28,0.0141999999999999,0.0142333333333333,OK,正常双期限插值,CLOSE_MID,3812.111,3804.693,-0.006210315402841116,-0.02001847819899627,3823.7839999999997,3828.7534,3828.469,3838.2008,False,False,False,False,False,False,False,False,False,,,,2026-07-31,3833.536
2026-07-31 17:51:08,2026-07-31,22.9669,0.0527477503477313,2026-08-21,2026-09-18,21,49,0.0551533280580952,0.0505712752764498,4566.013077122009,4542.686039634908,4550.0,4500.0,26,28,0.0141999999999999,0.0142316666666666,OK,正常双期限插值,CLOSE_MID,3833.536,3832.262,0.007246051126858388,0.018093569473095483,3827.3968,3835.5641000000005,3804.693,3823.7839999999997,False,True,True,False,False,True,False,True,False,,,,2026-08-03,3812.613
2026-08-03 18:51:01,2026-08-03,23.4909,0.055182072926983,2026-08-21,2026-09-18,18,46,0.0617850931788614,0.0517370188825248,4531.4870403944,4516.529610208108,4500.0,4500.0,26,28,0.0141999999999999,0.0142266666666666,OK,正常双期限插值,CLOSE_MID,3812.613,3809.663,-0.005897039398663262,0.0035250288374333305,3817.6804,3836.9023,3832.262,3827.3968,False,False,False,False,False,False,False,False,False,,,,2026-08-04,3816.37
2026-08-04 17:47:35,2026-08-04,21.2424,0.0451237666222138,2026-08-21,2026-09-18,17,45,0.0470679784502152,0.0442762896715465,4582.088165906269,4558.114210474696,4550.0,4550.0,26,28,0.01419,0.0142175,OK,正常双期限插值,CLOSE_MID,3816.37,3822.285,0.0033131539456376924,-0.010889752448460577,3819.4744,3832.6940999999997,3809.663,3817.6804,False,False,False,False,False,False,False,False,False,,,,2026-08-05,3815.122
2026-08-05 17:45:08,2026-08-05,20.6692,0.0427217555841484,2026-08-21,2026-09-18,16,44,0.0438683014096727,0.0423048298294123,4643.395899421477,4625.042829860703,4600.0,4600.0,26,28,0.014169,0.0141995666666666,OK,正常双期限插值,CLOSE_MID,3815.122,3878.43,0.014688857581263592,0.0029469614179755688,3829.4665999999997,3833.8337,3822.285,3819.4744,False,False,False,False,False,False,False,False,False,,,,2026-08-06,3864.273
2026-08-06 17:48:04,2026-08-06,20.4636,0.0418759679090535,2026-08-21,2026-09-18,15,43,0.0427009660974246,0.0416265498521042,4635.491559736249,4616.026770176518,4600.0,4600.0,26,28,0.0141599999999999,0.0141903333333333,OK,正常双期限插值,CLOSE_MID,3864.273,3900.352,0.005652287136805434,0.006081082301097052,3848.5984,3836.1911999999998,3878.43,3829.4665999999997,False,False,False,False,False,False,False,False,False,,,,,
