valuation_time,trade_date,avix,var30,near_expiry,next_expiry,near_dte,next_dte,near_var,next_var,near_forward,next_forward,near_k0,next_k0,near_n_options,next_n_options,near_rate,next_rate,quality,note,source
2019-12-24 00:00:00,2019-12-24,14.0989,0.01987796890232659,2020-02-21,2020-03-20,59,87,0.02345234745304263,0.024642390252329775,4012.6615388469086,4013.5777581446396,4000.0,4000.0,19,19,0.03014125,0.03031625,WARN,期限未夹住30日,HIST_CLEAN_SURFACE
2019-12-25 00:00:00,2019-12-25,13.1624,0.017324883895523092,2020-02-21,2020-03-20,58,86,0.022227092985399682,0.02393716592372873,4012.4169248226285,4012.0880277109745,4000.0,4000.0,19,19,0.030135000000000002,0.03031,WARN,期限未夹住30日,HIST_CLEAN_SURFACE
2019-12-26 00:00:00,2019-12-26,12.1574,0.014780226156675014,2020-02-21,2020-03-20,57,85,0.021465319274547704,0.02391215074252725,4041.2474253233645,4043.7604164938484,4000.0,4000.0,19,19,0.03012875,0.03030375,WARN,期限未夹住30日,HIST_CLEAN_SURFACE
2019-12-27 00:00:00,2019-12-27,13.4518,0.0180951062932737,2020-02-21,2020-03-20,56,84,0.022596443732015983,0.024327727362301484,4046.496105652677,4050.342611010806,4000.0,4050.0,19,19,0.0301225,0.0302975,WARN,期限未夹住30日,HIST_CLEAN_SURFACE
2019-12-30 00:00:00,2019-12-30,13.841,0.019157384650533512,2020-02-21,2020-03-20,53,81,0.026461666931847382,0.029755063129541234,4104.562462624157,4109.06642959538,4100.0,4100.0,19,19,0.030103750000000002,0.03027875,WARN,期限未夹住30日,HIST_CLEAN_SURFACE
2019-12-31 00:00:00,2019-12-31,16.6915,0.02786077607947723,2020-02-21,2020-03-20,52,80,0.030426858417475996,0.031651579533339046,4121.8534467742575,4128.109483449661,4100.0,4100.0,20,20,0.0300975,0.0302725,WARN,期限未夹住30日,HIST_CLEAN_SURFACE
2020-01-02 00:00:00,2020-01-02,19.6184,0.03848797241501633,2020-02-21,2020-03-20,50,78,0.03644828651890376,0.035349994113304674,4176.477939619079,4186.766416882178,4150.0,4150.0,21,21,0.030085,0.030260000000000002,WARN,期限未夹住30日,HIST_CLEAN_SURFACE
2020-01-03 00:00:00,2020-01-03,17.962,0.032263260496818776,2020-02-21,2020-03-20,49,77,0.03537000204098216,0.03715377709026258,4166.415129157075,4178.627833390225,4150.0,4150.0,22,22,0.03007875,0.03025375,WARN,期限未夹住30日,HIST_CLEAN_SURFACE
2020-01-06 00:00:00,2020-01-06,18.4216,0.033935628563817655,2020-02-21,2020-03-20,46,74,0.03836274826624467,0.04150361021729087,4153.223126505247,4164.371160429038,4150.0,4150.0,22,22,0.03006,0.030235,WARN,期限未夹住30日,HIST_CLEAN_SURFACE
2020-01-07 00:00:00,2020-01-07,19.3855,0.037579926196105735,2020-02-21,2020-03-20,45,73,0.039278564804406293,0.0405816300381711,4176.262168904385,4185.062187593747,4150.0,4150.0,22,22,0.03005375,0.030228750000000002,WARN,期限未夹住30日,HIST_CLEAN_SURFACE
2020-01-08 00:00:00,2020-01-08,19.2352,0.03699937141408951,2020-02-21,2020-03-20,44,72,0.03888931580744167,0.04046426946856848,4135.844122254471,4147.183257386212,4100.0,4100.0,22,22,0.0300475,0.0302225,WARN,期限未夹住30日,HIST_CLEAN_SURFACE
2020-01-09 00:00:00,2020-01-09,18.1614,0.03298382039256731,2020-02-21,2020-03-20,43,71,0.03628915656667327,0.039297263160659186,4174.544093704693,4182.251790427275,4150.0,4150.0,22,22,0.030041250000000002,0.03021625,WARN,期限未夹住30日,HIST_CLEAN_SURFACE
2020-01-10 00:00:00,2020-01-10,17.3985,0.030270917803954526,2020-02-21,2020-03-20,42,70,0.03376713851204822,0.03726335922014191,4178.344353112265,4189.301098931552,4150.0,4150.0,22,22,0.030035,0.03021,WARN,期限未夹住30日,HIST_CLEAN_SURFACE
2020-01-13 00:00:00,2020-01-13,17.2055,0.029602936731433844,2020-02-21,2020-03-20,39,67,0.03163252901035,0.034459821737198366,4223.4248382712385,4232.934912133987,4200.0,4200.0,22,22,0.03001625,0.03019125,WARN,期限未夹住30日,HIST_CLEAN_SURFACE
2020-01-14 00:00:00,2020-01-14,16.6521,0.027729173803953098,2020-02-21,2020-03-20,38,66,0.02998909115214338,0.03358441420608247,4211.28450687154,4224.90445573375,4200.0,4200.0,23,23,0.030010000000000002,0.030185,WARN,期限未夹住30日,HIST_CLEAN_SURFACE
2020-01-15 00:00:00,2020-01-15,16.6028,0.02756538753769644,2020-02-21,2020-03-20,37,65,0.029641802179274028,0.03347518305603266,4180.706256060525,4193.684298130835,4150.0,4150.0,23,23,0.03000375,0.03017875,WARN,期限未夹住30日,HIST_CLEAN_SURFACE
2020-01-16 00:00:00,2020-01-16,15.8782,0.025211696007557557,2020-02-21,2020-03-20,36,64,0.02709262784328844,0.031207166233949743,4174.207246168317,4185.900765628544,4150.0,4150.0,23,23,0.0299975,0.0301725,WARN,期限未夹住30日,HIST_CLEAN_SURFACE
2020-01-17 00:00:00,2020-01-17,14.731,0.02170012138835179,2020-02-21,2020-03-20,35,63,0.02355474718439868,0.028500415973857066,4175.395210767704,4187.547329919276,4150.0,4150.0,23,23,0.02999125,0.030166250000000002,WARN,期限未夹住30日,HIST_CLEAN_SURFACE
2020-01-20 00:00:00,2020-01-20,15.4299,0.02380815532108074,2020-02-21,2020-03-20,32,60,0.024474370336394883,0.02913787544359392,4206.713023645428,4217.702472095093,4200.0,4200.0,23,23,0.0299725,0.0301475,WARN,期限未夹住30日,HIST_CLEAN_SURFACE
2020-01-21 00:00:00,2020-01-21,17.2963,0.029916326174222973,2020-02-21,2020-03-20,31,59,0.03012905075440976,0.03315767189605228,4128.927713981505,4140.684095741032,4100.0,4100.0,23,23,0.02996625,0.03014125,WARN,期限未夹住30日,HIST_CLEAN_SURFACE
2020-01-22 00:00:00,2020-01-22,17.2484,0.02975071654522954,2020-02-21,2020-03-20,30,58,0.02975071654522954,0.03606259660395162,4143.052537610632,4158.453541207222,4100.0,4150.0,23,23,0.02996,0.030135000000000002,WARN,期限未夹住30日,HIST_CLEAN_SURFACE
2020-01-23 00:00:00,2020-01-23,20.8014,0.04326965328882818,2020-02-21,2020-03-20,29,57,0.04312179792216068,0.045300719115155486,4007.3825831541058,4019.614621407133,4000.0,4000.0,23,23,0.02996,0.03012875,OK,正常双期限插值,HIST_CLEAN_SURFACE
2020-02-03 00:00:00,2020-02-03,28.1771,0.07939506089404175,2020-02-21,2020-03-20,18,46,0.09842753591767414,0.06946507392519007,3573.354897812266,3596.5333517215513,3550.0,3550.0,23,23,0.02996,0.03006,WARN,"正常双期限插值；期限质量 near=WARN, next=WARN",HIST_CLEAN_SURFACE
2020-02-04 00:00:00,2020-02-04,27.2201,0.07409348706405307,2020-02-21,2020-03-20,17,45,0.08428522910862969,0.06965093283949401,3770.943001854023,3777.983872016911,3750.0,3750.0,28,28,0.02996,0.03005375,OK,正常双期限插值,HIST_CLEAN_SURFACE
2020-02-05 00:00:00,2020-02-05,25.2456,0.06373399596415187,2020-02-21,2020-03-20,16,44,0.0699020116523968,0.061491081168426436,3805.4070965603614,3806.4823009640827,3800.0,3800.0,28,28,0.02996,0.0300475,OK,正常双期限插值,HIST_CLEAN_SURFACE
2020-02-06 00:00:00,2020-02-06,25.1639,0.06332200332960057,2020-02-21,2020-03-20,15,43,0.0695069581051911,0.06145213328116622,3889.3869408937558,3891.50132451546,3850.0,3850.0,28,28,0.02996,0.030041250000000002,OK,正常双期限插值,HIST_CLEAN_SURFACE
2020-02-07 00:00:00,2020-02-07,26.4647,0.0700378357172326,2020-02-21,2020-03-20,14,42,0.07309254378841867,0.06927415869943607,3895.808546965464,3900.3737643909944,3850.0,3900.0,28,28,0.02996,0.030035,OK,正常双期限插值,HIST_CLEAN_SURFACE
2020-02-10 00:00:00,2020-02-10,25.218,0.06359486824370801,2020-02-21,2020-03-20,11,39,0.07114447521551913,0.0625862163001057,3896.4870792623606,3899.000439622695,3850.0,3850.0,28,28,0.02996,0.03001625,OK,正常双期限插值,HIST_CLEAN_SURFACE
2020-02-11 00:00:00,2020-02-11,23.2444,0.054030397161666244,2020-02-21,2020-03-20,10,38,0.05522056520870967,0.05390511631460903,3937.254060996195,3936.357442681857,3900.0,3900.0,28,28,0.02996,0.030010000000000002,OK,正常双期限插值,HIST_CLEAN_SURFACE
2020-02-12 00:00:00,2020-02-12,21.3955,0.045776861155012644,2020-02-21,2020-03-20,9,37,0.045136599215863354,0.04582877428521394,3965.81167640005,3962.2371624933025,3950.0,3950.0,28,28,0.02996,0.03000375,OK,正常双期限插值,HIST_CLEAN_SURFACE
2020-02-13 00:00:00,2020-02-13,22.1341,0.04899191461081207,2020-02-21,2020-03-20,8,36,0.04987713145523213,0.04893826510508964,3952.1686014619477,3948.8488850272615,3950.0,3900.0,28,28,0.02996,0.0299975,OK,正常双期限插值,HIST_CLEAN_SURFACE
2020-02-14 00:00:00,2020-02-14,21.3793,0.04570755154362572,2020-02-21,2020-03-20,7,35,0.04240899435122076,0.04585096707373028,3986.0461573621674,3980.6377797164896,3950.0,3950.0,27,28,0.02996,0.02999125,OK,正常双期限插值,HIST_CLEAN_SURFACE
2020-02-17 00:00:00,2020-02-17,21.8576,0.047775380025028284,2020-03-20,2020-04-17,32,60,0.04748996716552005,0.045492077148962404,4082.9552699140686,4084.9953434023055,4050.0,4050.0,28,28,0.0299725,0.0301475,WARN,期限未夹住30日,HIST_CLEAN_SURFACE
2020-02-18 00:00:00,2020-02-18,22.7216,0.05162726289956185,2020-03-20,2020-04-17,31,59,0.051324685577542474,0.0470168050606566,4054.492341348873,4054.037534583844,4050.0,4050.0,28,28,0.02996625,0.03014125,WARN,期限未夹住30日,HIST_CLEAN_SURFACE
2020-02-19 00:00:00,2020-02-19,22.9563,0.05269926615045878,2020-03-20,2020-04-17,30,58,0.052699266150458786,0.04932631225706613,4055.7370818062486,4056.0942151091317,4050.0,4050.0,28,28,0.02996,0.030135000000000002,WARN,期限未夹住30日,HIST_CLEAN_SURFACE
2020-02-20 00:00:00,2020-02-20,23.2599,0.05410229240451593,2020-03-20,2020-04-17,29,57,0.05426546347486394,0.051860837174998425,4143.46558645269,4148.505429594952,4100.0,4100.0,28,28,0.02996,0.03012875,OK,正常双期限插值,HIST_CLEAN_SURFACE
2020-02-21 00:00:00,2020-02-21,25.9477,0.06732848438303286,2020-03-20,2020-04-17,28,56,0.06772659097776414,0.06474079151727953,4161.942198369417,4176.924143764176,4150.0,4150.0,28,28,0.02996,0.0301225,OK,正常双期限插值,HIST_CLEAN_SURFACE
2020-02-24 00:00:00,2020-02-24,27.2551,0.07428416406848287,2020-03-20,2020-04-17,25,53,0.07700293248869011,0.06838494957180676,4126.397862066685,4136.734864730874,4100.0,4100.0,28,28,0.02996,0.030103750000000002,OK,正常双期限插值,HIST_CLEAN_SURFACE
2020-02-25 00:00:00,2020-02-25,27.2059,0.07401633720215686,2020-03-20,2020-04-17,24,52,0.07602857160656303,0.07061101744085409,4121.134239798532,4127.632317084026,4100.0,4100.0,28,28,0.02996,0.0300975,OK,正常双期限插值,HIST_CLEAN_SURFACE
2020-02-26 00:00:00,2020-02-26,27.8253,0.07742485483996346,2020-03-20,2020-04-17,23,51,0.08065855770087374,0.07304984508696717,4078.998427041537,4087.738770299714,4050.0,4050.0,28,28,0.02996,0.03009125,OK,正常双期限插值,HIST_CLEAN_SURFACE
2020-02-27 00:00:00,2020-02-27,26.0383,0.06779904835077821,2020-03-20,2020-04-17,22,50,0.07070364727378317,0.06460398953547276,4078.7420647582762,4086.9519743155347,4050.0,4050.0,28,28,0.02996,0.030085,OK,正常双期限插值,HIST_CLEAN_SURFACE
2020-02-28 00:00:00,2020-02-28,29.0961,0.08465805018326049,2020-03-20,2020-04-17,21,49,0.09076730618360766,0.07913062808770827,3926.245200567423,3931.2860528980254,3900.0,3900.0,28,28,0.02996,0.03007875,OK,正常双期限插值,HIST_CLEAN_SURFACE
2020-03-02 00:00:00,2020-03-02,27.1943,0.07395276081808633,2020-03-20,2020-04-17,18,46,0.08159545104487005,0.06996527026498174,4056.13523856994,4069.268168814015,4050.0,4050.0,28,28,0.02996,0.03006,OK,正常双期限插值,HIST_CLEAN_SURFACE
2020-03-03 00:00:00,2020-03-03,26.358,0.06947423613972827,2020-03-20,2020-04-17,17,45,0.07537785755219022,0.0669008627035269,4078.4538953014726,4088.673354109094,4050.0,4050.0,28,28,0.02996,0.03005375,OK,正常双期限插值,HIST_CLEAN_SURFACE
2020-03-04 00:00:00,2020-03-04,26.5393,0.0704335269630241,2020-03-20,2020-04-17,16,44,0.07435843555791723,0.06900628747397204,4105.538514344798,4108.611917969161,4100.0,4100.0,28,28,0.02996,0.0300475,OK,正常双期限插值,HIST_CLEAN_SURFACE
2020-03-05 00:00:00,2020-03-05,26.12,0.068225388013103,2020-03-20,2020-04-17,15,43,0.07310542018888966,0.06675002944833028,4193.114575177424,4199.82273119024,4150.0,4150.0,28,28,0.02996,0.030041250000000002,OK,正常双期限插值,HIST_CLEAN_SURFACE
2020-03-06 00:00:00,2020-03-06,27.6018,0.07618577287673206,2020-03-20,2020-04-17,14,42,0.08279252459925832,0.07453408494610048,4125.062124840426,4133.4559038643165,4100.0,4100.0,28,28,0.02996,0.030035,OK,正常双期限插值,HIST_CLEAN_SURFACE
2020-03-09 00:00:00,2020-03-09,32.823,0.10773510805196579,2020-03-20,2020-04-17,11,39,0.1380738027160238,0.10368176018186898,3976.05167807448,3979.070937503103,3950.0,3950.0,28,28,0.02996,0.03001625,OK,正常双期限插值,HIST_CLEAN_SURFACE
2020-03-10 00:00:00,2020-03-10,31.5278,0.09940049846401433,2020-03-20,2020-04-17,10,38,0.12535296471577578,0.09666865991119733,4073.7818588685327,4074.163431378569,4050.0,4050.0,28,28,0.02996,0.030010000000000002,OK,正常双期限插值,HIST_CLEAN_SURFACE
2020-03-11 00:00:00,2020-03-11,31.6164,0.09995948998312335,2020-03-20,2020-04-17,9,37,0.12302823023232892,0.0980890515845391,4005.8918593622,4010.728896565252,4000.0,4000.0,28,28,0.02996,0.03000375,OK,正常双期限插值,HIST_CLEAN_SURFACE
2020-03-12 00:00:00,2020-03-12,33.8909,0.11485936267794981,2020-03-20,2020-04-17,8,36,0.1401126277521503,0.11332886176436191,3944.4163216645484,3936.637221640207,3900.0,3900.0,28,28,0.02996,0.0299975,OK,正常双期限插值,HIST_CLEAN_SURFACE
2020-03-13 00:00:00,2020-03-13,39.5331,0.15628660788027032,2020-03-20,2020-04-17,7,35,0.2168678259835481,0.15365264187577998,3898.1414914229535,3893.0510382403095,3850.0,3850.0,28,28,0.02996,0.02999125,OK,正常双期限插值,HIST_CLEAN_SURFACE
2020-03-16 00:00:00,2020-03-16,43.9699,0.19333513134352612,2020-04-17,2020-05-15,32,60,0.18158730939025686,0.09935255571737198,3696.3142168979307,3697.233498513604,3650.0,3650.0,28,24,0.0299725,0.0301475,WARN,期限未夹住30日,HIST_CLEAN_SURFACE
2020-03-17 00:00:00,2020-03-17,44.072,0.19423392069372702,2020-04-17,2020-05-15,31,59,0.19001333778016224,0.12992368273957888,3686.2530464512824,3679.797291511752,3650.0,3650.0,28,27,0.02996625,0.03014125,WARN,期限未夹住30日,HIST_CLEAN_SURFACE
2020-03-18 00:00:00,2020-03-18,38.6573,0.14943858914503155,2020-04-17,2020-05-15,30,58,0.14943858914503155,0.10968292107203778,3588.605523894813,3596.7320660982205,3550.0,3550.0,28,28,0.02996,0.030135000000000002,WARN,期限未夹住30日,HIST_CLEAN_SURFACE
2020-03-19 00:00:00,2020-03-19,40.1626,0.16130357964473674,2020-04-17,2020-05-15,29,57,0.16458434602009245,0.11623620996221844,3576.2544102758347,3558.8815843695706,3550.0,3550.0,29,29,0.02996,0.03012875,OK,正常双期限插值,HIST_CLEAN_SURFACE
2020-03-20 00:00:00,2020-03-20,37.4062,0.1399224374983729,2020-04-17,2020-05-15,28,56,0.14416390401317417,0.11235290515216442,3634.8443089408547,3622.5602714470333,3600.0,3600.0,30,30,0.02996,0.0301225,OK,正常双期限插值,HIST_CLEAN_SURFACE
2020-03-23 00:00:00,2020-03-23,39.3047,0.1544862069216494,2020-04-17,2020-05-15,25,53,0.16718728481756887,0.12692726431729595,3509.6522523606704,3497.589462161698,3500.0,3450.0,30,30,0.02996,0.030103750000000002,OK,正常双期限插值,HIST_CLEAN_SURFACE
2020-03-24 00:00:00,2020-03-24,38.8018,0.1505582176997575,2020-04-17,2020-05-15,24,52,0.1648130995619021,0.12643457147151274,3603.5127309895815,3598.632901143349,3600.0,3550.0,31,31,0.02996,0.0300975,OK,正常双期限插值,HIST_CLEAN_SURFACE
2020-03-25 00:00:00,2020-03-25,37.5166,0.14074981303415238,2020-04-17,2020-05-15,23,51,0.15372143177961387,0.12319997590793974,3690.9715823627002,3682.520942308567,3650.0,3650.0,31,31,0.02996,0.03009125,OK,正常双期限插值,HIST_CLEAN_SURFACE
2020-03-26 00:00:00,2020-03-26,36.2767,0.13160010050472773,2020-04-17,2020-05-15,22,50,0.14597696669453422,0.11578554769594063,3664.3352505051835,3658.205581434305,3650.0,3650.0,31,31,0.02996,0.030085,OK,正常双期限插值,HIST_CLEAN_SURFACE
2020-03-27 00:00:00,2020-03-27,36.1236,0.13049145590871195,2020-04-17,2020-05-15,21,49,0.14575387886145708,0.11668259704670446,3683.5995303078403,3674.100102009139,3650.0,3650.0,31,31,0.02996,0.03007875,OK,正常双期限插值,HIST_CLEAN_SURFACE
2020-03-30 00:00:00,2020-03-30,34.8462,0.12142599240528154,2020-04-17,2020-05-15,18,46,0.1398136377230027,0.1118324383264705,3658.939378570035,3637.263123748256,3650.0,3600.0,31,31,0.02996,0.03006,OK,正常双期限插值,HIST_CLEAN_SURFACE
2020-03-31 00:00:00,2020-03-31,32.5281,0.10580774482732641,2020-04-17,2020-05-15,17,45,0.12113918122503084,0.09912481101294242,3655.3205745853847,3645.3777071007726,3650.0,3600.0,31,31,0.02996,0.03005375,OK,正常双期限插值,HIST_CLEAN_SURFACE
2020-04-01 00:00:00,2020-04-01,30.7366,0.09447394424624612,2020-04-17,2020-05-15,16,44,0.10654201434431511,0.09008555511967557,3645.4596636741353,3633.447955982512,3600.0,3600.0,31,31,0.02996,0.0300475,OK,正常双期限插值,HIST_CLEAN_SURFACE
2020-04-02 00:00:00,2020-04-02,29.9981,0.08998886986102794,2020-04-17,2020-05-15,15,43,0.10040204579405425,0.0868407003929037,3725.7058817789693,3704.7243630961366,3700.0,3700.0,31,31,0.02996,0.030041250000000002,OK,正常双期限插值,HIST_CLEAN_SURFACE
2020-04-03 00:00:00,2020-04-03,31.086,0.0966341288692127,2020-04-17,2020-05-15,14,42,0.11347564290497228,0.0924237503602728,3696.0214451834245,3685.5501463168484,3650.0,3650.0,31,31,0.02996,0.030035,OK,正常双期限插值,HIST_CLEAN_SURFACE
2020-04-07 00:00:00,2020-04-07,29.2583,0.08560487945425013,2020-04-17,2020-05-15,10,38,0.1051493787832623,0.08354756373540674,3776.2215143627686,3767.1620706230196,3750.0,3750.0,31,31,0.02996,0.030010000000000002,OK,正常双期限插值,HIST_CLEAN_SURFACE
2020-04-08 00:00:00,2020-04-08,27.3881,0.0750107105669506,2020-04-17,2020-05-15,9,37,0.08637066890469189,0.07408963286389049,3763.246705600203,3748.8351474215233,3750.0,3700.0,31,31,0.02996,0.03000375,OK,正常双期限插值,HIST_CLEAN_SURFACE
2020-04-09 00:00:00,2020-04-09,25.6791,0.06594177026041458,2020-04-17,2020-05-15,8,36,0.07482619020804097,0.06540332056661904,3777.2178669505233,3761.206671577774,3750.0,3750.0,31,31,0.02996,0.0299975,OK,正常双期限插值,HIST_CLEAN_SURFACE
2020-04-10 00:00:00,2020-04-10,25.1471,0.06323782863578856,2020-04-17,2020-05-15,7,35,0.06697701271522115,0.06307525541494366,3762.825013622458,3746.595214181516,3750.0,3700.0,31,31,0.02996,0.02999125,OK,正常双期限插值,HIST_CLEAN_SURFACE
2020-04-13 00:00:00,2020-04-13,22.5955,0.05105583789649529,2020-05-15,2020-06-19,32,67,0.05095141890377683,0.050133210378744256,3723.7246878002443,3690.1455380628777,3700.0,3650.0,31,25,0.0299725,0.03019125,WARN,期限未夹住30日,HIST_CLEAN_SURFACE
2020-04-14 00:00:00,2020-04-14,21.6666,0.04694405915107138,2020-05-15,2020-06-19,31,66,0.047083397102315704,0.04930013723574813,3785.3441064251265,3743.7366730280755,3750.0,3700.0,31,25,0.02996625,0.030185,WARN,期限未夹住30日,HIST_CLEAN_SURFACE
2020-04-15 00:00:00,2020-04-15,22.3588,0.04999156199642046,2020-05-15,2020-06-19,30,65,0.04999156199642046,0.04999752541534685,3764.339239770981,3732.4686798557264,3750.0,3700.0,30,26,0.02996,0.03017875,WARN,期限未夹住30日,HIST_CLEAN_SURFACE
2020-04-16 00:00:00,2020-04-16,22.2858,0.04966559766581824,2020-05-15,2020-06-19,29,64,0.04955987311483281,0.05129441652943757,3773.5749282690117,3738.7629144146513,3750.0,3700.0,31,26,0.02996,0.0301725,OK,正常双期限插值,HIST_CLEAN_SURFACE
2020-04-17 00:00:00,2020-04-17,21.9356,0.048117234797962635,2020-05-15,2020-06-19,28,63,0.04802584507946225,0.048787426066965435,3799.829174071101,3761.0557111464987,3750.0,3750.0,31,26,0.02996,0.030166250000000002,OK,正常双期限插值,HIST_CLEAN_SURFACE
2020-04-20 00:00:00,2020-04-20,22.8001,0.051984452595112626,2020-05-15,2020-06-19,25,60,0.05235334849003645,0.05106221285780307,3806.9838126670134,3770.654932838356,3800.0,3750.0,31,26,0.02996,0.0301475,OK,正常双期限插值,HIST_CLEAN_SURFACE
2020-04-21 00:00:00,2020-04-21,22.3123,0.04978394936254067,2020-05-15,2020-06-19,24,59,0.05016489770299784,0.049034966184692684,3760.9230953433307,3723.740484585216,3750.0,3700.0,30,26,0.02996,0.03014125,OK,正常双期限插值,HIST_CLEAN_SURFACE
2020-04-22 00:00:00,2020-04-22,22.5531,0.050864418819285294,2020-05-15,2020-06-19,23,58,0.050643706627763574,0.0512145140196301,3795.5916854361685,3753.667143777502,3750.0,3750.0,31,26,0.02996,0.030135000000000002,OK,正常双期限插值,HIST_CLEAN_SURFACE
2020-04-23 00:00:00,2020-04-23,21.8074,0.04755634734922866,2020-05-15,2020-06-19,22,57,0.04671852128289511,0.04864772604089998,3788.0883002282258,3742.4985328985886,3750.0,3700.0,31,26,0.02996,0.03012875,OK,正常双期限插值,HIST_CLEAN_SURFACE
2020-04-24 00:00:00,2020-04-24,21.046,0.044293534393980594,2020-05-15,2020-06-19,21,56,0.04216911385593107,0.04659498997686756,3773.161322101507,3729.534400065215,3750.0,3700.0,31,26,0.02996,0.0301225,OK,正常双期限插值,HIST_CLEAN_SURFACE
2020-04-27 00:00:00,2020-04-27,20.7161,0.042915845501654025,2020-05-15,2020-06-19,18,53,0.04144097625966914,0.04387590189502155,3795.3129357535154,3758.294767453119,3750.0,3750.0,30,26,0.02996,0.030103750000000002,OK,正常双期限插值,HIST_CLEAN_SURFACE
2020-04-28 00:00:00,2020-04-28,20.9275,0.043795930386948574,2020-05-15,2020-06-19,17,52,0.04139730806738113,0.04512297883002288,3816.02234194048,3777.3933575238725,3800.0,3750.0,31,26,0.02996,0.0300975,OK,正常双期限插值,HIST_CLEAN_SURFACE
2020-04-29 00:00:00,2020-04-29,21.2689,0.0452367789131519,2020-05-15,2020-06-19,16,51,0.04442992297629492,0.04561647582461399,3837.7839670302983,3798.30278452586,3800.0,3750.0,29,26,0.02996,0.03009125,OK,正常双期限插值,HIST_CLEAN_SURFACE
2020-04-30 00:00:00,2020-04-30,23.2945,0.054263418776324006,2020-05-15,2020-06-19,15,50,0.05917342634096718,0.05229941575046674,3901.2518778939157,3869.6908869572935,3900.0,3850.0,31,26,0.02996,0.030085,OK,正常双期限插值,HIST_CLEAN_SURFACE
2020-05-06 00:00:00,2020-05-06,22.7558,0.051782416370052174,2020-05-15,2020-06-19,9,44,0.05763614385971755,0.05098418080327962,3918.923529966888,3889.1222314325605,3900.0,3850.0,29,27,0.02996,0.0300475,OK,正常双期限插值,HIST_CLEAN_SURFACE
2020-05-07 00:00:00,2020-05-07,20.6722,0.04273400011635392,2020-05-15,2020-06-19,8,43,0.041384769096509934,0.042882329953630643,3908.40551773472,3872.9275571308867,3900.0,3850.0,31,27,0.02996,0.030041250000000002,OK,正常双期限插值,HIST_CLEAN_SURFACE
2020-05-08 00:00:00,2020-05-08,20.0834,0.04033437061302935,2020-05-15,2020-06-19,7,42,0.03929787908703533,0.04042450031094187,3951.343330592369,3919.2408845038235,3950.0,3900.0,30,27,0.02996,0.030035,OK,正常双期限插值,HIST_CLEAN_SURFACE
2020-05-11 00:00:00,2020-05-11,20.8747,0.04357531094144684,2020-06-19,2020-07-17,39,67,0.04117428724836382,0.03782957762615862,3916.07824250206,3892.311628922261,3900.0,3850.0,27,21,0.03001625,0.03019125,WARN,期限未夹住30日,HIST_CLEAN_SURFACE
2020-05-12 00:00:00,2020-05-12,20.5812,0.04235846266541626,2020-06-19,2020-07-17,38,66,0.04012185518489351,0.036563616011334586,3907.0660696164377,3880.630243020457,3900.0,3850.0,27,21,0.030010000000000002,0.030185,WARN,期限未夹住30日,HIST_CLEAN_SURFACE
2020-05-13 00:00:00,2020-05-13,20.1269,0.040509258830111056,2020-06-19,2020-07-17,37,65,0.03963602682560994,0.03802390620191555,3917.773423280665,3893.6338724179373,3900.0,3850.0,27,21,0.03000375,0.03017875,WARN,期限未夹住30日,HIST_CLEAN_SURFACE
2020-05-14 00:00:00,2020-05-14,19.487,0.03797430775720493,2020-06-19,2020-07-17,36,64,0.0370170179172242,0.03492294639226633,3879.635265271284,3858.3301964419074,3850.0,3850.0,27,21,0.0299975,0.0301725,WARN,期限未夹住30日,HIST_CLEAN_SURFACE
2020-05-15 00:00:00,2020-05-15,19.2815,0.03717747124500105,2020-06-19,2020-07-17,35,63,0.036452777995124024,0.03452026266211863,3864.4788282847912,3841.9205036430267,3850.0,3800.0,27,21,0.02999125,0.030166250000000002,WARN,期限未夹住30日,HIST_CLEAN_SURFACE
2020-05-18 00:00:00,2020-05-18,18.7457,0.03514011330223368,2020-06-19,2020-07-17,32,60,0.0348795676616999,0.03305574817796348,3883.281905222172,3844.371567503973,3850.0,3800.0,27,21,0.0299725,0.0301475,WARN,期限未夹住30日,HIST_CLEAN_SURFACE
2020-05-19 00:00:00,2020-05-19,17.8892,0.03200218293324766,2020-06-19,2020-07-17,31,59,0.03191776834800981,0.030715933575131874,3912.4983239086578,3872.7247119208782,3900.0,3850.0,27,21,0.02996625,0.03014125,WARN,期限未夹住30日,HIST_CLEAN_SURFACE
2020-05-20 00:00:00,2020-05-20,17.0701,0.029138917541376517,2020-06-19,2020-07-17,30,58,0.02913891754137652,0.02746474924418125,3898.6426052110573,3854.6611232037253,3850.0,3850.0,27,21,0.02996,0.030135000000000002,WARN,期限未夹住30日,HIST_CLEAN_SURFACE
2020-05-21 00:00:00,2020-05-21,18.5848,0.034539503519873435,2020-06-19,2020-07-17,29,57,0.03484471378927315,0.030346878240224598,3873.37445162523,3832.4830764846083,3850.0,3800.0,27,21,0.02996,0.03012875,OK,正常双期限插值,HIST_CLEAN_SURFACE
2020-05-22 00:00:00,2020-05-22,21.4888,0.04617669757235283,2020-06-19,2020-07-17,28,56,0.047628577732445616,0.03673947653174968,3783.7627246992765,3747.8302976684326,3750.0,3700.0,27,21,0.02996,0.0301225,OK,正常双期限插值,HIST_CLEAN_SURFACE
2020-05-25 00:00:00,2020-05-25,19.9168,0.03966771811495093,2020-06-19,2020-07-17,25,53,0.041883099288367656,0.03486075896508444,3795.1951453614884,3751.5706436509613,3750.0,3750.0,27,21,0.02996,0.030103750000000002,OK,正常双期限插值,HIST_CLEAN_SURFACE
2020-05-26 00:00:00,2020-05-26,19.0352,0.03623391797676979,2020-06-19,2020-07-17,24,52,0.037441681767782835,0.03419001002274771,3829.625311738056,3789.1535916542416,3800.0,3750.0,27,21,0.02996,0.0300975,OK,正常双期限插值,HIST_CLEAN_SURFACE
2020-05-27 00:00:00,2020-05-27,20.2519,0.04101382727085754,2020-06-19,2020-07-17,23,51,0.04353993407591142,0.03759615335813757,3808.937455703398,3766.192011399858,3800.0,3750.0,27,21,0.02996,0.03009125,OK,正常双期限插值,HIST_CLEAN_SURFACE
2020-05-28 00:00:00,2020-05-28,20.5682,0.04230492343029817,2020-06-19,2020-07-17,22,50,0.04502323267355965,0.039314783262710554,3815.7518151610193,3776.950274286609,3800.0,3750.0,27,21,0.02996,0.030085,OK,正常双期限插值,HIST_CLEAN_SURFACE
2020-05-29 00:00:00,2020-05-29,20.6663,0.042709743746956554,2020-06-19,2020-07-17,21,49,0.04614824988934521,0.03959871438003348,3818.6162614457926,3776.9129285923154,3800.0,3750.0,27,21,0.02996,0.03007875,OK,正常双期限插值,HIST_CLEAN_SURFACE
2020-06-01 00:00:00,2020-06-01,19.4644,0.0378862643359314,2020-06-19,2020-07-17,18,46,0.04004143734013141,0.03676182624678356,3937.5292271458284,3895.7840586120583,3900.0,3850.0,27,21,0.02996,0.03006,OK,正常双期限插值,HIST_CLEAN_SURFACE
2020-06-02 00:00:00,2020-06-02,18.9558,0.03593212544046287,2020-06-19,2020-07-17,17,45,0.03855283695744234,0.03478976400998464,3951.3928732310183,3906.7979168016086,3950.0,3900.0,27,21,0.02996,0.03005375,OK,正常双期限插值,HIST_CLEAN_SURFACE
2020-06-03 00:00:00,2020-06-03,19.326,0.03734947427110711,2020-06-19,2020-07-17,16,44,0.0405756181644715,0.036176331037156416,3954.7047483174365,3907.809014983282,3950.0,3900.0,27,21,0.02996,0.0300475,OK,正常双期限插值,HIST_CLEAN_SURFACE
2020-06-04 00:00:00,2020-06-04,19.4615,0.03787514663411871,2020-06-19,2020-07-17,15,43,0.041566943601626216,0.03675902196952341,3950.6470795935725,3904.3218385933396,3950.0,3900.0,27,21,0.02996,0.030041250000000002,OK,正常双期限插值,HIST_CLEAN_SURFACE
2020-06-05 00:00:00,2020-06-05,19.1483,0.036665704608120984,2020-06-19,2020-07-17,14,42,0.03913811163005492,0.0360476028526375,3976.6634631379648,3926.7009571823446,3950.0,3900.0,27,21,0.02996,0.030035,OK,正常双期限插值,HIST_CLEAN_SURFACE
2020-06-08 00:00:00,2020-06-08,18.6097,0.034632087585993676,2020-06-19,2020-07-17,11,39,0.03613142468254357,0.03443177129374207,3988.0343258503085,3934.1983946058735,3950.0,3900.0,28,22,0.02996,0.03001625,OK,正常双期限插值,HIST_CLEAN_SURFACE
2020-06-09 00:00:00,2020-06-09,19.1412,0.0366386000354021,2020-06-19,2020-07-17,10,38,0.038007800720748705,0.036494473647470875,4016.011899661181,3960.005937901989,4000.0,3950.0,28,22,0.02996,0.030010000000000002,OK,正常双期限插值,HIST_CLEAN_SURFACE
2020-06-10 00:00:00,2020-06-10,19.2056,0.03688552748458578,2020-06-19,2020-07-17,9,37,0.04018806799496833,0.0366177539296899,4011.7219260812913,3954.9669266092596,4000.0,3950.0,28,23,0.02996,0.03000375,OK,正常双期限插值,HIST_CLEAN_SURFACE
2020-06-11 00:00:00,2020-06-11,20.0848,0.04034000354221676,2020-06-19,2020-07-17,8,36,0.039709343298088486,0.040378225375194234,3966.6609513588814,3903.9783190268386,3950.0,3900.0,28,23,0.02996,0.0299975,OK,正常双期限插值,HIST_CLEAN_SURFACE
2020-06-12 00:00:00,2020-06-12,19.5258,0.03812554089294281,2020-06-19,2020-07-17,7,35,0.03823500588349199,0.03812078154552763,3981.7358596827253,3923.4194372400407,3950.0,3900.0,28,23,0.02996,0.02999125,OK,正常双期限插值,HIST_CLEAN_SURFACE
2020-06-15 00:00:00,2020-06-15,20.162,0.04065043174699667,2020-07-17,2020-08-21,32,67,0.0403683193326238,0.03815773698119465,3868.6628249705655,3842.7337757717933,3850.0,3800.0,23,22,0.0299725,0.03019125,WARN,期限未夹住30日,HIST_CLEAN_SURFACE
2020-06-16 00:00:00,2020-06-16,18.9184,0.03579060605557388,2020-07-17,2020-08-21,31,66,0.03579572507444889,0.0358771640110968,3943.980214690183,3899.313147678679,3900.0,3850.0,23,22,0.02996625,0.030185,WARN,期限未夹住30日,HIST_CLEAN_SURFACE
2020-06-17 00:00:00,2020-06-17,19.4933,0.03799903267762651,2020-07-17,2020-08-21,30,65,0.03799903267762651,0.037267652248469785,3945.3886586994827,3908.585809171488,3900.0,3900.0,22,22,0.02996,0.03017875,WARN,期限未夹住30日,HIST_CLEAN_SURFACE
2020-06-18 00:00:00,2020-06-18,19.1149,0.03653784314342654,2020-07-17,2020-08-21,29,64,0.03653427795575745,0.03659276931595346,3991.8996185510186,3949.5372981004657,3950.0,3900.0,23,22,0.02996,0.0301725,OK,正常双期限插值,HIST_CLEAN_SURFACE
2020-06-19 00:00:00,2020-06-19,20.2807,0.04113074081420623,2020-07-17,2020-08-21,28,63,0.041232721204147844,0.04038288462130103,4051.856770440789,4028.266857082859,4050.0,4000.0,23,22,0.02996,0.030166250000000002,OK,正常双期限插值,HIST_CLEAN_SURFACE
2020-06-22 00:00:00,2020-06-22,21.4392,0.04596380078868991,2020-07-17,2020-08-21,25,60,0.04733078382622617,0.04254634319484925,4053.1627813154582,4036.342381314173,4050.0,4000.0,24,23,0.02996,0.0301475,OK,正常双期限插值,HIST_CLEAN_SURFACE
2020-06-23 00:00:00,2020-06-23,22.1369,0.04900402595200748,2020-07-17,2020-08-21,24,59,0.05069818683506422,0.045673133368370505,4076.1498654847915,4048.1479837698025,4050.0,4000.0,24,23,0.02996,0.03014125,OK,正常双期限插值,HIST_CLEAN_SURFACE
2020-06-24 00:00:00,2020-06-24,22.2693,0.04959206528616311,2020-07-17,2020-08-21,23,58,0.05160376367141138,0.046401095433700315,4104.419725138746,4076.6308205260693,4100.0,4050.0,24,23,0.02996,0.030135000000000002,OK,正常双期限插值,HIST_CLEAN_SURFACE
2020-06-29 00:00:00,2020-06-29,20.8997,0.043679612688357766,2020-07-17,2020-08-21,18,53,0.0458878194930021,0.04224219505137229,4077.03992142949,4043.978229334749,4050.0,4000.0,25,24,0.02996,0.030103750000000002,OK,正常双期限插值,HIST_CLEAN_SURFACE
2020-06-30 00:00:00,2020-06-30,19.4421,0.03779947302158922,2020-07-17,2020-08-21,17,52,0.038794214781026036,0.03724912772864636,4123.563135798209,4094.426560923264,4100.0,4050.0,25,24,0.02996,0.0300975,OK,正常双期限插值,HIST_CLEAN_SURFACE
2020-07-01 00:00:00,2020-07-01,20.3765,0.04152005974620051,2020-07-17,2020-08-21,16,51,0.04489099730317947,0.039933736189975116,4220.301740346477,4181.933985555956,4200.0,4150.0,25,24,0.02996,0.03009125,OK,正常双期限插值,HIST_CLEAN_SURFACE
2020-07-02 00:00:00,2020-07-02,23.0621,0.0531861426916011,2020-07-17,2020-08-21,15,50,0.0597301763996362,0.050568529208387065,4324.657649259961,4301.654706898053,4300.0,4300.0,27,26,0.02996,0.030085,OK,正常双期限插值,HIST_CLEAN_SURFACE
2020-07-03 00:00:00,2020-07-03,24.9711,0.06235574371733944,2020-07-17,2020-08-21,14,49,0.07164384249879925,0.059204424487915575,4414.416557281446,4396.556541482,4400.0,4350.0,29,28,0.02996,0.03007875,OK,正常双期限插值,HIST_CLEAN_SURFACE
2020-07-06 00:00:00,2020-07-06,31.3119,0.09804339741673573,2020-07-17,2020-08-21,11,46,0.15062486323074065,0.08745491002169582,4746.699331212116,4751.59140295708,4700.0,4750.0,31,30,0.02996,0.03006,OK,正常双期限插值,HIST_CLEAN_SURFACE
2020-07-07 00:00:00,2020-07-07,32.2218,0.10382468068455715,2020-07-17,2020-08-21,10,45,0.1403226856529727,0.0977416798564879,4714.148554042623,4728.851127148561,4700.0,4700.0,35,34,0.02996,0.03005375,OK,正常双期限插值,HIST_CLEAN_SURFACE
2020-07-08 00:00:00,2020-07-08,32.3663,0.1047574811702345,2020-07-17,2020-08-21,9,44,0.14128300744078057,0.0997767275878873,4766.011824202582,4763.712836699251,4750.0,4750.0,35,34,0.02996,0.0300475,OK,正常双期限插值,HIST_CLEAN_SURFACE
2020-07-09 00:00:00,2020-07-09,32.1912,0.10362717462682063,2020-07-17,2020-08-21,8,43,0.14176603921901665,0.09943431847715005,4830.848050637969,4817.267215304651,4800.0,4800.0,36,35,0.02996,0.030041250000000002,OK,正常双期限插值,HIST_CLEAN_SURFACE
2020-07-10 00:00:00,2020-07-10,31.8415,0.10138811183525773,2020-07-17,2020-08-21,7,42,0.11499220362589276,0.10020514733172423,4748.836378626499,4744.024393260411,4700.0,4700.0,36,35,0.02996,0.030035,OK,正常双期限插值,HIST_CLEAN_SURFACE
2020-07-13 00:00:00,2020-07-13,29.1387,0.0849064903664925,2020-08-21,2020-09-18,39,67,0.08279742481873102,0.07985942306065531,4828.330612929551,4809.802956474136,4800.0,4800.0,35,34,0.03001625,0.03019125,WARN,期限未夹住30日,HIST_CLEAN_SURFACE
2020-07-14 00:00:00,2020-07-14,30.6724,0.09407966648001242,2020-08-21,2020-09-18,38,66,0.0894118296197668,0.08198572552392153,4781.5769721198085,4763.613045158036,4750.0,4750.0,35,35,0.030010000000000002,0.030185,WARN,期限未夹住30日,HIST_CLEAN_SURFACE
2020-07-15 00:00:00,2020-07-15,30.7378,0.09448110649889734,2020-08-21,2020-09-18,37,65,0.09034272054975355,0.08270262341287277,4731.429882040925,4716.0600583496425,4700.0,4700.0,35,35,0.03000375,0.03017875,WARN,期限未夹住30日,HIST_CLEAN_SURFACE
2020-07-16 00:00:00,2020-07-16,35.0939,0.1231579776146422,2020-08-21,2020-09-18,36,64,0.1125385052588395,0.08930840948052116,4496.722467142526,4477.618073115362,4450.0,4450.0,35,36,0.0299975,0.0301725,WARN,期限未夹住30日,HIST_CLEAN_SURFACE
2020-07-17 00:00:00,2020-07-17,28.6735,0.08221694498399927,2020-08-21,2020-09-18,35,63,0.08069958299358536,0.07665328435248159,4528.704207987765,4508.137255152919,4500.0,4500.0,35,36,0.02999125,0.030166250000000002,WARN,期限未夹住30日,HIST_CLEAN_SURFACE
2020-07-20 00:00:00,2020-07-20,29.447,0.0867128638066356,2020-08-21,2020-09-18,32,60,0.08571406350623884,0.07872246140346148,4648.5273491858325,4627.158045021578,4600.0,4600.0,35,35,0.0299725,0.0301475,WARN,期限未夹住30日,HIST_CLEAN_SURFACE
2020-07-21 00:00:00,2020-07-21,28.2807,0.07997974871120037,2020-08-21,2020-09-18,31,59,0.07969794948624474,0.07568589272416482,4660.4755652898275,4639.1446381229,4650.0,4600.0,35,35,0.02996625,0.03014125,WARN,期限未夹住30日,HIST_CLEAN_SURFACE
2020-07-22 00:00:00,2020-07-22,27.7107,0.07678846518268918,2020-08-21,2020-09-18,30,58,0.07678846518268918,0.07446710361531036,4681.230866692291,4649.327922619676,4650.0,4600.0,35,35,0.02996,0.030135000000000002,WARN,期限未夹住30日,HIST_CLEAN_SURFACE
2020-07-23 00:00:00,2020-07-23,28.4495,0.08093740751384723,2020-08-21,2020-09-18,29,57,0.08123961093097914,0.07678608688903486,4686.900174744722,4664.577902098019,4650.0,4650.0,35,35,0.02996,0.03012875,OK,正常双期限插值,HIST_CLEAN_SURFACE
2020-07-24 00:00:00,2020-07-24,32.5618,0.10602719864146223,2020-08-21,2020-09-18,28,56,0.10822279694538756,0.09175580966594755,4469.7897799964285,4443.17099733915,4450.0,4400.0,35,36,0.02996,0.0301225,OK,正常双期限插值,HIST_CLEAN_SURFACE
2020-07-27 00:00:00,2020-07-27,31.2158,0.09744263012850206,2020-08-21,2020-09-18,25,53,0.10070400218196822,0.09036606812569814,4500.328205320733,4463.927365383551,4500.0,4450.0,35,36,0.02996,0.030103750000000002,OK,正常双期限插值,HIST_CLEAN_SURFACE
2020-07-28 00:00:00,2020-07-28,30.6652,0.09403534330757805,2020-08-21,2020-09-18,24,52,0.09800925149186249,0.08731026791878906,4531.57072478471,4504.205404823619,4500.0,4500.0,35,36,0.02996,0.0300975,OK,正常双期限插值,HIST_CLEAN_SURFACE
2020-07-29 00:00:00,2020-07-29,30.9624,0.09586706167412642,2020-08-21,2020-09-18,23,51,0.1007049164170045,0.08932172878670311,4674.417505110095,4656.264886200464,4650.0,4650.0,35,35,0.02996,0.03009125,OK,正常双期限插值,HIST_CLEAN_SURFACE
2020-07-30 00:00:00,2020-07-30,31.3018,0.0979805185802872,2020-08-21,2020-09-18,22,50,0.10286973907335042,0.09260237603791763,4640.461221000647,4628.553660312981,4600.0,4600.0,35,35,0.02996,0.030085,OK,正常双期限插值,HIST_CLEAN_SURFACE
2020-07-31 00:00:00,2020-07-31,31.8668,0.1015492162461234,2020-08-21,2020-09-18,21,49,0.1077664990764995,0.09592405559006884,4662.448898711306,4644.981266747649,4650.0,4600.0,35,35,0.02996,0.03007875,OK,正常双期限插值,HIST_CLEAN_SURFACE
2020-08-03 00:00:00,2020-08-03,32.9299,0.10843797863704575,2020-08-21,2020-09-18,18,46,0.12206962354472625,0.10132581607651678,4740.911786844797,4724.216688346285,4700.0,4700.0,35,35,0.02996,0.03006,OK,正常双期限插值,HIST_CLEAN_SURFACE
2020-08-04 00:00:00,2020-08-04,31.5957,0.09982867381604371,2020-08-21,2020-09-18,17,45,0.1100687975178666,0.09536503015114654,4755.981310794446,4732.6907793335395,4750.0,4700.0,35,35,0.02996,0.03005375,OK,正常双期限插值,HIST_CLEAN_SURFACE
2020-08-05 00:00:00,2020-08-05,31.4987,0.09921659719177463,2020-08-21,2020-09-18,16,44,0.10867295205525586,0.09577792269596325,4745.127983054128,4721.323640769269,4700.0,4700.0,35,35,0.02996,0.0300475,OK,正常双期限插值,HIST_CLEAN_SURFACE
2020-08-06 00:00:00,2020-08-06,26.7004,0.07129092544998036,2020-09-18,2020-10-16,43,71,0.06958786532580108,0.06803795145330856,4708.229080773571,4698.500451818254,4700.0,4650.0,22,17,0.030041250000000002,0.03021625,WARN,"期限未夹住30日；期限质量 near=WARN, next=OK",HIST_CLEAN_SURFACE
2020-08-07 00:00:00,2020-08-07,31.8462,0.10141810549526946,2020-08-21,2020-09-18,14,42,0.10684249569064241,0.10006200794642621,4681.159724930637,4660.838639951898,4650.0,4650.0,35,35,0.02996,0.030035,OK,正常双期限插值,HIST_CLEAN_SURFACE
2020-08-10 00:00:00,2020-08-10,31.6465,0.10015018057992474,2020-08-21,2020-09-18,11,39,0.11088391425806866,0.09871611899539538,4696.661612624548,4672.473890378662,4650.0,4650.0,35,35,0.02996,0.03001625,OK,正常双期限插值,HIST_CLEAN_SURFACE
2020-08-11 00:00:00,2020-08-11,29.4536,0.08675167846402977,2020-08-21,2020-09-18,10,38,0.09561522360355451,0.08581867371250083,4648.9666635004505,4619.103620191268,4600.0,4600.0,34,36,0.02996,0.030010000000000002,OK,正常双期限插值,HIST_CLEAN_SURFACE
2020-08-12 00:00:00,2020-08-12,29.3515,0.08615112977386381,2020-08-21,2020-09-18,9,37,0.09644050694452337,0.08531685594921574,4625.581072020542,4594.382941806353,4600.0,4550.0,35,36,0.02996,0.03000375,OK,正常双期限插值,HIST_CLEAN_SURFACE
2020-08-13 00:00:00,2020-08-13,28.4287,0.08081937516376084,2020-08-21,2020-09-18,8,36,0.08824639630157136,0.0803692526705602,4611.320084392063,4587.362665712616,4600.0,4550.0,34,36,0.02996,0.0299975,OK,正常双期限插值,HIST_CLEAN_SURFACE
2020-08-14 00:00:00,2020-08-14,28.307,0.08012866603741021,2020-08-21,2020-09-18,7,35,0.08975935263057948,0.07970994053335938,4714.699433040727,4686.26900862134,4700.0,4650.0,34,35,0.02996,0.02999125,OK,正常双期限插值,HIST_CLEAN_SURFACE
2020-08-17 00:00:00,2020-08-17,30.7603,0.094619434072365,2020-09-18,2020-10-16,32,60,0.09179318652164323,0.07200945366659099,4799.4143271777375,4795.931671840762,4750.0,4750.0,34,22,0.0299725,0.0301475,WARN,期限未夹住30日,HIST_CLEAN_SURFACE
2020-08-18 00:00:00,2020-08-18,30.7018,0.09426017690236765,2020-09-18,2020-10-16,31,59,0.09281941338669988,0.07230684807888768,4792.129302553308,4784.355008831529,4750.0,4750.0,34,22,0.02996625,0.03014125,WARN,期限未夹住30日,HIST_CLEAN_SURFACE
2020-08-19 00:00:00,2020-08-19,29.3611,0.08620717014223858,2020-09-18,2020-10-16,30,58,0.08620717014223858,0.06930110467054698,4714.782684797694,4723.697852847864,4700.0,4700.0,35,22,0.02996,0.030135000000000002,WARN,期限未夹住30日,HIST_CLEAN_SURFACE
2020-08-20 00:00:00,2020-08-20,28.0312,0.07857455504260233,2020-09-18,2020-10-16,29,57,0.0796727892064465,0.06348828573926894,4653.5459285041425,4652.349815282444,4650.0,4650.0,35,22,0.02996,0.03012875,OK,正常双期限插值,HIST_CLEAN_SURFACE
2020-08-21 00:00:00,2020-08-21,28.1351,0.07915850662782192,2020-09-18,2020-10-16,28,56,0.08135659054726166,0.06487096115146364,4695.675204488234,4682.483071884222,4650.0,4650.0,35,22,0.02996,0.0301225,OK,正常双期限插值,HIST_CLEAN_SURFACE
2020-08-24 00:00:00,2020-08-24,27.2743,0.07438871896126145,2020-09-18,2020-10-16,25,53,0.07884822493966503,0.064712432404348,4716.22827208189,4698.411154425589,4700.0,4650.0,35,22,0.02996,0.030103750000000002,OK,正常双期限插值,HIST_CLEAN_SURFACE
2020-08-25 00:00:00,2020-08-25,26.5918,0.07071257849765336,2020-09-18,2020-10-16,24,52,0.07687648161915124,0.06028135783050311,4734.569632520186,4714.197609480916,4700.0,4700.0,35,22,0.02996,0.0300975,OK,正常双期限插值,HIST_CLEAN_SURFACE
2020-08-26 00:00:00,2020-08-26,27.1922,0.07394150780122358,2020-09-18,2020-10-16,23,51,0.08134204117000926,0.06392902147874882,4679.213972771154,4664.080398228797,4650.0,4650.0,34,22,0.02996,0.03009125,OK,正常双期限插值,HIST_CLEAN_SURFACE
2020-08-27 00:00:00,2020-08-27,26.2047,0.06866866242875021,2020-09-18,2020-10-16,22,50,0.07607229596738334,0.06052466553625375,4715.13710109939,4691.7249779012645,4700.0,4650.0,35,22,0.02996,0.030085,OK,正常双期限插值,HIST_CLEAN_SURFACE
2020-08-28 00:00:00,2020-08-28,26.3891,0.06963854119343356,2020-09-18,2020-10-16,21,49,0.07727921564704227,0.06272555002112093,4844.541881847876,4825.696658796357,4800.0,4800.0,32,22,0.02996,0.03007875,OK,正常双期限插值,HIST_CLEAN_SURFACE
2020-08-31 00:00:00,2020-08-31,26.465,0.07003955567900706,2020-09-18,2020-10-16,18,46,0.08277634779201964,0.06339427283743526,4787.760471423063,4774.285303833354,4750.0,4750.0,34,22,0.02996,0.03006,OK,正常双期限插值,HIST_CLEAN_SURFACE
2020-09-01 00:00:00,2020-09-01,26.3537,0.06945185597381295,2020-09-18,2020-10-16,17,45,0.08251920245160797,0.06375583315015869,4833.045964721852,4816.4845913508925,4800.0,4800.0,34,22,0.02996,0.03005375,OK,正常双期限插值,HIST_CLEAN_SURFACE
2020-09-02 00:00:00,2020-09-02,26.4032,0.06971266702904662,2020-09-18,2020-10-16,16,44,0.08350728080669718,0.06469644383717366,4808.74585587281,4797.645337932604,4800.0,4750.0,34,22,0.02996,0.0300475,OK,正常双期限插值,HIST_CLEAN_SURFACE
2020-09-03 00:00:00,2020-09-03,26.8028,0.07183925599857957,2020-09-18,2020-10-16,15,43,0.08506727941688799,0.06784008612792816,4795.957535369526,4769.145305142276,4750.0,4750.0,34,22,0.02996,0.030041250000000002,OK,正常双期限插值,HIST_CLEAN_SURFACE
2020-09-04 00:00:00,2020-09-04,26.7745,0.07168724765272602,2020-09-18,2020-10-16,14,42,0.08163133123248789,0.06920122675778555,4754.97638809282,4741.145957171084,4750.0,4700.0,35,22,0.02996,0.030035,OK,正常双期限插值,HIST_CLEAN_SURFACE
2020-09-07 00:00:00,2020-09-07,27.4643,0.0754286294623728,2020-09-18,2020-10-16,11,39,0.09717594431208246,0.0725231177618043,4645.290540875056,4621.14750816031,4600.0,4600.0,33,22,0.02996,0.03001625,OK,正常双期限插值,HIST_CLEAN_SURFACE
2020-09-08 00:00:00,2020-09-08,27.3451,0.07477553048121813,2020-09-18,2020-10-16,10,38,0.08563557183944913,0.07363236823298328,4683.842218769887,4660.9919100509305,4650.0,4650.0,35,22,0.02996,0.030010000000000002,OK,正常双期限插值,HIST_CLEAN_SURFACE
2020-09-09 00:00:00,2020-09-09,27.8789,0.07772317975222291,2020-09-18,2020-10-16,9,37,0.08969526008946863,0.07675247053568947,4579.202490376266,4560.003513900956,4550.0,4550.0,35,22,0.02996,0.03000375,OK,正常双期限插值,HIST_CLEAN_SURFACE
2020-09-10 00:00:00,2020-09-10,25.6419,0.06575087756614834,2020-09-18,2020-10-16,8,36,0.07428752036284028,0.06523350527543974,4574.5724082048755,4549.503892810741,4550.0,4500.0,36,22,0.02996,0.0299975,OK,正常双期限插值,HIST_CLEAN_SURFACE
2020-09-11 00:00:00,2020-09-11,24.9073,0.06203717436535971,2020-09-18,2020-10-16,7,35,0.05685835556994976,0.062262340399942745,4610.911628957796,4591.858629181346,4600.0,4550.0,36,22,0.02996,0.02999125,OK,正常双期限插值,HIST_CLEAN_SURFACE
2020-09-14 00:00:00,2020-09-14,23.4881,0.05516910315846256,2020-10-16,2020-11-20,32,67,0.055289092202175455,0.056229304858134745,4617.763010372178,4594.053175048424,4600.0,4550.0,22,23,0.0299725,0.03019125,WARN,期限未夹住30日,HIST_CLEAN_SURFACE
2020-09-15 00:00:00,2020-09-15,22.7091,0.05157037645720256,2020-10-16,2020-11-20,31,66,0.05164832243509067,0.052888372083310584,4644.980714000944,4628.6858598772105,4600.0,4600.0,22,23,0.02996625,0.030185,WARN,期限未夹住30日,HIST_CLEAN_SURFACE
2020-09-16 00:00:00,2020-09-16,21.8694,0.047826851390886355,2020-10-16,2020-11-20,30,65,0.047826851390886355,0.05185132021149494,4613.988460090359,4592.17157707066,4600.0,4550.0,22,23,0.02996,0.03017875,WARN,期限未夹住30日,HIST_CLEAN_SURFACE
2020-09-17 00:00:00,2020-09-17,22.5139,0.050687346715528145,2020-10-16,2020-11-20,29,64,0.05059443256082211,0.05211880541146801,4598.368732721536,4574.0690705926745,4550.0,4550.0,22,23,0.02996,0.0301725,OK,正常双期限插值,HIST_CLEAN_SURFACE
2020-09-18 00:00:00,2020-09-18,22.837,0.05215287615785209,2020-10-16,2020-11-20,28,63,0.05162510168823694,0.05602322226836313,4735.787264804082,4709.864044136289,4700.0,4700.0,22,23,0.02996,0.030166250000000002,OK,正常双期限插值,HIST_CLEAN_SURFACE
2020-09-21 00:00:00,2020-09-21,23.3495,0.05452006142576621,2020-10-16,2020-11-20,25,60,0.05322773330993947,0.05775088171533305,4677.800657903532,4665.08275572993,4650.0,4650.0,22,23,0.02996,0.0301475,OK,正常双期限插值,HIST_CLEAN_SURFACE
2020-09-22 00:00:00,2020-09-22,23.6816,0.05608171786129691,2020-10-16,2020-11-20,24,59,0.05475313657482436,0.05869384378046329,4617.36087711646,4592.810572476815,4600.0,4550.0,22,23,0.02996,0.03014125,OK,正常双期限插值,HIST_CLEAN_SURFACE
2020-09-23 00:00:00,2020-09-23,22.7435,0.0517264722214103,2020-10-16,2020-11-20,23,58,0.04983666569827173,0.05472409636156112,4625.856522035033,4606.7941087711815,4600.0,4600.0,22,23,0.02996,0.030135000000000002,OK,正常双期限插值,HIST_CLEAN_SURFACE
2020-09-24 00:00:00,2020-09-24,23.8457,0.05686180784253227,2020-10-16,2020-11-20,22,57,0.05612736530877299,0.05781851587992922,4549.793902044501,4521.517928288916,4500.0,4500.0,22,23,0.02996,0.03012875,OK,正常双期限插值,HIST_CLEAN_SURFACE
2020-09-25 00:00:00,2020-09-25,24.3279,0.059184559418906726,2020-10-16,2020-11-20,21,56,0.055905356081733394,0.06273702970084452,4568.977788929135,4547.546448034022,4550.0,4500.0,22,23,0.02996,0.0301225,OK,正常双期限插值,HIST_CLEAN_SURFACE
2020-09-28 00:00:00,2020-09-28,25.7984,0.06655568318918392,2020-10-16,2020-11-20,18,53,0.06375745546538292,0.06837717104712987,4579.529385192075,4558.0703686672705,4550.0,4550.0,22,23,0.02996,0.030103750000000002,OK,正常双期限插值,HIST_CLEAN_SURFACE
2020-09-29 00:00:00,2020-09-29,26.7952,0.07179820145892438,2020-10-16,2020-11-20,17,52,0.07200428758069842,0.07168418339746951,4592.693241168694,4570.459672131107,4550.0,4550.0,22,23,0.02996,0.0300975,OK,正常双期限插值,HIST_CLEAN_SURFACE
2020-09-30 00:00:00,2020-09-30,26.9301,0.07252320435278306,2020-10-16,2020-11-20,16,51,0.07282812790199363,0.07237971091786043,4556.108265935808,4537.472086642572,4550.0,4500.0,22,23,0.02996,0.03009125,OK,正常双期限插值,HIST_CLEAN_SURFACE
2020-10-09 00:00:00,2020-10-09,22.9596,0.05271428681894716,2020-10-16,2020-11-20,7,42,0.04582009996866562,0.0533137813276673,4661.037706103109,4636.636664888056,4650.0,4600.0,22,23,0.02996,0.030035,OK,正常双期限插值,HIST_CLEAN_SURFACE
2020-10-12 00:00:00,2020-10-12,24.2872,0.058986859839312414,2020-11-20,2020-12-18,39,67,0.06203278008304871,0.06627585305939779,4795.518187689277,4768.669944474754,4750.0,4750.0,23,32,0.03001625,0.03019125,WARN,期限未夹住30日,HIST_CLEAN_SURFACE
2020-10-13 00:00:00,2020-10-13,23.5716,0.055562117730513394,2020-11-20,2020-12-18,38,66,0.059177815275487974,0.0649300613697657,4810.991101862027,4790.403439489482,4800.0,4750.0,23,31,0.030010000000000002,0.030185,WARN,期限未夹住30日,HIST_CLEAN_SURFACE
2020-10-14 00:00:00,2020-10-14,22.852,0.05222134243855576,2020-11-20,2020-12-18,37,65,0.05611708446267212,0.06330922358411772,4787.950069097895,4764.694192195522,4750.0,4750.0,23,32,0.03000375,0.03017875,WARN,期限未夹住30日,HIST_CLEAN_SURFACE
2020-10-15 00:00:00,2020-10-15,23.2766,0.054179921206098776,2020-11-20,2020-12-18,36,64,0.057332959546932086,0.06423023091750497,4788.119508330565,4765.1287673774,4750.0,4750.0,23,32,0.0299975,0.0301725,WARN,期限未夹住30日,HIST_CLEAN_SURFACE
2020-10-16 00:00:00,2020-10-16,22.7705,0.05184940539665112,2020-11-20,2020-12-18,35,63,0.054843088976930465,0.06282624519100871,4775.190407821272,4758.965886614223,4750.0,4750.0,23,32,0.02999125,0.030166250000000002,WARN,期限未夹住30日,HIST_CLEAN_SURFACE
2020-10-19 00:00:00,2020-10-19,20.5398,0.042188399177031495,2020-11-20,2020-12-18,32,60,0.043774310939553064,0.05487569327720416,4729.41476482061,4709.540151918341,4700.0,4700.0,23,32,0.0299725,0.0301475,WARN,期限未夹住30日,HIST_CLEAN_SURFACE
2020-10-20 00:00:00,2020-10-20,21.4244,0.04590065068579042,2020-11-20,2020-12-18,31,59,0.04656963555987074,0.05609416597050592,4768.5255518003,4747.308441107283,4750.0,4700.0,23,32,0.02996625,0.03014125,WARN,期限未夹住30日,HIST_CLEAN_SURFACE
2020-10-21 00:00:00,2020-10-21,22.2917,0.04969186928056339,2020-11-20,2020-12-18,30,58,0.0496918692805634,0.05789863173363178,4774.506939916371,4753.929269822971,4750.0,4750.0,23,32,0.02996,0.030135000000000002,WARN,期限未夹住30日,HIST_CLEAN_SURFACE
2020-10-22 00:00:00,2020-10-22,22.6394,0.051254114499163166,2020-11-20,2020-12-18,29,57,0.05064401286220453,0.059634984354226324,4758.521355134888,4734.976218958462,4750.0,4700.0,23,32,0.02996,0.03012875,OK,正常双期限插值,HIST_CLEAN_SURFACE
2020-10-23 00:00:00,2020-10-23,22.5553,0.050874367325793125,2020-11-20,2020-12-18,28,56,0.04991915659031245,0.05708323710641746,4717.694087328403,4701.142743523992,4700.0,4700.0,23,32,0.02996,0.0301225,OK,正常双期限插值,HIST_CLEAN_SURFACE
2020-10-26 00:00:00,2020-10-26,22.8411,0.05217170367328638,2020-11-20,2020-12-18,25,53,0.05019935702201077,0.05645132376567686,4675.1440514521955,4655.003740284929,4650.0,4650.0,23,32,0.02996,0.030103750000000002,OK,正常双期限插值,HIST_CLEAN_SURFACE
2020-10-27 00:00:00,2020-10-27,23.0097,0.05294463677868866,2020-11-20,2020-12-18,24,52,0.05160379589764353,0.05521375211584197,4682.383712495587,4662.936096316333,4650.0,4650.0,23,32,0.02996,0.0300975,OK,正常双期限插值,HIST_CLEAN_SURFACE
2020-10-28 00:00:00,2020-10-28,22.876,0.05233110192743982,2020-11-20,2020-12-18,23,51,0.04971208543377886,0.055874477183569325,4729.292104852078,4712.641541288484,4700.0,4700.0,23,32,0.02996,0.03009125,OK,正常双期限插值,HIST_CLEAN_SURFACE
2020-10-29 00:00:00,2020-10-29,22.8203,0.05207671250320509,2020-11-20,2020-12-18,22,50,0.04922515236406144,0.05521342865626308,4774.907691258741,4762.59375514288,4750.0,4750.0,23,32,0.02996,0.030085,OK,正常双期限插值,HIST_CLEAN_SURFACE
2020-10-30 00:00:00,2020-10-30,23.5343,0.055386453096492004,2020-11-20,2020-12-18,21,49,0.05394191006989181,0.056693420596749304,4683.371361472549,4669.884605662995,4650.0,4650.0,23,32,0.02996,0.03007875,OK,正常双期限插值,HIST_CLEAN_SURFACE
2020-11-02 00:00:00,2020-11-02,24.2806,0.058954978724965086,2020-11-20,2020-12-18,18,46,0.05921311144743162,0.058820300782808636,4711.216560000381,4700.964482457941,4700.0,4700.0,23,32,0.02996,0.03006,OK,正常双期限插值,HIST_CLEAN_SURFACE
2020-11-03 00:00:00,2020-11-03,24.3504,0.05929434275767871,2020-11-20,2020-12-18,17,45,0.05989644921978067,0.05903188609471119,4764.867523083465,4757.577937930081,4750.0,4750.0,23,32,0.02996,0.03005375,OK,正常双期限插值,HIST_CLEAN_SURFACE
2020-11-04 00:00:00,2020-11-04,22.9195,0.05253035816830557,2020-11-20,2020-12-18,16,44,0.0504732017695165,0.0532784150405925,4799.042036420345,4784.56368913522,4750.0,4750.0,23,31,0.02996,0.0300475,OK,正常双期限插值,HIST_CLEAN_SURFACE
2020-11-05 00:00:00,2020-11-05,22.6215,0.051173287348086446,2020-11-20,2020-12-18,15,43,0.04965725104312156,0.0516316239054014,4875.996585445618,4865.515015739751,4850.0,4850.0,23,31,0.02996,0.030041250000000002,OK,正常双期限插值,HIST_CLEAN_SURFACE
2020-11-06 00:00:00,2020-11-06,22.0338,0.04854881474169787,2020-11-20,2020-12-18,14,42,0.045094861358057674,0.04941230308760792,4877.189030943062,4867.2861870846655,4850.0,4850.0,23,31,0.02996,0.030035,OK,正常双期限插值,HIST_CLEAN_SURFACE
2020-11-09 00:00:00,2020-11-09,22.9942,0.05287341403998702,2020-11-20,2020-12-18,11,39,0.05970903721192759,0.05196015264454556,4976.688960711652,4976.002951763542,4950.0,4950.0,23,30,0.02996,0.03001625,OK,正常双期限插值,HIST_CLEAN_SURFACE
2020-11-10 00:00:00,2020-11-10,23.2321,0.05397324333153106,2020-11-20,2020-12-18,10,38,0.05496195219923117,0.05386916871387842,4948.26690790652,4945.429770727437,4900.0,4900.0,24,31,0.02996,0.030010000000000002,OK,正常双期限插值,HIST_CLEAN_SURFACE
2020-11-11 00:00:00,2020-11-11,22.2981,0.04972047445460331,2020-11-20,2020-12-18,9,37,0.05088230960137866,0.04962627160486476,4909.006651113954,4901.909788104424,4900.0,4900.0,23,32,0.02996,0.03000375,OK,正常双期限插值,HIST_CLEAN_SURFACE
2020-11-12 00:00:00,2020-11-12,21.9319,0.048100742567269886,2020-11-20,2020-12-18,8,36,0.04834521852935454,0.048085925842295055,4902.479987814043,4898.8476791412295,4900.0,4850.0,24,32,0.02996,0.0299975,OK,正常双期限插值,HIST_CLEAN_SURFACE
2020-11-13 00:00:00,2020-11-13,21.0689,0.04438993516918252,2020-11-20,2020-12-18,7,35,0.04040814634144377,0.04456305642256247,4849.282611526829,4836.221998720245,4800.0,4800.0,23,32,0.02996,0.02999125,OK,正常双期限插值,HIST_CLEAN_SURFACE
2020-11-16 00:00:00,2020-11-16,21.3415,0.045546169038093776,2020-12-18,2021-01-15,32,60,0.045212564763684515,0.042877334842819734,4881.40973507994,4877.086581798779,4850.0,4850.0,32,22,0.0299725,0.0301475,WARN,期限未夹住30日,HIST_CLEAN_SURFACE
2020-11-17 00:00:00,2020-11-17,20.8633,0.0435276463164565,2020-12-18,2021-01-15,31,59,0.04331679949273283,0.0403149125109043,4875.264217669779,4873.348108080536,4850.0,4850.0,32,22,0.02996625,0.03014125,WARN,期限未夹住30日,HIST_CLEAN_SURFACE
2020-11-18 00:00:00,2020-11-18,21.4277,0.04591454831011565,2020-12-18,2021-01-15,30,58,0.04591454831011565,0.041418232109176126,4881.955620997976,4881.522730171863,4850.0,4850.0,32,22,0.02996,0.030135000000000002,WARN,期限未夹住30日,HIST_CLEAN_SURFACE
2020-11-19 00:00:00,2020-11-19,21.5219,0.04631916283538301,2020-12-18,2021-01-15,29,57,0.046515977095079125,0.04361555642587304,4930.672926499071,4929.046816171828,4900.0,4900.0,30,22,0.02996,0.03012875,OK,正常双期限插值,HIST_CLEAN_SURFACE
2020-11-20 00:00:00,2020-11-20,20.7754,0.04316183251897529,2020-12-18,2021-01-15,28,56,0.04318476460076631,0.043012773987333615,4944.033824978385,4941.9629421599475,4900.0,4900.0,30,22,0.02996,0.0301225,OK,正常双期限插值,HIST_CLEAN_SURFACE
2020-11-23 00:00:00,2020-11-23,21.2793,0.04528068701761839,2020-12-18,2021-01-15,25,53,0.04641657155380373,0.042816031891933226,5003.602209340309,5004.495646694927,5000.0,5000.0,30,22,0.02996,0.030103750000000002,OK,正常双期限插值,HIST_CLEAN_SURFACE
2020-11-24 00:00:00,2020-11-24,21.0366,0.0442539617628593,2020-12-18,2021-01-15,24,52,0.045065097183360346,0.04288127105124214,4974.80416817731,4977.475757575695,4950.0,4950.0,30,23,0.02996,0.0300975,OK,正常双期限插值,HIST_CLEAN_SURFACE
2020-11-25 00:00:00,2020-11-25,20.2262,0.04090984170435224,2020-12-18,2021-01-15,23,51,0.040310634153195184,0.041720534273564716,4913.826077495652,4915.0238949872155,4900.0,4900.0,33,23,0.02996,0.03009125,OK,正常双期限插值,HIST_CLEAN_SURFACE
2020-11-26 00:00:00,2020-11-26,19.3871,0.03758611978438965,2020-12-18,2021-01-15,22,50,0.03826120739097284,0.03684352341714814,4914.313617971065,4913.455338473592,4900.0,4900.0,32,23,0.02996,0.030085,OK,正常双期限插值,HIST_CLEAN_SURFACE
2020-11-27 00:00:00,2020-11-27,20.0183,0.04007312965768751,2020-12-18,2021-01-15,21,49,0.04086085104814073,0.039360429352039344,4984.892176409741,4986.7525806933645,4950.0,4950.0,32,23,0.02996,0.03007875,OK,正常双期限插值,HIST_CLEAN_SURFACE
2020-11-30 00:00:00,2020-11-30,20.1628,0.04065399648364686,2020-12-18,2021-01-15,18,46,0.04156296125291526,0.040179753995332905,4964.600097138262,4973.923276589246,4950.0,4950.0,32,23,0.02996,0.03006,OK,正常双期限插值,HIST_CLEAN_SURFACE
2020-12-01 00:00:00,2020-12-01,22.3098,0.04977286009906434,2020-12-18,2021-01-15,17,45,0.05688589520786222,0.046672306333690905,5069.807335832619,5073.9034846252125,5000.0,5000.0,30,23,0.02996,0.03005375,OK,正常双期限插值,HIST_CLEAN_SURFACE
2020-12-02 00:00:00,2020-12-02,22.8256,0.05210087206787223,2020-12-18,2021-01-15,16,44,0.059216389379358296,0.04951341122733184,5069.060810350338,5077.279412390847,5000.0,5000.0,32,23,0.02996,0.0300475,OK,正常双期限插值,HIST_CLEAN_SURFACE
2020-12-03 00:00:00,2020-12-03,22.6829,0.05145138027827872,2020-12-18,2021-01-15,15,43,0.05749039590823409,0.04962563136689686,5063.171514423394,5069.137682944147,5000.0,5000.0,28,23,0.02996,0.030041250000000002,OK,正常双期限插值,HIST_CLEAN_SURFACE
2020-12-04 00:00:00,2020-12-04,21.5873,0.04660097844632788,2020-12-18,2021-01-15,14,42,0.05035373949491132,0.045662788184182006,5075.486695765354,5076.463809073344,5000.0,5000.0,29,23,0.02996,0.030035,OK,正常双期限插值,HIST_CLEAN_SURFACE
2020-12-07 00:00:00,2020-12-07,20.792,0.04323069326965536,2020-12-18,2021-01-15,11,39,0.04847051097775786,0.042530636652783366,5028.805160351365,5029.414395004071,5000.0,5000.0,31,23,0.02996,0.03001625,OK,正常双期限插值,HIST_CLEAN_SURFACE
2020-12-08 00:00:00,2020-12-08,19.7964,0.039189608143555654,2020-12-18,2021-01-15,10,38,0.04379731926938412,0.03870458591978424,5013.611167760826,5013.530261704134,5000.0,5000.0,32,23,0.02996,0.030010000000000002,OK,正常双期限插值,HIST_CLEAN_SURFACE
2020-12-09 00:00:00,2020-12-09,19.6017,0.03842285355101935,2020-12-18,2021-01-15,9,37,0.04102977342139272,0.038211481669637726,4952.7022665954155,4953.859879123614,4950.0,4950.0,32,23,0.02996,0.03000375,OK,正常双期限插值,HIST_CLEAN_SURFACE
2020-12-10 00:00:00,2020-12-10,18.7394,0.03511660062990056,2020-12-18,2021-01-15,8,36,0.036966690065764224,0.03500447399742397,4946.374888119516,4945.238218088006,4900.0,4900.0,25,23,0.02996,0.0299975,OK,正常双期限插值,HIST_CLEAN_SURFACE
2020-12-11 00:00:00,2020-12-11,19.4591,0.037865648642091645,2020-12-18,2021-01-15,7,35,0.03874875930442988,0.037827252526337805,4885.775724043574,4886.4739825761335,4850.0,4850.0,33,23,0.02996,0.02999125,OK,正常双期限插值,HIST_CLEAN_SURFACE
2020-12-14 00:00:00,2020-12-14,18.9029,0.035731790986859746,2021-01-15,2021-02-19,32,67,0.03510329009051348,0.030178469634068887,4931.237062737087,4923.003462921948,4900.0,4900.0,23,19,0.0299725,0.03019125,WARN,期限未夹住30日,HIST_CLEAN_SURFACE
2020-12-15 00:00:00,2020-12-15,18.6356,0.03472867002130275,2021-01-15,2021-02-19,31,66,0.03438086349370656,0.028847577827403516,4943.031076712737,4945.68217216166,4900.0,4900.0,23,19,0.02996625,0.030185,WARN,期限未夹住30日,HIST_CLEAN_SURFACE
2020-12-16 00:00:00,2020-12-16,19.0581,0.036321282164807026,2021-01-15,2021-02-19,30,65,0.036321282164807026,0.029390675442580762,4947.6762805622375,4952.788407257511,4900.0,4950.0,23,19,0.02996,0.03017875,WARN,期限未夹住30日,HIST_CLEAN_SURFACE
2020-12-17 00:00:00,2020-12-17,18.5657,0.03446836021617275,2021-01-15,2021-02-19,29,64,0.034718585054547946,0.030613333799954838,5030.990186025474,5023.437340872655,5000.0,5000.0,23,19,0.02996,0.0301725,OK,正常双期限插值,HIST_CLEAN_SURFACE
2020-12-18 00:00:00,2020-12-18,17.9136,0.03208961486025367,2021-01-15,2021-02-19,28,63,0.032311709266660445,0.030460922546603944,4998.588633959749,4998.970398194503,4950.0,4950.0,23,19,0.02996,0.030166250000000002,OK,正常双期限插值,HIST_CLEAN_SURFACE
2020-12-21 00:00:00,2020-12-21,18.8941,0.035698624152091234,2021-01-15,2021-02-19,25,60,0.03759941600582493,0.030946644517756992,5047.565330878337,5051.886035930743,5000.0,5000.0,23,19,0.02996,0.0301475,OK,正常双期限插值,HIST_CLEAN_SURFACE
2020-12-22 00:00:00,2020-12-22,18.5796,0.0345201836324002,2021-01-15,2021-02-19,24,59,0.036462693212706364,0.030701012254171114,4967.780554509724,4967.520749881802,4950.0,4950.0,23,19,0.02996,0.03014125,OK,正常双期限插值,HIST_CLEAN_SURFACE
2020-12-23 00:00:00,2020-12-23,18.5543,0.0344260582128599,2021-01-15,2021-02-19,23,58,0.03646566360832257,0.031190822068332888,5007.273430284016,5006.4307203769085,5000.0,5000.0,23,19,0.02996,0.030135000000000002,OK,正常双期限插值,HIST_CLEAN_SURFACE
2020-12-24 00:00:00,2020-12-24,18.3636,0.03372213284079025,2021-01-15,2021-02-19,22,57,0.035807926006123834,0.03100511279647412,5003.299539927,5001.205659348491,5000.0,5000.0,23,19,0.02996,0.03012875,OK,正常双期限插值,HIST_CLEAN_SURFACE
2020-12-25 00:00:00,2020-12-25,18.0056,0.03242023435991412,2021-01-15,2021-02-19,21,56,0.0340111526983249,0.030696739493302434,5049.635926047502,5050.505221341818,5000.0,5000.0,23,19,0.02996,0.0301225,OK,正常双期限插值,HIST_CLEAN_SURFACE
2020-12-28 00:00:00,2020-12-28,18.3995,0.03385421310554627,2021-01-15,2021-02-19,18,53,0.038398750393528976,0.030895976569029232,5067.952685713198,5068.864195286446,5000.0,5000.0,23,19,0.02996,0.030103750000000002,OK,正常双期限插值,HIST_CLEAN_SURFACE
2020-12-29 00:00:00,2020-12-29,18.735,0.03509991440148349,2021-01-15,2021-02-19,17,52,0.03977625392966711,0.03251270880452982,5054.133146529933,5060.302161644808,5000.0,5000.0,23,19,0.02996,0.0300975,OK,正常双期限插值,HIST_CLEAN_SURFACE
2020-12-30 00:00:00,2020-12-30,19.0941,0.036458606186234206,2021-01-15,2021-02-19,16,51,0.042184357845605376,0.03376413481711836,5117.069549797559,5121.521741240225,5100.0,5100.0,23,19,0.02996,0.03009125,OK,正常双期限插值,HIST_CLEAN_SURFACE
2020-12-31 00:00:00,2020-12-31,20.537,0.04217682126271394,2021-01-15,2021-02-19,15,50,0.053273843307507764,0.03773801244479641,5225.490559040816,5227.638656234454,5200.0,5200.0,24,20,0.02996,0.030085,OK,正常双期限插值,HIST_CLEAN_SURFACE
2021-01-04 00:00:00,2021-01-04,20.967,0.04396150883327088,2021-01-15,2021-02-19,11,46,0.05960406557738103,0.04081152028983451,5270.925722679287,5284.721952851617,5200.0,5200.0,25,21,0.02996,0.03006,OK,正常双期限插值,HIST_CLEAN_SURFACE
2021-01-05 00:00:00,2021-01-05,21.0474,0.0442994907364487,2021-01-15,2021-02-19,10,45,0.06438483497987521,0.040951933362544275,5364.209367760098,5366.385199248795,5300.0,5300.0,25,21,0.02996,0.03005375,OK,正常双期限插值,HIST_CLEAN_SURFACE
2021-01-06 00:00:00,2021-01-06,22.716,0.05160161617822571,2021-01-15,2021-02-19,9,44,0.07883724805371078,0.04788766637702319,5411.062195495289,5415.416537057827,5400.0,5400.0,27,23,0.02996,0.0300475,OK,正常双期限插值,HIST_CLEAN_SURFACE
2021-01-07 00:00:00,2021-01-07,25.175,0.06337813597159933,2021-01-15,2021-02-19,8,43,0.10213061184547169,0.05911782149920745,5527.740903942531,5527.481524040174,5500.0,5500.0,27,23,0.02996,0.030041250000000002,OK,正常双期限插值,HIST_CLEAN_SURFACE
2021-01-08 00:00:00,2021-01-08,25.7941,0.0665336536377944,2021-01-15,2021-02-19,7,42,0.09639797636381614,0.06393675600944468,5505.615732959009,5507.240949343994,5500.0,5500.0,28,24,0.02996,0.030035,OK,正常双期限插值,HIST_CLEAN_SURFACE
2021-01-11 00:00:00,2021-01-11,23.9748,0.05747916324345399,2021-02-19,2021-03-19,39,67,0.055470232646068776,0.05267172236115408,5445.327567335125,5435.078763718776,5400.0,5400.0,24,31,0.03001625,0.03019125,WARN,期限未夹住30日,HIST_CLEAN_SURFACE
2021-01-12 00:00:00,2021-01-12,25.6235,0.06565612427508255,2021-02-19,2021-03-19,38,66,0.06097496004392122,0.053527653312528185,5598.847408030587,5575.980608424371,5500.0,5500.0,24,30,0.030010000000000002,0.030185,WARN,期限未夹住30日,HIST_CLEAN_SURFACE
2021-01-13 00:00:00,2021-01-13,24.8507,0.06175584434564539,2021-02-19,2021-03-19,37,65,0.06001815661093934,0.056810117716097404,5578.493138876032,5567.223986963781,5500.0,5500.0,25,31,0.03000375,0.03017875,WARN,期限未夹住30日,HIST_CLEAN_SURFACE
2021-01-14 00:00:00,2021-01-14,24.1812,0.05847314701960027,2021-02-19,2021-03-19,36,64,0.05801602481495561,0.057016069992295415,5483.551406165629,5486.756916371908,5400.0,5400.0,25,32,0.0299975,0.0301725,WARN,期限未夹住30日,HIST_CLEAN_SURFACE
2021-01-15 00:00:00,2021-01-15,22.7868,0.051924031813668094,2021-02-19,2021-03-19,35,63,0.05231350490562825,0.053352099817521995,5458.39334222394,5461.5409284293155,5400.0,5400.0,25,32,0.02999125,0.030166250000000002,WARN,期限未夹住30日,HIST_CLEAN_SURFACE
2021-01-18 00:00:00,2021-01-18,23.2995,0.05428673583137897,2021-02-19,2021-03-19,32,60,0.054131557870691224,0.053045312145877044,5511.270446502175,5513.242863591367,5500.0,5500.0,25,32,0.0299725,0.0301475,WARN,期限未夹住30日,HIST_CLEAN_SURFACE
2021-01-19 00:00:00,2021-01-19,23.4768,0.05511578663869849,2021-02-19,2021-03-19,31,59,0.05522141699135614,0.05672530675800738,5439.646591122189,5436.605855832755,5400.0,5400.0,25,32,0.02996625,0.03014125,WARN,期限未夹住30日,HIST_CLEAN_SURFACE
2021-01-20 00:00:00,2021-01-20,23.1951,0.05380138073723387,2021-02-19,2021-03-19,30,58,0.053801380737233874,0.055214655678760965,5470.656252168568,5467.165432214477,5400.0,5400.0,25,32,0.02996,0.030135000000000002,WARN,期限未夹住30日,HIST_CLEAN_SURFACE
2021-01-21 00:00:00,2021-01-21,23.7062,0.05619844276551826,2021-02-19,2021-03-19,29,57,0.05625411485928336,0.05543368400379759,5561.909437680896,5555.634419108155,5500.0,5500.0,25,31,0.02996,0.03012875,OK,正常双期限插值,HIST_CLEAN_SURFACE
2021-01-22 00:00:00,2021-01-22,22.3952,0.050154640620679786,2021-02-19,2021-03-19,28,56,0.050030365559495645,0.050962428518376644,5548.895014028575,5542.211369780316,5500.0,5500.0,25,31,0.02996,0.0301225,OK,正常双期限插值,HIST_CLEAN_SURFACE
2021-01-25 00:00:00,2021-01-25,23.1838,0.053748639789901735,2021-02-19,2021-03-19,25,53,0.05365762366418371,0.053946127609855954,5597.589612260888,5587.037933763609,5500.0,5500.0,25,31,0.02996,0.030103750000000002,OK,正常双期限插值,HIST_CLEAN_SURFACE
2021-01-26 00:00:00,2021-01-26,23.1672,0.053671688964616895,2021-02-19,2021-03-19,24,52,0.05284339744406439,0.05507341307632113,5500.692314960886,5499.3134575259255,5500.0,5400.0,25,32,0.02996,0.0300975,OK,正常双期限插值,HIST_CLEAN_SURFACE
2021-01-27 00:00:00,2021-01-27,23.1234,0.05346913721559637,2021-02-19,2021-03-19,23,51,0.05205491919876284,0.05538249100307699,5505.04026929219,5497.703924098078,5500.0,5400.0,25,32,0.02996,0.03009125,OK,正常双期限插值,HIST_CLEAN_SURFACE
2021-01-28 00:00:00,2021-01-28,24.8955,0.0619786009555691,2021-02-19,2021-03-19,22,50,0.05902772105307736,0.06522456884830997,5383.0173008838265,5373.9039486310685,5300.0,5300.0,25,32,0.02996,0.030085,OK,正常双期限插值,HIST_CLEAN_SURFACE
2021-01-29 00:00:00,2021-01-29,25.1024,0.0630131463153038,2021-02-19,2021-03-19,21,49,0.06019334223464339,0.06556439762637752,5351.826825950014,5346.581750914269,5300.0,5300.0,25,33,0.02996,0.03007875,OK,正常双期限插值,HIST_CLEAN_SURFACE
2021-02-01 00:00:00,2021-02-01,25.6247,0.06566239051013167,2021-02-19,2021-03-19,18,46,0.061846554024730674,0.0676532617199061,5408.247494276696,5400.539993987884,5400.0,5400.0,25,32,0.02996,0.03006,OK,正常双期限插值,HIST_CLEAN_SURFACE
2021-02-02 00:00:00,2021-02-02,24.196,0.058544781859670304,2021-02-19,2021-03-19,17,45,0.05321744950266043,0.06086695237426434,5476.967883460562,5466.104801884741,5400.0,5400.0,25,32,0.02996,0.03005375,OK,正常双期限插值,HIST_CLEAN_SURFACE
2021-02-03 00:00:00,2021-02-03,23.7009,0.05617317988874716,2021-02-19,2021-03-19,16,44,0.04852286788312261,0.05895511152715609,5478.302768707434,5472.483976512574,5400.0,5400.0,25,32,0.02996,0.0300475,OK,正常双期限插值,HIST_CLEAN_SURFACE
2021-02-04 00:00:00,2021-02-04,24.2785,0.05894459064980137,2021-02-19,2021-03-19,15,43,0.05034008754480542,0.061545952053637346,5472.707131486678,5468.802400546326,5400.0,5400.0,25,32,0.02996,0.030041250000000002,OK,正常双期限插值,HIST_CLEAN_SURFACE
2021-02-05 00:00:00,2021-02-05,23.9846,0.057526049907256724,2021-02-19,2021-03-19,14,42,0.038278336443660216,0.06233797827315585,5477.656150616085,5478.595952155053,5400.0,5400.0,25,32,0.02996,0.030035,OK,正常双期限插值,HIST_CLEAN_SURFACE
2021-02-08 00:00:00,2021-02-08,24.0919,0.058042164909255275,2021-02-19,2021-03-19,11,39,0.04009059181925658,0.06044055321682594,5543.019324117231,5540.04086649415,5500.0,5500.0,25,31,0.02996,0.03001625,OK,正常双期限插值,HIST_CLEAN_SURFACE
2021-02-09 00:00:00,2021-02-09,23.9473,0.0573472083866627,2021-02-19,2021-03-19,10,38,0.040334092242042555,0.05913806271767534,5672.648227801409,5665.540285789019,5600.0,5600.0,24,31,0.02996,0.030010000000000002,OK,正常双期限插值,HIST_CLEAN_SURFACE
2021-02-10 00:00:00,2021-02-10,25.7605,0.06636038866671388,2021-02-19,2021-03-19,9,37,0.048033275105354184,0.06784637084736467,5803.728906981972,5801.07367399056,5800.0,5800.0,26,31,0.02996,0.03000375,OK,正常双期限插值,HIST_CLEAN_SURFACE
2021-02-18 00:00:00,2021-02-18,25.2975,0.06399636457556479,2021-03-19,2021-04-16,29,57,0.06469270444324879,0.054430853761589744,5745.87340553715,5745.946272542737,5700.0,5700.0,32,19,0.02996,0.03012875,OK,正常双期限插值,HIST_CLEAN_SURFACE
2021-02-19 00:00:00,2021-02-19,23.5541,0.055479673726446896,2021-03-19,2021-04-16,28,56,0.05624830181129504,0.05048359117493393,5754.856977551356,5755.512911692365,5700.0,5700.0,32,19,0.02996,0.0301225,OK,正常双期限插值,HIST_CLEAN_SURFACE
2021-02-22 00:00:00,2021-02-22,24.7959,0.06148366535684556,2021-03-19,2021-04-16,25,53,0.0651624307085329,0.05350143865035414,5590.610480677194,5595.786885049519,5500.0,5500.0,33,19,0.02996,0.030103750000000002,OK,正常双期限插值,HIST_CLEAN_SURFACE
2021-02-23 00:00:00,2021-02-23,24.845,0.06172764416823008,2021-03-19,2021-04-16,24,52,0.06457262861751802,0.05691305510020436,5566.491932587452,5562.242378366951,5500.0,5500.0,33,19,0.02996,0.0300975,OK,正常双期限插值,HIST_CLEAN_SURFACE
2021-02-24 00:00:00,2021-02-24,26.7441,0.07152460982064295,2021-03-19,2021-04-16,23,51,0.07389410243985015,0.06831882568877434,5431.576519430148,5432.5168607119485,5400.0,5400.0,34,19,0.02996,0.03009125,OK,正常双期限插值,HIST_CLEAN_SURFACE
2021-02-25 00:00:00,2021-02-25,25.7449,0.06628000354931583,2021-03-19,2021-04-16,22,50,0.06935232222392251,0.06290045300724849,5465.979266855826,5456.610273579937,5400.0,5400.0,34,19,0.02996,0.030085,OK,正常双期限插值,HIST_CLEAN_SURFACE
2021-02-26 00:00:00,2021-02-26,27.2358,0.07417863021915863,2021-03-19,2021-04-16,21,49,0.08364386053091231,0.06561485041328625,5325.076501655595,5318.845733547009,5300.0,5300.0,35,19,0.02996,0.03007875,OK,正常双期限插值,HIST_CLEAN_SURFACE
2021-03-01 00:00:00,2021-03-01,25.6665,0.06587675681860272,2021-03-19,2021-04-16,18,46,0.07569180554914426,0.060755861828754955,5396.0134566741235,5388.606707638815,5300.0,5300.0,34,19,0.02996,0.03006,OK,正常双期限插值,HIST_CLEAN_SURFACE
2021-03-02 00:00:00,2021-03-02,24.8019,0.061513181282995356,2021-03-19,2021-04-16,17,45,0.07021740925671266,0.057719030627785245,5316.396027859771,5300.116742970348,5300.0,5300.0,35,19,0.02996,0.03005375,OK,正常双期限插值,HIST_CLEAN_SURFACE
2021-03-03 00:00:00,2021-03-03,24.884,0.061921191360059115,2021-03-19,2021-04-16,16,44,0.06939470961822176,0.05920354835709086,5417.648061757922,5401.661830757958,5400.0,5400.0,33,19,0.02996,0.0300475,OK,正常双期限插值,HIST_CLEAN_SURFACE
2021-03-04 00:00:00,2021-03-04,26.0639,0.06793258924996838,2021-03-19,2021-04-16,15,43,0.08270131934847812,0.06346762433646544,5266.358605097189,5256.797371516171,5200.0,5200.0,35,19,0.02996,0.030041250000000002,OK,正常双期限插值,HIST_CLEAN_SURFACE
2021-03-05 00:00:00,2021-03-05,26.9028,0.07237589742396404,2021-03-19,2021-04-16,14,42,0.09028809333839502,0.06789784844535629,5258.552397815841,5245.477058080855,5200.0,5200.0,35,20,0.02996,0.030035,OK,正常双期限插值,HIST_CLEAN_SURFACE
2021-03-08 00:00:00,2021-03-08,27.8074,0.07732537729135516,2021-03-19,2021-04-16,11,39,0.11107985134077342,0.07281567023212114,5057.180856545138,5052.089840905092,5000.0,5000.0,37,21,0.02996,0.03001625,OK,正常双期限插值,HIST_CLEAN_SURFACE
2021-03-09 00:00:00,2021-03-09,27.6694,0.07655932824928748,2021-03-19,2021-04-16,10,38,0.12103771305520018,0.0718773930065598,4963.592752638349,4952.668078127581,4950.0,4950.0,37,24,0.02996,0.030010000000000002,OK,正常双期限插值,HIST_CLEAN_SURFACE
2021-03-10 00:00:00,2021-03-10,27.1457,0.07368896608203794,2021-03-19,2021-04-16,9,37,0.10239934216966329,0.07136109775060885,4992.456625002354,4982.26640523167,4950.0,4950.0,37,26,0.02996,0.03000375,OK,正常双期限插值,HIST_CLEAN_SURFACE
2021-03-11 00:00:00,2021-03-11,25.219,0.06359976423407955,2021-03-19,2021-04-16,8,36,0.07675933738985513,0.06280221434585072,5112.876762347281,5097.8912665222715,5100.0,5000.0,36,26,0.02996,0.0299975,OK,正常双期限插值,HIST_CLEAN_SURFACE
2021-03-12 00:00:00,2021-03-12,24.2012,0.058569716497533716,2021-03-19,2021-04-16,7,35,0.06521872182291681,0.05828062930947358,5122.142546906816,5103.731919127881,5100.0,5100.0,36,26,0.02996,0.02999125,OK,正常双期限插值,HIST_CLEAN_SURFACE
2021-03-15 00:00:00,2021-03-15,24.4259,0.05966250152113921,2021-04-16,2021-05-21,32,67,0.058596941413519676,0.05024740325679957,5009.163882879284,4976.9589846059835,5000.0,4950.0,26,22,0.0299725,0.03019125,WARN,期限未夹住30日,HIST_CLEAN_SURFACE
2021-03-16 00:00:00,2021-03-16,24.1987,0.05855747291639596,2021-04-16,2021-05-21,31,66,0.0579769500184232,0.04874135845976578,5040.101932809177,5020.88068625945,5000.0,5000.0,26,22,0.02996625,0.030185,WARN,期限未夹住30日,HIST_CLEAN_SURFACE
2021-03-17 00:00:00,2021-03-17,24.8783,0.0618930009185347,2021-04-16,2021-05-21,30,65,0.06189300091853471,0.048752714864910965,5050.130300416837,5028.42439611606,5000.0,5000.0,26,22,0.02996,0.03017875,WARN,期限未夹住30日,HIST_CLEAN_SURFACE
2021-03-18 00:00:00,2021-03-18,23.8318,0.056795336203550144,2021-04-16,2021-05-21,29,64,0.057326691260598424,0.048609147355900086,5080.333596735741,5052.502553756524,5000.0,5000.0,26,22,0.02996,0.0301725,OK,正常双期限插值,HIST_CLEAN_SURFACE
2021-03-19 00:00:00,2021-03-19,23.9222,0.05722738569814481,2021-04-16,2021-05-21,28,63,0.05832735900358304,0.049160914791597794,4949.692736320288,4910.484740251073,4900.0,4900.0,26,22,0.02996,0.030166250000000002,OK,正常双期限插值,HIST_CLEAN_SURFACE
2021-03-22 00:00:00,2021-03-22,23.2665,0.05413301193317228,2021-04-16,2021-05-21,25,60,0.055626959840645765,0.05039814216448858,5007.401251906919,4982.35838048641,5000.0,4950.0,26,22,0.02996,0.0301475,OK,正常双期限插值,HIST_CLEAN_SURFACE
2021-03-23 00:00:00,2021-03-23,22.8389,0.05216156488452393,2021-04-16,2021-05-21,24,59,0.05356113889170494,0.04940986005684599,4980.563619850461,4955.387518213034,4950.0,4950.0,26,22,0.02996,0.03014125,OK,正常双期限插值,HIST_CLEAN_SURFACE
2021-03-24 00:00:00,2021-03-24,23.6595,0.05597700914084251,2021-04-16,2021-05-21,23,58,0.05900174864022094,0.05117914648665603,4921.428897138057,4901.568637161405,4900.0,4900.0,26,22,0.02996,0.030135000000000002,OK,正常双期限插值,HIST_CLEAN_SURFACE
2021-03-25 00:00:00,2021-03-25,22.9621,0.05272603288279855,2021-04-16,2021-05-21,22,57,0.05688031365929978,0.04731453555551405,4922.579065269541,4901.33477115128,4900.0,4900.0,27,23,0.02996,0.03012875,OK,正常双期限插值,HIST_CLEAN_SURFACE
2021-03-26 00:00:00,2021-03-26,21.6377,0.04681893082536194,2021-04-16,2021-05-21,21,56,0.04921853765438164,0.044219356760590606,5018.51809188416,4997.047473418634,5000.0,4950.0,27,23,0.02996,0.0301225,OK,正常双期限插值,HIST_CLEAN_SURFACE
2021-03-29 00:00:00,2021-03-29,21.8885,0.047910483586972634,2021-04-16,2021-05-21,18,53,0.05118601698777847,0.04577829675059903,5017.396178176414,4995.982476811155,5000.0,4950.0,27,23,0.02996,0.030103750000000002,OK,正常双期限插值,HIST_CLEAN_SURFACE
2021-03-30 00:00:00,2021-03-30,21.5038,0.04624148528701906,2021-04-16,2021-05-21,17,52,0.04910098726891752,0.044659453125436184,5055.274557004601,5028.6712924565045,5000.0,5000.0,27,23,0.02996,0.0300975,OK,正常双期限插值,HIST_CLEAN_SURFACE
2021-03-31 00:00:00,2021-03-31,21.0529,0.04432233194847063,2021-04-16,2021-05-21,16,51,0.046563333693835446,0.04326774289182835,5016.475935349696,4986.845656357165,5000.0,4950.0,27,23,0.02996,0.03009125,OK,正常双期限插值,HIST_CLEAN_SURFACE
2021-04-01 00:00:00,2021-04-01,20.2391,0.040962137237636594,2021-04-16,2021-05-21,15,50,0.04151945698508939,0.04073920933865548,5089.37557981442,5062.768837390264,5000.0,5000.0,27,23,0.02996,0.030085,OK,正常双期限插值,HIST_CLEAN_SURFACE
2021-04-02 00:00:00,2021-04-02,20.893,0.04365159871987223,2021-04-16,2021-05-21,14,49,0.045321711319155245,0.04308495337368692,5139.730781365063,5112.393133051876,5100.0,5100.0,27,23,0.02996,0.03007875,OK,正常双期限插值,HIST_CLEAN_SURFACE
2021-04-06 00:00:00,2021-04-06,20.9776,0.04400607400885932,2021-04-16,2021-05-21,10,45,0.0534479239951076,0.04243243234448461,5107.488192464175,5082.665867305935,5100.0,5000.0,27,23,0.02996,0.03005375,OK,正常双期限插值,HIST_CLEAN_SURFACE
2021-04-07 00:00:00,2021-04-07,19.8085,0.039237675736508826,2021-04-16,2021-05-21,9,44,0.044058408451874004,0.03858030309350447,5073.773503991763,5044.473864102131,5000.0,5000.0,27,23,0.02996,0.0300475,OK,正常双期限插值,HIST_CLEAN_SURFACE
2021-04-08 00:00:00,2021-04-08,18.8716,0.03561372493596722,2021-04-16,2021-05-21,8,43,0.03648861239507644,0.03551754280515605,5088.001304196402,5049.0814912976075,5000.0,5000.0,27,23,0.02996,0.030041250000000002,OK,正常双期限插值,HIST_CLEAN_SURFACE
2021-04-09 00:00:00,2021-04-09,18.7176,0.035034887066557066,2021-04-16,2021-05-21,7,42,0.03681862282330598,0.03487977960944846,5025.256546846938,4989.3095655191755,5000.0,4950.0,27,23,0.02996,0.030035,OK,正常双期限插值,HIST_CLEAN_SURFACE
2021-04-12 00:00:00,2021-04-12,17.6359,0.031102663323753745,2021-05-21,2021-06-18,39,67,0.03702277591119363,0.04526969891857257,4923.463686789785,4880.6888440380935,4900.0,4850.0,23,27,0.03001625,0.03019125,WARN,期限未夹住30日,HIST_CLEAN_SURFACE
2021-04-13 00:00:00,2021-04-13,18.7826,0.035278435048745845,2021-05-21,2021-06-18,38,66,0.03948724826323409,0.04618308746810176,4918.560927717046,4872.064454830567,4900.0,4850.0,23,27,0.030010000000000002,0.030185,WARN,期限未夹住30日,HIST_CLEAN_SURFACE
2021-04-14 00:00:00,2021-04-14,18.8312,0.0354612580257189,2021-05-21,2021-06-18,37,65,0.03911268605394196,0.04585378395219991,4949.675659042921,4907.4265369665845,4900.0,4900.0,23,27,0.03000375,0.03017875,WARN,期限未夹住30日,HIST_CLEAN_SURFACE
2021-04-15 00:00:00,2021-04-15,18.977,0.03601250878964469,2021-05-21,2021-06-18,36,64,0.039297099126273126,0.046482140487647844,4925.284872123257,4879.019302070507,4900.0,4850.0,23,27,0.0299975,0.0301725,WARN,期限未夹住30日,HIST_CLEAN_SURFACE
2021-04-16 00:00:00,2021-04-16,18.6861,0.03491697631252355,2021-05-21,2021-06-18,35,63,0.03776730891659336,0.045368195860779496,4949.0007063203875,4914.91397628136,4900.0,4900.0,23,27,0.02999125,0.030166250000000002,WARN,期限未夹住30日,HIST_CLEAN_SURFACE
2021-04-19 00:00:00,2021-04-19,19.5065,0.03805037335954432,2021-05-21,2021-06-18,32,60,0.039120491844604796,0.04661132124002814,5074.702899044571,5042.537217262458,5000.0,5000.0,23,27,0.0299725,0.0301475,WARN,期限未夹住30日,HIST_CLEAN_SURFACE
2021-04-20 00:00:00,2021-04-20,19.3895,0.037595403254254936,2021-05-21,2021-06-18,31,59,0.038078204624887896,0.04495198685084858,5072.310895067992,5039.96983481061,5000.0,5000.0,23,27,0.02996625,0.03014125,WARN,期限未夹住30日,HIST_CLEAN_SURFACE
2021-04-21 00:00:00,2021-04-21,19.6376,0.03856361154009476,2021-05-21,2021-06-18,30,58,0.03856361154009476,0.04620045157119385,5077.152670901116,5042.599490185832,5000.0,5000.0,23,27,0.02996,0.030135000000000002,WARN,期限未夹住30日,HIST_CLEAN_SURFACE
2021-04-22 00:00:00,2021-04-22,19.8265,0.03930893730439524,2021-05-21,2021-06-18,29,57,0.038758262940907014,0.04687346408704928,5061.8970068461995,5028.919683592194,5000.0,5000.0,23,27,0.02996,0.03012875,OK,正常双期限插值,HIST_CLEAN_SURFACE
2021-04-23 00:00:00,2021-04-23,20.2647,0.04106575782850977,2021-05-21,2021-06-18,28,56,0.04017120078199938,0.046880378630827294,5119.055691761029,5083.6180086819895,5100.0,5000.0,23,27,0.02996,0.0301225,OK,正常双期限插值,HIST_CLEAN_SURFACE
2021-04-26 00:00:00,2021-04-26,20.1439,0.04057777714095472,2021-05-21,2021-06-18,25,53,0.03822471506572129,0.04568347787023482,5044.827985098176,5011.3772862836995,5000.0,5000.0,23,27,0.02996,0.030103750000000002,OK,正常双期限插值,HIST_CLEAN_SURFACE
2021-04-27 00:00:00,2021-04-27,20.1832,0.04073614014296547,2021-05-21,2021-06-18,24,52,0.037986191583911144,0.04538989924290356,5063.1760541591275,5027.035303191555,5000.0,5000.0,23,27,0.02996,0.0300975,OK,正常双期限插值,HIST_CLEAN_SURFACE
2021-04-28 00:00:00,2021-04-28,20.5752,0.042334089148556284,2021-05-21,2021-06-18,23,51,0.040005176339183116,0.04548497118476702,5105.757340072436,5069.603977198867,5100.0,5000.0,23,27,0.02996,0.03009125,OK,正常双期限插值,HIST_CLEAN_SURFACE
2021-04-29 00:00:00,2021-04-29,20.9119,0.04373074018412602,2021-05-21,2021-06-18,22,50,0.040975372780059895,0.04676164432859876,5159.3462354699495,5127.891363294504,5100.0,5100.0,23,27,0.02996,0.030085,OK,正常双期限插值,HIST_CLEAN_SURFACE
2021-04-30 00:00:00,2021-04-30,20.4037,0.041631285528771565,2021-05-21,2021-06-18,21,49,0.03839218662266479,0.04456189882477293,5112.630599572639,5084.350782956848,5100.0,5000.0,23,27,0.02996,0.03007875,OK,正常双期限插值,HIST_CLEAN_SURFACE
2021-05-06 00:00:00,2021-05-06,20.3018,0.041216229832642726,2021-05-21,2021-06-18,15,43,0.03804182370197367,0.04217593401168221,5049.932631282332,5023.773874894628,5000.0,5000.0,23,27,0.02996,0.030041250000000002,OK,正常双期限插值,HIST_CLEAN_SURFACE
2021-05-07 00:00:00,2021-05-07,20.0681,0.040272696947718956,2021-05-21,2021-06-18,14,42,0.0381462159645779,0.04080431719350421,4986.833019310376,4966.137728179818,4950.0,4950.0,23,27,0.02996,0.030035,OK,正常双期限插值,HIST_CLEAN_SURFACE
2021-05-10 00:00:00,2021-05-10,19.8316,0.03932911710636433,2021-05-21,2021-06-18,11,39,0.04006246814034033,0.03923113903299911,4989.590605556758,4964.787832548815,4950.0,4950.0,23,27,0.02996,0.03001625,OK,正常双期限插值,HIST_CLEAN_SURFACE
2021-05-11 00:00:00,2021-05-11,20.5759,0.04233679754522754,2021-05-21,2021-06-18,10,38,0.04067127898148903,0.04251211528877896,5016.01313854215,4994.795627460662,5000.0,4950.0,23,27,0.02996,0.030010000000000002,OK,正常双期限插值,HIST_CLEAN_SURFACE
2021-05-12 00:00:00,2021-05-12,20.7598,0.04309699590868992,2021-05-21,2021-06-18,9,37,0.040784834065273466,0.043284468490588555,5043.932881555146,5016.939339197053,5000.0,5000.0,23,27,0.02996,0.03000375,OK,正常双期限插值,HIST_CLEAN_SURFACE
2021-05-13 00:00:00,2021-05-13,21.0568,0.04433897666587448,2021-05-21,2021-06-18,8,36,0.04316283297000031,0.04441025810198807,4995.693074631779,4969.509460285116,4950.0,4950.0,23,27,0.02996,0.0299975,OK,正常双期限插值,HIST_CLEAN_SURFACE
2021-05-14 00:00:00,2021-05-14,21.2502,0.04515719461643897,2021-05-21,2021-06-18,7,35,0.04391367511630097,0.045211260681662355,5118.067819372215,5098.082522461726,5100.0,5000.0,23,27,0.02996,0.02999125,OK,正常双期限插值,HIST_CLEAN_SURFACE
2021-05-17 00:00:00,2021-05-17,22.5842,0.0510044948067817,2021-06-18,2021-07-16,32,60,0.0499457064906398,0.04253418827764646,5162.780934234739,5148.344642051079,5100.0,5100.0,27,19,0.0299725,0.0301475,WARN,期限未夹住30日,HIST_CLEAN_SURFACE
2021-05-18 00:00:00,2021-05-18,22.4859,0.05056176324051306,2021-06-18,2021-07-16,31,59,0.05014589728024019,0.04422509377805025,5168.918502819608,5151.529439710491,5100.0,5100.0,27,20,0.02996625,0.03014125,WARN,期限未夹住30日,HIST_CLEAN_SURFACE
2021-05-19 00:00:00,2021-05-19,21.6857,0.047026961068472116,2021-06-18,2021-07-16,30,58,0.047026961068472116,0.04393261156863825,5156.384597863406,5139.040755628904,5100.0,5100.0,27,20,0.02996,0.030135000000000002,WARN,期限未夹住30日,HIST_CLEAN_SURFACE
2021-05-20 00:00:00,2021-05-20,21.4503,0.04601148347277197,2021-06-18,2021-07-16,29,57,0.046167071604041855,0.04387419388006454,5175.46615896105,5161.4012777057915,5100.0,5100.0,27,20,0.02996,0.03012875,OK,正常双期限插值,HIST_CLEAN_SURFACE
2021-05-21 00:00:00,2021-05-21,20.6342,0.04257690613161816,2021-06-18,2021-07-16,28,56,0.042763601526950266,0.041363386061959405,5113.029912278356,5096.072559522467,5100.0,5000.0,27,20,0.02996,0.0301225,OK,正常双期限插值,HIST_CLEAN_SURFACE
2021-05-24 00:00:00,2021-05-24,20.8853,0.04361955802808746,2021-06-18,2021-07-16,25,53,0.04421066187962312,0.04233697419928365,5136.528169537736,5104.620151667172,5100.0,5100.0,27,20,0.02996,0.030103750000000002,OK,正常双期限插值,HIST_CLEAN_SURFACE
2021-05-25 00:00:00,2021-05-25,22.9246,0.052553849821424824,2021-06-18,2021-07-16,24,52,0.055600647389864005,0.04739773085945083,5319.887717642318,5288.739234416906,5300.0,5200.0,27,20,0.02996,0.0300975,OK,正常双期限插值,HIST_CLEAN_SURFACE
2021-05-26 00:00:00,2021-05-26,22.9623,0.05272679535511751,2021-06-18,2021-07-16,23,51,0.05586232386573466,0.048484609723106066,5318.173050268836,5290.942426686274,5300.0,5200.0,28,21,0.02996,0.03009125,OK,正常双期限插值,HIST_CLEAN_SURFACE
2021-05-27 00:00:00,2021-05-27,23.5644,0.055528090984602096,2021-06-18,2021-07-16,22,50,0.05944667077712909,0.05121765321282241,5337.585265080309,5310.844601157823,5300.0,5300.0,28,21,0.02996,0.030085,OK,正常双期限插值,HIST_CLEAN_SURFACE
2021-05-28 00:00:00,2021-05-28,23.39,0.05470937468387334,2021-06-18,2021-07-16,21,49,0.05824670336151907,0.051508934451717656,5316.055427192745,5287.343029081429,5300.0,5200.0,28,21,0.02996,0.03007875,OK,正常双期限插值,HIST_CLEAN_SURFACE
2021-05-31 00:00:00,2021-05-31,23.9919,0.05756122345122629,2021-06-18,2021-07-16,18,46,0.06529560196997397,0.0535258955284014,5327.039921429489,5297.3681701500245,5300.0,5200.0,28,21,0.02996,0.03006,OK,正常双期限插值,HIST_CLEAN_SURFACE
2021-06-01 00:00:00,2021-06-01,23.9545,0.05738188024982203,2021-06-18,2021-07-16,17,45,0.06657444338566827,0.05337486554958135,5329.841611864144,5301.033984001768,5300.0,5300.0,28,21,0.02996,0.03005375,OK,正常双期限插值,HIST_CLEAN_SURFACE
2021-06-02 00:00:00,2021-06-02,22.3915,0.05013773319727405,2021-06-18,2021-07-16,16,44,0.05456847800930025,0.048526553265628145,5281.444401343225,5254.195951546828,5200.0,5200.0,28,21,0.02996,0.0300475,OK,正常双期限插值,HIST_CLEAN_SURFACE
2021-06-03 00:00:00,2021-06-03,21.2375,0.04510325849210557,2021-06-18,2021-07-16,15,43,0.04648125553973621,0.044686654733519564,5238.192991898204,5210.185365479437,5200.0,5200.0,28,21,0.02996,0.030041250000000002,OK,正常双期限插值,HIST_CLEAN_SURFACE
2021-06-04 00:00:00,2021-06-04,21.1835,0.04487395657981353,2021-06-18,2021-07-16,14,42,0.046325987632830266,0.044510948816559336,5273.962088953761,5242.009168661722,5200.0,5200.0,28,21,0.02996,0.030035,OK,正常双期限插值,HIST_CLEAN_SURFACE
2021-06-07 00:00:00,2021-06-07,22.0775,0.048741496668463544,2021-06-18,2021-07-16,11,39,0.05599666689969238,0.0477721824270443,5264.927206580422,5233.745522269766,5200.0,5200.0,28,21,0.02996,0.03001625,OK,正常双期限插值,HIST_CLEAN_SURFACE
2021-06-08 00:00:00,2021-06-08,22.1321,0.04898309767483728,2021-06-18,2021-07-16,10,38,0.058174714403831866,0.04801555907178522,5224.3738528432605,5194.015449742597,5200.0,5100.0,28,21,0.02996,0.030010000000000002,OK,正常双期限插值,HIST_CLEAN_SURFACE
2021-06-09 00:00:00,2021-06-09,21.7379,0.04725377132091015,2021-06-18,2021-07-16,9,37,0.054807389350854115,0.04664131580496874,5232.821291880091,5201.684214950355,5200.0,5200.0,28,21,0.02996,0.03000375,OK,正常双期限插值,HIST_CLEAN_SURFACE
2021-06-10 00:00:00,2021-06-10,20.8824,0.043607643836638045,2021-06-18,2021-07-16,8,36,0.04328469522943447,0.04362721647949887,5263.095661146087,5231.999105977417,5200.0,5200.0,28,21,0.02996,0.0299975,OK,正常双期限插值,HIST_CLEAN_SURFACE
2021-06-11 00:00:00,2021-06-11,20.7739,0.04315559792889284,2021-06-18,2021-07-16,7,35,0.04263559921871516,0.043178206568465785,5217.667589476038,5190.772021211502,5200.0,5100.0,27,21,0.02996,0.02999125,OK,正常双期限插值,HIST_CLEAN_SURFACE
2021-06-15 00:00:00,2021-06-15,20.4214,0.041703312902305056,2021-07-16,2021-08-20,31,66,0.041511602138294114,0.03846165816539265,5133.156726739347,5113.842375034004,5100.0,5100.0,21,18,0.02996625,0.030185,WARN,期限未夹住30日,HIST_CLEAN_SURFACE
2021-06-16 00:00:00,2021-06-16,20.8682,0.04354827951974162,2021-07-16,2021-08-20,30,65,0.04354827951974162,0.03787362099030863,5053.515031375882,5034.5534531016665,5000.0,5000.0,21,18,0.02996,0.03017875,WARN,期限未夹住30日,HIST_CLEAN_SURFACE
2021-06-17 00:00:00,2021-06-17,20.0339,0.040135592071019834,2021-07-16,2021-08-20,29,64,0.0403108851519755,0.03743498304254645,5067.74566055196,5050.081291339993,5000.0,5000.0,21,19,0.02996,0.0301725,OK,正常双期限插值,HIST_CLEAN_SURFACE
2021-06-18 00:00:00,2021-06-18,19.6783,0.03872372768037513,2021-07-16,2021-08-20,28,63,0.03917081894985571,0.03544505837085088,5070.10179759423,5059.085092024161,5000.0,5000.0,21,19,0.02996,0.030166250000000002,OK,正常双期限插值,HIST_CLEAN_SURFACE
2021-06-21 00:00:00,2021-06-21,19.8083,0.03923695851002636,2021-07-16,2021-08-20,25,60,0.04038380666096887,0.03636983813267007,5069.411077400385,5052.068702527604,5000.0,5000.0,21,19,0.02996,0.0301475,OK,正常双期限插值,HIST_CLEAN_SURFACE
2021-06-22 00:00:00,2021-06-22,19.4967,0.03801194041671359,2021-07-16,2021-08-20,24,59,0.03912227445955871,0.03582891077315368,5087.521622846355,5073.870393903536,5000.0,5000.0,21,19,0.02996,0.03014125,OK,正常双期限插值,HIST_CLEAN_SURFACE
2021-06-23 00:00:00,2021-06-23,18.6784,0.03488814153799515,2021-07-16,2021-08-20,23,58,0.0357594452442879,0.03350607359008251,5118.732584426971,5104.96277108516,5100.0,5100.0,21,19,0.02996,0.030135000000000002,OK,正常双期限插值,HIST_CLEAN_SURFACE
2021-06-24 00:00:00,2021-06-24,18.5649,0.034465546048570384,2021-07-16,2021-08-20,22,57,0.03543951134642526,0.03319682809478574,5133.805115376751,5118.543922396167,5100.0,5100.0,21,19,0.02996,0.03012875,OK,正常双期限插值,HIST_CLEAN_SURFACE
2021-06-25 00:00:00,2021-06-25,18.5827,0.034531719073426684,2021-07-16,2021-08-20,21,56,0.03523877091931742,0.03376574624037837,5222.970435454119,5212.78110631539,5200.0,5200.0,21,19,0.02996,0.0301225,OK,正常双期限插值,HIST_CLEAN_SURFACE
2021-06-28 00:00:00,2021-06-28,19.0327,0.036224225332123675,2021-07-16,2021-08-20,18,53,0.03952789681404729,0.03407372219766396,5224.093817568919,5215.330037768517,5200.0,5200.0,21,19,0.02996,0.030103750000000002,OK,正常双期限插值,HIST_CLEAN_SURFACE
2021-06-29 00:00:00,2021-06-29,18.6839,0.03490888152180118,2021-07-16,2021-08-20,17,52,0.03753378617431806,0.033456641373811075,5168.635148923557,5163.6164580227805,5100.0,5100.0,21,19,0.02996,0.0300975,OK,正常双期限插值,HIST_CLEAN_SURFACE
2021-06-30 00:00:00,2021-06-30,19.1757,0.03677074131122802,2021-07-16,2021-08-20,16,51,0.04085781749600071,0.03484741134192322,5196.186954357363,5189.6145639447695,5100.0,5100.0,21,19,0.02996,0.03009125,OK,正常双期限插值,HIST_CLEAN_SURFACE
2021-07-01 00:00:00,2021-07-01,18.8934,0.0356961571098073,2021-07-16,2021-08-20,15,50,0.03955856346021202,0.03415119456964542,5153.986367950055,5144.461540961166,5100.0,5100.0,21,19,0.02996,0.030085,OK,正常双期限插值,HIST_CLEAN_SURFACE
2021-07-02 00:00:00,2021-07-02,18.7731,0.03524298487125448,2021-07-16,2021-08-20,14,49,0.03715938878167194,0.03459277640164856,5048.971091908283,5041.765324299919,5000.0,5000.0,21,19,0.02996,0.03007875,OK,正常双期限插值,HIST_CLEAN_SURFACE
2021-07-05 00:00:00,2021-07-05,18.1412,0.03291045011185979,2021-07-16,2021-08-20,11,46,0.034507478525121885,0.03258885171285049,5060.499897294607,5053.40192424723,5000.0,5000.0,21,19,0.02996,0.03006,OK,正常双期限插值,HIST_CLEAN_SURFACE
2021-07-06 00:00:00,2021-07-06,17.8207,0.03175765112894275,2021-07-16,2021-08-20,10,45,0.03382268105932838,0.03141347947387848,5066.09525443058,5058.366340812119,5000.0,5000.0,21,19,0.02996,0.03005375,OK,正常双期限插值,HIST_CLEAN_SURFACE
2021-07-07 00:00:00,2021-07-07,17.6466,0.031140198118922196,2021-07-16,2021-08-20,9,44,0.03485574600415202,0.030633532498209035,5124.046452791276,5115.936734781589,5100.0,5100.0,21,19,0.02996,0.0300475,OK,正常双期限插值,HIST_CLEAN_SURFACE
2021-07-08 00:00:00,2021-07-08,17.8873,0.031995677835537514,2021-07-16,2021-08-20,8,43,0.03314611442185303,0.03186920277742249,5079.54075643065,5072.189408641052,5000.0,5000.0,20,19,0.02996,0.030041250000000002,OK,正常双期限插值,HIST_CLEAN_SURFACE
2021-07-09 00:00:00,2021-07-09,18.4583,0.034070732555608454,2021-07-16,2021-08-20,7,42,0.03492815271091704,0.0339961742812338,5052.030976279932,5046.904018545237,5000.0,5000.0,21,19,0.02996,0.030035,OK,正常双期限插值,HIST_CLEAN_SURFACE
2021-07-12 00:00:00,2021-07-12,17.1688,0.02947661780538023,2021-08-20,2021-09-17,39,67,0.03254992654363438,0.03683115264667501,5099.277478616984,5088.155564071813,5000.0,5000.0,19,24,0.03001625,0.03019125,WARN,期限未夹住30日,HIST_CLEAN_SURFACE
2021-07-13 00:00:00,2021-07-13,17.6948,0.03131073371734663,2021-08-20,2021-09-17,38,66,0.03378694636838684,0.03772637558595081,5116.883167365663,5104.979943369579,5100.0,5100.0,19,24,0.030010000000000002,0.030185,WARN,期限未夹住30日,HIST_CLEAN_SURFACE
2021-07-14 00:00:00,2021-07-14,17.3464,0.030089727021462186,2021-08-20,2021-09-17,37,65,0.0324526836819924,0.03681506520912512,5059.34042204952,5049.915345782578,5000.0,5000.0,19,24,0.03000375,0.03017875,WARN,期限未夹住30日,HIST_CLEAN_SURFACE
2021-07-15 00:00:00,2021-07-15,17.4412,0.03041955378865997,2021-08-20,2021-09-17,36,64,0.03235917495047722,0.03660209624195246,5133.508135578928,5115.899714204053,5100.0,5100.0,19,24,0.0299975,0.0301725,WARN,期限未夹住30日,HIST_CLEAN_SURFACE
2021-07-16 00:00:00,2021-07-16,16.4064,0.026916862227868633,2021-08-20,2021-09-17,35,63,0.028801106983642796,0.03382575966570722,5078.038172215914,5063.932014655577,5000.0,5000.0,19,24,0.02999125,0.030166250000000002,WARN,期限未夹住30日,HIST_CLEAN_SURFACE
2021-07-19 00:00:00,2021-07-19,17.3168,0.02998712751012287,2021-08-20,2021-09-17,32,60,0.030514525577454252,0.034206312048773946,5098.831854380556,5089.074809448864,5000.0,5000.0,19,24,0.0299725,0.0301475,WARN,期限未夹住30日,HIST_CLEAN_SURFACE
2021-07-20 00:00:00,2021-07-20,17.9848,0.03234536818520413,2021-08-20,2021-09-17,31,59,0.03255490164028171,0.03553808981426753,5090.716498787048,5080.410916283368,5000.0,5000.0,19,24,0.02996625,0.03014125,WARN,期限未夹住30日,HIST_CLEAN_SURFACE
2021-07-21 00:00:00,2021-07-21,17.8242,0.03177027467946942,2021-08-20,2021-09-17,30,58,0.03177027467946942,0.035013476363025896,5123.578607842243,5111.423771261692,5100.0,5100.0,19,24,0.02996,0.030135000000000002,WARN,期限未夹住30日,HIST_CLEAN_SURFACE
2021-07-22 00:00:00,2021-07-22,17.9098,0.03207597380972768,2021-08-20,2021-09-17,29,57,0.03189086454166179,0.03461879059736953,5125.524363367545,5117.405375430716,5100.0,5100.0,19,24,0.02996,0.03012875,OK,正常双期限插值,HIST_CLEAN_SURFACE
2021-07-23 00:00:00,2021-07-23,17.3008,0.029931770938274288,2021-08-20,2021-09-17,28,56,0.029365643610395693,0.03361159856948514,5075.885908071953,5067.8132103171065,5000.0,5000.0,19,24,0.02996,0.0301225,OK,正常双期限插值,HIST_CLEAN_SURFACE
2021-07-26 00:00:00,2021-07-26,20.0498,0.040199542933408085,2021-08-20,2021-09-17,25,53,0.03940788052558898,0.041917300988109904,4898.1809015260715,4881.967920049412,4850.0,4850.0,19,24,0.02996,0.030103750000000002,OK,正常双期限插值,HIST_CLEAN_SURFACE
2021-07-27 00:00:00,2021-07-27,22.0253,0.048511535537456504,2021-08-20,2021-09-17,24,52,0.04972090849284872,0.04646490438217736,4729.095946847332,4705.873086976862,4700.0,4700.0,22,25,0.02996,0.0300975,OK,正常双期限插值,HIST_CLEAN_SURFACE
2021-07-28 00:00:00,2021-07-28,21.6523,0.04688210320266563,2021-08-20,2021-09-17,23,51,0.048662658322380536,0.044473116864227814,4740.7712044279815,4720.103920518615,4700.0,4700.0,25,27,0.02996,0.03009125,OK,正常双期限插值,HIST_CLEAN_SURFACE
2021-07-29 00:00:00,2021-07-29,19.9557,0.03982301913066899,2021-08-20,2021-09-17,22,50,0.040218328025265,0.03938817934661337,4802.985804798354,4781.85556566713,4800.0,4750.0,25,27,0.02996,0.030085,OK,正常双期限插值,HIST_CLEAN_SURFACE
2021-07-30 00:00:00,2021-07-30,19.7742,0.03910180244260345,2021-08-20,2021-09-17,21,49,0.039253731793250125,0.03896434255392313,4774.300027890114,4753.556733777805,4750.0,4750.0,25,27,0.02996,0.03007875,OK,正常双期限插值,HIST_CLEAN_SURFACE
2021-08-02 00:00:00,2021-08-02,19.7116,0.038854749670366444,2021-08-20,2021-09-17,18,46,0.040027848767116854,0.03824269796771405,4892.385698476876,4871.4929486857845,4850.0,4850.0,25,27,0.02996,0.03006,OK,正常双期限插值,HIST_CLEAN_SURFACE
2021-08-03 00:00:00,2021-08-03,19.1597,0.036709280322928896,2021-08-20,2021-09-17,17,45,0.03626650777212022,0.03690228374251216,4903.121381527886,4882.0885162816185,4900.0,4850.0,25,27,0.02996,0.03005375,OK,正常双期限插值,HIST_CLEAN_SURFACE
2021-08-04 00:00:00,2021-08-04,19.2269,0.03696718376653517,2021-08-20,2021-09-17,16,44,0.03696673263005423,0.0369673478161646,4924.097249160484,4903.516617791271,4900.0,4900.0,25,27,0.02996,0.0300475,OK,正常双期限插值,HIST_CLEAN_SURFACE
2021-08-05 00:00:00,2021-08-05,19.2247,0.03695888159838399,2021-08-20,2021-09-17,15,43,0.037273135009855005,0.03686387475305554,4897.685854921716,4877.526380994908,4850.0,4850.0,25,27,0.02996,0.030041250000000002,OK,正常双期限插值,HIST_CLEAN_SURFACE
2021-08-06 00:00:00,2021-08-06,19.0375,0.03624281210756685,2021-08-20,2021-09-17,14,42,0.03454226318884567,0.03666794933724715,4889.474989903571,4864.907514049014,4850.0,4850.0,25,27,0.02996,0.030035,OK,正常双期限插值,HIST_CLEAN_SURFACE
2021-08-09 00:00:00,2021-08-09,19.0659,0.03635072927373217,2021-08-20,2021-09-17,11,39,0.03713828833837837,0.036245508831896846,4945.719586056968,4922.058922176306,4900.0,4900.0,25,27,0.02996,0.03001625,OK,正常双期限插值,HIST_CLEAN_SURFACE
2021-08-10 00:00:00,2021-08-10,19.2862,0.037195764097553,2021-08-20,2021-09-17,10,38,0.038975408742102084,0.037008433082337304,5011.791097279215,4986.031818565365,5000.0,4950.0,25,27,0.02996,0.030010000000000002,OK,正常双期限插值,HIST_CLEAN_SURFACE
2021-08-11 00:00:00,2021-08-11,18.9465,0.035897030561922415,2021-08-20,2021-09-17,9,37,0.03735534443311956,0.035778788896690214,4974.710936761321,4949.3633870777585,4950.0,4900.0,25,27,0.02996,0.03000375,OK,正常双期限插值,HIST_CLEAN_SURFACE
2021-08-12 00:00:00,2021-08-12,18.8877,0.03567453060131949,2021-08-20,2021-09-17,8,36,0.03639896872100603,0.03563062526073243,4949.166630842405,4923.49859118995,4900.0,4900.0,25,27,0.02996,0.0299975,OK,正常双期限插值,HIST_CLEAN_SURFACE
2021-08-13 00:00:00,2021-08-13,18.7975,0.03533476036699758,2021-08-20,2021-09-17,7,35,0.03451110448904818,0.035370571492125816,4932.161032597997,4903.704290893811,4900.0,4900.0,25,27,0.02996,0.02999125,OK,正常双期限插值,HIST_CLEAN_SURFACE
2021-08-16 00:00:00,2021-08-16,19.5149,0.03808327934578776,2021-09-17,2021-10-15,32,60,0.03743641224127587,0.03290834250969267,4905.895650755609,4893.509587658947,4900.0,4850.0,27,22,0.0299725,0.0301475,WARN,期限未夹住30日,HIST_CLEAN_SURFACE
2021-08-17 00:00:00,2021-08-17,20.2188,0.04088014087198014,2021-09-17,2021-10-15,31,59,0.04045309240945318,0.03437308040059482,4805.83194732459,4788.636697257577,4800.0,4750.0,27,22,0.02996625,0.03014125,WARN,期限未夹住30日,HIST_CLEAN_SURFACE
2021-08-18 00:00:00,2021-08-18,19.1396,0.036632351520631164,2021-09-17,2021-10-15,30,58,0.036632351520631164,0.03178647021898303,4857.850392084065,4846.70412265463,4850.0,4800.0,27,22,0.02996,0.030135000000000002,WARN,期限未夹住30日,HIST_CLEAN_SURFACE
2021-08-19 00:00:00,2021-08-19,19.84,0.039362440002149425,2021-09-17,2021-10-15,29,57,0.039869706178870694,0.0323942046271889,4813.632411777366,4804.601946012281,4800.0,4800.0,27,22,0.02996,0.03012875,OK,正常双期限插值,HIST_CLEAN_SURFACE
2021-08-20 00:00:00,2021-08-20,20.9768,0.04400278410604754,2021-09-17,2021-10-15,28,56,0.04514269566732364,0.036593358957752876,4726.546565579354,4710.818905067755,4700.0,4700.0,27,22,0.02996,0.0301225,OK,正常双期限插值,HIST_CLEAN_SURFACE
2021-08-23 00:00:00,2021-08-23,20.0744,0.04029803364140313,2021-09-17,2021-10-15,25,53,0.04249668599876597,0.035527372865993175,4791.079215292048,4776.100380717057,4750.0,4750.0,27,22,0.02996,0.030103750000000002,OK,正常双期限插值,HIST_CLEAN_SURFACE
2021-08-24 00:00:00,2021-08-24,18.9106,0.03576109792357954,2021-09-17,2021-10-15,24,52,0.03746126062492848,0.03288389950591209,4854.303674798129,4838.579001490359,4850.0,4800.0,27,22,0.02996,0.0300975,OK,正常双期限插值,HIST_CLEAN_SURFACE
2021-08-25 00:00:00,2021-08-25,18.9001,0.035721507946496624,2021-09-17,2021-10-15,23,51,0.0380200103072686,0.03261176945839335,4850.89599541878,4830.307591270969,4850.0,4800.0,27,22,0.02996,0.03009125,OK,正常双期限插值,HIST_CLEAN_SURFACE
2021-08-26 00:00:00,2021-08-26,19.7243,0.038904919855285214,2021-09-17,2021-10-15,22,50,0.04265503241642901,0.03477979603802703,4775.646270455622,4756.284249942273,4750.0,4750.0,27,22,0.02996,0.030085,OK,正常双期限插值,HIST_CLEAN_SURFACE
2021-08-27 00:00:00,2021-08-27,19.3471,0.03743099845749289,2021-09-17,2021-10-15,21,49,0.04138792484936749,0.03385092219817778,4799.178580814217,4783.924345136882,4750.0,4750.0,27,22,0.02996,0.03007875,OK,正常双期限插值,HIST_CLEAN_SURFACE
2021-08-30 00:00:00,2021-08-30,19.8529,0.03941388151795152,2021-09-17,2021-10-15,18,46,0.04658846316717968,0.03567062152704986,4775.833640165856,4760.182570409484,4750.0,4750.0,27,22,0.02996,0.03006,OK,正常双期限插值,HIST_CLEAN_SURFACE
2021-08-31 00:00:00,2021-08-31,19.5462,0.03820550718208082,2021-09-17,2021-10-15,17,45,0.04476672957501218,0.035345487164649206,4774.951476537127,4753.509159066509,4750.0,4750.0,27,22,0.02996,0.03005375,OK,正常双期限插值,HIST_CLEAN_SURFACE
2021-09-01 00:00:00,2021-09-01,19.5175,0.03809347055295989,2021-09-17,2021-10-15,16,44,0.04455442929580016,0.035744031010108875,4857.499152003121,4840.67033086931,4850.0,4800.0,27,22,0.02996,0.0300475,OK,正常双期限插值,HIST_CLEAN_SURFACE
2021-09-02 00:00:00,2021-09-02,19.9462,0.03978501037745977,2021-09-17,2021-10-15,15,43,0.04791942266971613,0.03732576945189389,4856.9818501212685,4843.243527901702,4850.0,4800.0,27,22,0.02996,0.030041250000000002,OK,正常双期限插值,HIST_CLEAN_SURFACE
2021-09-03 00:00:00,2021-09-03,19.5553,0.0382409522426809,2021-09-17,2021-10-15,14,42,0.04527247913590483,0.036483070519374904,4837.219487411854,4824.676794604309,4800.0,4800.0,27,22,0.02996,0.030035,OK,正常双期限插值,HIST_CLEAN_SURFACE
2021-09-06 00:00:00,2021-09-06,19.4672,0.037897341371767014,2021-09-17,2021-10-15,11,39,0.04675182640912748,0.0367143534922816,4915.213730340123,4897.287550913745,4900.0,4850.0,27,22,0.02996,0.03001625,OK,正常双期限插值,HIST_CLEAN_SURFACE
2021-09-07 00:00:00,2021-09-07,19.6011,0.0384202857950478,2021-09-17,2021-10-15,10,38,0.05025259356454721,0.03717477971404785,4985.41443244495,4968.735868051127,4950.0,4950.0,27,22,0.02996,0.030010000000000002,OK,正常双期限插值,HIST_CLEAN_SURFACE
2021-09-08 00:00:00,2021-09-08,19.7769,0.039112511921449405,2021-09-17,2021-10-15,9,37,0.04868585456358747,0.038336294950465234,4958.206059903823,4942.444959307515,4950.0,4900.0,27,22,0.02996,0.03000375,OK,正常双期限插值,HIST_CLEAN_SURFACE
2021-09-09 00:00:00,2021-09-09,19.8915,0.03956701376582433,2021-09-17,2021-10-15,8,36,0.04816024208898155,0.03904621204926935,4957.503391838691,4941.858502846157,4950.0,4900.0,27,22,0.02996,0.0299975,OK,正常双期限插值,HIST_CLEAN_SURFACE
2021-09-10 00:00:00,2021-09-10,19.7307,0.03893009329755625,2021-09-17,2021-10-15,7,35,0.0453623486577396,0.03865043002102654,5015.495490829713,5001.678458957893,5000.0,5000.0,27,22,0.02996,0.02999125,OK,正常双期限插值,HIST_CLEAN_SURFACE
2021-09-13 00:00:00,2021-09-13,19.5133,0.03807699746403991,2021-10-15,2021-11-19,32,67,0.038201128462713584,0.039173796735902836,4967.196004139951,4951.129913250598,4950.0,4950.0,22,21,0.0299725,0.03019125,WARN,期限未夹住30日,HIST_CLEAN_SURFACE
2021-09-14 00:00:00,2021-09-14,18.7984,0.03533797603106896,2021-10-15,2021-11-19,31,66,0.03542059975892287,0.03673506815659879,4900.697205064679,4879.934652612515,4900.0,4850.0,22,21,0.02996625,0.030185,WARN,期限未夹住30日,HIST_CLEAN_SURFACE
2021-09-15 00:00:00,2021-09-15,19.212,0.03691027897905104,2021-10-15,2021-11-19,30,65,0.03691027897905104,0.0378901812179255,4855.969299558136,4826.5384051001865,4850.0,4800.0,22,21,0.02996,0.03017875,WARN,期限未夹住30日,HIST_CLEAN_SURFACE
2021-09-16 00:00:00,2021-09-16,20.3263,0.04131569264136298,2021-10-15,2021-11-19,29,64,0.041386865946175536,0.040219178914094586,4806.256066329295,4799.871789913593,4800.0,4750.0,22,21,0.02996,0.0301725,OK,正常双期限插值,HIST_CLEAN_SURFACE
2021-09-17 00:00:00,2021-09-17,18.8129,0.035392475567089667,2021-10-15,2021-11-19,28,63,0.03497277786420586,0.03847025872157085,4853.487321892763,4846.150248993194,4850.0,4800.0,22,21,0.02996,0.030166250000000002,OK,正常双期限插值,HIST_CLEAN_SURFACE
2021-09-22 00:00:00,2021-09-22,20.5108,0.042069226663047896,2021-10-15,2021-11-19,23,58,0.0418537241496129,0.0424110582360827,4816.3541606480885,4807.130816268503,4800.0,4800.0,22,21,0.02996,0.030135000000000002,OK,正常双期限插值,HIST_CLEAN_SURFACE
2021-09-23 00:00:00,2021-09-23,19.7449,0.03898600685266531,2021-10-15,2021-11-19,22,57,0.03726076634276146,0.041233359622145326,4841.419230896147,4827.912944847873,4800.0,4800.0,22,21,0.02996,0.03012875,OK,正常双期限插值,HIST_CLEAN_SURFACE
2021-09-24 00:00:00,2021-09-24,18.9865,0.03604856062226133,2021-10-15,2021-11-19,21,56,0.033640346596989584,0.03865745914963905,4857.210301656176,4842.056474236078,4850.0,4800.0,22,21,0.02996,0.0301225,OK,正常双期限插值,HIST_CLEAN_SURFACE
2021-09-27 00:00:00,2021-09-27,19.5596,0.03825784739807368,2021-10-15,2021-11-19,18,53,0.03581642173764359,0.03984707730910836,4888.127986333507,4875.681500751673,4850.0,4850.0,22,21,0.02996,0.030103750000000002,OK,正常双期限插值,HIST_CLEAN_SURFACE
2021-09-28 00:00:00,2021-09-28,19.488,0.037978240469113786,2021-10-15,2021-11-19,17,52,0.03602887697435704,0.03905673447360938,4879.237928928609,4870.300794833617,4850.0,4850.0,22,21,0.02996,0.0300975,OK,正常双期限插值,HIST_CLEAN_SURFACE
2021-09-29 00:00:00,2021-09-29,20.2537,0.0410210892994277,2021-10-15,2021-11-19,16,51,0.03852307919934828,0.04219662346417096,4852.506511383293,4843.352538803706,4850.0,4800.0,22,21,0.02996,0.03009125,OK,正常双期限插值,HIST_CLEAN_SURFACE
2021-09-30 00:00:00,2021-09-30,20.0077,0.0400307315476581,2021-10-15,2021-11-19,15,50,0.03828620958808078,0.040728540331489024,4858.5418249256545,4849.011232793462,4850.0,4800.0,22,21,0.02996,0.030085,OK,正常双期限插值,HIST_CLEAN_SURFACE
2021-10-08 00:00:00,2021-10-08,19.0127,0.03614816129191003,2021-10-15,2021-11-19,7,42,0.0369747414755622,0.03607628475420114,4932.5725329549405,4925.4963370694295,4900.0,4900.0,22,21,0.02996,0.030035,OK,正常双期限插值,HIST_CLEAN_SURFACE
2021-10-11 00:00:00,2021-10-11,17.7043,0.03134435386917703,2021-11-19,2021-12-17,39,67,0.03402355688098451,0.03775577998200987,4925.2009030737045,4914.378805419956,4900.0,4900.0,21,24,0.03001625,0.03019125,WARN,期限未夹住30日,HIST_CLEAN_SURFACE
2021-10-12 00:00:00,2021-10-12,17.385,0.03022365182336476,2021-11-19,2021-12-17,38,66,0.03334494642349563,0.03831064237824928,4871.711756149148,4857.287101890436,4850.0,4850.0,21,24,0.030010000000000002,0.030185,WARN,期限未夹住30日,HIST_CLEAN_SURFACE
2021-10-13 00:00:00,2021-10-13,17.0952,0.029224443271660464,2021-11-19,2021-12-17,37,65,0.032241557504306274,0.03781161454919087,4927.471233548865,4913.7964015608595,4900.0,4900.0,21,24,0.03000375,0.03017875,WARN,期限未夹住30日,HIST_CLEAN_SURFACE
2021-10-14 00:00:00,2021-10-14,16.8266,0.028313380617595946,2021-11-19,2021-12-17,36,64,0.030847001125544914,0.036389295986683286,4906.456215047295,4898.725399236029,4900.0,4850.0,21,24,0.0299975,0.0301725,WARN,期限未夹住30日,HIST_CLEAN_SURFACE
2021-10-15 00:00:00,2021-10-15,16.9025,0.028569481425056678,2021-11-19,2021-12-17,35,63,0.03028948390254553,0.03487615717584914,4936.360831828934,4925.32721692708,4900.0,4900.0,21,24,0.02999125,0.030166250000000002,WARN,期限未夹住30日,HIST_CLEAN_SURFACE
2021-10-18 00:00:00,2021-10-18,18.1445,0.032922389233149336,2021-11-19,2021-12-17,32,60,0.03357704725065632,0.038159653373205225,4861.960434619419,4850.148574467154,4850.0,4850.0,21,24,0.0299725,0.0301475,WARN,期限未夹住30日,HIST_CLEAN_SURFACE
2021-10-19 00:00:00,2021-10-19,17.48,0.03055514363388844,2021-11-19,2021-12-17,31,59,0.030863869834225385,0.03525929370342939,4911.522241015218,4902.167519911678,4900.0,4900.0,21,24,0.02996625,0.03014125,WARN,期限未夹住30日,HIST_CLEAN_SURFACE
2021-10-20 00:00:00,2021-10-20,17.7889,0.03164459722370384,2021-11-19,2021-12-17,30,58,0.03164459722370384,0.03568347508269944,4902.837849612743,4895.516335136008,4900.0,4850.0,21,24,0.02996,0.030135000000000002,WARN,期限未夹住30日,HIST_CLEAN_SURFACE
2021-10-21 00:00:00,2021-10-21,18.0217,0.032478312907957815,2021-11-19,2021-12-17,29,57,0.03222737170987185,0.03592545252377016,4922.432739608921,4916.442481467052,4900.0,4900.0,21,24,0.02996,0.03012875,OK,正常双期限插值,HIST_CLEAN_SURFACE
2021-10-22 00:00:00,2021-10-22,18.1164,0.03282025553722522,2021-11-19,2021-12-17,28,56,0.032291595838466046,0.03625654357915982,4962.48087244803,4957.9762567915495,4950.0,4950.0,21,24,0.02996,0.0301225,OK,正常双期限插值,HIST_CLEAN_SURFACE
2021-10-25 00:00:00,2021-10-25,18.9392,0.03586925437095169,2021-11-19,2021-12-17,25,53,0.03520142059848329,0.037318327650835946,4976.216521755181,4973.975307945116,4950.0,4950.0,21,24,0.02996,0.030103750000000002,OK,正常双期限插值,HIST_CLEAN_SURFACE
2021-10-26 00:00:00,2021-10-26,18.753,0.03516743031995369,2021-11-19,2021-12-17,24,52,0.03422785291644193,0.03675748438743514,4955.348803845383,4953.311524852608,4950.0,4950.0,21,24,0.02996,0.0300975,OK,正常双期限插值,HIST_CLEAN_SURFACE
2021-10-27 00:00:00,2021-10-27,18.6927,0.034941614730884356,2021-11-19,2021-12-17,23,51,0.03370866867023165,0.036609718224708584,4888.873319335603,4883.996076280253,4850.0,4850.0,21,24,0.02996,0.03009125,OK,正常双期限插值,HIST_CLEAN_SURFACE
2021-10-28 00:00:00,2021-10-28,18.7927,0.03531662451953582,2021-11-19,2021-12-17,22,50,0.03417457876924948,0.03657287484485079,4875.75625995992,4871.219511933439,4850.0,4850.0,21,24,0.02996,0.030085,OK,正常双期限插值,HIST_CLEAN_SURFACE
2021-10-29 00:00:00,2021-10-29,18.2475,0.0332970487043678,2021-11-19,2021-12-17,21,49,0.031786100822042314,0.034664096788376564,4907.683589618377,4903.782358413182,4900.0,4900.0,21,24,0.02996,0.03007875,OK,正常双期限插值,HIST_CLEAN_SURFACE
2021-11-01 00:00:00,2021-11-01,18.7491,0.03515273154815285,2021-11-19,2021-12-17,18,46,0.03447518133147095,0.035506236009030356,4893.465297843994,4893.814756321604,4850.0,4850.0,21,24,0.02996,0.03006,OK,正常双期限插值,HIST_CLEAN_SURFACE
2021-11-02 00:00:00,2021-11-02,19.6138,0.038469948948901406,2021-11-19,2021-12-17,17,45,0.039658724860951136,0.03795176457698229,4835.863951065034,4835.817464647682,4800.0,4800.0,21,24,0.02996,0.03005375,OK,正常双期限插值,HIST_CLEAN_SURFACE
2021-11-03 00:00:00,2021-11-03,19.7642,0.03906254889022893,2021-11-19,2021-12-17,16,44,0.04081240171467519,0.03842623877224847,4819.806914481523,4820.9951608407355,4800.0,4800.0,21,24,0.02996,0.0300475,OK,正常双期限插值,HIST_CLEAN_SURFACE
2021-11-04 00:00:00,2021-11-04,18.6548,0.034799991233977624,2021-11-19,2021-12-17,15,43,0.033182320678084895,0.03528905442529403,4865.086788048384,4866.280875359841,4850.0,4850.0,21,24,0.02996,0.030041250000000002,OK,正常双期限插值,HIST_CLEAN_SURFACE
2021-11-05 00:00:00,2021-11-05,18.4193,0.03392709457700893,2021-11-19,2021-12-17,14,42,0.03232445386270044,0.034327754755586054,4852.706699073578,4853.629621312833,4850.0,4850.0,21,24,0.02996,0.030035,OK,正常双期限插值,HIST_CLEAN_SURFACE
2021-11-08 00:00:00,2021-11-08,18.8066,0.0353689758171525,2021-11-19,2021-12-17,11,39,0.03723549687671067,0.03511960255818319,4846.35799397501,4849.881379150389,4800.0,4800.0,21,24,0.02996,0.03001625,OK,正常双期限插值,HIST_CLEAN_SURFACE
2021-11-09 00:00:00,2021-11-09,18.6562,0.034805499585678405,2021-11-19,2021-12-17,10,38,0.0358308303267363,0.0346975700339881,4841.685670902561,4843.172885385361,4800.0,4800.0,21,24,0.02996,0.030010000000000002,OK,正常双期限插值,HIST_CLEAN_SURFACE
2021-11-10 00:00:00,2021-11-10,18.7487,0.03515138660857686,2021-11-19,2021-12-17,9,37,0.03602294641738,0.03508071959705228,4810.783884198789,4810.535680882124,4800.0,4800.0,21,24,0.02996,0.03000375,OK,正常双期限插值,HIST_CLEAN_SURFACE
2021-11-11 00:00:00,2021-11-11,18.2888,0.033447894993458856,2021-11-19,2021-12-17,8,36,0.03133199323472083,0.033576131463685405,4896.813013354461,4895.325929039953,4850.0,4850.0,21,24,0.02996,0.0299975,OK,正常双期限插值,HIST_CLEAN_SURFACE
2021-11-12 00:00:00,2021-11-12,18.0421,0.032551687640061694,2021-11-19,2021-12-17,7,35,0.02742292561319536,0.032774677293403706,4894.170068383277,4894.826025414031,4850.0,4850.0,21,24,0.02996,0.02999125,OK,正常双期限插值,HIST_CLEAN_SURFACE
2021-11-15 00:00:00,2021-11-15,18.6437,0.03475873055358456,2021-12-17,2022-01-21,32,67,0.034453636381064856,0.03206297308893286,4892.311035860375,4887.091485669035,4850.0,4850.0,24,20,0.0299725,0.03019125,WARN,期限未夹住30日,HIST_CLEAN_SURFACE
2021-11-16 00:00:00,2021-11-16,18.2157,0.03318125176910897,2021-12-17,2022-01-21,31,66,0.033030721944756765,0.03063592928460801,4884.487575021929,4882.705863846051,4850.0,4850.0,24,20,0.02996625,0.030185,WARN,期限未夹住30日,HIST_CLEAN_SURFACE
2021-11-17 00:00:00,2021-11-17,18.0365,0.03253168006789704,2021-12-17,2022-01-21,30,65,0.03253168006789704,0.03058919844500043,4884.190023270393,4882.791004033535,4850.0,4850.0,24,20,0.02996,0.03017875,WARN,期限未夹住30日,HIST_CLEAN_SURFACE
2021-11-18 00:00:00,2021-11-18,17.5609,0.03083857532158664,2021-12-17,2022-01-21,29,64,0.030963731088553992,0.028910394286745807,4833.078646224489,4836.226553999274,4800.0,4800.0,24,20,0.02996,0.0301725,OK,正常双期限插值,HIST_CLEAN_SURFACE
2021-11-19 00:00:00,2021-11-19,17.1101,0.02927549264694357,2021-12-17,2022-01-21,28,63,0.02959922338793454,0.026901467213009747,4898.227648049656,4897.208718295315,4850.0,4850.0,24,20,0.02996,0.030166250000000002,OK,正常双期限插值,HIST_CLEAN_SURFACE
2021-11-22 00:00:00,2021-11-22,17.1058,0.029260996137265433,2021-12-17,2022-01-21,25,60,0.030311743662662222,0.026634127323773453,4908.420455686387,4908.270900660146,4900.0,4900.0,24,20,0.02996,0.0301475,OK,正常双期限插值,HIST_CLEAN_SURFACE
2021-11-23 00:00:00,2021-11-23,16.9524,0.028738485420705832,2021-12-17,2022-01-21,24,59,0.02994086970431195,0.026374475642768385,4909.062162102899,4906.632234634095,4900.0,4900.0,24,20,0.02996,0.03014125,OK,正常双期限插值,HIST_CLEAN_SURFACE
2021-11-25 00:00:00,2021-11-25,15.8167,0.025016777037489467,2021-12-17,2022-01-21,22,57,0.025978782273019724,0.023763638638575044,4898.617087105121,4900.3197945039,4850.0,4900.0,24,20,0.02996,0.03012875,OK,正常双期限插值,HIST_CLEAN_SURFACE
2021-11-26 00:00:00,2021-11-26,15.6809,0.02458915558782964,2021-12-17,2022-01-21,21,56,0.02568068543460628,0.023406664920488273,4857.080497382063,4857.874925487775,4850.0,4850.0,24,20,0.02996,0.0301225,OK,正常双期限插值,HIST_CLEAN_SURFACE
2021-11-29 00:00:00,2021-11-29,16.3607,0.02676721490586687,2021-12-17,2022-01-21,18,53,0.028877854658807937,0.02539330789687692,4851.42417165682,4852.191474052737,4850.0,4850.0,24,20,0.02996,0.030103750000000002,OK,正常双期限插值,HIST_CLEAN_SURFACE
2021-11-30 00:00:00,2021-11-30,16.1725,0.02615493360218134,2021-12-17,2022-01-21,17,52,0.028698763791578395,0.024747548260710187,4835.771854567854,4837.38055743758,4800.0,4800.0,24,20,0.02996,0.0300975,OK,正常双期限插值,HIST_CLEAN_SURFACE
2021-12-01 00:00:00,2021-12-01,15.6935,0.024628616894833782,2021-12-17,2022-01-21,16,51,0.025964130482291688,0.02400013991250064,4849.0778271833005,4850.794406439735,4800.0,4850.0,24,20,0.02996,0.03009125,OK,正常双期限插值,HIST_CLEAN_SURFACE
2021-12-02 00:00:00,2021-12-02,15.2667,0.023307238741295606,2021-12-17,2022-01-21,15,50,0.024021040386191135,0.023021718083337393,4860.298189618768,4859.017055951293,4850.0,4850.0,24,20,0.02996,0.030085,OK,正常双期限插值,HIST_CLEAN_SURFACE
2021-12-03 00:00:00,2021-12-03,14.8695,0.022110310869709958,2021-12-17,2022-01-21,14,49,0.022282795778357293,0.022051789204276036,4902.414635899149,4896.589237971517,4900.0,4850.0,24,20,0.02996,0.03007875,OK,正常双期限插值,HIST_CLEAN_SURFACE
2021-12-06 00:00:00,2021-12-06,15.0848,0.022755117198514117,2021-12-17,2022-01-21,11,46,0.024584349844622932,0.022386759137055134,4898.650736452566,4894.544263304463,4850.0,4850.0,24,20,0.02996,0.03006,OK,正常双期限插值,HIST_CLEAN_SURFACE
2021-12-07 00:00:00,2021-12-07,15.3488,0.023558590407989792,2021-12-17,2022-01-21,10,45,0.024403671933251346,0.023417743487112865,4924.844292773288,4921.2112496581085,4900.0,4900.0,24,20,0.02996,0.03005375,OK,正常双期限插值,HIST_CLEAN_SURFACE
2021-12-08 00:00:00,2021-12-08,16.6773,0.027813277709640746,2021-12-17,2022-01-21,9,44,0.03334088267676144,0.027059513395942463,5004.91806183794,5002.701286545085,5000.0,5000.0,24,20,0.02996,0.0300475,OK,正常双期限插值,HIST_CLEAN_SURFACE
2021-12-09 00:00:00,2021-12-09,16.7348,0.02800527594792071,2021-12-17,2022-01-21,8,43,0.03363660762618696,0.02738618663022547,5088.42486081103,5093.75058699373,5000.0,5000.0,24,20,0.02996,0.030041250000000002,OK,正常双期限插值,HIST_CLEAN_SURFACE
2021-12-10 00:00:00,2021-12-10,16.6211,0.027625935726728897,2021-12-17,2022-01-21,7,42,0.03014156232749124,0.02740718558753217,5072.346975256427,5071.9933973119605,5000.0,5000.0,24,21,0.02996,0.030035,OK,正常双期限插值,HIST_CLEAN_SURFACE
2021-12-13 00:00:00,2021-12-13,17.1182,0.02930322646933085,2022-01-21,2022-02-18,39,67,0.02867019368259368,0.027788356964750863,5088.4384315748475,5087.284699827242,5000.0,5000.0,21,21,0.03001625,0.03019125,WARN,期限未夹住30日,HIST_CLEAN_SURFACE
2021-12-14 00:00:00,2021-12-14,16.714,0.027935845030428907,2022-01-21,2022-02-18,38,66,0.02724128642026367,0.026136306813182623,5065.745289571769,5066.633581032077,5000.0,5000.0,21,21,0.030010000000000002,0.030185,WARN,期限未夹住30日,HIST_CLEAN_SURFACE
2021-12-15 00:00:00,2021-12-15,15.9929,0.025577395399083384,2022-01-21,2022-02-18,37,65,0.02583472369732034,0.026309791324834724,5021.963012952546,5029.137243017885,5000.0,5000.0,21,21,0.03000375,0.03017875,WARN,期限未夹住30日,HIST_CLEAN_SURFACE
2021-12-16 00:00:00,2021-12-16,15.8987,0.02527675249205612,2022-01-21,2022-02-18,36,64,0.025452634872688784,0.02583737758032272,5053.663107612931,5055.236146230729,5000.0,5000.0,21,21,0.0299975,0.0301725,WARN,期限未夹住30日,HIST_CLEAN_SURFACE
2021-12-17 00:00:00,2021-12-17,16.0967,0.02591028593970997,2022-01-21,2022-02-18,35,63,0.026108144533010847,0.026635767448479855,4980.094465426124,4984.60070310597,4950.0,4950.0,21,21,0.02999125,0.030166250000000002,WARN,期限未夹住30日,HIST_CLEAN_SURFACE
2021-12-20 00:00:00,2021-12-20,17.1592,0.029443697695467442,2022-01-21,2022-02-18,32,60,0.029229383945195597,0.02772918769329271,4908.527156662061,4916.598144380904,4900.0,4900.0,21,21,0.0299725,0.0301475,WARN,期限未夹住30日,HIST_CLEAN_SURFACE
2021-12-21 00:00:00,2021-12-21,16.1661,0.026134209822339913,2022-01-21,2022-02-18,31,59,0.026204777657186318,0.027209472254999503,4928.48154644395,4935.217458585297,4900.0,4900.0,21,21,0.02996625,0.03014125,WARN,期限未夹住30日,HIST_CLEAN_SURFACE
2021-12-22 00:00:00,2021-12-22,15.9827,0.025544675274479418,2022-01-21,2022-02-18,30,58,0.025544675274479414,0.026778690450042116,4925.263587048234,4931.572921387239,4900.0,4900.0,21,21,0.02996,0.030135000000000002,WARN,期限未夹住30日,HIST_CLEAN_SURFACE
2021-12-23 00:00:00,2021-12-23,15.3013,0.023413129910290254,2022-01-21,2022-02-18,29,57,0.023284783190661587,0.025176208532557667,4963.583982334713,4968.610772279401,4950.0,4950.0,21,21,0.02996,0.03012875,OK,正常双期限插值,HIST_CLEAN_SURFACE
2021-12-24 00:00:00,2021-12-24,15.462,0.023907208453332666,2022-01-21,2022-02-18,28,56,0.02369428804711614,0.02529119109374005,4939.324314467997,4945.894018111314,4900.0,4900.0,21,21,0.02996,0.0301225,OK,正常双期限插值,HIST_CLEAN_SURFACE
2021-12-27 00:00:00,2021-12-27,15.9341,0.025389639777031625,2022-01-21,2022-02-18,25,53,0.024811194614063066,0.026644756640076622,4946.992063571778,4948.032654728831,4900.0,4900.0,21,21,0.02996,0.030103750000000002,OK,正常双期限插值,HIST_CLEAN_SURFACE
2021-12-28 00:00:00,2021-12-28,16.1121,0.025959848552405615,2022-01-21,2022-02-18,24,52,0.025868135759069998,0.026115054818050498,4981.840109854355,4990.305007666316,4950.0,4950.0,21,21,0.02996,0.0300975,OK,正常双期限插值,HIST_CLEAN_SURFACE
2021-12-29 00:00:00,2021-12-29,17.2853,0.029878094865785847,2022-01-21,2022-02-18,23,51,0.030586226769002876,0.028920034055551037,4907.513084962177,4921.671356183511,4900.0,4900.0,21,21,0.02996,0.03009125,OK,正常双期限插值,HIST_CLEAN_SURFACE
2021-12-31 00:00:00,2021-12-31,16.879,0.028490051437924276,2022-01-21,2022-02-18,21,49,0.028139839663244064,0.028806909710254,4948.939837955442,4958.605368125117,4900.0,4950.0,21,21,0.02996,0.03007875,OK,正常双期限插值,HIST_CLEAN_SURFACE
2022-01-04 00:00:00,2022-01-04,17.1907,0.029551956650701865,2022-01-21,2022-02-18,17,45,0.02992586555684395,0.029388970717255308,4928.8131891464955,4933.400459556705,4900.0,4900.0,21,21,0.02996,0.03005375,OK,正常双期限插值,HIST_CLEAN_SURFACE
2022-01-05 00:00:00,2022-01-05,17.5714,0.030875292214939988,2022-01-21,2022-02-18,16,44,0.03345491916784156,0.029937246050248504,4879.638899664193,4883.208470567594,4850.0,4850.0,21,21,0.02996,0.0300475,OK,正常双期限插值,HIST_CLEAN_SURFACE
2022-01-06 00:00:00,2022-01-06,18.0937,0.03273815600951377,2022-01-21,2022-02-18,15,43,0.035123899102283355,0.03201688484193227,4823.3893040114945,4825.686934756244,4800.0,4800.0,21,21,0.02996,0.030041250000000002,OK,正常双期限插值,HIST_CLEAN_SURFACE
2022-01-07 00:00:00,2022-01-07,17.0611,0.029108015463006356,2022-01-21,2022-02-18,14,42,0.029365171937819966,0.02904372634430295,4830.414802833624,4834.2098796046575,4800.0,4800.0,21,21,0.02996,0.030035,OK,正常双期限插值,HIST_CLEAN_SURFACE
2022-01-10 00:00:00,2022-01-10,17.2783,0.029853940168958013,2022-01-21,2022-02-18,11,39,0.031788417011185004,0.02959548779732445,4847.018906475403,4855.742332358961,4800.0,4850.0,21,21,0.02996,0.03001625,OK,正常双期限插值,HIST_CLEAN_SURFACE
2022-01-11 00:00:00,2022-01-11,17.4937,0.030603107966022,2022-01-21,2022-02-18,10,38,0.03405619806786086,0.030239624797407383,4803.998115830407,4809.830666302778,4800.0,4800.0,21,21,0.02996,0.030010000000000002,OK,正常双期限插值,HIST_CLEAN_SURFACE
2022-01-12 00:00:00,2022-01-12,16.7726,0.028131914666209953,2022-01-21,2022-02-18,9,37,0.028665212890578336,0.02808867426963954,4854.573754515813,4860.52275587666,4850.0,4850.0,21,21,0.02996,0.03000375,OK,正常双期限插值,HIST_CLEAN_SURFACE
2022-01-13 00:00:00,2022-01-13,17.8266,0.031778615632578486,2022-01-21,2022-02-18,8,36,0.03550765629585664,0.03155261316813738,4768.851637698253,4779.595966523449,4750.0,4750.0,21,21,0.02996,0.0299975,OK,正常双期限插值,HIST_CLEAN_SURFACE
2022-01-14 00:00:00,2022-01-14,18.2406,0.03327179953757328,2022-01-21,2022-02-18,7,35,0.034897890917898675,0.03320109991234174,4726.869226923044,4735.100800440241,4700.0,4700.0,22,22,0.02996,0.02999125,OK,正常双期限插值,HIST_CLEAN_SURFACE
2022-01-17 00:00:00,2022-01-17,17.3133,0.02997512219633365,2022-02-18,2022-03-18,32,60,0.03032778153842002,0.032796396933024656,4773.467944891486,4768.812300671251,4750.0,4750.0,22,25,0.0299725,0.0301475,WARN,期限未夹住30日,HIST_CLEAN_SURFACE
2022-01-18 00:00:00,2022-01-18,16.5104,0.02725948105502569,2022-02-18,2022-03-18,31,59,0.027567496642486602,0.03195280331142167,4817.44350696748,4814.257531656916,4800.0,4800.0,22,25,0.02996625,0.03014125,WARN,期限未夹住30日,HIST_CLEAN_SURFACE
2022-01-19 00:00:00,2022-01-19,16.8713,0.028464195427823677,2022-02-18,2022-03-18,30,58,0.02846419542782368,0.033201080817273805,4797.450846729359,4794.691208480448,4750.0,4750.0,22,25,0.02996,0.030135000000000002,WARN,期限未夹住30日,HIST_CLEAN_SURFACE
2022-01-20 00:00:00,2022-01-20,16.5127,0.027266978393908063,2022-02-18,2022-03-18,29,57,0.02694852445157201,0.03164152991757695,4839.180945412544,4845.289697552593,4800.0,4800.0,22,25,0.02996,0.03012875,OK,正常双期限插值,HIST_CLEAN_SURFACE
2022-01-21 00:00:00,2022-01-21,17.1981,0.029577606398424588,2022-02-18,2022-03-18,28,56,0.029056039792730762,0.032967789335434435,4806.5961614765765,4807.8223066757955,4800.0,4800.0,22,25,0.02996,0.0301225,OK,正常双期限插值,HIST_CLEAN_SURFACE
2022-01-24 00:00:00,2022-01-24,18.0784,0.03268268352968554,2022-02-18,2022-03-18,25,53,0.031731663007200955,0.034746218625642665,4806.905486574098,4811.131162683359,4800.0,4800.0,22,25,0.02996,0.030103750000000002,OK,正常双期限插值,HIST_CLEAN_SURFACE
2022-01-25 00:00:00,2022-01-25,20.4803,0.04194427237885831,2022-02-18,2022-03-18,24,52,0.04198129473664951,0.04188161915798089,4693.606747220526,4699.968897932016,4650.0,4650.0,22,25,0.02996,0.0300975,OK,正常双期限插值,HIST_CLEAN_SURFACE
2022-01-26 00:00:00,2022-01-26,19.0248,0.036194342304662695,2022-02-18,2022-03-18,23,51,0.035097391146899165,0.03767845269457804,4722.1474670739735,4727.460850536786,4700.0,4700.0,23,25,0.02996,0.03009125,OK,正常双期限插值,HIST_CLEAN_SURFACE
2022-01-27 00:00:00,2022-01-27,19.8802,0.039522129371571076,2022-02-18,2022-03-18,22,50,0.03911598046690923,0.039968893166699104,4636.2359239087355,4637.87155791056,4600.0,4600.0,23,25,0.02996,0.030085,OK,正常双期限插值,HIST_CLEAN_SURFACE
2022-01-28 00:00:00,2022-01-28,21.9902,0.048356954176203594,2022-02-18,2022-03-18,21,49,0.05147242513633104,0.04553819473608829,4550.342253252935,4548.276149655235,4550.0,4500.0,24,26,0.02996,0.03007875,OK,正常双期限插值,HIST_CLEAN_SURFACE
2022-02-07 00:00:00,2022-02-07,19.1336,0.0366095743862532,2022-02-18,2022-03-18,11,39,0.038724861118117446,0.03632696522774502,4627.9262936777895,4628.674726167389,4600.0,4600.0,25,27,0.02996,0.03001625,OK,正常双期限插值,HIST_CLEAN_SURFACE
2022-02-08 00:00:00,2022-02-08,18.2603,0.03334400754057992,2022-02-18,2022-03-18,10,38,0.035101024247525765,0.033159058413532984,4608.323517636925,4612.125880803736,4600.0,4600.0,25,27,0.02996,0.030010000000000002,OK,正常双期限插值,HIST_CLEAN_SURFACE
2022-02-09 00:00:00,2022-02-09,17.4516,0.030455730151007634,2022-02-18,2022-03-18,9,37,0.028839148667014976,0.03058680432538541,4647.737397835817,4652.022553718132,4600.0,4650.0,25,27,0.02996,0.03000375,OK,正常双期限插值,HIST_CLEAN_SURFACE
2022-02-10 00:00:00,2022-02-10,16.8882,0.02852117087226703,2022-02-18,2022-03-18,8,36,0.02753416979946614,0.02858098911910345,4634.720541151763,4636.959001913177,4600.0,4600.0,25,27,0.02996,0.0299975,OK,正常双期限插值,HIST_CLEAN_SURFACE
2022-02-11 00:00:00,2022-02-11,16.8208,0.028294053291407866,2022-02-18,2022-03-18,7,35,0.026652859451872325,0.02836540954530072,4599.6986625524,4602.7678435462285,4550.0,4600.0,25,27,0.02996,0.02999125,OK,正常双期限插值,HIST_CLEAN_SURFACE
2022-02-14 00:00:00,2022-02-14,17.8945,0.03202117406643296,2022-03-18,2022-04-15,32,60,0.031626976103582685,0.02886759036363077,4552.367625631581,4554.882613077352,4550.0,4550.0,27,20,0.0299725,0.0301475,WARN,期限未夹住30日,HIST_CLEAN_SURFACE
2022-02-15 00:00:00,2022-02-15,17.3408,0.030070190662839787,2022-03-18,2022-04-15,31,59,0.029882484147019592,0.027210052396359208,4592.381270543952,4590.479905677521,4550.0,4550.0,28,21,0.02996625,0.03014125,WARN,期限未夹住30日,HIST_CLEAN_SURFACE
2022-02-16 00:00:00,2022-02-16,16.6778,0.02781497548338012,2022-03-18,2022-04-15,30,58,0.02781497548338012,0.025953115488225396,4614.435503201618,4616.52668691914,4600.0,4600.0,28,21,0.02996,0.030135000000000002,WARN,期限未夹住30日,HIST_CLEAN_SURFACE
2022-02-17 00:00:00,2022-02-17,16.8038,0.02823674524076127,2022-03-18,2022-04-15,29,57,0.028410806583635224,0.02584569205707169,4619.871833622053,4624.279267232232,4600.0,4600.0,28,21,0.02996,0.03012875,OK,正常双期限插值,HIST_CLEAN_SURFACE
2022-02-18 00:00:00,2022-02-18,16.0985,0.02591605596837071,2022-03-18,2022-04-15,28,56,0.026136725604181524,0.02448170333560038,4647.909985146572,4653.308569307841,4600.0,4650.0,28,21,0.02996,0.0301225,OK,正常双期限插值,HIST_CLEAN_SURFACE
2022-02-21 00:00:00,2022-02-21,16.0,0.02559992859123914,2022-03-18,2022-04-15,25,53,0.025943282892787734,0.02485491454070918,4629.222926483113,4628.702042056284,4600.0,4600.0,28,21,0.02996,0.030103750000000002,OK,正常双期限插值,HIST_CLEAN_SURFACE
2022-02-22 00:00:00,2022-02-22,16.3477,0.026724572383132687,2022-03-18,2022-04-15,24,52,0.027874772857822784,0.024778079272118683,4568.762102443185,4568.282153506069,4550.0,4550.0,28,21,0.02996,0.0300975,OK,正常双期限插值,HIST_CLEAN_SURFACE
2022-02-23 00:00:00,2022-02-23,15.5144,0.02406970114621276,2022-03-18,2022-04-15,23,51,0.025045350823925283,0.02274970452342522,4618.662144324493,4617.56774070317,4600.0,4600.0,28,21,0.02996,0.03009125,OK,正常双期限插值,HIST_CLEAN_SURFACE
2022-02-24 00:00:00,2022-02-24,17.4372,0.03040574340970663,2022-03-18,2022-04-15,22,50,0.03227233345091026,0.02835249436438263,4531.150193231282,4530.921535000131,4500.0,4500.0,28,21,0.02996,0.030085,OK,正常双期限插值,HIST_CLEAN_SURFACE
2022-02-25 00:00:00,2022-02-25,16.3682,0.02679193986981726,2022-03-18,2022-04-15,21,49,0.027994696229074058,0.025703731735251582,4573.5444148482475,4573.260508288664,4550.0,4550.0,28,21,0.02996,0.03007875,OK,正常双期限插值,HIST_CLEAN_SURFACE
2022-02-28 00:00:00,2022-02-28,17.2177,0.02964506714504293,2022-03-18,2022-04-15,18,46,0.03317752068025169,0.027802047909281834,4573.621036107966,4570.711115686163,4550.0,4550.0,28,21,0.02996,0.03006,OK,正常双期限插值,HIST_CLEAN_SURFACE
2022-03-01 00:00:00,2022-03-01,16.291,0.02653957592341942,2022-03-18,2022-04-15,17,45,0.029222481219856038,0.02537010438394705,4611.861483177577,4613.494486651054,4600.0,4600.0,28,21,0.02996,0.03005375,OK,正常双期限插值,HIST_CLEAN_SURFACE
2022-03-02 00:00:00,2022-03-02,16.6448,0.02770485327092091,2022-03-18,2022-04-15,16,44,0.030565480442517508,0.026664625208522145,4576.590931139504,4578.342676561057,4550.0,4550.0,28,21,0.02996,0.0300475,OK,正常双期限插值,HIST_CLEAN_SURFACE
2022-03-03 00:00:00,2022-03-03,16.7989,0.0282202012590503,2022-03-18,2022-04-15,15,43,0.03172776347206187,0.02715977547372122,4545.929270230334,4548.256338126213,4500.0,4500.0,28,21,0.02996,0.030041250000000002,OK,正常双期限插值,HIST_CLEAN_SURFACE
2022-03-04 00:00:00,2022-03-04,17.3007,0.029931401195773744,2022-03-18,2022-04-15,14,42,0.033702871520229855,0.028988533614659712,4500.589351688467,4504.849431256022,4500.0,4500.0,28,21,0.02996,0.030035,OK,正常双期限插值,HIST_CLEAN_SURFACE
2022-03-07 00:00:00,2022-03-07,20.3597,0.041451793199086484,2022-03-18,2022-04-15,11,39,0.05758689171906926,0.039296091777388374,4343.612119903159,4344.0964355637525,4300.0,4300.0,29,22,0.02996,0.03001625,OK,正常双期限插值,HIST_CLEAN_SURFACE
2022-03-08 00:00:00,2022-03-08,22.9154,0.052511634864750745,2022-03-18,2022-04-15,10,38,0.0761797627030394,0.05002025298703615,4238.145503649012,4242.954261152204,4200.0,4200.0,31,24,0.02996,0.030010000000000002,OK,正常双期限插值,HIST_CLEAN_SURFACE
2022-03-09 00:00:00,2022-03-09,24.6143,0.06058625709273776,2022-03-18,2022-04-15,9,37,0.08115956894108013,0.058918150726655946,4201.8184583404945,4198.73930671945,4200.0,4150.0,33,26,0.02996,0.03000375,OK,正常双期限插值,HIST_CLEAN_SURFACE
2022-03-10 00:00:00,2022-03-10,22.5484,0.05084293014184087,2022-03-18,2022-04-15,8,36,0.060105363254550945,0.05028157055925237,4266.410772720168,4259.690775984864,4250.0,4250.0,33,26,0.02996,0.0299975,OK,正常双期限插值,HIST_CLEAN_SURFACE
2022-03-11 00:00:00,2022-03-11,23.3246,0.05440375477092918,2022-03-18,2022-04-15,7,35,0.0714302828232204,0.0536634709425687,4301.915982621296,4292.783459813941,4300.0,4250.0,33,26,0.02996,0.02999125,OK,正常双期限插值,HIST_CLEAN_SURFACE
2022-03-14 00:00:00,2022-03-14,27.05,0.0731701305004155,2022-04-15,2022-05-20,32,67,0.07106724481622904,0.054589409231185874,4158.412780631778,4172.215906317641,4150.0,4150.0,26,26,0.0299725,0.03019125,WARN,期限未夹住30日,HIST_CLEAN_SURFACE
2022-03-15 00:00:00,2022-03-15,30.7315,0.09444246500730487,2022-04-15,2022-05-20,31,66,0.09303078156429725,0.0705721813346309,3928.3271308341223,3924.337346093805,3900.0,3900.0,27,27,0.02996625,0.030185,WARN,期限未夹住30日,HIST_CLEAN_SURFACE
2022-03-16 00:00:00,2022-03-16,27.9651,0.0782046989434878,2022-04-15,2022-05-20,30,65,0.0782046989434878,0.06427303017183146,4132.926925314901,4132.862929347686,4100.0,4100.0,31,31,0.02996,0.03017875,WARN,期限未夹住30日,HIST_CLEAN_SURFACE
2022-03-17 00:00:00,2022-03-17,26.1514,0.06838976853547636,2022-04-15,2022-05-20,29,64,0.06916285486432006,0.05647940728172809,4208.610862697149,4201.813874447452,4200.0,4200.0,31,31,0.02996,0.0301725,OK,正常双期限插值,HIST_CLEAN_SURFACE
2022-03-18 00:00:00,2022-03-18,24.5135,0.06009107203461352,2022-04-15,2022-05-20,28,63,0.06103669708781011,0.05315648831117177,4235.31062750601,4227.061226406511,4200.0,4200.0,31,31,0.02996,0.030166250000000002,OK,正常双期限插值,HIST_CLEAN_SURFACE
2022-03-21 00:00:00,2022-03-21,23.7779,0.05653898043043079,2022-04-15,2022-05-20,25,60,0.05863530643938786,0.05129816540803813,4213.501760702241,4193.544968511834,4200.0,4150.0,31,31,0.02996,0.0301475,OK,正常双期限插值,HIST_CLEAN_SURFACE
2022-03-22 00:00:00,2022-03-22,22.2712,0.049600499200563135,2022-04-15,2022-05-20,24,59,0.05146409710362798,0.045936476204706804,4213.46482497091,4196.378790887579,4200.0,4150.0,31,31,0.02996,0.03014125,OK,正常双期限插值,HIST_CLEAN_SURFACE
2022-03-23 00:00:00,2022-03-23,20.6441,0.0426177174644501,2022-04-15,2022-05-20,23,58,0.04447133624674257,0.03967749456839995,4241.678610421678,4226.08575859837,4200.0,4200.0,31,31,0.02996,0.030135000000000002,OK,正常双期限插值,HIST_CLEAN_SURFACE
2022-03-24 00:00:00,2022-03-24,19.6294,0.038531427571443046,2022-04-15,2022-05-20,22,57,0.039376824309672924,0.03743018708348569,4220.568870856684,4207.5661166158325,4200.0,4200.0,31,31,0.02996,0.03012875,OK,正常双期限插值,HIST_CLEAN_SURFACE
2022-03-25 00:00:00,2022-03-25,21.2543,0.04517452339146892,2022-04-15,2022-05-20,21,56,0.047356634951884614,0.04281056920101858,4145.617080498862,4128.816717424443,4100.0,4100.0,31,31,0.02996,0.0301225,OK,正常双期限插值,HIST_CLEAN_SURFACE
2022-03-28 00:00:00,2022-03-28,23.012,0.052955363116365506,2022-04-15,2022-05-20,18,53,0.058814490802634095,0.04914140264134161,4130.923788915181,4113.815017037375,4100.0,4100.0,31,31,0.02996,0.030103750000000002,OK,正常双期限插值,HIST_CLEAN_SURFACE
2022-03-29 00:00:00,2022-03-29,22.9794,0.05280514875327468,2022-04-15,2022-05-20,17,52,0.05904822609336934,0.049351138508902784,4116.427368174599,4101.184438130193,4100.0,4100.0,31,31,0.02996,0.0300975,OK,正常双期限插值,HIST_CLEAN_SURFACE
2022-03-30 00:00:00,2022-03-30,21.1891,0.044897756913177184,2022-04-15,2022-05-20,16,51,0.04746610673554685,0.04368912170265027,4250.801051342276,4232.99827472087,4250.0,4200.0,31,31,0.02996,0.03009125,OK,正常双期限插值,HIST_CLEAN_SURFACE
2022-03-31 00:00:00,2022-03-31,21.5694,0.0465239823318686,2022-04-15,2022-05-20,15,50,0.04660944236416658,0.04648979831894941,4219.584612535898,4205.351722626114,4200.0,4200.0,31,31,0.02996,0.030085,OK,正常双期限插值,HIST_CLEAN_SURFACE
2022-04-01 00:00:00,2022-04-01,20.9149,0.043743297199985307,2022-04-15,2022-05-20,14,49,0.04210878984243697,0.04429786219629634,4263.812273123935,4249.5998789583455,4250.0,4200.0,31,31,0.02996,0.03007875,OK,正常双期限插值,HIST_CLEAN_SURFACE
2022-04-06 00:00:00,2022-04-06,21.0086,0.04413617244750956,2022-04-15,2022-05-20,9,44,0.05149341724683609,0.04313291179305593,4240.503757377664,4224.248582969464,4200.0,4200.0,31,31,0.02996,0.0300475,OK,正常双期限插值,HIST_CLEAN_SURFACE
2022-04-07 00:00:00,2022-04-07,21.7253,0.0471990723421428,2022-04-15,2022-05-20,8,43,0.05626328452119469,0.04620258389962547,4196.131816563811,4185.170968697791,4150.0,4150.0,31,31,0.02996,0.030041250000000002,OK,正常双期限插值,HIST_CLEAN_SURFACE
2022-04-08 00:00:00,2022-04-08,20.8255,0.04337008836261349,2022-04-15,2022-05-20,7,42,0.04810442044580537,0.04295840731190115,4228.412441752243,4215.252623332216,4200.0,4200.0,31,31,0.02996,0.030035,OK,正常双期限插值,HIST_CLEAN_SURFACE
2022-04-11 00:00:00,2022-04-11,23.3989,0.05475091515804009,2022-05-20,2022-06-17,39,67,0.05467295359534327,0.054564350423427305,4098.1517747700655,4077.771827744491,4050.0,4050.0,31,30,0.03001625,0.03019125,WARN,期限未夹住30日,HIST_CLEAN_SURFACE
2022-04-12 00:00:00,2022-04-12,21.7492,0.047302922224157926,2022-05-20,2022-06-17,38,66,0.04854915297117851,0.050531792795983986,4165.692980861733,4144.813345780474,4150.0,4100.0,31,31,0.030010000000000002,0.030185,WARN,期限未夹住30日,HIST_CLEAN_SURFACE
2022-04-13 00:00:00,2022-04-13,22.061,0.04866884692955473,2022-05-20,2022-06-17,37,65,0.04946733137181993,0.050941456496001854,4144.230636505932,4132.76153472156,4100.0,4100.0,31,31,0.03000375,0.03017875,WARN,期限未夹住30日,HIST_CLEAN_SURFACE
2022-04-14 00:00:00,2022-04-14,21.1405,0.04469226401293805,2022-05-20,2022-06-17,36,64,0.04545521318767838,0.04712416450742288,4186.455413934316,4180.341517451,4150.0,4150.0,31,31,0.0299975,0.0301725,WARN,期限未夹住30日,HIST_CLEAN_SURFACE
2022-04-15 00:00:00,2022-04-15,20.9947,0.04407753363113837,2022-05-20,2022-06-17,35,63,0.044830819684699805,0.04683958249419695,4183.983210123457,4171.996189961243,4150.0,4150.0,31,31,0.02999125,0.030166250000000002,WARN,期限未夹住30日,HIST_CLEAN_SURFACE
2022-04-18 00:00:00,2022-04-18,21.5355,0.04637761482959592,2022-05-20,2022-06-17,32,60,0.04670998280787999,0.04903655865586846,4157.688964139625,4142.669253441633,4150.0,4100.0,31,31,0.0299725,0.0301475,WARN,期限未夹住30日,HIST_CLEAN_SURFACE
2022-04-19 00:00:00,2022-04-19,21.9961,0.048382787687108054,2022-05-20,2022-06-17,31,59,0.048504765068174346,0.050241392188440134,4135.034868849132,4122.380650360258,4100.0,4100.0,31,31,0.02996625,0.03014125,WARN,期限未夹住30日,HIST_CLEAN_SURFACE
2022-04-20 00:00:00,2022-04-20,23.7381,0.05634976782297973,2022-05-20,2022-06-17,30,58,0.05634976782297973,0.055656867442439875,4059.7469438066973,4053.2978841858003,4050.0,4050.0,31,31,0.02996,0.030135000000000002,WARN,期限未夹住30日,HIST_CLEAN_SURFACE
2022-04-21 00:00:00,2022-04-21,25.5829,0.06544825751530922,2022-05-20,2022-06-17,29,57,0.06566500025535293,0.06247089671786649,3999.6771070376353,3982.080342492586,3950.0,3950.0,31,31,0.02996,0.03012875,OK,正常双期限插值,HIST_CLEAN_SURFACE
2022-04-22 00:00:00,2022-04-22,25.0218,0.06260894051375832,2022-05-20,2022-06-17,28,56,0.06307989222595421,0.05954775438448494,4012.1984372627667,4000.350091045808,4000.0,4000.0,31,32,0.02996,0.0301225,OK,正常双期限插值,HIST_CLEAN_SURFACE
2022-04-25 00:00:00,2022-04-25,30.0157,0.09009431549731133,2022-05-20,2022-06-17,25,53,0.0946685737773557,0.08016903809721501,3808.8130712853126,3797.6132897421003,3800.0,3750.0,31,32,0.02996,0.030103750000000002,OK,正常双期限插值,HIST_CLEAN_SURFACE
2022-04-26 00:00:00,2022-04-26,29.969,0.08981439119891682,2022-05-20,2022-06-17,24,52,0.09535134681019769,0.08044415862598,3783.2686705093793,3774.5550951075247,3750.0,3750.0,34,34,0.02996,0.0300975,OK,正常双期限插值,HIST_CLEAN_SURFACE
2022-04-27 00:00:00,2022-04-27,28.0678,0.07878004686823037,2022-05-20,2022-06-17,23,51,0.08273000175297288,0.07343599025946107,3882.7674976141143,3866.6775034649727,3850.0,3850.0,34,34,0.02996,0.03009125,OK,正常双期限插值,HIST_CLEAN_SURFACE
2022-04-28 00:00:00,2022-04-28,25.4072,0.06455281947442507,2022-05-20,2022-06-17,22,50,0.06454399354986631,0.06456252799143967,3910.929509852763,3892.1734489470773,3900.0,3850.0,34,34,0.02996,0.030085,OK,正常双期限插值,HIST_CLEAN_SURFACE
2022-04-29 00:00:00,2022-04-29,24.0098,0.05764699225892248,2022-05-20,2022-06-17,21,49,0.055488935790599464,0.05959951953978616,4011.6491450628237,3995.555684191883,4000.0,3950.0,34,34,0.02996,0.03007875,OK,正常双期限插值,HIST_CLEAN_SURFACE
2022-05-05 00:00:00,2022-05-05,24.2566,0.05883824201893745,2022-05-20,2022-06-17,15,43,0.05843383104402109,0.05896050580205169,3994.7935936459935,3983.87295318444,3950.0,3950.0,33,34,0.02996,0.030041250000000002,OK,正常双期限插值,HIST_CLEAN_SURFACE
2022-05-06 00:00:00,2022-05-06,25.686,0.06597683575884165,2022-05-20,2022-06-17,14,42,0.07204176902591113,0.06446060244207429,3881.5213529131274,3868.0347277581723,3850.0,3850.0,31,34,0.02996,0.030035,OK,正常双期限插值,HIST_CLEAN_SURFACE
2022-05-09 00:00:00,2022-05-09,26.4906,0.07017542121027194,2022-05-20,2022-06-17,11,39,0.08426065982090289,0.0682935877116856,3855.6624117178662,3838.211119862475,3850.0,3800.0,32,34,0.02996,0.03001625,OK,正常双期限插值,HIST_CLEAN_SURFACE
2022-05-10 00:00:00,2022-05-10,26.0106,0.06765535227655792,2022-05-20,2022-06-17,10,38,0.0788524395682,0.06647671150901663,3911.77375721992,3899.5545831997188,3900.0,3850.0,31,34,0.02996,0.030010000000000002,OK,正常双期限插值,HIST_CLEAN_SURFACE
2022-05-11 00:00:00,2022-05-11,25.3998,0.06451513531630172,2022-05-20,2022-06-17,9,37,0.06982057483583752,0.06408496454444745,3956.35665954252,3941.622716630311,3950.0,3900.0,32,34,0.02996,0.03000375,OK,正常双期限插值,HIST_CLEAN_SURFACE
2022-05-12 00:00:00,2022-05-12,25.7025,0.06606175796627739,2022-05-20,2022-06-17,8,36,0.07289108453592803,0.06564785938629855,3945.2151174983005,3932.730476320216,3900.0,3900.0,33,34,0.02996,0.0299975,OK,正常双期限插值,HIST_CLEAN_SURFACE
2022-05-13 00:00:00,2022-05-13,24.8483,0.06174404847387226,2022-05-20,2022-06-17,7,35,0.06290622498942162,0.06169351906015271,3975.8907220651263,3959.6276481207537,3950.0,3950.0,34,34,0.02996,0.02999125,OK,正常双期限插值,HIST_CLEAN_SURFACE
2022-05-16 00:00:00,2022-05-16,25.4622,0.06483242426946126,2022-06-17,2022-07-15,32,60,0.06379587917547407,0.05654006351756379,3919.127202540589,3906.6312017455143,3900.0,3900.0,34,25,0.0299725,0.0301475,WARN,期限未夹住30日,HIST_CLEAN_SURFACE
2022-05-17 00:00:00,2022-05-17,23.8046,0.05666585859961345,2022-06-17,2022-07-15,31,59,0.056425292744409425,0.05300028734828421,3971.7281373695323,3956.6987505963616,3950.0,3950.0,34,25,0.02996625,0.03014125,WARN,期限未夹住30日,HIST_CLEAN_SURFACE
2022-05-18 00:00:00,2022-05-18,23.7163,0.056246517000028494,2022-06-17,2022-07-15,30,58,0.056246517000028494,0.051383326505329216,3955.6138068006294,3950.3868915397547,3950.0,3950.0,34,25,0.02996,0.030135000000000002,WARN,期限未夹住30日,HIST_CLEAN_SURFACE
2022-05-19 00:00:00,2022-05-19,23.2339,0.05398135260518062,2022-06-17,2022-07-15,29,57,0.05418453140509708,0.05119031751159117,3970.297389645596,3950.3513696762793,3950.0,3950.0,34,25,0.02996,0.03012875,OK,正常双期限插值,HIST_CLEAN_SURFACE
2022-05-20 00:00:00,2022-05-20,22.5358,0.05078632201854577,2022-06-17,2022-07-15,28,56,0.051356568929172036,0.047079717099475026,4062.1426585583163,4043.688109824933,4050.0,4000.0,34,25,0.02996,0.0301225,OK,正常双期限插值,HIST_CLEAN_SURFACE
2022-05-23 00:00:00,2022-05-23,22.1797,0.049194098434180045,2022-06-17,2022-07-15,25,53,0.05046124228642115,0.046444635358562567,4018.535499322624,3986.6202942533278,4000.0,3950.0,34,25,0.02996,0.030103750000000002,OK,正常双期限插值,HIST_CLEAN_SURFACE
2022-05-24 00:00:00,2022-05-24,23.0014,0.05290657961705942,2022-06-17,2022-07-15,24,52,0.054786622194374884,0.04972496910160247,3940.2651857918568,3909.6172450889953,3900.0,3900.0,34,25,0.02996,0.0300975,OK,正常双期限插值,HIST_CLEAN_SURFACE
2022-05-25 00:00:00,2022-05-25,22.5666,0.05092526117287079,2022-06-17,2022-07-15,23,51,0.05219065817976933,0.04921325345765507,3959.735445696275,3922.7405201905076,3950.0,3900.0,34,25,0.02996,0.03009125,OK,正常双期限插值,HIST_CLEAN_SURFACE
2022-05-26 00:00:00,2022-05-26,21.522,0.04631968786847449,2022-06-17,2022-07-15,22,50,0.046691406872891514,0.04591079696361575,3968.0468050869945,3936.6559737244797,3950.0,3900.0,34,25,0.02996,0.030085,OK,正常双期限插值,HIST_CLEAN_SURFACE
2022-05-27 00:00:00,2022-05-27,21.2602,0.04519944394814854,2022-06-17,2022-07-15,21,49,0.04512260805731602,0.045268962135092246,3982.812678299684,3946.9983508465407,3950.0,3900.0,34,25,0.02996,0.03007875,OK,正常双期限插值,HIST_CLEAN_SURFACE
2022-05-30 00:00:00,2022-05-30,21.7997,0.04752272580059112,2022-06-17,2022-07-15,18,46,0.049873269605474876,0.04629635511978221,4002.5622333679003,3969.401808320033,4000.0,3950.0,34,25,0.02996,0.03006,OK,正常双期限插值,HIST_CLEAN_SURFACE
2022-05-31 00:00:00,2022-05-31,21.8935,0.047932583439736456,2022-06-17,2022-07-15,17,45,0.0492840912453333,0.04734346465268142,4067.424296860272,4037.3229552925595,4050.0,4000.0,34,25,0.02996,0.03005375,OK,正常双期限插值,HIST_CLEAN_SURFACE
2022-06-01 00:00:00,2022-06-01,21.7199,0.04717542816285472,2022-06-17,2022-07-15,16,44,0.04909296061348401,0.04647814363535315,4058.0245569063695,4022.902024226585,4050.0,4000.0,34,25,0.02996,0.0300475,OK,正常双期限插值,HIST_CLEAN_SURFACE
2022-06-02 00:00:00,2022-06-02,21.4972,0.046213166079269126,2022-06-17,2022-07-15,15,43,0.04691422343251048,0.04600121850735894,4070.4251326195645,4037.390439438612,4050.0,4000.0,34,25,0.02996,0.030041250000000002,OK,正常双期限插值,HIST_CLEAN_SURFACE
2022-06-06 00:00:00,2022-06-06,22.3253,0.049841818306156756,2022-06-17,2022-07-15,11,39,0.05614907872465427,0.04899914788587166,4142.593315492308,4110.457838826308,4100.0,4100.0,34,25,0.02996,0.03001625,OK,正常双期限插值,HIST_CLEAN_SURFACE
2022-06-07 00:00:00,2022-06-07,22.3572,0.049984628951263065,2022-06-17,2022-07-15,10,38,0.05956715369857469,0.04897594213575658,4153.729340908736,4123.319678777056,4150.0,4100.0,34,25,0.02996,0.030010000000000002,OK,正常双期限插值,HIST_CLEAN_SURFACE
2022-06-08 00:00:00,2022-06-08,22.7997,0.05198271678279642,2022-06-17,2022-07-15,9,37,0.060295848380027287,0.05130867908572364,4199.636655028005,4166.427285684302,4150.0,4150.0,34,25,0.02996,0.03000375,OK,正常双期限插值,HIST_CLEAN_SURFACE
2022-06-09 00:00:00,2022-06-09,22.3015,0.04973554896443035,2022-06-17,2022-07-15,8,36,0.05412289160741255,0.04946964941031022,4166.930976602251,4130.638228309966,4150.0,4100.0,34,25,0.02996,0.0299975,OK,正常双期限插值,HIST_CLEAN_SURFACE
2022-06-10 00:00:00,2022-06-10,22.0456,0.04860083598910052,2022-06-17,2022-07-15,7,35,0.0510726122364298,0.04849336745660794,4233.952098717027,4203.067550833106,4200.0,4200.0,34,25,0.02996,0.02999125,OK,正常双期限插值,HIST_CLEAN_SURFACE
2022-06-13 00:00:00,2022-06-13,22.971,0.05276654524771675,2022-07-15,2022-08-19,32,67,0.05191696409671897,0.04525979836128874,4143.658502842058,4125.468166921376,4100.0,4100.0,26,22,0.0299725,0.03019125,WARN,期限未夹住30日,HIST_CLEAN_SURFACE
2022-06-14 00:00:00,2022-06-14,22.8741,0.052322383392980024,2022-07-15,2022-08-19,31,66,0.051954743169730165,0.04610592143620946,4188.516626790488,4174.943424937166,4150.0,4150.0,26,22,0.02996625,0.030185,WARN,期限未夹住30日,HIST_CLEAN_SURFACE
2022-06-15 00:00:00,2022-06-15,23.5913,0.055654841389989836,2022-07-15,2022-08-19,30,65,0.05565484138998984,0.05018047992013845,4241.791919927347,4243.150320548056,4200.0,4200.0,26,22,0.02996,0.03017875,WARN,期限未夹住30日,HIST_CLEAN_SURFACE
2022-06-16 00:00:00,2022-06-16,23.1206,0.053456000082063145,2022-07-15,2022-08-19,29,64,0.05382094448783713,0.04783357533060772,4215.795411185479,4213.597041884291,4200.0,4200.0,27,23,0.02996,0.0301725,OK,正常双期限插值,HIST_CLEAN_SURFACE
2022-06-17 00:00:00,2022-06-17,23.122,0.05346258784058163,2022-07-15,2022-08-19,28,63,0.054286233692897465,0.047422518256932104,4279.124085571004,4269.554644513186,4250.0,4250.0,27,23,0.02996,0.030166250000000002,OK,正常双期限插值,HIST_CLEAN_SURFACE
2022-06-20 00:00:00,2022-06-20,22.9359,0.05260577222111404,2022-07-15,2022-08-19,25,60,0.05444977434972016,0.047995766899598724,4285.839456963402,4275.0715628382195,4250.0,4250.0,27,23,0.02996,0.0301475,OK,正常双期限插值,HIST_CLEAN_SURFACE
2022-06-21 00:00:00,2022-06-21,22.4158,0.050246759171340485,2022-07-15,2022-08-19,24,59,0.05205886760681716,0.04668396970497955,4289.480896377879,4277.390985333953,4250.0,4250.0,28,24,0.02996,0.03014125,OK,正常双期限插值,HIST_CLEAN_SURFACE
2022-06-22 00:00:00,2022-06-22,21.59,0.046612982817836504,2022-07-15,2022-08-19,23,58,0.04820237736406626,0.04409187422726514,4232.272258064773,4217.85653700341,4200.0,4200.0,28,24,0.02996,0.030135000000000002,OK,正常双期限插值,HIST_CLEAN_SURFACE
2022-06-23 00:00:00,2022-06-23,21.3568,0.045611089216877634,2022-07-15,2022-08-19,22,57,0.04651699417663363,0.04443102880877443,4316.840710003703,4299.096588226697,4300.0,4250.0,28,24,0.02996,0.03012875,OK,正常双期限插值,HIST_CLEAN_SURFACE
2022-06-24 00:00:00,2022-06-24,20.9451,0.04386970634725648,2022-07-15,2022-08-19,21,56,0.04470471999154354,0.04296510823261217,4362.596975651043,4346.977317925089,4350.0,4300.0,28,24,0.02996,0.0301225,OK,正常双期限插值,HIST_CLEAN_SURFACE
2022-06-27 00:00:00,2022-06-27,21.8015,0.04753066584832618,2022-07-15,2022-08-19,18,53,0.05170735007028042,0.04481188083592201,4409.047661592186,4392.464652825545,4400.0,4350.0,29,25,0.02996,0.030103750000000002,OK,正常双期限插值,HIST_CLEAN_SURFACE
2022-06-28 00:00:00,2022-06-28,21.8249,0.047632609013713544,2022-07-15,2022-08-19,17,52,0.05338002944893349,0.044452823151624396,4464.146974398447,4448.874704758888,4450.0,4400.0,30,26,0.02996,0.0300975,OK,正常双期限插值,HIST_CLEAN_SURFACE
2022-06-29 00:00:00,2022-06-29,22.2367,0.049447101813890934,2022-07-15,2022-08-19,16,51,0.053939683655190966,0.04733294565327914,4409.473664909598,4392.202527113879,4400.0,4350.0,31,27,0.02996,0.03009125,OK,正常双期限插值,HIST_CLEAN_SURFACE
2022-06-30 00:00:00,2022-06-30,22.747,0.05174279360973991,2022-07-15,2022-08-19,15,50,0.05710974604623391,0.04959601263514231,4460.45537967973,4448.683202519518,4450.0,4400.0,30,27,0.02996,0.030085,OK,正常双期限插值,HIST_CLEAN_SURFACE
2022-07-01 00:00:00,2022-07-01,22.4249,0.05028767917008,2022-07-15,2022-08-19,14,49,0.05456523313400852,0.04883636621803282,4442.691410156693,4429.186599748259,4400.0,4400.0,30,27,0.02996,0.03007875,OK,正常双期限插值,HIST_CLEAN_SURFACE
2022-07-04 00:00:00,2022-07-04,22.7621,0.051811186880312256,2022-07-15,2022-08-19,11,46,0.06045111100324901,0.05007133945967509,4467.455381321809,4452.351892809807,4450.0,4450.0,31,27,0.02996,0.03006,OK,正常双期限插值,HIST_CLEAN_SURFACE
2022-07-05 00:00:00,2022-07-05,22.7211,0.05162480255491862,2022-07-15,2022-08-19,10,45,0.05982145112834112,0.050258694459348205,4459.3380726408805,4443.651595757693,4450.0,4400.0,31,27,0.02996,0.03005375,OK,正常双期限插值,HIST_CLEAN_SURFACE
2022-07-06 00:00:00,2022-07-06,23.1495,0.053589893709894275,2022-07-15,2022-08-19,9,44,0.06236691810423802,0.05239302674702922,4404.455596925957,4388.582961368022,4400.0,4350.0,30,27,0.02996,0.0300475,OK,正常双期限插值,HIST_CLEAN_SURFACE
2022-07-07 00:00:00,2022-07-07,22.8268,0.05210640638262152,2022-07-15,2022-08-19,8,43,0.05823871257787556,0.051432241642339886,4416.610904094804,4400.7273058149485,4400.0,4400.0,30,27,0.02996,0.030041250000000002,OK,正常双期限插值,HIST_CLEAN_SURFACE
2022-07-08 00:00:00,2022-07-08,22.0869,0.048783198523055314,2022-07-15,2022-08-19,7,42,0.05193369181759195,0.048509242584399946,4411.177700070832,4394.998709723429,4400.0,4350.0,31,27,0.02996,0.030035,OK,正常双期限插值,HIST_CLEAN_SURFACE
2022-07-11 00:00:00,2022-07-11,22.6713,0.051398593326583045,2022-08-19,2022-09-16,39,67,0.052380224035841,0.05374766979998144,4323.5151935805625,4308.552063153654,4300.0,4300.0,27,32,0.03001625,0.03019125,WARN,期限未夹住30日,HIST_CLEAN_SURFACE
2022-07-12 00:00:00,2022-07-12,21.4955,0.046205839198890056,2022-08-19,2022-09-16,38,66,0.04865082359515898,0.05254057149831411,4284.226723152169,4273.100689908706,4250.0,4250.0,27,32,0.030010000000000002,0.030185,WARN,期限未夹住30日,HIST_CLEAN_SURFACE
2022-07-13 00:00:00,2022-07-13,21.4407,0.0459703122221437,2022-08-19,2022-09-16,37,65,0.04714086612807492,0.04930188872364027,4292.413317619822,4279.4086166430625,4250.0,4250.0,27,32,0.03000375,0.03017875,WARN,期限未夹住30日,HIST_CLEAN_SURFACE
2022-07-14 00:00:00,2022-07-14,20.5974,0.042425108565604726,2022-08-19,2022-09-16,36,64,0.04443358298089815,0.04882712076435252,4293.700804561245,4281.435581940337,4250.0,4250.0,27,32,0.0299975,0.0301725,WARN,期限未夹住30日,HIST_CLEAN_SURFACE
2022-07-15 00:00:00,2022-07-15,21.2506,0.04515865536783832,2022-08-19,2022-09-16,35,63,0.04662617387213477,0.050539556550258616,4217.525690503848,4206.0559333049105,4200.0,4200.0,27,32,0.02999125,0.030166250000000002,WARN,期限未夹住30日,HIST_CLEAN_SURFACE
2022-07-18 00:00:00,2022-07-18,21.2919,0.045334492155660724,2022-08-19,2022-09-16,32,60,0.045956796928925694,0.050312930341780436,4273.192076251359,4263.365515281833,4250.0,4250.0,27,32,0.0299725,0.0301475,WARN,期限未夹住30日,HIST_CLEAN_SURFACE
2022-07-19 00:00:00,2022-07-19,21.4617,0.04606033059241319,2022-08-19,2022-09-16,31,59,0.04632267635750604,0.050057768606285635,4257.345763917122,4245.9804638581245,4250.0,4200.0,27,32,0.02996625,0.03014125,WARN,期限未夹住30日,HIST_CLEAN_SURFACE
2022-07-20 00:00:00,2022-07-20,20.347,0.041400084275845156,2022-08-19,2022-09-16,30,58,0.041400084275845156,0.04706616960559644,4262.631065301417,4255.386888503439,4250.0,4250.0,27,32,0.02996,0.030135000000000002,WARN,期限未夹住30日,HIST_CLEAN_SURFACE
2022-07-21 00:00:00,2022-07-21,20.7978,0.04325469366574885,2022-08-19,2022-09-16,29,57,0.04292387885028275,0.047799044551888346,4216.672824938797,4207.836785765179,4200.0,4200.0,27,32,0.02996,0.03012875,OK,正常双期限插值,HIST_CLEAN_SURFACE
2022-07-22 00:00:00,2022-07-22,20.3829,0.04154638746620097,2022-08-19,2022-09-16,28,56,0.04073278570608606,0.04683479890694786,4227.0324912412025,4219.489865262128,4200.0,4200.0,27,32,0.02996,0.0301225,OK,正常双期限插值,HIST_CLEAN_SURFACE
2022-07-25 00:00:00,2022-07-25,21.4007,0.04579881495500606,2022-08-19,2022-09-16,25,53,0.04458536866213302,0.04843176445840982,4206.730281291727,4197.051817296958,4200.0,4150.0,27,32,0.02996,0.030103750000000002,OK,正常双期限插值,HIST_CLEAN_SURFACE
2022-07-26 00:00:00,2022-07-26,20.2542,0.04102306314555476,2022-08-19,2022-09-16,24,52,0.039174101878577894,0.044152074520438685,4238.487011911275,4229.6734910059595,4200.0,4200.0,27,33,0.02996,0.0300975,OK,正常双期限插值,HIST_CLEAN_SURFACE
2022-07-27 00:00:00,2022-07-27,20.4662,0.04188671641088168,2022-08-19,2022-09-16,23,51,0.039966303875742945,0.04448492160548113,4213.776522125193,4205.183316488386,4200.0,4200.0,27,33,0.02996,0.03009125,OK,正常双期限插值,HIST_CLEAN_SURFACE
2022-07-28 00:00:00,2022-07-28,20.3723,0.041503183518789795,2022-08-19,2022-09-16,22,50,0.039331883406409245,0.04389161364240841,4214.936739611455,4209.311498170502,4200.0,4200.0,27,33,0.02996,0.030085,OK,正常双期限插值,HIST_CLEAN_SURFACE
2022-07-29 00:00:00,2022-07-29,21.6585,0.04690912594594763,2022-08-19,2022-09-16,21,49,0.045848955843974706,0.047868327466780276,4154.823364435751,4147.865472336058,4150.0,4100.0,27,33,0.02996,0.03007875,OK,正常双期限插值,HIST_CLEAN_SURFACE
2022-08-01 00:00:00,2022-08-01,21.9203,0.04804985378903092,2022-08-19,2022-09-16,18,46,0.048356860736891674,0.0478896762510166,4172.979400358499,4161.2616421124485,4150.0,4150.0,27,33,0.02996,0.03006,OK,正常双期限插值,HIST_CLEAN_SURFACE
2022-08-02 00:00:00,2022-08-02,25.6249,0.06566334032383107,2022-08-19,2022-09-16,17,45,0.07515318957231833,0.06152673936936227,4106.07728850091,4096.803257120622,4100.0,4050.0,27,33,0.02996,0.03005375,OK,正常双期限插值,HIST_CLEAN_SURFACE
2022-08-03 00:00:00,2022-08-03,24.2797,0.05895025372750246,2022-08-19,2022-09-16,16,44,0.061044308654977474,0.058188779208420645,4059.0086914416884,4050.181436617436,4050.0,4050.0,27,34,0.02996,0.0300475,OK,正常双期限插值,HIST_CLEAN_SURFACE
2022-08-04 00:00:00,2022-08-04,22.2414,0.049467939165999536,2022-08-19,2022-09-16,15,43,0.046780001131104906,0.05028057159515373,4094.177406726333,4082.872614596232,4050.0,4050.0,27,34,0.02996,0.030041250000000002,OK,正常双期限插值,HIST_CLEAN_SURFACE
2022-08-05 00:00:00,2022-08-05,20.617,0.04250594011143478,2022-08-19,2022-09-16,14,42,0.03672833161020712,0.04395034223674169,4154.558099351935,4148.311692664572,4150.0,4100.0,27,34,0.02996,0.030035,OK,正常双期限插值,HIST_CLEAN_SURFACE
2022-08-08 00:00:00,2022-08-08,21.2374,0.04510275918384944,2022-08-19,2022-09-16,11,39,0.041881996393397875,0.04553306352427414,4141.0720514948625,4137.543087865818,4100.0,4100.0,27,34,0.02996,0.03001625,OK,正常双期限插值,HIST_CLEAN_SURFACE
2022-08-09 00:00:00,2022-08-09,21.079,0.044432333181905176,2022-08-19,2022-09-16,10,38,0.0407811489739427,0.0448166683616907,4147.7346005011095,4140.0977167900055,4100.0,4100.0,27,34,0.02996,0.030010000000000002,OK,正常双期限插值,HIST_CLEAN_SURFACE
2022-08-10 00:00:00,2022-08-10,21.5702,0.04652721631649563,2022-08-19,2022-09-16,9,37,0.043476584892421566,0.04677456481033947,4104.754918119897,4095.865574971503,4100.0,4050.0,27,34,0.02996,0.03000375,OK,正常双期限插值,HIST_CLEAN_SURFACE
2022-08-11 00:00:00,2022-08-11,20.8936,0.04365435104038813,2022-08-19,2022-09-16,8,36,0.040762545656996246,0.043829611972714906,4196.4786379697325,4190.563581547641,4150.0,4150.0,27,34,0.02996,0.0299975,OK,正常双期限插值,HIST_CLEAN_SURFACE
2022-08-12 00:00:00,2022-08-12,20.0648,0.04025943308006712,2022-08-19,2022-09-16,7,35,0.03386217984624055,0.0405375745250161,4194.837025222669,4191.118080515712,4150.0,4150.0,26,34,0.02996,0.02999125,OK,正常双期限插值,HIST_CLEAN_SURFACE
2022-08-15 00:00:00,2022-08-15,20.2793,0.041124895271550145,2022-09-16,2022-10-21,32,67,0.04024051857669251,0.03331070119161398,4180.486363162164,4175.822813036368,4150.0,4150.0,34,21,0.0299725,0.03019125,WARN,期限未夹住30日,HIST_CLEAN_SURFACE
2022-08-16 00:00:00,2022-08-16,19.8368,0.03934995535497959,2022-09-16,2022-10-21,31,66,0.03890352150841139,0.03180116485846277,4166.878422863387,4168.790931808155,4150.0,4150.0,34,21,0.02996625,0.030185,WARN,期限未夹住30日,HIST_CLEAN_SURFACE
2022-08-17 00:00:00,2022-08-17,19.0809,0.03640797050527597,2022-09-16,2022-10-21,30,65,0.03640797050527597,0.03044919421200309,4210.847888825965,4205.541116344692,4200.0,4200.0,34,21,0.02996,0.03017875,WARN,期限未夹住30日,HIST_CLEAN_SURFACE
2022-08-18 00:00:00,2022-08-18,19.3315,0.037370835545147904,2022-09-16,2022-10-21,29,64,0.03772496168799939,0.031915079656842135,4172.841380046063,4173.614890006534,4150.0,4150.0,34,21,0.02996,0.0301725,OK,正常双期限插值,HIST_CLEAN_SURFACE
2022-08-19 00:00:00,2022-08-19,18.7705,0.0352331785984939,2022-09-16,2022-10-21,28,63,0.035855871380075816,0.03066676486689316,4142.547716146912,4139.224716744582,4100.0,4100.0,34,21,0.02996,0.030166250000000002,OK,正常双期限插值,HIST_CLEAN_SURFACE
2022-08-22 00:00:00,2022-08-22,17.9971,0.032389518036194075,2022-09-16,2022-10-21,25,60,0.03342988839429582,0.029788592140939704,4170.807272166954,4169.438216226724,4150.0,4150.0,34,21,0.02996,0.0301475,OK,正常双期限插值,HIST_CLEAN_SURFACE
2022-08-23 00:00:00,2022-08-23,17.9077,0.03206859401446354,2022-09-16,2022-10-21,24,59,0.03347154184205611,0.029310255912756128,4152.935850876431,4144.138029601031,4150.0,4100.0,33,21,0.02996,0.03014125,OK,正常双期限插值,HIST_CLEAN_SURFACE
2022-08-24 00:00:00,2022-08-24,19.3249,0.0373449924969482,2022-09-16,2022-10-21,23,58,0.03968461297545957,0.0336338703586198,4077.2628096967824,4068.263086950195,4050.0,4050.0,34,21,0.02996,0.030135000000000002,OK,正常双期限插值,HIST_CLEAN_SURFACE
2022-08-25 00:00:00,2022-08-25,17.7842,0.03162780136031304,2022-09-16,2022-10-21,22,57,0.03318094585114566,0.02960462629988634,4112.955837924568,4106.385808191282,4100.0,4100.0,34,21,0.02996,0.03012875,OK,正常双期限插值,HIST_CLEAN_SURFACE
2022-08-26 00:00:00,2022-08-26,17.1355,0.02936268685600927,2022-09-16,2022-10-21,21,56,0.03053056635139195,0.0280974840693447,4107.985977907184,4100.751746055958,4100.0,4100.0,34,21,0.02996,0.0301225,OK,正常双期限插值,HIST_CLEAN_SURFACE
2022-08-29 00:00:00,2022-08-29,17.9582,0.03224968153720011,2022-09-16,2022-10-21,18,53,0.03551075416879214,0.030126907843050582,4085.178117142354,4079.5287954380146,4050.0,4050.0,34,21,0.02996,0.030103750000000002,OK,正常双期限插值,HIST_CLEAN_SURFACE
2022-08-30 00:00:00,2022-08-30,17.8571,0.03188752414868216,2022-09-16,2022-10-21,17,52,0.03496669515503758,0.030183959124455942,4076.6852988705105,4066.816739707464,4050.0,4050.0,33,21,0.02996,0.0300975,OK,正常双期限插值,HIST_CLEAN_SURFACE
2022-08-31 00:00:00,2022-08-31,18.0131,0.03244703922277309,2022-09-16,2022-10-21,16,51,0.034781348878213283,0.031348540561389464,4080.562439173168,4074.271383536548,4050.0,4050.0,33,21,0.02996,0.03009125,OK,正常双期限插值,HIST_CLEAN_SURFACE
2022-09-01 00:00:00,2022-09-01,18.2671,0.033368750196814526,2022-09-16,2022-10-21,15,50,0.036502364153513406,0.03211530461413496,4044.0810757255276,4037.409316637947,4000.0,4000.0,34,21,0.02996,0.030085,OK,正常双期限插值,HIST_CLEAN_SURFACE
2022-09-02 00:00:00,2022-09-02,18.6677,0.0348482284675319,2022-09-16,2022-10-21,14,49,0.03723837522957668,0.034037285816123836,4022.453514051646,4018.9289664760868,4000.0,4000.0,34,22,0.02996,0.03007875,OK,正常双期限插值,HIST_CLEAN_SURFACE
2022-09-05 00:00:00,2022-09-05,19.2332,0.036991495205220944,2022-09-16,2022-10-21,11,46,0.04228847546152305,0.03592482641218985,4017.548794019032,4009.1129335141395,4000.0,4000.0,34,22,0.02996,0.03006,OK,正常双期限插值,HIST_CLEAN_SURFACE
2022-09-06 00:00:00,2022-09-06,17.9335,0.03216093130802939,2022-09-16,2022-10-21,10,45,0.03220837238158962,0.032153024462436015,4047.8396561109084,4043.3300921353725,4000.0,4000.0,34,22,0.02996,0.03005375,OK,正常双期限插值,HIST_CLEAN_SURFACE
2022-09-07 00:00:00,2022-09-07,17.6041,0.0309903565101297,2022-09-16,2022-10-21,9,44,0.031102908964327488,0.03097500844819363,4055.269275521599,4051.185065349785,4050.0,4050.0,34,22,0.02996,0.0300475,OK,正常双期限插值,HIST_CLEAN_SURFACE
2022-09-08 00:00:00,2022-09-08,17.2257,0.029672487980976863,2022-09-16,2022-10-21,8,43,0.026740599948129568,0.02999480970974654,4038.385230582942,4037.890807649085,4000.0,4000.0,34,22,0.02996,0.030041250000000002,OK,正常双期限插值,HIST_CLEAN_SURFACE
2022-09-09 00:00:00,2022-09-09,16.5476,0.02738239485130649,2022-09-16,2022-10-21,7,42,0.02232484063561272,0.0278221821744103,4095.822252643138,4095.4223339429655,4050.0,4050.0,34,22,0.02996,0.030035,OK,正常双期限插值,HIST_CLEAN_SURFACE
2022-09-13 00:00:00,2022-09-13,16.1895,0.02620985830577949,2022-10-21,2022-11-18,38,66,0.02777819130868451,0.030273266540578863,4111.235047203175,4114.691264080788,4100.0,4100.0,22,20,0.030010000000000002,0.030185,WARN,期限未夹住30日,HIST_CLEAN_SURFACE
2022-09-14 00:00:00,2022-09-14,16.2087,0.026272124351981053,2022-10-21,2022-11-18,37,65,0.027848249525680432,0.030758019077125432,4066.498260059319,4065.244698945222,4050.0,4050.0,22,20,0.03000375,0.03017875,WARN,期限未夹住30日,HIST_CLEAN_SURFACE
2022-09-15 00:00:00,2022-09-15,16.799,0.028220717422241706,2022-10-21,2022-11-18,36,64,0.02947060701952613,0.0322047405135858,4028.9377761876976,4032.097016564462,4000.0,4000.0,22,20,0.0299975,0.0301725,WARN,期限未夹住30日,HIST_CLEAN_SURFACE
2022-09-16 00:00:00,2022-09-16,18.4681,0.03410716690143971,2022-10-21,2022-11-18,35,63,0.033854559123202566,0.033180938381236855,3941.80210938874,3944.3587743079843,3900.0,3900.0,22,20,0.02999125,0.030166250000000002,WARN,期限未夹住30日,HIST_CLEAN_SURFACE
2022-09-19 00:00:00,2022-09-19,18.6803,0.03489519061707838,2022-10-21,2022-11-18,32,60,0.03509384589675665,0.036484432854504534,3928.986573320084,3927.2990793486197,3900.0,3900.0,24,22,0.0299725,0.0301475,WARN,期限未夹住30日,HIST_CLEAN_SURFACE
2022-09-20 00:00:00,2022-09-20,18.069,0.03264872406047476,2022-10-21,2022-11-18,31,59,0.03275182151312369,0.034219649652532144,3930.604884946446,3928.0222261187405,3900.0,3900.0,24,22,0.02996625,0.03014125,WARN,期限未夹住30日,HIST_CLEAN_SURFACE
2022-09-21 00:00:00,2022-09-21,19.1784,0.036781264888080534,2022-10-21,2022-11-18,30,58,0.036781264888080534,0.036193796175102204,3899.3213026055278,3899.436162897487,3850.0,3850.0,24,22,0.02996,0.030135000000000002,WARN,期限未夹住30日,HIST_CLEAN_SURFACE
2022-09-22 00:00:00,2022-09-22,19.6207,0.03849732084007302,2022-10-21,2022-11-18,29,57,0.03848620694061207,0.03864999072214181,3873.5067026393394,3871.500925048056,3850.0,3850.0,24,22,0.02996,0.03012875,OK,正常双期限插值,HIST_CLEAN_SURFACE
2022-09-23 00:00:00,2022-09-23,19.2473,0.03704578427749652,2022-10-21,2022-11-18,28,56,0.03671004835903794,0.039228067747477266,3865.5504817695764,3858.810078569733,3850.0,3850.0,25,23,0.02996,0.0301225,OK,正常双期限插值,HIST_CLEAN_SURFACE
2022-09-26 00:00:00,2022-09-26,20.9146,0.04374197471156641,2022-10-21,2022-11-18,25,53,0.04391629644120745,0.043363729449137745,3841.4639936615267,3837.7647179751484,3800.0,3800.0,25,23,0.02996,0.030103750000000002,OK,正常双期限插值,HIST_CLEAN_SURFACE
2022-09-27 00:00:00,2022-09-27,19.6203,0.03849568883403492,2022-10-21,2022-11-18,24,52,0.03780328828248738,0.03966744361357691,3895.356434213789,3891.563904619966,3850.0,3850.0,25,23,0.02996,0.0300975,OK,正常双期限插值,HIST_CLEAN_SURFACE
2022-09-28 00:00:00,2022-09-28,20.0778,0.04031192288866138,2022-10-21,2022-11-18,23,51,0.03937962199962506,0.04157327115029875,3835.6672723800907,3837.1657215804016,3800.0,3800.0,25,23,0.02996,0.03009125,OK,正常双期限插值,HIST_CLEAN_SURFACE
2022-09-29 00:00:00,2022-09-29,19.8565,0.039427929196952,2022-10-21,2022-11-18,22,50,0.037789363536195,0.0412303514237847,3839.3344424332604,3841.207573263039,3800.0,3800.0,26,24,0.02996,0.030085,OK,正常双期限插值,HIST_CLEAN_SURFACE
2022-09-30 00:00:00,2022-09-30,19.8474,0.03939196656201542,2022-10-21,2022-11-18,21,49,0.038170135397115994,0.040497432854067275,3810.934872111569,3811.043010048911,3800.0,3800.0,26,24,0.02996,0.03007875,OK,正常双期限插值,HIST_CLEAN_SURFACE
2022-10-10 00:00:00,2022-10-10,21.5219,0.04631939371433634,2022-10-21,2022-11-18,11,39,0.055657439026121545,0.045071800616000655,3722.8852793950227,3722.2758862317255,3700.0,3700.0,26,24,0.02996,0.03001625,OK,正常双期限插值,HIST_CLEAN_SURFACE
2022-10-11 00:00:00,2022-10-11,21.2571,0.04518649294477805,2022-10-21,2022-11-18,10,38,0.05050839290485857,0.0446262929489801,3729.9297472970884,3732.055782722527,3700.0,3700.0,27,26,0.02996,0.030010000000000002,OK,正常双期限插值,HIST_CLEAN_SURFACE
2022-10-12 00:00:00,2022-10-12,20.6727,0.042736061488635464,2022-10-21,2022-11-18,9,37,0.04728670559187266,0.04236709034512975,3784.262224866093,3788.6778877473184,3750.0,3750.0,28,26,0.02996,0.03000375,OK,正常双期限插值,HIST_CLEAN_SURFACE
2022-10-13 00:00:00,2022-10-13,21.3514,0.04558818588118422,2022-10-21,2022-11-18,8,36,0.047980935888303045,0.04544317072923763,3753.923296381774,3758.4773301986,3750.0,3750.0,26,26,0.02996,0.0299975,OK,正常双期限插值,HIST_CLEAN_SURFACE
2022-10-14 00:00:00,2022-10-14,20.0657,0.040263214978260645,2022-10-21,2022-11-18,7,35,0.040211232423797004,0.04026547508932428,3842.2318769162935,3845.8444793207705,3800.0,3800.0,28,26,0.02996,0.02999125,OK,正常双期限插值,HIST_CLEAN_SURFACE
2022-10-17 00:00:00,2022-10-17,19.9928,0.039971307749343085,2022-11-18,2022-12-16,32,60,0.04038854165872474,0.04330917902439635,3842.797524940758,3842.5632364042403,3800.0,3800.0,26,28,0.0299725,0.0301475,WARN,期限未夹住30日,HIST_CLEAN_SURFACE
2022-10-18 00:00:00,2022-10-18,19.4793,0.03794432708624009,2022-11-18,2022-12-16,31,59,0.03803959188248956,0.03939590423587181,3832.3363782702872,3830.81534416195,3800.0,3800.0,26,29,0.02996625,0.03014125,WARN,期限未夹住30日,HIST_CLEAN_SURFACE
2022-10-19 00:00:00,2022-10-19,20.0061,0.04002435030177047,2022-11-18,2022-12-16,30,58,0.04002435030177047,0.040479360840433236,3768.577776981113,3770.9832952210318,3750.0,3750.0,26,29,0.02996,0.030135000000000002,WARN,期限未夹住30日,HIST_CLEAN_SURFACE
2022-10-20 00:00:00,2022-10-20,20.9467,0.04387650780210053,2022-11-18,2022-12-16,29,57,0.04388633768486712,0.043741476254622505,3750.6677602057975,3749.780255071253,3750.0,3700.0,26,29,0.02996,0.03012875,OK,正常双期限插值,HIST_CLEAN_SURFACE
2022-10-21 00:00:00,2022-10-21,21.3994,0.045793406111513064,2022-11-18,2022-12-16,28,56,0.04596565660429008,0.04467377790846243,3738.196968840184,3736.9558365706284,3700.0,3700.0,26,29,0.02996,0.0301225,OK,正常双期限插值,HIST_CLEAN_SURFACE
2022-10-24 00:00:00,2022-10-24,25.6111,0.06559261468132915,2022-11-18,2022-12-16,25,53,0.0690660879227623,0.05805583311972891,3630.706401061285,3622.998571366298,3600.0,3600.0,26,29,0.02996,0.030103750000000002,OK,正常双期限插值,HIST_CLEAN_SURFACE
2022-10-25 00:00:00,2022-10-25,24.6421,0.060723257769565386,2022-11-18,2022-12-16,24,52,0.06360958958616798,0.055838696233776366,3629.556569993322,3629.289244789876,3600.0,3600.0,27,30,0.02996,0.0300975,OK,正常双期限插值,HIST_CLEAN_SURFACE
2022-10-26 00:00:00,2022-10-26,22.6941,0.0515022670681014,2022-11-18,2022-12-16,23,51,0.052370350346722105,0.050327801455849835,3655.255563434795,3653.3057755663194,3650.0,3650.0,27,30,0.02996,0.03009125,OK,正常双期限插值,HIST_CLEAN_SURFACE
2022-10-27 00:00:00,2022-10-27,21.9319,0.04810060811435003,2022-11-18,2022-12-16,22,50,0.04889865699302561,0.047222754347806914,3635.8112002666585,3634.959343361277,3600.0,3600.0,27,30,0.02996,0.030085,OK,正常双期限插值,HIST_CLEAN_SURFACE
2022-10-28 00:00:00,2022-10-28,23.8729,0.056991737476596784,2022-11-18,2022-12-16,21,49,0.06032369729946413,0.053977107160669155,3546.503355578044,3545.1694224924813,3500.0,3500.0,27,30,0.02996,0.03007875,OK,正常双期限插值,HIST_CLEAN_SURFACE
2022-10-31 00:00:00,2022-10-31,26.3631,0.0695015166549628,2022-11-18,2022-12-16,18,46,0.0781286535893749,0.06500040173266082,3507.430353977157,3501.598377123216,3500.0,3500.0,29,32,0.02996,0.03006,OK,正常双期限插值,HIST_CLEAN_SURFACE
2022-11-01 00:00:00,2022-11-01,23.5919,0.055657905729208576,2022-11-18,2022-12-16,17,45,0.055777826342147105,0.05560563264151741,3647.8575701294367,3646.61762573038,3600.0,3600.0,29,32,0.02996,0.03005375,OK,正常双期限插值,HIST_CLEAN_SURFACE
2022-11-02 00:00:00,2022-11-02,22.0519,0.04862883227838084,2022-11-18,2022-12-16,16,44,0.04931683921132252,0.04837864793912932,3680.396261495166,3681.9990284562264,3650.0,3650.0,29,32,0.02996,0.0300475,OK,正常双期限插值,HIST_CLEAN_SURFACE
2022-11-03 00:00:00,2022-11-03,22.5035,0.0506409340963802,2022-11-18,2022-12-16,15,43,0.051047641535690365,0.05051797603333295,3654.622107373703,3653.4276179425474,3650.0,3650.0,28,32,0.02996,0.030041250000000002,OK,正常双期限插值,HIST_CLEAN_SURFACE
2022-11-04 00:00:00,2022-11-04,22.9244,0.052552602352805386,2022-11-18,2022-12-16,14,42,0.04991600404942505,0.053211751928650464,3781.079561785022,3785.555294228748,3750.0,3750.0,29,32,0.02996,0.030035,OK,正常双期限插值,HIST_CLEAN_SURFACE
2022-11-07 00:00:00,2022-11-07,23.4908,0.05518185257397658,2022-11-18,2022-12-16,11,39,0.060790729168361576,0.054432488494564814,3779.0908799284944,3783.786496301797,3750.0,3750.0,29,32,0.02996,0.03001625,OK,正常双期限插值,HIST_CLEAN_SURFACE
2022-11-08 00:00:00,2022-11-08,22.6739,0.05141044689383531,2022-11-18,2022-12-16,10,38,0.05432850048043034,0.05110328335840425,3760.812399856712,3765.7779034103914,3750.0,3750.0,26,32,0.02996,0.030010000000000002,OK,正常双期限插值,HIST_CLEAN_SURFACE
2022-11-09 00:00:00,2022-11-09,23.5161,0.05530059207073195,2022-11-18,2022-12-16,9,37,0.05624222701693402,0.05522424329131016,3716.463090220242,3722.966059058554,3700.0,3700.0,29,32,0.02996,0.03000375,OK,正常双期限插值,HIST_CLEAN_SURFACE
2022-11-10 00:00:00,2022-11-10,23.5736,0.05557159061189259,2022-11-18,2022-12-16,8,36,0.05784841455920176,0.05543360128175264,3695.1968470087304,3698.024496137964,3650.0,3650.0,27,32,0.02996,0.0299975,OK,正常双期限插值,HIST_CLEAN_SURFACE
2022-11-11 00:00:00,2022-11-11,22.4952,0.05060323703604359,2022-11-18,2022-12-16,7,35,0.04886736036750248,0.050678709934675804,3793.596321661168,3801.513820613015,3750.0,3800.0,29,32,0.02996,0.02999125,OK,正常双期限插值,HIST_CLEAN_SURFACE
2022-11-14 00:00:00,2022-11-14,23.6986,0.05616227654608178,2022-12-16,2023-01-20,32,67,0.055069863283513015,0.04650990861413094,3798.602692674272,3805.4319016703566,3750.0,3800.0,32,22,0.0299725,0.03019125,WARN,期限未夹住30日,HIST_CLEAN_SURFACE
2022-11-15 00:00:00,2022-11-15,23.9377,0.05730138482861639,2022-12-16,2023-01-20,31,66,0.05658317477098465,0.045157105672297936,3878.8858530527273,3879.268793205489,3850.0,3850.0,32,22,0.02996625,0.030185,WARN,期限未夹住30日,HIST_CLEAN_SURFACE
2022-11-16 00:00:00,2022-11-16,23.128,0.053490246692621056,2022-12-16,2023-01-20,30,65,0.05349024669262106,0.0460498558870132,3846.73808662811,3855.967057509002,3800.0,3850.0,32,24,0.02996,0.03017875,WARN,期限未夹住30日,HIST_CLEAN_SURFACE
2022-11-17 00:00:00,2022-11-17,22.5228,0.0507276263756621,2022-12-16,2023-01-20,29,64,0.05088779183309456,0.0482600772970932,3831.804222691203,3831.4555390968476,3800.0,3800.0,32,23,0.02996,0.0301725,OK,正常双期限插值,HIST_CLEAN_SURFACE
2022-11-18 00:00:00,2022-11-18,21.8798,0.047872704522138834,2022-12-16,2023-01-20,28,63,0.04842960824923283,0.04378874385678286,3815.096292698443,3826.78727962729,3800.0,3800.0,32,24,0.02996,0.030166250000000002,OK,正常双期限插值,HIST_CLEAN_SURFACE
2022-11-21 00:00:00,2022-11-21,22.369,0.05003708970430197,2022-12-16,2023-01-20,25,60,0.05169315387703363,0.04589692927247282,3781.1526295131703,3779.0241443435098,3750.0,3750.0,32,24,0.02996,0.0301475,OK,正常双期限插值,HIST_CLEAN_SURFACE
2022-11-22 00:00:00,2022-11-22,22.4086,0.05021473514341632,2022-12-16,2023-01-20,24,59,0.05217905510817067,0.046352682331356906,3776.26181105732,3774.1961670233536,3750.0,3750.0,32,24,0.02996,0.03014125,OK,正常双期限插值,HIST_CLEAN_SURFACE
2022-11-23 00:00:00,2022-11-23,22.3119,0.049781958935879694,2022-12-16,2023-01-20,23,58,0.05206759050099495,0.04615647438431752,3784.118455145899,3787.2895372527605,3750.0,3750.0,32,24,0.02996,0.030135000000000002,OK,正常双期限插值,HIST_CLEAN_SURFACE
2022-11-24 00:00:00,2022-11-24,22.481,0.05053950621492334,2022-12-16,2023-01-20,22,57,0.05352003883471345,0.046656970302302016,3765.05502460819,3770.896979897957,3750.0,3750.0,30,24,0.02996,0.03012875,OK,正常双期限插值,HIST_CLEAN_SURFACE
2022-11-25 00:00:00,2022-11-25,21.9134,0.04801972522615158,2022-12-16,2023-01-20,21,56,0.05096677853978551,0.044827084136381486,3788.201035317525,3792.882756083064,3750.0,3750.0,32,24,0.02996,0.0301225,OK,正常双期限插值,HIST_CLEAN_SURFACE
2022-11-28 00:00:00,2022-11-28,22.9543,0.052689777340052084,2022-12-16,2023-01-20,18,53,0.05775756081242976,0.04939093715520247,3739.1315928601675,3747.5751856002926,3700.0,3700.0,31,24,0.02996,0.030103750000000002,OK,正常双期限插值,HIST_CLEAN_SURFACE
2022-11-29 00:00:00,2022-11-29,22.9194,0.05252984669826551,2022-12-16,2023-01-20,17,52,0.058884224468005376,0.049014258997255596,3855.842388577005,3859.9054124415784,3850.0,3850.0,32,24,0.02996,0.0300975,OK,正常双期限插值,HIST_CLEAN_SURFACE
2022-11-30 00:00:00,2022-11-30,22.4175,0.05025428483435452,2022-12-16,2023-01-20,16,51,0.05632004353234287,0.047399810152948245,3857.435261410172,3862.4332177470524,3850.0,3850.0,31,24,0.02996,0.03009125,OK,正常双期限插值,HIST_CLEAN_SURFACE
2022-12-01 00:00:00,2022-12-01,21.7007,0.04709216503524921,2022-12-16,2023-01-20,15,50,0.052347422833080984,0.04499006191611649,3904.4683542069797,3915.279754683071,3900.0,3900.0,31,24,0.02996,0.030085,OK,正常双期限插值,HIST_CLEAN_SURFACE
2022-12-02 00:00:00,2022-12-02,21.0601,0.044352570774899826,2022-12-16,2023-01-20,14,49,0.04870828595310503,0.04287473883943734,3883.981603020615,3895.6945842010946,3850.0,3850.0,31,24,0.02996,0.03007875,OK,正常双期限插值,HIST_CLEAN_SURFACE
2022-12-05 00:00:00,2022-12-05,21.2137,0.045001948881126866,2022-12-16,2023-01-20,11,46,0.054777213206065836,0.043033474600589955,3947.7343971583778,3956.1103473198505,3900.0,3950.0,32,24,0.02996,0.03006,OK,正常双期限插值,HIST_CLEAN_SURFACE
2022-12-06 00:00:00,2022-12-06,20.5201,0.04210764987393528,2022-12-16,2023-01-20,10,45,0.04998357154002523,0.04079499626292029,3967.8370870515714,3975.779629668682,3950.0,3950.0,32,25,0.02996,0.03005375,OK,正常双期限插值,HIST_CLEAN_SURFACE
2022-12-07 00:00:00,2022-12-07,20.4455,0.0418019191716102,2022-12-16,2023-01-20,9,44,0.04751227857382911,0.04102323379858035,3959.1480477517116,3970.0286670883943,3950.0,3950.0,32,26,0.02996,0.0300475,OK,正常双期限插值,HIST_CLEAN_SURFACE
2022-12-08 00:00:00,2022-12-08,20.035,0.04014009380376245,2022-12-16,2023-01-20,8,43,0.04599670379377007,0.03949623816004067,3969.2821220731876,3975.4534190456743,3950.0,3950.0,32,26,0.02996,0.030041250000000002,OK,正常双期限插值,HIST_CLEAN_SURFACE
2022-12-09 00:00:00,2022-12-09,19.3835,0.03757197556574276,2022-12-16,2023-01-20,7,42,0.044121085858129815,0.03700248771423084,4000.7218747551606,4008.7980816476484,4000.0,4000.0,32,25,0.02996,0.030035,OK,正常双期限插值,HIST_CLEAN_SURFACE
2022-12-12 00:00:00,2022-12-12,20.402,0.04162415991736513,2023-01-20,2023-02-17,39,67,0.03915467154209957,0.03571458823327193,3969.7697706827626,3989.6060423072645,3950.0,3950.0,26,19,0.03001625,0.03019125,WARN,期限未夹住30日,HIST_CLEAN_SURFACE
2022-12-13 00:00:00,2022-12-13,20.2499,0.041006022012194304,2023-01-20,2023-02-17,38,66,0.038811464325914535,0.03532012255228765,3963.8431831610565,3979.409909964366,3950.0,3950.0,26,21,0.030010000000000002,0.030185,WARN,期限未夹住30日,HIST_CLEAN_SURFACE
2022-12-14 00:00:00,2022-12-14,20.0535,0.04021412441179383,2023-01-20,2023-02-17,37,65,0.03870895251188848,0.03593017361975553,3971.4313616768527,3980.6144067519504,3950.0,3950.0,26,21,0.03000375,0.03017875,WARN,期限未夹住30日,HIST_CLEAN_SURFACE
2022-12-15 00:00:00,2022-12-15,19.3418,0.0374107160061859,2023-01-20,2023-02-17,36,64,0.03636202525155476,0.03406801422579915,3967.7844343326756,3981.8429758849315,3950.0,3950.0,26,20,0.0299975,0.0301725,WARN,期限未夹住30日,HIST_CLEAN_SURFACE
2022-12-16 00:00:00,2022-12-16,18.3634,0.03372130265353451,2023-01-20,2023-02-17,35,63,0.03308708920534104,0.03139585334349179,3971.6512981277724,3982.231736835806,3950.0,3950.0,26,21,0.02999125,0.030166250000000002,WARN,期限未夹住30日,HIST_CLEAN_SURFACE
2022-12-19 00:00:00,2022-12-19,18.7172,0.035033264680707506,2023-01-20,2023-02-17,32,60,0.034731734783698974,0.032621025504639266,3913.7082728274863,3919.201614721558,3900.0,3900.0,26,21,0.0299725,0.0301475,WARN,期限未夹住30日,HIST_CLEAN_SURFACE
2022-12-20 00:00:00,2022-12-20,20.1081,0.04043359386596325,2023-01-20,2023-02-17,31,59,0.040065706837377035,0.03482799321004793,3853.993502675199,3864.4051512426836,3850.0,3850.0,26,21,0.02996625,0.03014125,WARN,期限未夹住30日,HIST_CLEAN_SURFACE
2022-12-21 00:00:00,2022-12-21,19.6113,0.038460301584351306,2023-01-20,2023-02-17,30,58,0.038460301584351306,0.03352153764496638,3849.674870345411,3856.96231456788,3800.0,3850.0,26,21,0.02996,0.030135000000000002,WARN,期限未夹住30日,HIST_CLEAN_SURFACE
2022-12-22 00:00:00,2022-12-22,19.1205,0.03655929243518854,2023-01-20,2023-02-17,29,57,0.03686608162199504,0.03234497781642545,3856.328415954674,3860.2336644910283,3850.0,3850.0,26,21,0.02996,0.03012875,OK,正常双期限插值,HIST_CLEAN_SURFACE
2022-12-23 00:00:00,2022-12-23,19.6343,0.038550618451679224,2023-01-20,2023-02-17,28,56,0.03933158785757386,0.033474317313364046,3846.994309920654,3853.3431158684557,3800.0,3850.0,26,21,0.02996,0.0301225,OK,正常双期限插值,HIST_CLEAN_SURFACE
2022-12-26 00:00:00,2022-12-26,19.4214,0.03771914237741676,2023-01-20,2023-02-17,25,53,0.04004408270636096,0.03267446053159444,3856.650942231973,3865.3982301872975,3850.0,3850.0,26,21,0.02996,0.030103750000000002,OK,正常双期限插值,HIST_CLEAN_SURFACE
2022-12-27 00:00:00,2022-12-27,18.3516,0.03367804286208964,2023-01-20,2023-02-17,24,52,0.034965796643545564,0.031498767231933456,3901.223607014067,3912.8740883596492,3900.0,3900.0,26,21,0.02996,0.0300975,OK,正常双期限插值,HIST_CLEAN_SURFACE
2022-12-28 00:00:00,2022-12-28,18.0518,0.03258690917837512,2023-01-20,2023-02-17,23,51,0.03385411223739589,0.03087245798087642,3885.5931996901663,3896.987359853212,3850.0,3850.0,26,21,0.02996,0.03009125,OK,正常双期限插值,HIST_CLEAN_SURFACE
2022-12-29 00:00:00,2022-12-29,17.9813,0.032332711058668945,2023-01-20,2023-02-17,22,50,0.03336387815325908,0.0311984272546198,3870.456489289986,3882.221838650677,3850.0,3850.0,26,21,0.02996,0.030085,OK,正常双期限插值,HIST_CLEAN_SURFACE
2022-12-30 00:00:00,2022-12-30,17.302,0.0299359464213211,2023-01-20,2023-02-17,21,49,0.030230805162545206,0.029669169464975473,3884.345262892254,3895.5015863720782,3850.0,3850.0,26,21,0.02996,0.03007875,OK,正常双期限插值,HIST_CLEAN_SURFACE
2023-01-03 00:00:00,2023-01-03,17.5313,0.030734753977156942,2023-01-20,2023-02-17,17,45,0.033360875097460996,0.029590034514460302,3895.965309639863,3907.5419881457155,3850.0,3900.0,26,21,0.02996,0.03005375,OK,正常双期限插值,HIST_CLEAN_SURFACE
2023-01-04 00:00:00,2023-01-04,17.287,0.029883931110341606,2023-01-20,2023-02-17,16,44,0.03213319346602824,0.029066017526455556,3898.586841365154,3906.0410615231285,3850.0,3900.0,25,21,0.02996,0.0300475,OK,正常双期限插值,HIST_CLEAN_SURFACE
2023-01-05 00:00:00,2023-01-05,17.1741,0.02949503982943958,2023-01-20,2023-02-17,15,43,0.030743217665089913,0.0291176837395918,3974.241722349937,3980.453388312681,3950.0,3950.0,26,21,0.02996,0.030041250000000002,OK,正常双期限插值,HIST_CLEAN_SURFACE
2023-01-06 00:00:00,2023-01-06,17.2318,0.029693622970523248,2023-01-20,2023-02-17,14,42,0.029393439369047723,0.029768668870892127,3991.039988170112,4001.096585353287,3950.0,4000.0,25,21,0.02996,0.030035,OK,正常双期限插值,HIST_CLEAN_SURFACE
2023-01-09 00:00:00,2023-01-09,18.5091,0.03425860262145808,2023-01-20,2023-02-17,11,39,0.037018388196354966,0.033889886330075086,4013.8189498510937,4026.168301389171,4000.0,4000.0,26,21,0.02996,0.03001625,OK,正常双期限插值,HIST_CLEAN_SURFACE
2023-01-10 00:00:00,2023-01-10,18.1773,0.03304146268960064,2023-01-20,2023-02-17,10,38,0.03423594244822074,0.032915727978166935,4019.4844105035045,4029.9162317211426,4000.0,4000.0,21,22,0.02996,0.030010000000000002,OK,正常双期限插值,HIST_CLEAN_SURFACE
2023-01-11 00:00:00,2023-01-11,17.5846,0.030921869314018333,2023-01-20,2023-02-17,9,37,0.0302595067991162,0.030975574382794174,4017.740333024741,4028.376554663087,4000.0,4000.0,26,22,0.02996,0.03000375,OK,正常双期限插值,HIST_CLEAN_SURFACE
2023-01-12 00:00:00,2023-01-12,17.5342,0.030744701978679765,2023-01-20,2023-02-17,8,36,0.030178574472291293,0.030779012736642703,4024.983578170474,4034.056422352528,4000.0,4000.0,27,22,0.02996,0.0299975,OK,正常双期限插值,HIST_CLEAN_SURFACE
2023-01-13 00:00:00,2023-01-13,16.9773,0.028822713327869457,2023-01-20,2023-02-17,7,35,0.02558139059991656,0.028963640402997842,4086.545696983339,4094.126720553447,4050.0,4050.0,27,22,0.02996,0.02999125,OK,正常双期限插值,HIST_CLEAN_SURFACE
2023-01-16 00:00:00,2023-01-16,18.4718,0.03412082435522037,2023-02-17,2023-03-17,32,60,0.034489356683350965,0.0370690829802652,4163.431416722648,4181.446243030823,4150.0,4150.0,23,31,0.0299725,0.0301475,WARN,期限未夹住30日,HIST_CLEAN_SURFACE
2023-01-17 00:00:00,2023-01-17,19.0262,0.036199491874080336,2023-02-17,2023-03-17,31,59,0.03627482850745102,0.03734741786391491,4161.868309918047,4173.133785415753,4150.0,4150.0,25,31,0.02996625,0.03014125,WARN,期限未夹住30日,HIST_CLEAN_SURFACE
2023-01-18 00:00:00,2023-01-18,19.5035,0.03803865837764554,2023-02-17,2023-03-17,30,58,0.03803865837764554,0.03974785552196864,4151.881655994605,4167.788541766281,4150.0,4150.0,25,32,0.02996,0.030135000000000002,WARN,期限未夹住30日,HIST_CLEAN_SURFACE
2023-01-19 00:00:00,2023-01-19,19.9123,0.03964987872854778,2023-02-17,2023-03-17,29,57,0.03945620947999141,0.04231028261661152,4181.888521203756,4190.163152396932,4150.0,4150.0,25,32,0.02996,0.03012875,OK,正常双期限插值,HIST_CLEAN_SURFACE
2023-01-20 00:00:00,2023-01-20,19.1097,0.036518220570368805,2023-02-17,2023-03-17,28,56,0.03575204665167953,0.04149835104184904,4194.521937097434,4209.767209625371,4150.0,4200.0,25,32,0.02996,0.0301225,OK,正常双期限插值,HIST_CLEAN_SURFACE
2023-01-30 00:00:00,2023-01-30,19.0421,0.036260018165518465,2023-02-17,2023-03-17,18,46,0.03549399894089889,0.0366596803696678,4207.56206489747,4223.711536789671,4200.0,4200.0,25,32,0.02996,0.03006,OK,正常双期限插值,HIST_CLEAN_SURFACE
2023-01-31 00:00:00,2023-01-31,18.4482,0.03403356950801111,2023-02-17,2023-03-17,17,45,0.03354630304308496,0.034245967710671225,4174.988179641911,4186.56539339667,4150.0,4150.0,26,33,0.02996,0.03005375,OK,正常双期限插值,HIST_CLEAN_SURFACE
2023-02-01 00:00:00,2023-02-01,18.7817,0.035275365065794255,2023-02-17,2023-03-17,16,44,0.03567231159357668,0.03513102087387337,4202.037858199509,4211.521145653264,4200.0,4200.0,25,33,0.02996,0.0300475,OK,正常双期限插值,HIST_CLEAN_SURFACE
2023-02-02 00:00:00,2023-02-02,18.8287,0.03545190931597439,2023-02-17,2023-03-17,15,43,0.03505766216275695,0.03557110031578431,4187.627762043514,4193.16013848565,4150.0,4150.0,25,33,0.02996,0.030041250000000002,OK,正常双期限插值,HIST_CLEAN_SURFACE
2023-02-03 00:00:00,2023-02-03,19.1241,0.036573062957406616,2023-02-17,2023-03-17,14,42,0.03615238139822197,0.03667823334720277,4142.17698120542,4146.397938980648,4100.0,4100.0,26,33,0.02996,0.030035,OK,正常双期限插值,HIST_CLEAN_SURFACE
2023-02-06 00:00:00,2023-02-06,19.5146,0.03808206191273249,2023-02-17,2023-03-17,11,39,0.04142568774358069,0.03763534267217382,4085.236991898503,4089.486542902039,4050.0,4050.0,26,33,0.02996,0.03001625,OK,正常双期限插值,HIST_CLEAN_SURFACE
2023-02-07 00:00:00,2023-02-07,18.9399,0.03587197744058683,2023-02-17,2023-03-17,10,38,0.03790903307072055,0.0356575505321517,4095.527753724282,4098.194367413776,4050.0,4050.0,24,33,0.02996,0.030010000000000002,OK,正常双期限插值,HIST_CLEAN_SURFACE
2023-02-08 00:00:00,2023-02-08,18.0809,0.03269198939297479,2023-02-17,2023-03-17,9,37,0.033536701417978,0.03262349922878534,4078.525822146765,4086.759791400687,4050.0,4050.0,26,32,0.02996,0.03000375,OK,正常双期限插值,HIST_CLEAN_SURFACE
2023-02-09 00:00:00,2023-02-09,17.8472,0.03185215807499525,2023-02-17,2023-03-17,8,36,0.031659570353300547,0.03186383005812826,4134.979555348707,4145.3196777405155,4100.0,4100.0,22,33,0.02996,0.0299975,OK,正常双期限插值,HIST_CLEAN_SURFACE
2023-02-10 00:00:00,2023-02-10,17.4876,0.030581663391460956,2023-02-17,2023-03-17,7,35,0.029206974418420278,0.03064143247724533,4105.636100468909,4115.8146543170205,4100.0,4100.0,25,33,0.02996,0.02999125,OK,正常双期限插值,HIST_CLEAN_SURFACE
2023-02-13 00:00:00,2023-02-13,18.189,0.03308392363010638,2023-03-17,2023-04-21,32,67,0.032606873326767115,0.02886879259164606,4145.99585051769,4140.350985156845,4100.0,4100.0,33,21,0.0299725,0.03019125,WARN,期限未夹住30日,HIST_CLEAN_SURFACE
2023-02-14 00:00:00,2023-02-14,18.0835,0.032701378142528416,2023-03-17,2023-04-21,31,66,0.03243617491653559,0.028217032684831514,4155.871407682801,4154.176622451569,4150.0,4150.0,33,21,0.02996625,0.030185,WARN,期限未夹住30日,HIST_CLEAN_SURFACE
2023-02-15 00:00:00,2023-02-15,17.6002,0.030976637377572707,2023-03-17,2023-04-21,30,65,0.03097663737757271,0.02695619876925669,4128.958187967015,4130.468010075418,4100.0,4100.0,32,21,0.02996,0.03017875,WARN,期限未夹住30日,HIST_CLEAN_SURFACE
2023-02-16 00:00:00,2023-02-16,18.2559,0.033327948602943906,2023-03-17,2023-04-21,29,64,0.0336645420354225,0.02814230603382049,4102.468574475638,4109.447330900452,4100.0,4100.0,33,21,0.02996,0.0301725,OK,正常双期限插值,HIST_CLEAN_SURFACE
2023-02-17 00:00:00,2023-02-17,18.0849,0.03270620501710937,2023-03-17,2023-04-21,28,63,0.033416407122438214,0.027498056244697817,4039.3464249680546,4048.767302292503,4000.0,4000.0,33,21,0.02996,0.030166250000000002,OK,正常双期限插值,HIST_CLEAN_SURFACE
2023-02-20 00:00:00,2023-02-20,18.0518,0.03258686634328045,2023-03-17,2023-04-21,25,60,0.03399601042957013,0.029064006127556236,4144.66011763341,4145.251186613744,4100.0,4100.0,33,22,0.02996,0.0301475,OK,正常双期限插值,HIST_CLEAN_SURFACE
2023-02-21 00:00:00,2023-02-21,18.1023,0.03276916171268863,2023-03-17,2023-04-21,24,59,0.0344378406361938,0.029488369252915765,4151.10377058345,4152.884381584174,4150.0,4150.0,33,22,0.02996,0.03014125,OK,正常双期限插值,HIST_CLEAN_SURFACE
2023-02-22 00:00:00,2023-02-22,17.8565,0.03188549636744677,2023-03-17,2023-04-21,23,58,0.03339775930963259,0.029486734459151998,4110.893827586427,4114.500097785698,4100.0,4100.0,33,22,0.02996,0.030135000000000002,OK,正常双期限插值,HIST_CLEAN_SURFACE
2023-02-23 00:00:00,2023-02-23,17.4947,0.030606499768099038,2023-03-17,2023-04-21,22,57,0.032255878250464706,0.02845796727133324,4109.833079274953,4110.723623481565,4100.0,4100.0,33,22,0.02996,0.03012875,OK,正常双期限插值,HIST_CLEAN_SURFACE
2023-02-24 00:00:00,2023-02-24,17.585,0.030923127482840793,2023-03-17,2023-04-21,21,56,0.03256465839846036,0.029144802324252934,4066.568343123109,4069.9585979817666,4050.0,4050.0,33,22,0.02996,0.0301225,OK,正常双期限插值,HIST_CLEAN_SURFACE
2023-02-27 00:00:00,2023-02-27,18.2284,0.03322758846124537,2023-03-17,2023-04-21,18,53,0.03709166077296685,0.03071229610738893,4054.143067825369,4054.3647844043485,4050.0,4050.0,32,22,0.02996,0.030103750000000002,OK,正常双期限插值,HIST_CLEAN_SURFACE
2023-02-28 00:00:00,2023-02-28,17.4166,0.030333812358050594,2023-03-17,2023-04-21,17,52,0.03248196261481326,0.029145338695285447,4084.271786846373,4085.566110283203,4050.0,4050.0,33,22,0.02996,0.0300975,OK,正常双期限插值,HIST_CLEAN_SURFACE
2023-03-01 00:00:00,2023-03-01,17.3161,0.029984719292693765,2023-03-17,2023-04-21,16,51,0.032862283228546126,0.028630571558175007,4135.691233730853,4141.105592364473,4100.0,4100.0,33,22,0.02996,0.03009125,OK,正常双期限插值,HIST_CLEAN_SURFACE
2023-03-02 00:00:00,2023-03-02,17.2786,0.029855095801534923,2023-03-17,2023-04-21,15,50,0.032213171414644685,0.028911865556291015,4127.770708145372,4132.01427425166,4100.0,4100.0,32,22,0.02996,0.030085,OK,正常双期限插值,HIST_CLEAN_SURFACE
2023-03-03 00:00:00,2023-03-03,17.1229,0.029319377316785494,2023-03-17,2023-04-21,14,49,0.031902614530417144,0.02844292183358904,4133.770997215016,4141.069122129652,4100.0,4100.0,32,22,0.02996,0.03007875,OK,正常双期限插值,HIST_CLEAN_SURFACE
2023-03-06 00:00:00,2023-03-06,17.1453,0.02939622992816207,2023-03-17,2023-04-21,11,46,0.034392568295128184,0.028390102293624268,4104.959350966741,4112.713846515476,4100.0,4100.0,33,22,0.02996,0.03006,OK,正常双期限插值,HIST_CLEAN_SURFACE
2023-03-07 00:00:00,2023-03-07,17.3832,0.030217658242781147,2023-03-17,2023-04-21,10,45,0.03796157105315302,0.028927006107719165,4048.5083353576256,4054.3605257252,4000.0,4050.0,32,22,0.02996,0.03005375,OK,正常双期限插值,HIST_CLEAN_SURFACE
2023-03-08 00:00:00,2023-03-08,17.1873,0.029540446053123583,2023-03-17,2023-04-21,9,44,0.035221079433782054,0.02876581422848833,4035.462989114493,4040.827324248506,4000.0,4000.0,32,22,0.02996,0.0300475,OK,正常双期限插值,HIST_CLEAN_SURFACE
2023-03-09 00:00:00,2023-03-09,16.9746,0.028813635603157115,2023-03-17,2023-04-21,8,43,0.03365871663047196,0.028280983989160555,4022.0982786568325,4028.737102378578,4000.0,4000.0,28,22,0.02996,0.030041250000000002,OK,正常双期限插值,HIST_CLEAN_SURFACE
2023-03-10 00:00:00,2023-03-10,17.519,0.030691495808035874,2023-03-17,2023-04-21,7,42,0.03824842437051393,0.03003437158521169,3966.386261876587,3973.475911284273,3950.0,3950.0,31,22,0.02996,0.030035,OK,正常双期限插值,HIST_CLEAN_SURFACE
2023-03-13 00:00:00,2023-03-13,17.6887,0.03128891669313614,2023-04-21,2023-05-19,39,67,0.0304146136202296,0.02919667899130508,4014.0164055294613,4003.742976177496,4000.0,4000.0,23,22,0.03001625,0.03019125,WARN,期限未夹住30日,HIST_CLEAN_SURFACE
2023-03-14 00:00:00,2023-03-14,18.1519,0.03294898801495307,2023-04-21,2023-05-19,38,66,0.03150995297851507,0.02922057905690915,3994.4708066273197,3996.590436134285,3950.0,3950.0,23,22,0.030010000000000002,0.030185,WARN,期限未夹住30日,HIST_CLEAN_SURFACE
2023-03-15 00:00:00,2023-03-15,17.0391,0.02903311220611229,2023-04-21,2023-05-19,37,65,0.028456583280056874,0.027392222185800726,3992.3607275061495,3997.750840243453,3950.0,3950.0,23,22,0.03000375,0.03017875,WARN,期限未夹住30日,HIST_CLEAN_SURFACE
2023-03-16 00:00:00,2023-03-16,18.0011,0.03240395086624473,2023-04-21,2023-05-19,36,64,0.031205523638391373,0.028583964077462148,3945.0376254802723,3955.484247989162,3900.0,3950.0,23,22,0.0299975,0.0301725,WARN,期限未夹住30日,HIST_CLEAN_SURFACE
2023-03-17 00:00:00,2023-03-17,16.7729,0.028133170211321504,2023-04-21,2023-05-19,35,63,0.027984335143208656,0.02758744162824105,3968.221566347207,3974.175276456627,3950.0,3950.0,24,23,0.02999125,0.030166250000000002,WARN,期限未夹住30日,HIST_CLEAN_SURFACE
2023-03-20 00:00:00,2023-03-20,17.7202,0.03140043428619154,2023-04-21,2023-05-19,32,60,0.03112567702981759,0.029202376235199966,3947.2960954615196,3951.6173744883126,3900.0,3950.0,24,23,0.0299725,0.0301475,WARN,期限未夹住30日,HIST_CLEAN_SURFACE
2023-03-21 00:00:00,2023-03-21,16.7586,0.028084995752406035,2023-04-21,2023-05-19,31,59,0.02803304195500303,0.027293360771638193,3987.51111657497,3989.0692363767016,3950.0,3950.0,24,23,0.02996625,0.03014125,WARN,期限未夹住30日,HIST_CLEAN_SURFACE
2023-03-22 00:00:00,2023-03-22,16.3804,0.02683183564595107,2023-04-21,2023-05-19,30,58,0.02683183564595107,0.026006862469286633,4004.3475669348063,4003.1871595206835,4000.0,4000.0,24,23,0.02996,0.030135000000000002,WARN,期限未夹住30日,HIST_CLEAN_SURFACE
2023-03-23 00:00:00,2023-03-23,15.432,0.023814514108385712,2023-04-21,2023-05-19,29,57,0.02379516076989007,0.024080367863509932,4044.5058149202205,4044.219070551422,4000.0,4000.0,24,23,0.02996,0.03012875,OK,正常双期限插值,HIST_CLEAN_SURFACE
2023-03-24 00:00:00,2023-03-24,15.2259,0.023182844277288613,2023-04-21,2023-05-19,28,56,0.02310230762427232,0.02370633252189449,4039.2395769691393,4040.503361203345,4000.0,4000.0,24,23,0.02996,0.0301225,OK,正常双期限插值,HIST_CLEAN_SURFACE
2023-03-27 00:00:00,2023-03-27,15.7754,0.024886459029477115,2023-04-21,2023-05-19,25,53,0.02505724329607462,0.02451588939440705,4020.2203168260703,4020.885427110384,4000.0,4000.0,24,23,0.02996,0.030103750000000002,OK,正常双期限插值,HIST_CLEAN_SURFACE
2023-03-28 00:00:00,2023-03-28,15.643,0.024470310536329202,2023-04-21,2023-05-19,24,52,0.02465154358341189,0.0241636084566508,4010.9198923878325,4013.177502707121,4000.0,4000.0,24,23,0.02996,0.0300975,OK,正常双期限插值,HIST_CLEAN_SURFACE
2023-03-29 00:00:00,2023-03-29,15.746,0.02479377533428024,2023-04-21,2023-05-19,23,51,0.024880629895088182,0.024676266222598896,4011.475676147691,4014.8366484880175,4000.0,4000.0,24,23,0.02996,0.03009125,OK,正常双期限插值,HIST_CLEAN_SURFACE
2023-03-30 00:00:00,2023-03-30,15.6229,0.024407458495709817,2023-04-21,2023-05-19,22,50,0.024090963026316824,0.024755603512042104,4053.516134799186,4052.1816213414004,4050.0,4050.0,24,23,0.02996,0.030085,OK,正常双期限插值,HIST_CLEAN_SURFACE
2023-03-31 00:00:00,2023-03-31,15.4414,0.023843758338275352,2023-04-21,2023-05-19,21,49,0.023988498455626475,0.023712802994005286,4063.7043852147667,4067.2695934834737,4050.0,4050.0,24,23,0.02996,0.03007875,OK,正常双期限插值,HIST_CLEAN_SURFACE
2023-04-03 00:00:00,2023-04-03,15.7766,0.024889973057817923,2023-04-21,2023-05-19,18,46,0.02589595941953699,0.02436511060822536,4093.0111400048536,4099.3537999154105,4050.0,4050.0,24,23,0.02996,0.03006,OK,正常双期限插值,HIST_CLEAN_SURFACE
2023-04-04 00:00:00,2023-04-04,16.0667,0.02581398985299865,2023-04-21,2023-05-19,17,45,0.027241370884844508,0.025191798121168407,4112.770138536592,4113.279271985318,4100.0,4100.0,24,23,0.02996,0.03005375,OK,正常双期限插值,HIST_CLEAN_SURFACE
2023-04-06 00:00:00,2023-04-06,16.2341,0.026354562886278885,2023-04-21,2023-05-19,15,43,0.02853910945432356,0.025694118575009563,4097.876841068859,4102.184359562148,4050.0,4100.0,24,23,0.02996,0.030041250000000002,OK,正常双期限插值,HIST_CLEAN_SURFACE
2023-04-07 00:00:00,2023-04-07,15.684,0.024598752008654537,2023-04-21,2023-05-19,14,42,0.02617974721529395,0.02420350320699468,4129.205911791262,4134.866354299354,4100.0,4100.0,24,23,0.02996,0.030035,OK,正常双期限插值,HIST_CLEAN_SURFACE
2023-04-10 00:00:00,2023-04-10,15.7185,0.024707026039664327,2023-04-21,2023-05-19,11,39,0.02738985023818404,0.024348592037432948,4112.901893576704,4120.626150451832,4100.0,4100.0,24,23,0.02996,0.03001625,OK,正常双期限插值,HIST_CLEAN_SURFACE
2023-04-11 00:00:00,2023-04-11,15.2431,0.023235260345297094,2023-04-21,2023-05-19,10,38,0.024465523937077002,0.023105758914583416,4103.5928376919765,4108.9940208470025,4100.0,4100.0,23,23,0.02996,0.030010000000000002,OK,正常双期限插值,HIST_CLEAN_SURFACE
2023-04-12 00:00:00,2023-04-12,14.907,0.02222190020353435,2023-04-21,2023-05-19,9,37,0.023608689149086086,0.022109457856597715,4097.379767121963,4103.902490979286,4050.0,4100.0,24,23,0.02996,0.03000375,OK,正常双期限插值,HIST_CLEAN_SURFACE
2023-04-13 00:00:00,2023-04-13,14.5625,0.02120659523915874,2023-04-21,2023-05-19,8,36,0.0215887935304204,0.021183431706355005,4074.6557018957446,4082.830508483861,4050.0,4050.0,24,23,0.02996,0.0299975,OK,正常双期限插值,HIST_CLEAN_SURFACE
2023-04-14 00:00:00,2023-04-14,14.1008,0.019883386013761002,2023-04-21,2023-05-19,7,35,0.02008432408673027,0.019874649575805817,4094.5690941397843,4100.488577260348,4050.0,4100.0,24,23,0.02996,0.02999125,OK,正常双期限插值,HIST_CLEAN_SURFACE
2023-04-17 00:00:00,2023-04-17,15.0111,0.022533374586127385,2023-05-19,2023-06-16,32,60,0.022962646100561163,0.025967546701597614,4162.792654114541,4154.147385691284,4150.0,4150.0,23,28,0.0299725,0.0301475,WARN,期限未夹住30日,HIST_CLEAN_SURFACE
2023-04-18 00:00:00,2023-04-18,14.5409,0.02114382502834758,2023-05-19,2023-06-16,31,59,0.021382915057245704,0.024786908689015605,4169.878408792044,4163.981675904181,4150.0,4150.0,23,28,0.02996625,0.03014125,WARN,期限未夹住30日,HIST_CLEAN_SURFACE
2023-04-19 00:00:00,2023-04-19,14.2528,0.020314358450883772,2023-05-19,2023-06-16,30,58,0.020314358450883772,0.023371890469465122,4138.561176133305,4129.743073697871,4100.0,4100.0,23,28,0.02996,0.030135000000000002,WARN,期限未夹住30日,HIST_CLEAN_SURFACE
2023-04-20 00:00:00,2023-04-20,14.1036,0.01989114412210711,2023-05-19,2023-06-16,29,57,0.019628846890477888,0.023494279777645316,4118.85736829751,4112.54835606028,4100.0,4100.0,23,28,0.02996,0.03012875,OK,正常双期限插值,HIST_CLEAN_SURFACE
2023-04-21 00:00:00,2023-04-21,15.1505,0.022953855688756266,2023-05-19,2023-06-16,28,56,0.02263350931273365,0.02503610713290323,4044.2500403204785,4039.7162807620775,4000.0,4000.0,23,28,0.02996,0.0301225,OK,正常双期限插值,HIST_CLEAN_SURFACE
2023-04-24 00:00:00,2023-04-24,16.4876,0.027184139152959693,2023-05-19,2023-06-16,25,53,0.026064546765936912,0.029613443388952523,3991.504447458203,3982.167748874083,3950.0,3950.0,23,28,0.02996,0.030103750000000002,OK,正常双期限插值,HIST_CLEAN_SURFACE
2023-04-25 00:00:00,2023-04-25,17.108,0.029268364138552563,2023-05-19,2023-06-16,24,52,0.028056623007476893,0.03131900297575754,3974.632100762961,3966.5285734626004,3950.0,3950.0,23,28,0.02996,0.0300975,OK,正常双期限插值,HIST_CLEAN_SURFACE
2023-04-26 00:00:00,2023-04-26,16.8611,0.0284297578782512,2023-05-19,2023-06-16,23,51,0.027824985349635255,0.029247979534613954,3966.9705835598006,3960.1782895181714,3950.0,3950.0,23,28,0.02996,0.03009125,OK,正常双期限插值,HIST_CLEAN_SURFACE
2023-04-27 00:00:00,2023-04-27,15.792,0.024938791300302087,2023-05-19,2023-06-16,22,50,0.023724778766404442,0.0262742050875895,3996.684226688749,3990.0116358516184,3950.0,3950.0,23,28,0.02996,0.030085,OK,正常双期限插值,HIST_CLEAN_SURFACE
2023-04-28 00:00:00,2023-04-28,14.8416,0.02202720702253688,2023-05-19,2023-06-16,21,49,0.02040960570123928,0.02349075107513947,4031.941122382259,4025.8966381068717,4000.0,4000.0,23,28,0.02996,0.03007875,OK,正常双期限插值,HIST_CLEAN_SURFACE
2023-05-04 00:00:00,2023-05-04,15.4789,0.02395956156719049,2023-05-19,2023-06-16,15,43,0.023448309862568503,0.024114126036029696,4032.0706457450096,4023.729464643747,4000.0,4000.0,23,28,0.02996,0.030041250000000002,OK,正常双期限插值,HIST_CLEAN_SURFACE
2023-05-05 00:00:00,2023-05-05,14.8724,0.02211882518756843,2023-05-19,2023-06-16,14,42,0.020485437764382174,0.022527172043364994,4017.3967993863907,4008.6493002116167,4000.0,4000.0,23,28,0.02996,0.030035,OK,正常双期限插值,HIST_CLEAN_SURFACE
2023-05-08 00:00:00,2023-05-08,15.4825,0.0239707335204142,2023-05-19,2023-06-16,11,39,0.023692785899422485,0.024007868222813897,4061.872351468171,4050.200642472876,4050.0,4050.0,23,27,0.02996,0.03001625,OK,正常双期限插值,HIST_CLEAN_SURFACE
2023-05-09 00:00:00,2023-05-09,16.2557,0.026424815253926707,2023-05-19,2023-06-16,10,38,0.02594933464577725,0.02647486584425823,4027.24353128641,4020.4173058905712,4000.0,4000.0,23,28,0.02996,0.030010000000000002,OK,正常双期限插值,HIST_CLEAN_SURFACE
2023-05-10 00:00:00,2023-05-10,16.2895,0.026534900242930586,2023-05-19,2023-06-16,9,37,0.0268047624298908,0.026513019525068945,4001.045350852016,3991.8928698946775,4000.0,3950.0,23,28,0.02996,0.03000375,OK,正常双期限插值,HIST_CLEAN_SURFACE
2023-05-11 00:00:00,2023-05-11,15.8714,0.02519007211576766,2023-05-19,2023-06-16,8,36,0.025219772260617924,0.025188272106988853,3992.3047768142624,3983.4640848138524,3950.0,3950.0,22,28,0.02996,0.0299975,OK,正常双期限插值,HIST_CLEAN_SURFACE
2023-05-12 00:00:00,2023-05-12,16.4816,0.027164182659116812,2023-05-19,2023-06-16,7,35,0.02832303531940133,0.02711379776084357,3939.488777649915,3933.115525657653,3900.0,3900.0,23,28,0.02996,0.02999125,OK,正常双期限插值,HIST_CLEAN_SURFACE
2023-05-15 00:00:00,2023-05-15,16.046,0.02574733378223238,2023-06-16,2023-07-21,32,67,0.025414735670270566,0.022808556434748904,3993.7147195145108,3970.5641156257293,3950.0,3950.0,28,21,0.0299725,0.03019125,WARN,期限未夹住30日,HIST_CLEAN_SURFACE
2023-05-16 00:00:00,2023-05-16,16.3122,0.026608696561985907,2023-06-16,2023-07-21,31,66,0.026379900909159697,0.022739970068742666,3976.3440693425523,3955.14440613227,3950.0,3950.0,28,21,0.02996625,0.030185,WARN,期限未夹住30日,HIST_CLEAN_SURFACE
2023-05-17 00:00:00,2023-05-17,16.7457,0.028041879216085325,2023-06-16,2023-07-21,30,65,0.028041879216085325,0.024869745449616773,3956.893261796246,3938.313584939084,3950.0,3900.0,28,21,0.02996,0.03017875,WARN,期限未夹住30日,HIST_CLEAN_SURFACE
2023-05-18 00:00:00,2023-05-18,16.2744,0.02648551165605732,2023-06-16,2023-07-21,29,64,0.026659514373486348,0.023804782290666297,3949.0983239466354,3936.3834540390867,3900.0,3900.0,28,21,0.02996,0.0301725,OK,正常双期限插值,HIST_CLEAN_SURFACE
2023-05-19 00:00:00,2023-05-19,15.5421,0.02415556837774075,2023-06-16,2023-07-21,28,63,0.02445421532779271,0.021965490744026355,3943.154719317477,3929.408005287386,3900.0,3900.0,28,21,0.02996,0.030166250000000002,OK,正常双期限插值,HIST_CLEAN_SURFACE
2023-05-22 00:00:00,2023-05-22,14.8835,0.022151763184378972,2023-06-16,2023-07-21,25,60,0.022937740016633342,0.02018682110374305,3961.168948235886,3939.3919653542753,3950.0,3900.0,28,21,0.02996,0.0301475,OK,正常双期限插值,HIST_CLEAN_SURFACE
2023-05-23 00:00:00,2023-05-23,15.8412,0.02509437380554785,2023-06-16,2023-07-21,24,59,0.026784694184513437,0.021771032043513813,3903.3552946211457,3883.9884932916493,3900.0,3850.0,28,21,0.02996,0.03014125,OK,正常双期限插值,HIST_CLEAN_SURFACE
2023-05-24 00:00:00,2023-05-24,16.6513,0.027726532513313817,2023-06-16,2023-07-21,23,58,0.02986483889492743,0.024334736183857734,3851.0183208313065,3827.893014890191,3850.0,3800.0,28,21,0.02996,0.030135000000000002,OK,正常双期限插值,HIST_CLEAN_SURFACE
2023-05-25 00:00:00,2023-05-25,16.7269,0.027978975302521122,2023-06-16,2023-07-21,22,57,0.030188768588551525,0.025100428785192044,3838.5502461365563,3815.8166800232875,3800.0,3800.0,29,22,0.02996,0.03012875,OK,正常双期限插值,HIST_CLEAN_SURFACE
2023-05-26 00:00:00,2023-05-26,15.6088,0.02436350040400732,2023-06-16,2023-07-21,21,56,0.026219006373278647,0.022353368937296714,3841.3573393797305,3817.4429111616823,3800.0,3800.0,29,22,0.02996,0.0301225,OK,正常双期限插值,HIST_CLEAN_SURFACE
2023-05-29 00:00:00,2023-05-29,15.9812,0.02553995311105989,2023-06-16,2023-07-21,18,53,0.029282419885501794,0.023103819078640165,3829.4871018334497,3804.101362845162,3800.0,3800.0,29,22,0.02996,0.030103750000000002,OK,正常双期限插值,HIST_CLEAN_SURFACE
2023-05-30 00:00:00,2023-05-30,15.7536,0.024817445061418905,2023-06-16,2023-07-21,17,52,0.027895563832155162,0.023114462191218665,3827.9654294693587,3803.0077606029845,3800.0,3800.0,29,22,0.02996,0.0300975,OK,正常双期限插值,HIST_CLEAN_SURFACE
2023-05-31 00:00:00,2023-05-31,16.6771,0.027812593093522076,2023-06-16,2023-07-21,16,51,0.03191464271658039,0.025882216800318162,3794.1585054045377,3774.625666075223,3750.0,3750.0,29,22,0.02996,0.03009125,OK,正常双期限插值,HIST_CLEAN_SURFACE
2023-06-01 00:00:00,2023-06-01,16.4228,0.02697078793440658,2023-06-16,2023-07-21,15,50,0.03143691515057776,0.025184337047938106,3800.0676165719465,3778.907614632069,3800.0,3750.0,29,23,0.02996,0.030085,OK,正常双期限插值,HIST_CLEAN_SURFACE
2023-06-02 00:00:00,2023-06-02,15.573,0.024251874644712408,2023-06-16,2023-07-21,14,49,0.027126648056281507,0.023276505094358607,3852.6549199469964,3826.2160113755835,3850.0,3800.0,29,23,0.02996,0.03007875,OK,正常双期限插值,HIST_CLEAN_SURFACE
2023-06-05 00:00:00,2023-06-05,15.8248,0.025042293307465074,2023-06-16,2023-07-21,11,46,0.03066948923345674,0.023909127995137232,3837.1998348174984,3813.924683791251,3800.0,3800.0,29,23,0.02996,0.03006,OK,正常双期限插值,HIST_CLEAN_SURFACE
2023-06-06 00:00:00,2023-06-06,16.2868,0.0265258425042865,2023-06-16,2023-07-21,10,45,0.03260482178715904,0.02551267929047441,3795.370079063837,3778.0674722297695,3750.0,3750.0,29,23,0.02996,0.03005375,OK,正常双期限插值,HIST_CLEAN_SURFACE
2023-06-07 00:00:00,2023-06-07,16.6492,0.027719602735436655,2023-06-16,2023-07-21,9,44,0.03475450093622785,0.02676029843532876,3782.901748812596,3761.4825206279743,3750.0,3750.0,29,23,0.02996,0.0300475,OK,正常双期限插值,HIST_CLEAN_SURFACE
2023-06-08 00:00:00,2023-06-08,16.0842,0.025870235040868175,2023-06-16,2023-07-21,8,43,0.03205782048016465,0.025189993089825013,3812.240857511858,3788.7770592733846,3800.0,3750.0,23,23,0.02996,0.030041250000000002,OK,正常双期限插值,HIST_CLEAN_SURFACE
2023-06-09 00:00:00,2023-06-09,15.5455,0.024166330743182272,2023-06-16,2023-07-21,7,42,0.02910325985532489,0.023737032559517698,3833.660275079361,3810.9023350812095,3800.0,3800.0,26,22,0.02996,0.030035,OK,正常双期限插值,HIST_CLEAN_SURFACE
2023-06-12 00:00:00,2023-06-12,15.6025,0.024343895629094114,2023-07-21,2023-08-18,39,67,0.023702202929647143,0.022808302651810573,3809.9303320063136,3821.7076819350705,3800.0,3800.0,23,21,0.03001625,0.03019125,WARN,期限未夹住30日,HIST_CLEAN_SURFACE
2023-06-13 00:00:00,2023-06-13,14.6894,0.02157784724116086,2023-07-21,2023-08-18,38,66,0.022079896100597015,0.02287861019515454,3836.8374750546545,3837.3301077766764,3800.0,3800.0,23,21,0.030010000000000002,0.030185,WARN,期限未夹住30日,HIST_CLEAN_SURFACE
2023-06-14 00:00:00,2023-06-14,14.791,0.021877271356944544,2023-07-21,2023-08-18,37,65,0.021931342305723602,0.022031165595777252,3834.822322780513,3841.642267745618,3800.0,3800.0,23,21,0.03000375,0.03017875,WARN,期限未夹住30日,HIST_CLEAN_SURFACE
2023-06-15 00:00:00,2023-06-15,14.0413,0.019715850293412614,2023-07-21,2023-08-18,36,64,0.02027628476891387,0.02150223518407286,3896.779088369293,3895.1295001526823,3850.0,3850.0,23,21,0.0299975,0.0301725,WARN,期限未夹住30日,HIST_CLEAN_SURFACE
2023-06-16 00:00:00,2023-06-16,14.209,0.0201896671457151,2023-07-21,2023-08-18,35,63,0.020428569304632552,0.0210656417284124,3936.557179517276,3948.720649247168,3900.0,3900.0,23,21,0.02999125,0.030166250000000002,WARN,期限未夹住30日,HIST_CLEAN_SURFACE
2023-06-19 00:00:00,2023-06-19,15.0718,0.02271578924465255,2023-07-21,2023-08-18,32,60,0.02267700063765823,0.022405480388698024,3907.5183139196547,3914.1662248588473,3900.0,3900.0,23,21,0.0299725,0.0301475,WARN,期限未夹住30日,HIST_CLEAN_SURFACE
2023-06-20 00:00:00,2023-06-20,14.5943,0.021299308100451667,2023-07-21,2023-08-18,31,59,0.021341684142158805,0.02194500405798923,3897.4664680199758,3905.4701967958604,3850.0,3900.0,23,21,0.02996625,0.03014125,WARN,期限未夹住30日,HIST_CLEAN_SURFACE
2023-06-21 00:00:00,2023-06-21,15.2021,0.023110255457284845,2023-07-21,2023-08-18,30,58,0.023110255457284845,0.023110337187912625,3841.3821656683244,3847.0606246665175,3800.0,3800.0,23,21,0.02996,0.030135000000000002,WARN,期限未夹住30日,HIST_CLEAN_SURFACE
2023-06-26 00:00:00,2023-06-26,16.7669,0.02811279045108054,2023-07-21,2023-08-18,25,53,0.028785637771930807,0.02665283871716016,3798.579239229011,3798.960331043496,3750.0,3750.0,23,21,0.02996,0.030103750000000002,OK,正常双期限插值,HIST_CLEAN_SURFACE
2023-06-27 00:00:00,2023-06-27,15.7747,0.024884187557746195,2023-07-21,2023-08-18,24,52,0.025069408685548276,0.024570736418388826,3819.940842571794,3823.6886800737834,3800.0,3800.0,23,21,0.02996,0.0300975,OK,正常双期限插值,HIST_CLEAN_SURFACE
2023-06-28 00:00:00,2023-06-28,15.699,0.024645901250310243,2023-07-21,2023-08-18,23,51,0.024711930454627357,0.02455656762094002,3824.4403975670816,3825.377847035991,3800.0,3800.0,23,21,0.02996,0.03009125,OK,正常双期限插值,HIST_CLEAN_SURFACE
2023-06-29 00:00:00,2023-06-29,15.5124,0.02406358464489753,2023-07-21,2023-08-18,22,50,0.024043559582424344,0.024085612213618032,3809.727340925155,3813.585981281886,3800.0,3800.0,23,21,0.02996,0.030085,OK,正常双期限插值,HIST_CLEAN_SURFACE
2023-06-30 00:00:00,2023-06-30,15.1178,0.022854870891985176,2023-07-21,2023-08-18,21,49,0.022363403458667983,0.023299531903081677,3832.1971150103436,3837.322044411173,3800.0,3800.0,23,21,0.02996,0.03007875,OK,正常双期限插值,HIST_CLEAN_SURFACE
2023-07-03 00:00:00,2023-07-03,15.1722,0.023019544705385486,2023-07-21,2023-08-18,18,46,0.022717698449344667,0.023177029708537213,3875.214480368036,3878.9431841975434,3850.0,3850.0,23,21,0.02996,0.03006,OK,正常双期限插值,HIST_CLEAN_SURFACE
2023-07-04 00:00:00,2023-07-04,15.0197,0.022559246995038418,2023-07-21,2023-08-18,17,45,0.02267234347208061,0.022509948530686694,3880.5076406418766,3883.5612515637804,3850.0,3850.0,23,20,0.02996,0.03005375,OK,正常双期限插值,HIST_CLEAN_SURFACE
2023-07-05 00:00:00,2023-07-05,15.222,0.023171045488718234,2023-07-21,2023-08-18,16,44,0.023396214527890785,0.02308916583811003,3852.9466078583305,3860.476317074498,3850.0,3850.0,23,21,0.02996,0.0300475,OK,正常双期限插值,HIST_CLEAN_SURFACE
2023-07-06 00:00:00,2023-07-06,15.6342,0.02444295593780509,2023-07-21,2023-08-18,15,43,0.024743676428959863,0.024352040440479228,3824.01024956607,3828.810687150208,3800.0,3800.0,23,21,0.02996,0.030041250000000002,OK,正常双期限插值,HIST_CLEAN_SURFACE
2023-07-07 00:00:00,2023-07-07,15.9667,0.025493408094442758,2023-07-21,2023-08-18,14,42,0.026070212863736283,0.025349206902119375,3811.008341195288,3817.0130589726923,3800.0,3800.0,23,20,0.02996,0.030035,OK,正常双期限插值,HIST_CLEAN_SURFACE
2023-07-10 00:00:00,2023-07-10,15.9129,0.025322040857048374,2023-07-21,2023-08-18,11,39,0.02780313823768968,0.02499055821105176,3826.9340582349346,3833.386699005657,3800.0,3800.0,23,21,0.02996,0.03001625,OK,正常双期限插值,HIST_CLEAN_SURFACE
2023-07-11 00:00:00,2023-07-11,15.2787,0.023343934462363693,2023-07-21,2023-08-18,10,38,0.024594748998212873,0.023212269774379565,3854.463911844509,3858.041822049412,3850.0,3850.0,23,21,0.02996,0.030010000000000002,OK,正常双期限插值,HIST_CLEAN_SURFACE
2023-07-12 00:00:00,2023-07-12,15.4259,0.023795963011212763,2023-07-21,2023-08-18,9,37,0.026629195017322707,0.023566241497203853,3832.004931887896,3837.604389596093,3800.0,3800.0,21,21,0.02996,0.03000375,OK,正常双期限插值,HIST_CLEAN_SURFACE
2023-07-13 00:00:00,2023-07-13,14.9982,0.02249458069783609,2023-07-21,2023-08-18,8,36,0.0237720943063644,0.022417155630652556,3895.2407806025644,3901.945165759517,3850.0,3900.0,22,21,0.02996,0.0299975,OK,正常双期限插值,HIST_CLEAN_SURFACE
2023-07-14 00:00:00,2023-07-14,14.8032,0.0219135161325396,2023-07-21,2023-08-18,7,35,0.024447731112251077,0.021803332872552147,3893.736405451425,3902.122940721512,3850.0,3900.0,19,21,0.02996,0.02999125,OK,正常双期限插值,HIST_CLEAN_SURFACE
2023-07-17 00:00:00,2023-07-17,14.7946,0.021888044018592855,2023-08-18,2023-09-15,32,60,0.0224063595916127,0.026034568602751607,3867.7089007110903,3868.901896164852,3850.0,3850.0,21,25,0.0299725,0.0301475,WARN,期限未夹住30日,HIST_CLEAN_SURFACE
2023-07-18 00:00:00,2023-07-18,14.9306,0.022292157494305725,2023-08-18,2023-09-15,31,59,0.022545765938955225,0.02615646243904986,3862.116657547509,3867.083673144797,3850.0,3850.0,21,25,0.02996625,0.03014125,WARN,期限未夹住30日,HIST_CLEAN_SURFACE
2023-07-19 00:00:00,2023-07-19,15.5632,0.024221251310900214,2023-08-18,2023-09-15,30,58,0.024221251310900218,0.02650398336637673,3860.5028592955714,3864.6310379270017,3850.0,3850.0,21,25,0.02996,0.030135000000000002,WARN,期限未夹住30日,HIST_CLEAN_SURFACE
2023-07-20 00:00:00,2023-07-20,15.7884,0.024927427905788183,2023-08-18,2023-09-15,29,57,0.024750176709231065,0.027362299605862173,3832.9441936887183,3838.274519696124,3800.0,3800.0,21,25,0.02996,0.03012875,OK,正常双期限插值,HIST_CLEAN_SURFACE
2023-07-21 00:00:00,2023-07-21,15.2815,0.02335249609292004,2023-08-18,2023-09-15,28,56,0.022999514592044756,0.025646875848609366,3837.252166913636,3844.142448011633,3800.0,3800.0,21,25,0.02996,0.0301225,OK,正常双期限插值,HIST_CLEAN_SURFACE
2023-07-24 00:00:00,2023-07-24,15.871,0.02518889060437078,2023-08-18,2023-09-15,25,53,0.024612382399038655,0.026439804634808422,3815.3275417626696,3824.2515241891333,3800.0,3800.0,21,25,0.02996,0.030103750000000002,OK,正常双期限插值,HIST_CLEAN_SURFACE
2023-07-25 00:00:00,2023-07-25,15.3983,0.023710823184750963,2023-08-18,2023-09-15,24,52,0.022704614523008503,0.025413637843084355,3925.6536839609016,3929.936741420426,3900.0,3900.0,21,25,0.02996,0.0300975,OK,正常双期限插值,HIST_CLEAN_SURFACE
2023-07-26 00:00:00,2023-07-26,15.5312,0.02412169648588152,2023-08-18,2023-09-15,23,51,0.022901335493110395,0.025772773123160092,3918.4347699942036,3923.459287398223,3900.0,3900.0,21,25,0.02996,0.03009125,OK,正常双期限插值,HIST_CLEAN_SURFACE
2023-07-27 00:00:00,2023-07-27,15.1703,0.023013770606644477,2023-08-18,2023-09-15,22,50,0.02130970121984208,0.02488824693212711,3908.9999829859353,3916.5644160173542,3900.0,3900.0,21,25,0.02996,0.030085,OK,正常双期限插值,HIST_CLEAN_SURFACE
2023-07-28 00:00:00,2023-07-28,16.6583,0.027750018777596176,2023-08-18,2023-09-15,21,49,0.026995689829343614,0.0284325068736342,4007.104203040377,4014.232159032382,4000.0,4000.0,21,25,0.02996,0.03007875,OK,正常双期限插值,HIST_CLEAN_SURFACE
2023-07-31 00:00:00,2023-07-31,18.2738,0.033393039464967286,2023-08-18,2023-09-15,18,46,0.03397357595690244,0.03309015086047938,4027.366584284946,4047.1465673338184,4000.0,4000.0,21,25,0.02996,0.03006,OK,正常双期限插值,HIST_CLEAN_SURFACE
2023-08-01 00:00:00,2023-08-01,17.7988,0.03167975582530187,2023-08-18,2023-09-15,17,45,0.03212491309558179,0.031485712912615746,4010.414522261311,4023.100514921374,4000.0,4000.0,22,26,0.02996,0.03005375,OK,正常双期限插值,HIST_CLEAN_SURFACE
2023-08-02 00:00:00,2023-08-02,18.1127,0.03280697627667315,2023-08-18,2023-09-15,16,44,0.03266043643216339,0.03286026349285851,3980.692801198418,3994.904699822108,3950.0,3950.0,22,26,0.02996,0.0300475,OK,正常双期限插值,HIST_CLEAN_SURFACE
2023-08-03 00:00:00,2023-08-03,18.2019,0.03313098768983921,2023-08-18,2023-09-15,15,43,0.033449479190315455,0.03303469956178825,4010.3512131502603,4019.4453400327075,4000.0,4000.0,21,25,0.02996,0.030041250000000002,OK,正常双期限插值,HIST_CLEAN_SURFACE
2023-08-04 00:00:00,2023-08-04,18.2279,0.033225481956201675,2023-08-18,2023-09-15,14,42,0.03320705845718527,0.03323008783095577,4027.659493069946,4044.608894214586,4000.0,4000.0,22,26,0.02996,0.030035,OK,正常双期限插值,HIST_CLEAN_SURFACE
2023-08-07 00:00:00,2023-08-07,19.032,0.03622186031088071,2023-08-18,2023-09-15,11,39,0.038321350518462444,0.035941361619179504,4005.6031764005993,4018.2179195756776,4000.0,4000.0,22,26,0.02996,0.03001625,OK,正常双期限插值,HIST_CLEAN_SURFACE
2023-08-08 00:00:00,2023-08-08,18.7998,0.035343143164001285,2023-08-18,2023-09-15,10,38,0.03833951650880615,0.03502773544349551,3993.153358175372,4009.42941461695,3950.0,4000.0,22,26,0.02996,0.030010000000000002,OK,正常双期限插值,HIST_CLEAN_SURFACE
2023-08-09 00:00:00,2023-08-09,19.1638,0.03672531271244733,2023-08-18,2023-09-15,9,37,0.04137410046109008,0.036348383976070896,3983.8249786279566,4000.6501315843884,3950.0,4000.0,22,26,0.02996,0.03000375,OK,正常双期限插值,HIST_CLEAN_SURFACE
2023-08-10 00:00:00,2023-08-10,19.2191,0.036937341644179875,2023-08-18,2023-09-15,8,36,0.039780803780025985,0.03676501060564375,3983.956646370053,4001.404148254154,3950.0,4000.0,22,26,0.02996,0.0299975,OK,正常双期限插值,HIST_CLEAN_SURFACE
2023-08-11 00:00:00,2023-08-11,19.2538,0.03707101405397078,2023-08-18,2023-09-15,7,35,0.04046041103700925,0.03692364896775172,3885.562986715502,3901.460607391211,3850.0,3900.0,22,26,0.02996,0.02999125,OK,正常双期限插值,HIST_CLEAN_SURFACE
2023-08-14 00:00:00,2023-08-14,18.9992,0.0360969470033174,2023-09-15,2023-10-20,32,67,0.03511026293687206,0.027378783311740717,3871.188095101096,3877.139555670341,3850.0,3850.0,26,22,0.0299725,0.03019125,WARN,期限未夹住30日,HIST_CLEAN_SURFACE
2023-08-15 00:00:00,2023-08-15,18.4453,0.034022813334256025,2023-09-15,2023-10-20,31,66,0.03362160328684362,0.02723871616891904,3864.8727947722236,3880.69182945522,3850.0,3850.0,26,22,0.02996625,0.030185,WARN,期限未夹住30日,HIST_CLEAN_SURFACE
2023-08-16 00:00:00,2023-08-16,19.1657,0.03673247743054497,2023-09-15,2023-10-20,30,65,0.03673247743054497,0.02857351767717257,3836.769179803957,3866.0439992598585,3800.0,3850.0,26,22,0.02996,0.03017875,WARN,期限未夹住30日,HIST_CLEAN_SURFACE
2023-08-17 00:00:00,2023-08-17,19.2907,0.03721310247917025,2023-09-15,2023-10-20,29,64,0.03771391975125409,0.029497386381128525,3851.245679178032,3870.7734396205324,3850.0,3850.0,26,22,0.02996,0.0301725,OK,正常双期限插值,HIST_CLEAN_SURFACE
2023-08-18 00:00:00,2023-08-18,19.6814,0.038735794500008996,2023-09-15,2023-10-20,28,63,0.03987280926085964,0.030397686253770886,3796.0762091864945,3829.5377148815896,3750.0,3800.0,26,22,0.02996,0.030166250000000002,OK,正常双期限插值,HIST_CLEAN_SURFACE
2023-08-21 00:00:00,2023-08-21,21.1384,0.04468305149337604,2023-09-15,2023-10-20,25,60,0.04908248797572883,0.03368446028749408,3740.2249647127433,3759.8582092956017,3700.0,3750.0,26,22,0.02996,0.0301475,OK,正常双期限插值,HIST_CLEAN_SURFACE
2023-08-22 00:00:00,2023-08-22,19.8196,0.03928149844699822,2023-09-15,2023-10-20,24,59,0.04313893442123729,0.0316973870400197,3765.5418449701556,3782.113064168653,3750.0,3750.0,27,23,0.02996,0.03014125,OK,正常双期限插值,HIST_CLEAN_SURFACE
2023-08-23 00:00:00,2023-08-23,20.7338,0.04298895446281831,2023-09-15,2023-10-20,23,58,0.04815596009639015,0.034793014492325004,3703.553760941323,3715.984300036142,3700.0,3700.0,27,23,0.02996,0.030135000000000002,OK,正常双期限插值,HIST_CLEAN_SURFACE
2023-08-24 00:00:00,2023-08-24,19.8122,0.03925225842734295,2023-09-15,2023-10-20,22,57,0.042290063192611894,0.035295118009426835,3731.2773757380833,3745.619986326013,3700.0,3700.0,27,24,0.02996,0.03012875,OK,正常双期限插值,HIST_CLEAN_SURFACE
2023-08-25 00:00:00,2023-08-25,20.519,0.04210308053263863,2023-09-15,2023-10-20,21,56,0.04629527162261452,0.03756154018516473,3724.5595324622036,3739.582509862258,3700.0,3700.0,27,24,0.02996,0.0301225,OK,正常双期限插值,HIST_CLEAN_SURFACE
2023-08-29 00:00:00,2023-08-29,20.3137,0.04126455872671611,2023-09-15,2023-10-20,17,52,0.046998248395001975,0.038092369472368603,3799.6945925735854,3813.070529733836,3750.0,3800.0,27,24,0.02996,0.0300975,OK,正常双期限插值,HIST_CLEAN_SURFACE
2023-08-30 00:00:00,2023-08-30,18.7873,0.035296384815708036,2023-09-15,2023-10-20,16,51,0.04090088533067353,0.03265897280866544,3796.829390915371,3811.013816942787,3750.0,3800.0,27,24,0.02996,0.03009125,OK,正常双期限插值,HIST_CLEAN_SURFACE
2023-08-31 00:00:00,2023-08-31,18.0503,0.03258151229079831,2023-09-15,2023-10-20,15,50,0.0369599261981384,0.030830146727862284,3775.6315389735696,3789.757876684281,3750.0,3750.0,27,24,0.02996,0.030085,OK,正常双期限插值,HIST_CLEAN_SURFACE
2023-09-01 00:00:00,2023-09-01,17.5684,0.03086493661540384,2023-09-15,2023-10-20,14,49,0.03456985265774399,0.029607911529609864,3797.6023859060806,3810.0404613276028,3750.0,3800.0,27,24,0.02996,0.03007875,OK,正常双期限插值,HIST_CLEAN_SURFACE
2023-09-04 00:00:00,2023-09-04,17.2228,0.02966243206421433,2023-09-15,2023-10-20,11,46,0.03502345289192555,0.028582867229343417,3854.9593509667407,3865.8929120407906,3850.0,3850.0,27,24,0.02996,0.03006,OK,正常双期限插值,HIST_CLEAN_SURFACE
2023-09-05 00:00:00,2023-09-05,16.8968,0.028550028011536183,2023-09-15,2023-10-20,10,45,0.03416782091363261,0.027613729194520115,3828.382262968098,3839.826208034864,3800.0,3800.0,27,24,0.02996,0.03005375,OK,正常双期限插值,HIST_CLEAN_SURFACE
2023-09-06 00:00:00,2023-09-06,16.7688,0.028119121424695293,2023-09-15,2023-10-20,9,44,0.03502186511678431,0.027177838193955882,3817.838575363581,3832.9383115500727,3800.0,3800.0,27,24,0.02996,0.0300475,OK,正常双期限插值,HIST_CLEAN_SURFACE
2023-09-07 00:00:00,2023-09-07,17.2805,0.02986166525111648,2023-09-15,2023-10-20,8,43,0.03866047988484705,0.02889435370575921,3762.970732237709,3780.1082802883675,3750.0,3750.0,27,24,0.02996,0.030041250000000002,OK,正常双期限插值,HIST_CLEAN_SURFACE
2023-09-08 00:00:00,2023-09-08,17.8258,0.031776054171954345,2023-09-15,2023-10-20,7,42,0.0385327162273008,0.03118851834105465,3742.2419883869698,3755.3914236314345,3700.0,3750.0,27,24,0.02996,0.030035,OK,正常双期限插值,HIST_CLEAN_SURFACE
2023-09-11 00:00:00,2023-09-11,17.1785,0.02950994525843591,2023-10-20,2023-11-17,39,67,0.029102789054977755,0.028535606283991273,3781.861607731146,3798.1942869215995,3750.0,3750.0,24,20,0.03001625,0.03019125,WARN,期限未夹住30日,HIST_CLEAN_SURFACE
2023-09-12 00:00:00,2023-09-12,16.7992,0.028221184137994227,2023-10-20,2023-11-17,38,66,0.027821596544524815,0.02718588900945985,3775.969063964794,3791.2500217981838,3750.0,3750.0,24,20,0.030010000000000002,0.030185,WARN,期限未夹住30日,HIST_CLEAN_SURFACE
2023-09-13 00:00:00,2023-09-13,16.6802,0.027823052495435673,2023-10-20,2023-11-17,37,65,0.027788431930175526,0.027724517040464497,3746.9129456099695,3760.1746160451235,3700.0,3750.0,24,20,0.03000375,0.03017875,WARN,期限未夹住30日,HIST_CLEAN_SURFACE
2023-09-14 00:00:00,2023-09-14,16.1632,0.026124822313676802,2023-10-20,2023-11-17,36,64,0.026470083378181054,0.027225341956784107,3744.298098745077,3753.2798737411645,3700.0,3750.0,24,20,0.0299975,0.0301725,WARN,期限未夹住30日,HIST_CLEAN_SURFACE
2023-09-15 00:00:00,2023-09-15,16.0571,0.02578292397379357,2023-10-20,2023-11-17,35,63,0.026597382860372252,0.028769273224582077,3731.361610713532,3738.7850092379363,3700.0,3700.0,24,20,0.02999125,0.030166250000000002,WARN,期限未夹住30日,HIST_CLEAN_SURFACE
2023-09-18 00:00:00,2023-09-18,16.0137,0.025643979876166387,2023-10-20,2023-11-17,32,60,0.025862139715074107,0.02738925858742817,3745.4632438367394,3752.415060320876,3700.0,3750.0,24,20,0.0299725,0.0301475,WARN,期限未夹住30日,HIST_CLEAN_SURFACE
2023-09-19 00:00:00,2023-09-19,16.0214,0.02566841041327515,2023-10-20,2023-11-17,31,59,0.025748876394599537,0.02689449375582821,3738.161637341918,3745.1758351740946,3700.0,3700.0,24,20,0.02996625,0.03014125,WARN,期限未夹住30日,HIST_CLEAN_SURFACE
2023-09-20 00:00:00,2023-09-20,16.2353,0.02635857104096271,2023-10-20,2023-11-17,30,58,0.026358571040962706,0.02706287729474823,3723.482319640858,3735.594263425655,3700.0,3700.0,24,20,0.02996,0.030135000000000002,WARN,期限未夹住30日,HIST_CLEAN_SURFACE
2023-09-21 00:00:00,2023-09-21,16.6747,0.027804554726705292,2023-10-20,2023-11-17,29,57,0.0277989265526421,0.027881868065152214,3687.042284744452,3699.066233366709,3650.0,3650.0,24,20,0.02996,0.03012875,OK,正常双期限插值,HIST_CLEAN_SURFACE
2023-09-22 00:00:00,2023-09-22,16.7261,0.02797612594199294,2023-10-20,2023-11-17,28,56,0.02782219799997317,0.028976657565121404,3764.3115217354025,3766.7745895463927,3750.0,3750.0,24,20,0.02996,0.0301225,OK,正常双期限插值,HIST_CLEAN_SURFACE
2023-09-25 00:00:00,2023-09-25,16.8625,0.028434253052424377,2023-10-20,2023-11-17,25,53,0.028349818061359635,0.028617461051904484,3732.8623711661085,3742.5669073504273,3700.0,3700.0,24,20,0.02996,0.030103750000000002,OK,正常双期限插值,HIST_CLEAN_SURFACE
2023-09-26 00:00:00,2023-09-26,17.0052,0.028917849817501534,2023-10-20,2023-11-17,24,52,0.02861816508346491,0.0294250085981789,3713.4264236512663,3726.1434003345257,3700.0,3700.0,24,20,0.02996,0.0300975,OK,正常双期限插值,HIST_CLEAN_SURFACE
2023-09-27 00:00:00,2023-09-27,16.9355,0.028681162425471352,2023-10-20,2023-11-17,23,51,0.028742280064653413,0.02859847385481326,3727.251399121866,3737.533670468755,3700.0,3700.0,24,20,0.02996,0.03009125,OK,正常双期限插值,HIST_CLEAN_SURFACE
2023-09-28 00:00:00,2023-09-28,16.9922,0.028873576087396147,2023-10-20,2023-11-17,22,50,0.028371209205972258,0.029426179656962422,3702.9051986969184,3716.688881816145,3700.0,3700.0,24,20,0.02996,0.030085,OK,正常双期限插值,HIST_CLEAN_SURFACE
2023-10-09 00:00:00,2023-10-09,16.3768,0.026820118345012908,2023-10-20,2023-11-17,11,39,0.029923748714480718,0.02640546327540789,3694.5075790370556,3707.5838685133253,3650.0,3700.0,24,20,0.02996,0.03001625,OK,正常双期限插值,HIST_CLEAN_SURFACE
2023-10-10 00:00:00,2023-10-10,16.2288,0.02633724139504269,2023-10-20,2023-11-17,10,38,0.029785272120600163,0.025974290792352424,3664.7710952072725,3676.5239038998266,3650.0,3650.0,24,20,0.02996,0.030010000000000002,OK,正常双期限插值,HIST_CLEAN_SURFACE
2023-10-11 00:00:00,2023-10-11,15.715,0.024696001246005152,2023-10-20,2023-11-17,9,37,0.02733037112887318,0.024482403687934768,3673.5804900657386,3685.54197962576,3650.0,3650.0,24,21,0.02996,0.03000375,OK,正常双期限插值,HIST_CLEAN_SURFACE
2023-10-12 00:00:00,2023-10-12,15.1119,0.022836994654637875,2023-10-20,2023-11-17,8,36,0.024744722213176744,0.022721374802605217,3708.8057804839937,3720.269023468336,3700.0,3700.0,25,21,0.02996,0.0299975,OK,正常双期限插值,HIST_CLEAN_SURFACE
2023-10-13 00:00:00,2023-10-13,15.4312,0.023812286338599897,2023-10-20,2023-11-17,7,35,0.026095734286274843,0.023713005993048812,3673.0057433057623,3683.2081911622827,3650.0,3650.0,25,21,0.02996,0.02999125,OK,正常双期限插值,HIST_CLEAN_SURFACE
2023-10-16 00:00:00,2023-10-16,16.8722,0.028467120572852382,2023-11-17,2023-12-15,32,60,0.028525274094522126,0.02893234874621038,3640.781770519569,3653.705979140986,3600.0,3650.0,21,23,0.0299725,0.0301475,WARN,期限未夹住30日,HIST_CLEAN_SURFACE
2023-10-17 00:00:00,2023-10-17,16.3544,0.026746487242081778,2023-11-17,2023-12-15,31,59,0.026851970731951696,0.028353769570777728,3651.0944132664813,3661.6081686333787,3650.0,3650.0,21,23,0.02996625,0.03014125,WARN,期限未夹住30日,HIST_CLEAN_SURFACE
2023-10-18 00:00:00,2023-10-18,16.3842,0.026844102862149295,2023-11-17,2023-12-15,30,58,0.02684410286214929,0.028998667767169674,3622.741124099467,3634.603154896037,3600.0,3600.0,21,23,0.02996,0.030135000000000002,WARN,期限未夹住30日,HIST_CLEAN_SURFACE
2023-10-19 00:00:00,2023-10-19,18.8535,0.03554533926910686,2023-11-17,2023-12-15,29,57,0.035683385475878376,0.033649020323455944,3542.21723184294,3548.8256952560346,3500.0,3500.0,22,24,0.02996,0.03012875,OK,正常双期限插值,HIST_CLEAN_SURFACE
2023-10-20 00:00:00,2023-10-20,19.7508,0.03900941218176977,2023-11-17,2023-12-15,28,56,0.039271345010356215,0.03730684879595783,3524.3238561552844,3526.2391566864567,3500.0,3500.0,23,25,0.02996,0.0301225,OK,正常双期限插值,HIST_CLEAN_SURFACE
2023-10-23 00:00:00,2023-10-23,20.7257,0.042955460195638055,2023-11-17,2023-12-15,25,53,0.043987315845406764,0.040716528125385204,3476.346516446235,3478.971844152895,3450.0,3450.0,23,25,0.02996,0.030103750000000002,OK,正常双期限插值,HIST_CLEAN_SURFACE
2023-10-24 00:00:00,2023-10-24,19.8111,0.03924804700419844,2023-11-17,2023-12-15,24,52,0.03941138878827882,0.03897162244652393,3490.648679286538,3500.125131519886,3450.0,3500.0,24,26,0.02996,0.0300975,OK,正常双期限插值,HIST_CLEAN_SURFACE
2023-10-25 00:00:00,2023-10-25,17.9784,0.03232227855112718,2023-11-17,2023-12-15,23,51,0.030981838472047534,0.034135815128705525,3506.5065775909297,3518.457873360271,3500.0,3500.0,24,26,0.02996,0.03009125,OK,正常双期限插值,HIST_CLEAN_SURFACE
2023-10-26 00:00:00,2023-10-26,17.2723,0.029833354822808276,2023-11-17,2023-12-15,22,50,0.028703415154671657,0.031076288457758557,3520.872894685172,3528.5827196440614,3500.0,3500.0,24,26,0.02996,0.030085,OK,正常双期限插值,HIST_CLEAN_SURFACE
2023-10-27 00:00:00,2023-10-27,16.4449,0.027043500277575617,2023-11-17,2023-12-15,21,49,0.02520837944728568,0.028703847695456985,3574.1086813731845,3581.4595105781714,3550.0,3550.0,24,26,0.02996,0.03007875,OK,正常双期限插值,HIST_CLEAN_SURFACE
2023-10-30 00:00:00,2023-10-30,16.7743,0.028137863308463636,2023-11-17,2023-12-15,18,46,0.026264310071268178,0.029115369345261263,3590.3344297381936,3599.441645402318,3550.0,3550.0,24,26,0.02996,0.03006,OK,正常双期限插值,HIST_CLEAN_SURFACE
2023-10-31 00:00:00,2023-10-31,16.7617,0.028095392761602243,2023-11-17,2023-12-15,17,45,0.025553357306492303,0.029203459498445033,3579.7129936389433,3589.4191130353647,3550.0,3550.0,24,26,0.02996,0.03005375,OK,正常双期限插值,HIST_CLEAN_SURFACE
2023-11-01 00:00:00,2023-11-01,16.7309,0.02799234896763493,2023-11-17,2023-12-15,16,44,0.025638531594250988,0.028848282557956365,3578.7866733302403,3586.978518970225,3550.0,3550.0,24,26,0.02996,0.0300475,OK,正常双期限插值,HIST_CLEAN_SURFACE
2023-11-02 00:00:00,2023-11-02,16.3031,0.026579252402723876,2023-11-17,2023-12-15,15,43,0.023860405543616674,0.027401229360128378,3562.353677132569,3570.87388811453,3550.0,3550.0,24,26,0.02996,0.030041250000000002,OK,正常双期限插值,HIST_CLEAN_SURFACE
2023-11-03 00:00:00,2023-11-03,15.9978,0.02559304400387794,2023-11-17,2023-12-15,14,42,0.022822163675542538,0.02628576408596179,3590.9550608146537,3600.657255928331,3550.0,3600.0,24,25,0.02996,0.030035,OK,正常双期限插值,HIST_CLEAN_SURFACE
2023-11-06 00:00:00,2023-11-06,16.6696,0.027787485184872302,2023-11-17,2023-12-15,11,39,0.028757043128702708,0.02765794910330791,3638.7120246372347,3648.6201368590105,3600.0,3600.0,24,26,0.02996,0.03001625,OK,正常双期限插值,HIST_CLEAN_SURFACE
2023-11-07 00:00:00,2023-11-07,16.7118,0.02792826708843642,2023-11-17,2023-12-15,10,38,0.027120425884776957,0.0280133030046111,3626.7690724735394,3638.2072403825364,3600.0,3600.0,24,26,0.02996,0.030010000000000002,OK,正常双期限插值,HIST_CLEAN_SURFACE
2023-11-08 00:00:00,2023-11-08,16.6048,0.0275719717136091,2023-11-17,2023-12-15,9,37,0.027719462263001895,0.027560013020415088,3614.0565863627457,3623.7002171142462,3600.0,3600.0,24,25,0.02996,0.03000375,OK,正常双期限插值,HIST_CLEAN_SURFACE
2023-11-09 00:00:00,2023-11-09,16.8736,0.028471911817240524,2023-11-17,2023-12-15,8,36,0.028849174391134883,0.028449047418822686,3618.624851587503,3627.0884252645074,3600.0,3600.0,24,26,0.02996,0.0299975,OK,正常双期限插值,HIST_CLEAN_SURFACE
2023-11-10 00:00:00,2023-11-10,17.0357,0.02902134162951637,2023-11-17,2023-12-15,7,35,0.028544842155600138,0.029042058997947512,3589.3939077513096,3597.3925119672977,3550.0,3550.0,23,26,0.02996,0.02999125,OK,正常双期限插值,HIST_CLEAN_SURFACE
2023-11-13 00:00:00,2023-11-13,17.2191,0.029649772206566852,2023-12-15,2024-01-19,32,67,0.02918168186350008,0.025513809772305253,3593.632050085683,3600.018839514488,3550.0,3600.0,26,18,0.0299725,0.03019125,WARN,期限未夹住30日,HIST_CLEAN_SURFACE
2023-11-14 00:00:00,2023-11-14,17.0052,0.02891754443467879,2023-12-15,2024-01-19,31,66,0.02869313811223929,0.025123037527974526,3595.572029095846,3605.117999110092,3550.0,3600.0,24,19,0.02996625,0.030185,WARN,期限未夹住30日,HIST_CLEAN_SURFACE
2023-11-15 00:00:00,2023-11-15,16.8212,0.028295352804714995,2023-12-15,2024-01-19,30,65,0.028295352804714995,0.024066411831109864,3619.1199703134016,3630.5266857545685,3600.0,3600.0,26,19,0.02996,0.03017875,WARN,期限未夹住30日,HIST_CLEAN_SURFACE
2023-11-16 00:00:00,2023-11-16,16.5999,0.02755568011726166,2023-12-15,2024-01-19,29,64,0.027767010508031813,0.024299871284459013,3580.8355578942515,3598.6102682410883,3550.0,3550.0,26,19,0.02996,0.0301725,OK,正常双期限插值,HIST_CLEAN_SURFACE
2023-11-17 00:00:00,2023-11-17,15.9333,0.02538702379262097,2023-12-15,2024-01-19,28,63,0.025596337468256198,0.023852056837962588,3575.472010586109,3581.1045213416633,3550.0,3550.0,26,19,0.02996,0.030166250000000002,OK,正常双期限插值,HIST_CLEAN_SURFACE
2023-11-20 00:00:00,2023-11-20,15.3392,0.023529000107192468,2023-12-15,2024-01-19,25,60,0.024018012957936465,0.02230646798033248,3585.6815483004216,3591.9488982148605,3550.0,3550.0,26,19,0.02996,0.0301475,OK,正常双期限插值,HIST_CLEAN_SURFACE
2023-11-21 00:00:00,2023-11-21,14.9897,0.02246920153583238,2023-12-15,2024-01-19,24,59,0.022997404059171906,0.02143070165943602,3588.575230142483,3597.54093155415,3550.0,3550.0,26,18,0.02996,0.03014125,OK,正常双期限插值,HIST_CLEAN_SURFACE
2023-11-22 00:00:00,2023-11-22,15.4475,0.02386251543417473,2023-12-15,2024-01-19,23,58,0.024580475547753704,0.022723682150566697,3552.310051536733,3560.95521765402,3550.0,3550.0,26,19,0.02996,0.030135000000000002,OK,正常双期限插值,HIST_CLEAN_SURFACE
2023-11-23 00:00:00,2023-11-23,15.2467,0.02324605152374652,2023-12-15,2024-01-19,22,57,0.023716946856595304,0.022632648392798754,3571.4798812886957,3576.114132846854,3550.0,3550.0,26,19,0.02996,0.03012875,OK,正常双期限插值,HIST_CLEAN_SURFACE
2023-11-24 00:00:00,2023-11-24,15.1595,0.022981106702259932,2023-12-15,2024-01-19,21,56,0.02333740680668278,0.022595114922468514,3544.709243180661,3552.4062793398525,3500.0,3550.0,26,19,0.02996,0.0301225,OK,正常双期限插值,HIST_CLEAN_SURFACE
2023-11-27 00:00:00,2023-11-27,15.7848,0.024916019432915125,2023-12-15,2024-01-19,18,53,0.02652752854282925,0.023867018219857823,3517.8500030918144,3521.856128278851,3500.0,3500.0,26,19,0.02996,0.030103750000000002,OK,正常双期限插值,HIST_CLEAN_SURFACE
2023-11-28 00:00:00,2023-11-28,15.6788,0.024582560423851575,2023-12-15,2024-01-19,17,52,0.025755321560714577,0.02393372512032086,3525.1653699922554,3529.2520936921796,3500.0,3500.0,26,19,0.02996,0.0300975,OK,正常双期限插值,HIST_CLEAN_SURFACE
2023-11-29 00:00:00,2023-11-29,15.6418,0.02446653844114774,2023-12-15,2024-01-19,16,51,0.026066109277348204,0.02371379922411222,3498.766710619559,3499.358166223919,3450.0,3450.0,26,19,0.02996,0.03009125,OK,正常双期限插值,HIST_CLEAN_SURFACE
2023-11-30 00:00:00,2023-11-30,15.4726,0.02394004895120216,2023-12-15,2024-01-19,15,50,0.025182373369663526,0.02344311918381761,3505.2064063540065,3508.624193947999,3500.0,3500.0,26,19,0.02996,0.030085,OK,正常双期限插值,HIST_CLEAN_SURFACE
2023-12-01 00:00:00,2023-12-01,15.6941,0.024630434830275574,2023-12-15,2024-01-19,14,49,0.025638119598602183,0.024288541783879045,3486.78783042134,3491.7569409468792,3450.0,3450.0,26,19,0.02996,0.03007875,OK,正常双期限插值,HIST_CLEAN_SURFACE
2023-12-04 00:00:00,2023-12-04,16.3674,0.02678908559369866,2023-12-15,2024-01-19,11,46,0.033940813773177106,0.025348920651378053,3460.8362503119342,3466.8722635696995,3450.0,3450.0,26,19,0.02996,0.03006,OK,正常双期限插值,HIST_CLEAN_SURFACE
2023-12-05 00:00:00,2023-12-05,18.3402,0.03363616771388578,2023-12-15,2024-01-19,10,45,0.05051160373882734,0.030823595043062185,3378.303675382753,3382.707610667087,3350.0,3350.0,26,19,0.02996,0.03005375,OK,正常双期限插值,HIST_CLEAN_SURFACE
2023-12-06 00:00:00,2023-12-06,17.4695,0.030518199255731758,2023-12-15,2024-01-19,9,44,0.04019256649415993,0.02919896735958246,3391.0302995191187,3390.5423358142625,3350.0,3350.0,27,20,0.02996,0.0300475,OK,正常双期限插值,HIST_CLEAN_SURFACE
2023-12-07 00:00:00,2023-12-07,17.6512,0.031156364633700633,2023-12-15,2024-01-19,8,43,0.03953444060873188,0.030235307655473092,3386.9480533745113,3386.897062170663,3350.0,3350.0,27,20,0.02996,0.030041250000000002,OK,正常双期限插值,HIST_CLEAN_SURFACE
2023-12-08 00:00:00,2023-12-08,17.5251,0.030712847687706588,2023-12-15,2024-01-19,7,42,0.03683736122937649,0.030180281292778773,3393.984978970717,3395.9317481307226,3350.0,3350.0,26,20,0.02996,0.030035,OK,正常双期限插值,HIST_CLEAN_SURFACE
2023-12-11 00:00:00,2023-12-11,18.3822,0.03379069262223503,2024-01-19,2024-02-19,39,70,0.031270269715780404,0.027549645425299762,3421.1925714320555,3432.4030649361184,3400.0,3400.0,20,17,0.03001625,0.03021,WARN,期限未夹住30日,HIST_CLEAN_SURFACE
2023-12-12 00:00:00,2023-12-12,17.726,0.03142126282728325,2024-01-19,2024-02-19,38,69,0.029542215062356568,0.026376428067099673,3429.6282019121263,3437.700357965656,3400.0,3400.0,20,17,0.030010000000000002,0.03020375,WARN,期限未夹住30日,HIST_CLEAN_SURFACE
2023-12-13 00:00:00,2023-12-13,18.4811,0.03415513024728008,2024-01-19,2024-02-19,37,68,0.03183879878199331,0.027313193188050693,3365.3429086528886,3389.5805423998204,3350.0,3350.0,20,17,0.03000375,0.030197500000000002,WARN,期限未夹住30日,HIST_CLEAN_SURFACE
2023-12-14 00:00:00,2023-12-14,18.4497,0.0340392994489508,2024-01-19,2024-02-19,36,67,0.032069384524848275,0.027512118655655865,3347.3572443589383,3359.287346140769,3300.0,3350.0,21,18,0.0299975,0.03019125,WARN,期限未夹住30日,HIST_CLEAN_SURFACE
2023-12-15 00:00:00,2023-12-15,18.1968,0.03311239025585684,2024-01-19,2024-02-19,35,66,0.031912182268639136,0.028529777941025597,3345.0850418762275,3352.179767994832,3300.0,3350.0,21,18,0.02999125,0.030185,WARN,期限未夹住30日,HIST_CLEAN_SURFACE
2023-12-18 00:00:00,2023-12-18,18.0383,0.03253786498347771,2024-01-19,2024-02-19,32,63,0.03201584167954363,0.028162812531458824,3337.8396331325894,3338.279470128107,3300.0,3300.0,21,18,0.0299725,0.030166250000000002,WARN,期限未夹住30日,HIST_CLEAN_SURFACE
2023-12-19 00:00:00,2023-12-19,18.1927,0.03309752611209465,2024-01-19,2024-02-19,31,62,0.03295319558242085,0.03078823763731401,3344.9428376404658,3347.763304300835,3300.0,3300.0,22,19,0.02996625,0.03016,WARN,期限未夹住30日,HIST_CLEAN_SURFACE
2023-12-20 00:00:00,2023-12-20,18.9623,0.0359567151028556,2024-01-19,2024-02-19,30,61,0.0359567151028556,0.03108848485140908,3311.383246453658,3320.9105682975783,3300.0,3300.0,22,19,0.02996,0.03015375,WARN,期限未夹住30日,HIST_CLEAN_SURFACE
2023-12-21 00:00:00,2023-12-21,17.8983,0.03203478248837104,2024-01-19,2024-02-19,29,60,0.03218588834733495,0.02984374753339444,3347.9751899388184,3353.478984725684,3300.0,3350.0,22,19,0.02996,0.0301475,OK,正常双期限插值,HIST_CLEAN_SURFACE
2023-12-22 00:00:00,2023-12-22,17.2702,0.02982594462096745,2024-01-19,2024-02-19,28,59,0.029998339973531678,0.028639630838915273,3352.7111655453273,3360.248311050138,3350.0,3350.0,22,19,0.02996,0.03014125,OK,正常双期限插值,HIST_CLEAN_SURFACE
2023-12-25 00:00:00,2023-12-25,17.1287,0.02933917422228636,2024-01-19,2024-02-19,25,56,0.030020358222785603,0.0277578542211274,3358.6665013435772,3366.275042126106,3350.0,3350.0,22,19,0.02996,0.0301225,OK,正常双期限插值,HIST_CLEAN_SURFACE
2023-12-26 00:00:00,2023-12-26,17.5335,0.030742442909011156,2024-01-19,2024-02-19,24,55,0.03179653849818902,0.02882590547414232,3337.338638115164,3345.414550846563,3300.0,3300.0,22,19,0.02996,0.03011625,OK,正常双期限插值,HIST_CLEAN_SURFACE
2023-12-27 00:00:00,2023-12-27,17.7656,0.03156162601058062,2024-01-19,2024-02-19,23,54,0.03275193451708464,0.029823397715368412,3343.312742364069,3356.1610796814653,3300.0,3350.0,22,19,0.02996,0.03011,OK,正常双期限插值,HIST_CLEAN_SURFACE
2023-12-28 00:00:00,2023-12-28,17.2179,0.029645582535295388,2024-01-19,2024-02-19,22,53,0.03136214889221673,0.027597038722554344,3433.3571181896796,3438.559964242927,3400.0,3400.0,22,19,0.02996,0.030103750000000002,OK,正常双期限插值,HIST_CLEAN_SURFACE
2023-12-29 00:00:00,2023-12-29,16.5753,0.02747389460901147,2024-01-19,2024-02-19,21,52,0.02867848017707783,0.026284752445663903,3440.183092917528,3451.885179329235,3400.0,3450.0,22,19,0.02996,0.0300975,OK,正常双期限插值,HIST_CLEAN_SURFACE
2024-01-02 00:00:00,2024-01-02,17.0081,0.02892753513201045,2024-01-19,2024-02-19,17,48,0.030827495167379614,0.027995823960819795,3391.117893368735,3401.425121796402,3350.0,3400.0,22,19,0.02996,0.030072500000000002,OK,正常双期限插值,HIST_CLEAN_SURFACE
2024-01-03 00:00:00,2024-01-03,16.878,0.028486785836581322,2024-01-19,2024-02-19,16,47,0.03154785405794912,0.027221420249632932,3383.7787103189203,3393.1546906886592,3350.0,3350.0,22,19,0.02996,0.03006625,OK,正常双期限插值,HIST_CLEAN_SURFACE
2024-01-04 00:00:00,2024-01-04,17.2274,0.029678391669300995,2024-01-19,2024-02-19,15,46,0.033922703626787974,0.028202109249305527,3351.9999089281264,3360.0489363714323,3350.0,3350.0,22,19,0.02996,0.03006,OK,正常双期限插值,HIST_CLEAN_SURFACE
2024-01-05 00:00:00,2024-01-05,17.3945,0.030256816929444173,2024-01-19,2024-02-19,14,45,0.034523581506037675,0.029012343927937733,3333.8639077393304,3339.1342878886167,3300.0,3300.0,22,19,0.02996,0.03005375,OK,正常双期限插值,HIST_CLEAN_SURFACE
2024-01-08 00:00:00,2024-01-08,20.6354,0.042581824440332317,2024-01-19,2024-02-19,11,42,0.05806895510636026,0.04002004342790663,3282.176875779404,3285.7784926769245,3250.0,3250.0,22,19,0.02996,0.030035,OK,正常双期限插值,HIST_CLEAN_SURFACE
2024-01-09 00:00:00,2024-01-09,18.809,0.03537789014825943,2024-01-19,2024-02-19,10,41,0.04384398170551348,0.03424219493935949,3291.9983927535577,3293.8406918060814,3250.0,3250.0,22,19,0.02996,0.03002875,OK,正常双期限插值,HIST_CLEAN_SURFACE
2024-01-10 00:00:00,2024-01-10,19.0355,0.036235187196581004,2024-01-19,2024-02-19,9,40,0.047331105393642284,0.035046338818324446,3279.1450392018764,3285.062231498291,3250.0,3250.0,22,19,0.02996,0.0300225,OK,正常双期限插值,HIST_CLEAN_SURFACE
2024-01-11 00:00:00,2024-01-11,18.7535,0.03516919039769579,2024-01-19,2024-02-19,8,39,0.043691796409035505,0.03445400667646448,3299.1666308424046,3306.93376125304,3250.0,3300.0,23,20,0.02996,0.03001625,OK,正常双期限插值,HIST_CLEAN_SURFACE
2024-01-12 00:00:00,2024-01-12,18.5878,0.03455047749842499,2024-01-19,2024-02-19,7,38,0.039393858095963304,0.034240146476157085,3285.904863536253,3292.096149369711,3250.0,3250.0,22,20,0.02996,0.030010000000000002,OK,正常双期限插值,HIST_CLEAN_SURFACE
2024-01-15 00:00:00,2024-01-15,16.9307,0.028664970207420922,2024-02-19,2024-03-15,35,60,0.031026510721693545,0.03693036200737511,3284.4107679121826,3291.1993819806426,3250.0,3250.0,20,26,0.02999125,0.0301475,WARN,期限未夹住30日,HIST_CLEAN_SURFACE
2024-01-16 00:00:00,2024-01-16,17.1181,0.029302987341063368,2024-02-19,2024-03-15,34,59,0.031399787589388904,0.03806334770059295,3303.7171326889656,3306.8854063501376,3300.0,3300.0,20,26,0.029985,0.03014125,WARN,期限未夹住30日,HIST_CLEAN_SURFACE
2024-01-17 00:00:00,2024-01-17,20.1674,0.040672371487780384,2024-02-19,2024-03-15,33,58,0.040994020320191116,0.042380437701271874,3221.16631272046,3226.8505557126623,3200.0,3200.0,20,26,0.029978750000000002,0.030135000000000002,WARN,期限未夹住30日,HIST_CLEAN_SURFACE
2024-01-18 00:00:00,2024-01-18,20.5276,0.042138238179314655,2024-02-19,2024-03-15,32,57,0.042893257097863055,0.047860486825155174,3244.0173336267803,3244.6730312562704,3200.0,3200.0,20,26,0.0299725,0.03012875,WARN,期限未夹住30日,HIST_CLEAN_SURFACE
2024-01-19 00:00:00,2024-01-19,18.9067,0.03574646915728517,2024-02-19,2024-03-15,31,56,0.03617349121058029,0.04189253656721146,3246.478639603541,3245.9507860256467,3200.0,3200.0,20,26,0.02996625,0.0301225,WARN,期限未夹住30日,HIST_CLEAN_SURFACE
2024-01-22 00:00:00,2024-01-22,22.359,0.0499924895508968,2024-02-19,2024-03-15,28,53,0.049273027530803246,0.05436356069184249,3179.078242518882,3171.246238845329,3150.0,3150.0,20,26,0.02996,0.030103750000000002,OK,正常双期限插值,HIST_CLEAN_SURFACE
2024-01-23 00:00:00,2024-01-23,20.9017,0.04368804813238654,2024-02-19,2024-03-15,27,52,0.042147026715481456,0.04955578352752511,3215.211961244217,3215.6315320050953,3200.0,3200.0,21,27,0.02996,0.0300975,OK,正常双期限插值,HIST_CLEAN_SURFACE
2024-01-24 00:00:00,2024-01-24,19.6369,0.03856092434351965,2024-02-19,2024-03-15,26,51,0.03562740408943036,0.04641240502358213,3263.9098747238345,3261.7097537757895,3250.0,3250.0,21,27,0.02996,0.03009125,OK,正常双期限插值,HIST_CLEAN_SURFACE
2024-01-25 00:00:00,2024-01-25,18.4693,0.03411138850530577,2024-02-19,2024-03-15,25,50,0.030128003995589757,0.042078157524737786,3335.979951884132,3335.8236504740285,3300.0,3300.0,21,27,0.02996,0.030085,OK,正常双期限插值,HIST_CLEAN_SURFACE
2024-01-26 00:00:00,2024-01-26,18.0508,0.032583215609254465,2024-02-19,2024-03-15,24,49,0.027860501132604455,0.03990824214446671,3330.7173134933646,3330.5057814701336,3300.0,3300.0,21,27,0.02996,0.03007875,OK,正常双期限插值,HIST_CLEAN_SURFACE
2024-01-29 00:00:00,2024-01-29,19.6213,0.038499695148477585,2024-02-19,2024-03-15,21,46,0.031404399895385814,0.044258195643740464,3296.1784515759564,3300.6242387128614,3250.0,3300.0,21,27,0.02996,0.03006,OK,正常双期限插值,HIST_CLEAN_SURFACE
2024-01-30 00:00:00,2024-01-30,20.7214,0.04293751889299987,2024-02-19,2024-03-15,20,45,0.036093467606581726,0.047500219750611965,3241.1225546932706,3239.3655714448937,3200.0,3200.0,21,27,0.02996,0.03005375,OK,正常双期限插值,HIST_CLEAN_SURFACE
2024-01-31 00:00:00,2024-01-31,22.4863,0.05056319272550887,2024-02-19,2024-03-15,19,44,0.042850469801542855,0.05480200325810176,3212.5930827279262,3211.212174596875,3200.0,3200.0,21,27,0.02996,0.0300475,OK,正常双期限插值,HIST_CLEAN_SURFACE
2024-02-01 00:00:00,2024-02-01,22.3724,0.0500526127564309,2024-02-19,2024-03-15,18,43,0.03955452527648184,0.05481337335780315,3214.615961721713,3212.6641559352074,3200.0,3200.0,21,27,0.02996,0.030041250000000002,OK,正常双期限插值,HIST_CLEAN_SURFACE
2024-02-02 00:00:00,2024-02-02,23.9888,0.05754627377287279,2024-02-19,2024-03-15,17,42,0.04733349669031025,0.061362036638885155,3167.1389204395327,3159.9166962383338,3150.0,3150.0,21,27,0.02996,0.030035,OK,正常双期限插值,HIST_CLEAN_SURFACE
2024-02-05 00:00:00,2024-02-05,27.2494,0.07425287418468451,2024-02-19,2024-03-15,14,39,0.05813842710873102,0.0775067529211751,3171.8249590423275,3140.3317141038774,3150.0,3100.0,21,27,0.02996,0.03001625,OK,正常双期限插值,HIST_CLEAN_SURFACE
2024-02-06 00:00:00,2024-02-06,22.7925,0.051949607955506745,2024-02-19,2024-03-15,13,38,0.029910766860762272,0.05549765667664208,3301.1775855107444,3278.5059147272177,3300.0,3250.0,21,27,0.02996,0.030010000000000002,OK,正常双期限插值,HIST_CLEAN_SURFACE
2024-02-07 00:00:00,2024-02-07,22.363,0.05001050839841982,2024-02-19,2024-03-15,12,37,0.020093507316061958,0.053783823850248734,3336.5284513441193,3320.8841270388757,3300.0,3300.0,21,27,0.02996,0.03000375,OK,正常双期限插值,HIST_CLEAN_SURFACE
2024-02-08 00:00:00,2024-02-08,21.7023,0.0470990181576412,2024-02-19,2024-03-15,11,36,0.020620409143932598,0.04965397165896395,3362.1658548120618,3354.884035476356,3350.0,3350.0,21,27,0.02996,0.0299975,OK,正常双期限插值,HIST_CLEAN_SURFACE
2024-02-19 00:00:00,2024-02-19,21.5968,0.04664235309753397,2024-03-15,2024-04-19,25,60,0.048385861142538504,0.042283582985022626,3377.1839487988827,3383.909153787013,3350.0,3350.0,27,19,0.02996,0.0301475,OK,正常双期限插值,HIST_CLEAN_SURFACE
2024-02-20 00:00:00,2024-02-20,19.6281,0.03852634349293989,2024-03-15,2024-04-19,24,59,0.039532123684343515,0.03654887735390903,3386.872566445267,3386.819042915527,3350.0,3350.0,27,19,0.02996,0.03014125,OK,正常双期限插值,HIST_CLEAN_SURFACE
2024-02-21 00:00:00,2024-02-21,19.0779,0.03639670604585915,2024-03-15,2024-04-19,23,58,0.037494463741267935,0.034655435218659,3454.8995987590906,3463.185274911731,3450.0,3450.0,27,20,0.02996,0.030135000000000002,OK,正常双期限插值,HIST_CLEAN_SURFACE
2024-02-22 00:00:00,2024-02-22,19.9009,0.03960460293457441,2024-03-15,2024-04-19,22,57,0.04184318298859155,0.036688557864209964,3484.595689673444,3482.5511355086296,3450.0,3450.0,28,21,0.02996,0.03012875,OK,正常双期限插值,HIST_CLEAN_SURFACE
2024-02-23 00:00:00,2024-02-23,20.1179,0.040472897385273876,2024-03-15,2024-04-19,21,56,0.042556221946139325,0.038215962444336296,3486.746077790316,3487.6004334106856,3450.0,3450.0,28,21,0.02996,0.0301225,OK,正常双期限插值,HIST_CLEAN_SURFACE
2024-02-26 00:00:00,2024-02-26,20.2635,0.04106101498632373,2024-03-15,2024-04-19,18,53,0.04536690979530073,0.038258121195574556,3446.816685372208,3448.228441967274,3400.0,3400.0,28,21,0.02996,0.030103750000000002,OK,正常双期限插值,HIST_CLEAN_SURFACE
2024-02-27 00:00:00,2024-02-27,20.2638,0.04106220350740109,2024-03-15,2024-04-19,17,52,0.04524114663992316,0.03875018467372764,3497.069260179078,3493.198768007997,3450.0,3450.0,28,21,0.02996,0.0300975,OK,正常双期限插值,HIST_CLEAN_SURFACE
2024-02-28 00:00:00,2024-02-28,20.0718,0.0402875812847154,2024-03-15,2024-04-19,16,51,0.045492102370089466,0.03783839489159818,3457.6560883500683,3461.0131775203995,3450.0,3450.0,28,21,0.02996,0.03009125,OK,正常双期限插值,HIST_CLEAN_SURFACE
2024-02-29 00:00:00,2024-02-29,19.9734,0.0398936464996172,2024-03-15,2024-04-19,15,50,0.04330849599363321,0.03852770670201079,3518.2935364223213,3515.1453171857834,3500.0,3500.0,28,21,0.02996,0.030085,OK,正常双期限插值,HIST_CLEAN_SURFACE
2024-03-01 00:00:00,2024-03-01,19.9305,0.039722510331138425,2024-03-15,2024-04-19,14,49,0.042909802544659266,0.03864110761583671,3541.4476021841583,3541.1659225574017,3500.0,3500.0,27,22,0.02996,0.03007875,OK,正常双期限插值,HIST_CLEAN_SURFACE
2024-03-04 00:00:00,2024-03-04,20.2247,0.040904033252149294,2024-03-15,2024-04-19,11,46,0.04883580007385156,0.03930678959011313,3530.537310157595,3532.0960811277173,3500.0,3500.0,28,22,0.02996,0.03006,OK,正常双期限插值,HIST_CLEAN_SURFACE
2024-03-05 00:00:00,2024-03-05,19.1174,0.03654762209826142,2024-03-15,2024-04-19,10,45,0.04121339729456922,0.035769992898876786,3548.2216503286268,3546.417984554123,3500.0,3500.0,28,21,0.02996,0.03005375,OK,正常双期限插值,HIST_CLEAN_SURFACE
2024-03-06 00:00:00,2024-03-06,18.2239,0.033211166560199665,2024-03-15,2024-04-19,9,44,0.03831526997441192,0.03251515245826163,3545.2261835267195,3544.0748138224994,3500.0,3500.0,29,23,0.02996,0.0300475,OK,正常双期限插值,HIST_CLEAN_SURFACE
2024-03-07 00:00:00,2024-03-07,17.4906,0.030592086928061115,2024-03-15,2024-04-19,8,43,0.035060710888859314,0.030100821714611835,3524.2158963309803,3518.7620420631574,3500.0,3500.0,28,23,0.02996,0.030041250000000002,OK,正常双期限插值,HIST_CLEAN_SURFACE
2024-03-08 00:00:00,2024-03-08,17.0476,0.029062009981404402,2024-03-15,2024-04-19,7,42,0.03205343665308718,0.028801885922997206,3539.8754826227378,3535.792358065597,3500.0,3500.0,29,23,0.02996,0.030035,OK,正常双期限插值,HIST_CLEAN_SURFACE
2024-03-11 00:00:00,2024-03-11,17.0148,0.028950419580966225,2024-04-19,2024-05-17,39,67,0.02875864075375179,0.028491486168577447,3580.4721317772614,3572.2808246124378,3550.0,3550.0,23,18,0.03001625,0.03019125,WARN,期限未夹住30日,HIST_CLEAN_SURFACE
2024-03-12 00:00:00,2024-03-12,17.0935,0.029218670760958586,2024-04-19,2024-05-17,38,66,0.0290940711617871,0.028895844526741557,3594.349916400492,3588.996350186285,3550.0,3550.0,23,18,0.030010000000000002,0.030185,WARN,期限未夹住30日,HIST_CLEAN_SURFACE
2024-03-13 00:00:00,2024-03-13,17.2022,0.029591688956230947,2024-04-19,2024-05-17,37,65,0.029397623531837426,0.029039348902187866,3573.4712788805978,3579.618815116395,3550.0,3550.0,24,18,0.03000375,0.03017875,WARN,期限未夹住30日,HIST_CLEAN_SURFACE
2024-03-14 00:00:00,2024-03-14,16.5538,0.02740285840076273,2024-04-19,2024-05-17,36,64,0.028261887550274804,0.03014101381483247,3563.9509433530334,3564.574157149704,3550.0,3550.0,23,19,0.0299975,0.0301725,WARN,期限未夹住30日,HIST_CLEAN_SURFACE
2024-03-15 00:00:00,2024-03-15,16.1147,0.02596842588318638,2024-04-19,2024-05-17,35,63,0.026744500421653744,0.02881403252423337,3575.85543423664,3571.2718206641266,3550.0,3550.0,24,19,0.02999125,0.030166250000000002,WARN,期限未夹住30日,HIST_CLEAN_SURFACE
2024-03-18 00:00:00,2024-03-18,16.1164,0.02597389240347911,2024-04-19,2024-05-17,32,60,0.026229579686781544,0.028019390669898593,3607.839682352728,3602.874522960361,3600.0,3600.0,24,19,0.0299725,0.0301475,WARN,期限未夹住30日,HIST_CLEAN_SURFACE
2024-03-19 00:00:00,2024-03-19,16.1809,0.026182015056163983,2024-04-19,2024-05-17,31,59,0.026246539569904425,0.02716519366383622,3582.139280552528,3581.0225192434846,3550.0,3550.0,24,19,0.02996625,0.03014125,WARN,期限未夹住30日,HIST_CLEAN_SURFACE
2024-03-20 00:00:00,2024-03-20,16.1196,0.02598414134768041,2024-04-19,2024-05-17,30,58,0.02598414134768041,0.026863579733110283,3587.1684415985615,3584.3232807839167,3550.0,3550.0,24,18,0.02996,0.030135000000000002,WARN,期限未夹住30日,HIST_CLEAN_SURFACE
2024-03-21 00:00:00,2024-03-21,16.2217,0.02631424077713278,2024-04-19,2024-05-17,29,57,0.02632939373535072,0.026106086982665262,3585.9666349350655,3583.5150788672245,3550.0,3550.0,24,19,0.02996,0.03012875,OK,正常双期限插值,HIST_CLEAN_SURFACE
2024-03-22 00:00:00,2024-03-22,16.9202,0.028629457826788038,2024-04-19,2024-05-17,28,56,0.028673927284228,0.02834040635342826,3541.850277842666,3540.513678882912,3500.0,3500.0,24,19,0.02996,0.0301225,OK,正常双期限插值,HIST_CLEAN_SURFACE
2024-03-25 00:00:00,2024-03-25,16.9224,0.02863671427570095,2024-04-19,2024-05-17,25,53,0.028781804702934382,0.028321895424156716,3530.1108061264276,3528.1192658821255,3500.0,3500.0,24,19,0.02996,0.030103750000000002,OK,正常双期限插值,HIST_CLEAN_SURFACE
2024-03-26 00:00:00,2024-03-26,16.3143,0.026615558348907078,2024-04-19,2024-05-17,24,52,0.026515583964769295,0.026784745768217176,3546.259537354813,3542.4542499867284,3500.0,3500.0,24,19,0.02996,0.0300975,OK,正常双期限插值,HIST_CLEAN_SURFACE
2024-03-27 00:00:00,2024-03-27,16.9801,0.02883247027768254,2024-04-19,2024-05-17,23,51,0.02954557046448775,0.027867687672004895,3508.4189897451497,3510.376618732996,3500.0,3500.0,24,19,0.02996,0.03009125,OK,正常双期限插值,HIST_CLEAN_SURFACE
2024-03-28 00:00:00,2024-03-28,16.2395,0.026372141478162,2024-04-19,2024-05-17,22,50,0.02713951700474842,0.025528028398916942,3525.0627762710087,3521.132932696022,3500.0,3500.0,24,19,0.02996,0.030085,OK,正常双期限插值,HIST_CLEAN_SURFACE
2024-03-29 00:00:00,2024-03-29,15.7935,0.024943597022487468,2024-04-19,2024-05-17,21,49,0.025021147490138163,0.024873432313660643,3539.884949554064,3532.181824013313,3500.0,3500.0,23,18,0.02996,0.03007875,OK,正常双期限插值,HIST_CLEAN_SURFACE
2024-04-01 00:00:00,2024-04-01,15.4391,0.023836491957131813,2024-04-19,2024-05-17,18,46,0.025014871382478886,0.023221685300428986,3601.1477034815994,3596.787854180618,3600.0,3550.0,23,19,0.02996,0.03006,OK,正常双期限插值,HIST_CLEAN_SURFACE
2024-04-02 00:00:00,2024-04-02,15.5814,0.024277956765209573,2024-04-19,2024-05-17,17,45,0.025481320938122658,0.023753413407785924,3589.655296302689,3584.72318361577,3550.0,3550.0,24,19,0.02996,0.03005375,OK,正常双期限插值,HIST_CLEAN_SURFACE
2024-04-03 00:00:00,2024-04-03,15.3762,0.0236426024346415,2024-04-19,2024-05-17,16,44,0.024255833838142265,0.023419609197004854,3574.5422887445447,3572.2805578581397,3550.0,3550.0,24,19,0.02996,0.0300475,OK,正常双期限插值,HIST_CLEAN_SURFACE
2024-04-08 00:00:00,2024-04-08,16.083,0.02586626829947868,2024-04-19,2024-05-17,11,39,0.031143227994768655,0.025161249392820502,3539.6544048950145,3534.53994206063,3500.0,3500.0,24,19,0.02996,0.03001625,OK,正常双期限插值,HIST_CLEAN_SURFACE
2024-04-09 00:00:00,2024-04-09,15.9079,0.025306273444047074,2024-04-19,2024-05-17,10,38,0.030955853613913103,0.024711580794587486,3535.303002544089,3530.8330939708003,3500.0,3500.0,24,19,0.02996,0.030010000000000002,OK,正常双期限插值,HIST_CLEAN_SURFACE
2024-04-10 00:00:00,2024-04-10,15.3323,0.023508009389351922,2024-04-19,2024-05-17,9,37,0.03017992186489503,0.022967043512956534,3506.702876512032,3502.49609133813,3500.0,3500.0,24,19,0.02996,0.03000375,OK,正常双期限插值,HIST_CLEAN_SURFACE
2024-04-11 00:00:00,2024-04-11,14.9137,0.022241855857860957,2024-04-19,2024-05-17,8,36,0.028624595002315064,0.021855023182439495,3505.528585202921,3500.817278440637,3500.0,3500.0,24,19,0.02996,0.0299975,OK,正常双期限插值,HIST_CLEAN_SURFACE
2024-04-12 00:00:00,2024-04-12,15.2542,0.0232690996643664,2024-04-19,2024-05-17,7,35,0.029630978675590173,0.0229924962290958,3474.7020657505445,3471.3006866210026,3450.0,3450.0,24,19,0.02996,0.02999125,OK,正常双期限插值,HIST_CLEAN_SURFACE
2024-04-15 00:00:00,2024-04-15,15.812,0.025001865654465022,2024-05-17,2024-06-21,32,67,0.025341451623775588,0.028002386457925542,3541.023824372127,3521.3873792294107,3500.0,3500.0,19,25,0.0299725,0.03019125,WARN,期限未夹住30日,HIST_CLEAN_SURFACE
2024-04-16 00:00:00,2024-04-16,17.2556,0.029775641131760833,2024-05-17,2024-06-21,31,66,0.029845538547841523,0.030957542894579717,3508.0339530408373,3490.1608201536583,3500.0,3450.0,19,25,0.02996625,0.030185,WARN,期限未夹住30日,HIST_CLEAN_SURFACE
2024-04-17 00:00:00,2024-04-17,16.1438,0.026062268148955937,2024-05-17,2024-06-21,30,65,0.026062268148955934,0.02877852791791327,3566.3560065384077,3549.4651272572,3550.0,3500.0,19,25,0.02996,0.03017875,WARN,期限未夹住30日,HIST_CLEAN_SURFACE
2024-04-18 00:00:00,2024-04-18,16.1962,0.02623159260087656,2024-05-17,2024-06-21,29,64,0.02607632517668796,0.028623681354782052,3573.0293564343137,3561.655269269128,3550.0,3550.0,19,25,0.02996,0.0301725,OK,正常双期限插值,HIST_CLEAN_SURFACE
2024-04-19 00:00:00,2024-04-19,16.6885,0.027850654201363418,2024-05-17,2024-06-21,28,63,0.027552202984438594,0.030039296458812113,3541.2947989129448,3530.457688950022,3500.0,3500.0,19,25,0.02996,0.030166250000000002,OK,正常双期限插值,HIST_CLEAN_SURFACE
2024-04-22 00:00:00,2024-04-22,16.5628,0.02743264171684209,2024-05-17,2024-06-21,25,60,0.026680572554045278,0.029312814623834126,3534.56024661775,3520.4270748127537,3500.0,3500.0,19,25,0.02996,0.0301475,OK,正常双期限插值,HIST_CLEAN_SURFACE
2024-04-23 00:00:00,2024-04-23,16.3925,0.026871430315069385,2024-05-17,2024-06-21,24,59,0.02614045629422099,0.028308599576398426,3510.544454252979,3500.516480488576,3500.0,3500.0,19,25,0.02996,0.03014125,OK,正常双期限插值,HIST_CLEAN_SURFACE
2024-04-24 00:00:00,2024-04-24,16.2055,0.026261749779352143,2024-05-17,2024-06-21,23,58,0.025357984667513354,0.02769530823261366,3524.6338710287814,3512.5164641363563,3500.0,3500.0,19,25,0.02996,0.030135000000000002,OK,正常双期限插值,HIST_CLEAN_SURFACE
2024-04-25 00:00:00,2024-04-25,15.3591,0.023590141940617357,2024-05-17,2024-06-21,22,57,0.022188423386605385,0.02541606479386979,3533.29673966375,3521.867948535254,3500.0,3500.0,19,25,0.02996,0.03012875,OK,正常双期限插值,HIST_CLEAN_SURFACE
2024-04-26 00:00:00,2024-04-26,15.3495,0.023560813232955214,2024-05-17,2024-06-21,21,56,0.022325559633650557,0.024899004632201915,3588.8947620376784,3577.9724669437023,3550.0,3550.0,19,25,0.02996,0.0301225,OK,正常双期限插值,HIST_CLEAN_SURFACE
2024-04-29 00:00:00,2024-04-29,17.0994,0.029238993553337353,2024-05-17,2024-06-21,18,53,0.028152219594024606,0.029946421885342824,3634.228380071157,3625.7364236827734,3600.0,3600.0,19,25,0.02996,0.030103750000000002,OK,正常双期限插值,HIST_CLEAN_SURFACE
2024-04-30 00:00:00,2024-04-30,16.0852,0.02587321480961404,2024-05-17,2024-06-21,17,52,0.024241157005822217,0.026776158032421934,3611.546379342848,3605.8067271124396,3600.0,3600.0,18,25,0.02996,0.0300975,OK,正常双期限插值,HIST_CLEAN_SURFACE
2024-05-06 00:00:00,2024-05-06,17.0657,0.02912392242662182,2024-05-17,2024-06-21,11,46,0.02975321068396329,0.028997200763816216,3657.863757932356,3651.772121440001,3650.0,3650.0,18,25,0.02996,0.03006,OK,正常双期限插值,HIST_CLEAN_SURFACE
2024-05-07 00:00:00,2024-05-07,16.9217,0.028634292891191553,2024-05-17,2024-06-21,10,45,0.028810704898775793,0.028604890889927504,3659.7669894128508,3649.2927222165436,3650.0,3600.0,20,26,0.02996,0.03005375,OK,正常双期限插值,HIST_CLEAN_SURFACE
2024-05-08 00:00:00,2024-05-08,16.4419,0.027033458854235626,2024-05-17,2024-06-21,9,44,0.026634970178940127,0.027087798219048647,3627.7464277928666,3617.526871210688,3600.0,3600.0,20,26,0.02996,0.0300475,OK,正常双期限插值,HIST_CLEAN_SURFACE
2024-05-09 00:00:00,2024-05-09,16.4265,0.02698302118087952,2024-05-17,2024-06-21,8,43,0.025851468757726412,0.027107420178773732,3664.6167382176764,3654.4155996552563,3650.0,3650.0,19,24,0.02996,0.030041250000000002,OK,正常双期限插值,HIST_CLEAN_SURFACE
2024-05-10 00:00:00,2024-05-10,16.271,0.026474606845308883,2024-05-17,2024-06-21,7,42,0.024218289956837318,0.026670808313871627,3664.4688873826403,3651.4188851675726,3650.0,3650.0,19,25,0.02996,0.030035,OK,正常双期限插值,HIST_CLEAN_SURFACE
2024-05-13 00:00:00,2024-05-13,16.1894,0.026209554231504163,2024-06-21,2024-07-19,39,67,0.026207842446956984,0.026205457871468375,3651.043236618614,3626.619732639885,3650.0,3600.0,26,18,0.03001625,0.03019125,WARN,期限未夹住30日,HIST_CLEAN_SURFACE
2024-05-14 00:00:00,2024-05-14,16.1695,0.026145291893828613,2024-06-21,2024-07-19,38,66,0.026090533186090704,0.02600341706014404,3642.005090321757,3623.212512106368,3600.0,3600.0,25,18,0.030010000000000002,0.030185,WARN,期限未夹住30日,HIST_CLEAN_SURFACE
2024-05-15 00:00:00,2024-05-15,15.8772,0.025208600269243438,2024-06-21,2024-07-19,37,65,0.02548009885691354,0.02598132701876604,3616.231375554089,3598.5595738269244,3600.0,3550.0,26,19,0.03000375,0.03017875,WARN,期限未夹住30日,HIST_CLEAN_SURFACE
2024-05-16 00:00:00,2024-05-16,15.7945,0.024946745262755667,2024-06-21,2024-07-19,36,64,0.024956952329553053,0.024979280288172347,3627.4301378699215,3607.158943922349,3600.0,3600.0,26,18,0.0299975,0.0301725,WARN,期限未夹住30日,HIST_CLEAN_SURFACE
2024-05-17 00:00:00,2024-05-17,15.5792,0.0242712255412597,2024-06-21,2024-07-19,35,63,0.02441407007083605,0.02479498881637298,3674.372221304409,3648.6597742023023,3650.0,3600.0,26,19,0.02999125,0.030166250000000002,WARN,期限未夹住30日,HIST_CLEAN_SURFACE
2024-05-20 00:00:00,2024-05-20,15.3148,0.02345434472259209,2024-06-21,2024-07-19,32,60,0.023484205686354648,0.023693232432692574,3675.812188180806,3651.038821815987,3650.0,3650.0,26,19,0.0299725,0.0301475,WARN,期限未夹住30日,HIST_CLEAN_SURFACE
2024-05-21 00:00:00,2024-05-21,15.1704,0.023014121204921488,2024-06-21,2024-07-19,31,59,0.023039869670182386,0.02340645798915113,3662.562662410348,3632.113124955255,3650.0,3600.0,26,20,0.02996625,0.03014125,WARN,期限未夹住30日,HIST_CLEAN_SURFACE
2024-05-22 00:00:00,2024-05-22,15.2825,0.023355543376282442,2024-06-21,2024-07-19,30,58,0.023355543376282442,0.02346690800772845,3669.3978854395627,3642.0454307421774,3650.0,3600.0,26,19,0.02996,0.030135000000000002,WARN,期限未夹住30日,HIST_CLEAN_SURFACE
2024-05-23 00:00:00,2024-05-23,15.2983,0.02340389013077398,2024-06-21,2024-07-19,29,57,0.023424301396391838,0.0231235037978128,3629.2798196916797,3598.8143518176967,3600.0,3550.0,26,20,0.02996,0.03012875,OK,正常双期限插值,HIST_CLEAN_SURFACE
2024-05-24 00:00:00,2024-05-24,16.2307,0.02634340370892783,2024-06-21,2024-07-19,28,56,0.02652645462319337,0.0251535727662018,3592.3138046044364,3563.029533935758,3550.0,3550.0,26,20,0.02996,0.0301225,OK,正常双期限插值,HIST_CLEAN_SURFACE
2024-05-27 00:00:00,2024-05-27,15.7102,0.02468089941774048,2024-06-21,2024-07-19,25,53,0.024666534587861177,0.024712068388233314,3619.709650891578,3588.7320006883792,3600.0,3550.0,25,20,0.02996,0.030103750000000002,OK,正常双期限插值,HIST_CLEAN_SURFACE
2024-05-28 00:00:00,2024-05-28,15.205,0.023119151160349363,2024-06-21,2024-07-19,24,52,0.022992599974266673,0.02333331470602776,3595.2891305251655,3566.8679442273356,3550.0,3550.0,26,19,0.02996,0.0300975,OK,正常双期限插值,HIST_CLEAN_SURFACE
2024-05-29 00:00:00,2024-05-29,15.096,0.022788832389761458,2024-06-21,2024-07-19,23,51,0.02224043413037333,0.023530782975992454,3599.7350424236147,3573.478560731053,3550.0,3550.0,25,20,0.02996,0.03009125,OK,正常双期限插值,HIST_CLEAN_SURFACE
2024-05-30 00:00:00,2024-05-30,15.2839,0.023359848290458486,2024-06-21,2024-07-19,22,50,0.023017530550362868,0.02373639780456367,3586.970444703961,3556.4718753512147,3550.0,3550.0,26,20,0.02996,0.030085,OK,正常双期限插值,HIST_CLEAN_SURFACE
2024-05-31 00:00:00,2024-05-31,15.3183,0.02346488077935723,2024-06-21,2024-07-19,21,49,0.022833703269527564,0.024035946145393592,3573.8132362646397,3544.408178386852,3550.0,3500.0,25,20,0.02996,0.03007875,OK,正常双期限插值,HIST_CLEAN_SURFACE
2024-06-03 00:00:00,2024-06-03,15.2177,0.023157984852586688,2024-06-21,2024-07-19,18,46,0.022314868080891656,0.02359787186390584,3574.452807508202,3545.515818451149,3550.0,3500.0,26,20,0.02996,0.03006,OK,正常双期限插值,HIST_CLEAN_SURFACE
2024-06-04 00:00:00,2024-06-04,14.8394,0.022020695612346156,2024-06-21,2024-07-19,17,45,0.020918757121351963,0.022501027775087213,3599.879797741855,3573.1307867933388,3550.0,3550.0,21,20,0.02996,0.03005375,OK,正常双期限插值,HIST_CLEAN_SURFACE
2024-06-05 00:00:00,2024-06-05,14.9066,0.022220574115666865,2024-06-21,2024-07-19,16,44,0.021538180947841,0.02246871708578536,3584.9688216195414,3558.9720065484807,3550.0,3550.0,24,20,0.02996,0.0300475,OK,正常双期限插值,HIST_CLEAN_SURFACE
2024-06-06 00:00:00,2024-06-06,15.4355,0.023825390549059442,2024-06-21,2024-07-19,15,43,0.02427809338075608,0.023688526902267432,3585.8769344861266,3555.2001957464554,3550.0,3550.0,25,20,0.02996,0.030041250000000002,OK,正常双期限插值,HIST_CLEAN_SURFACE
2024-06-07 00:00:00,2024-06-07,15.8611,0.025157430468445045,2024-06-21,2024-07-19,14,42,0.023962660777305012,0.025456122891230053,3561.1553873249914,3533.9849485702016,3550.0,3500.0,25,20,0.02996,0.030035,OK,正常双期限插值,HIST_CLEAN_SURFACE
2024-06-11 00:00:00,2024-06-11,16.1401,0.0260502495351496,2024-06-21,2024-07-19,10,38,0.028145859450020193,0.025829659017794798,3537.348595453842,3511.570279571374,3500.0,3500.0,23,20,0.02996,0.030010000000000002,OK,正常双期限插值,HIST_CLEAN_SURFACE
2024-06-12 00:00:00,2024-06-12,15.5625,0.02421918237818729,2024-06-21,2024-07-19,9,37,0.027308087260783334,0.023968730630949772,3532.843420927872,3508.1701429612813,3500.0,3500.0,25,20,0.02996,0.03000375,OK,正常双期限插值,HIST_CLEAN_SURFACE
2024-06-13 00:00:00,2024-06-13,15.0745,0.022724015895139758,2024-06-21,2024-07-19,8,36,0.023345328056658655,0.02268636061262346,3516.778191810389,3489.2728805296006,3500.0,3450.0,25,20,0.02996,0.0299975,OK,正常双期限插值,HIST_CLEAN_SURFACE
2024-06-14 00:00:00,2024-06-14,14.8218,0.021968572925991817,2024-06-21,2024-07-19,7,35,0.023502443520993187,0.021901882900122193,3533.3724882287984,3506.6069782781165,3500.0,3500.0,26,20,0.02996,0.02999125,OK,正常双期限插值,HIST_CLEAN_SURFACE
2024-06-17 00:00:00,2024-06-17,14.9103,0.022231729543545978,2024-07-19,2024-08-16,32,60,0.022190092962307485,0.021898636893638062,3501.7421442105033,3496.488290491462,3500.0,3450.0,19,17,0.0299725,0.0301475,WARN,期限未夹住30日,HIST_CLEAN_SURFACE
2024-06-18 00:00:00,2024-06-18,14.4983,0.021020020072349658,2024-07-19,2024-08-16,31,59,0.021158824242113457,0.023135019201462482,3509.256977990677,3501.121769273041,3500.0,3500.0,20,18,0.02996625,0.03014125,WARN,期限未夹住30日,HIST_CLEAN_SURFACE
2024-06-19 00:00:00,2024-06-19,14.4409,0.020853948776674167,2024-07-19,2024-08-16,30,58,0.020853948776674167,0.022985668195266873,3499.320282439773,3498.8353808631773,3450.0,3450.0,20,18,0.02996,0.030135000000000002,WARN,期限未夹住30日,HIST_CLEAN_SURFACE
2024-06-20 00:00:00,2024-06-20,14.7222,0.021674207020637253,2024-07-19,2024-08-16,29,57,0.02159149679054546,0.02281038439189817,3477.549696569737,3476.4353314440223,3450.0,3450.0,19,17,0.02996,0.03012875,OK,正常双期限插值,HIST_CLEAN_SURFACE
2024-06-21 00:00:00,2024-06-21,14.6089,0.021342111917265934,2024-07-19,2024-08-16,28,56,0.021254815944360135,0.021909535741153605,3469.231670580849,3464.5884926653544,3450.0,3450.0,20,18,0.02996,0.0301225,OK,正常双期限插值,HIST_CLEAN_SURFACE
2024-06-24 00:00:00,2024-06-24,14.5251,0.021097755358176217,2024-07-19,2024-08-16,25,53,0.021072750928253395,0.02115201025329178,3451.7220436112057,3446.9418639365495,3450.0,3400.0,21,19,0.02996,0.030103750000000002,OK,正常双期限插值,HIST_CLEAN_SURFACE
2024-06-25 00:00:00,2024-06-25,15.2537,0.023267517413575037,2024-07-19,2024-08-16,24,52,0.02329029840293123,0.023228964970049178,3428.3899749926877,3421.8376999502307,3400.0,3400.0,20,19,0.02996,0.0300975,OK,正常双期限插值,HIST_CLEAN_SURFACE
2024-06-26 00:00:00,2024-06-26,14.7982,0.02189879857346159,2024-07-19,2024-08-16,23,51,0.021938419107848314,0.02184519432105602,3450.7439630877107,3442.2337607213635,3450.0,3400.0,21,19,0.02996,0.03009125,OK,正常双期限插值,HIST_CLEAN_SURFACE
2024-06-27 00:00:00,2024-06-27,14.7991,0.02190141749784334,2024-07-19,2024-08-16,22,50,0.02203762074992386,0.021751593920554764,3429.135256921696,3422.523109034091,3400.0,3400.0,21,18,0.02996,0.030085,OK,正常双期限插值,HIST_CLEAN_SURFACE
2024-06-28 00:00:00,2024-06-28,14.3346,0.020548011465475174,2024-07-19,2024-08-16,21,49,0.020513517784973956,0.020579220033547698,3438.2687654291276,3434.00510308923,3400.0,3400.0,21,18,0.02996,0.03007875,OK,正常双期限插值,HIST_CLEAN_SURFACE
2024-07-01 00:00:00,2024-07-01,13.8959,0.019309568004000587,2024-07-19,2024-08-16,18,46,0.020243425364529118,0.018822338076768304,3450.2257221864706,3441.344458779078,3450.0,3400.0,17,18,0.02996,0.03006,OK,正常双期限插值,HIST_CLEAN_SURFACE
2024-07-02 00:00:00,2024-07-02,13.3682,0.01787079937481708,2024-07-19,2024-08-16,17,45,0.017971828557040888,0.017826761013334906,3446.9259923221584,3438.2957958358697,3400.0,3400.0,21,19,0.02996,0.03005375,OK,正常双期限插值,HIST_CLEAN_SURFACE
2024-07-03 00:00:00,2024-07-03,13.333,0.01777682693760165,2024-07-19,2024-08-16,16,44,0.017252649231402947,0.017967437012582996,3440.5219378360416,3433.058412285271,3400.0,3400.0,21,18,0.02996,0.0300475,OK,正常双期限插值,HIST_CLEAN_SURFACE
2024-07-04 00:00:00,2024-07-04,13.5698,0.01841399514413219,2024-07-19,2024-08-16,15,43,0.01857386799569701,0.018365661491333524,3422.2717836867723,3416.984991176485,3400.0,3400.0,21,18,0.02996,0.030041250000000002,OK,正常双期限插值,HIST_CLEAN_SURFACE
2024-07-05 00:00:00,2024-07-05,14.0032,0.01960893145356602,2024-07-19,2024-08-16,14,42,0.019482180494447048,0.01964061919334576,3404.347568608752,3394.4357911480856,3400.0,3350.0,19,18,0.02996,0.030035,OK,正常双期限插值,HIST_CLEAN_SURFACE
2024-07-08 00:00:00,2024-07-08,15.292,0.02338454262890524,2024-07-19,2024-08-16,11,39,0.025609146406440374,0.023087328359032124,3379.7471216500207,3370.144295795937,3350.0,3350.0,21,17,0.02996,0.03001625,OK,正常双期限插值,HIST_CLEAN_SURFACE
2024-07-09 00:00:00,2024-07-09,14.8647,0.022095971211674365,2024-07-19,2024-08-16,10,38,0.02368242675291846,0.0219289758915434,3419.4782541789104,3411.2278924686693,3400.0,3400.0,22,20,0.02996,0.030010000000000002,OK,正常双期限插值,HIST_CLEAN_SURFACE
2024-07-10 00:00:00,2024-07-10,14.7604,0.021786890412009034,2024-07-19,2024-08-16,9,37,0.024664177766874185,0.021553596842695644,3413.4469177411593,3406.251222599857,3400.0,3400.0,21,18,0.02996,0.03000375,OK,正常双期限插值,HIST_CLEAN_SURFACE
2024-07-11 00:00:00,2024-07-11,14.6242,0.021386681005947608,2024-07-19,2024-08-16,8,36,0.02363244126976565,0.02125057432329197,3455.372916096361,3448.848885027261,3450.0,3400.0,22,20,0.02996,0.0299975,OK,正常双期限插值,HIST_CLEAN_SURFACE
2024-07-12 00:00:00,2024-07-12,13.9005,0.019322421978704936,2024-07-19,2024-08-16,7,35,0.020187543787477197,0.019284807987019183,3464.5926415882204,3456.207851031055,3450.0,3450.0,21,20,0.02996,0.02999125,OK,正常双期限插值,HIST_CLEAN_SURFACE
2024-07-15 00:00:00,2024-07-15,13.4075,0.017976229429807627,2024-08-16,2024-09-20,32,67,0.018361731692725317,0.02138245837976693,3453.892031826547,3448.2176599674276,3450.0,3400.0,19,23,0.0299725,0.03019125,WARN,期限未夹住30日,HIST_CLEAN_SURFACE
2024-07-16 00:00:00,2024-07-16,12.9895,0.01687281158314546,2024-08-16,2024-09-20,31,66,0.01708576257968687,0.02047361934284563,3473.6172571676493,3466.814998038848,3450.0,3450.0,20,23,0.02996625,0.030185,WARN,期限未夹住30日,HIST_CLEAN_SURFACE
2024-07-17 00:00:00,2024-07-17,13.3736,0.017885296917241295,2024-08-16,2024-09-20,30,65,0.017885296917241295,0.019264845848617915,3481.000700925724,3476.649722272403,3450.0,3450.0,20,23,0.02996,0.03017875,WARN,期限未夹住30日,HIST_CLEAN_SURFACE
2024-07-18 00:00:00,2024-07-18,14.3289,0.02053174027604058,2024-08-16,2024-09-20,29,64,0.02053304765657637,0.020511598444661053,3498.6323877719633,3487.4954780072667,3450.0,3450.0,20,23,0.02996,0.0301725,OK,正常双期限插值,HIST_CLEAN_SURFACE
2024-07-19 00:00:00,2024-07-19,14.0888,0.019849441221700834,2024-08-16,2024-09-20,28,63,0.019750103139815144,0.020577920488862558,3514.031400506784,3506.983768289379,3500.0,3500.0,20,23,0.02996,0.030166250000000002,OK,正常双期限插值,HIST_CLEAN_SURFACE
2024-07-22 00:00:00,2024-07-22,14.2123,0.020198821276587484,2024-08-16,2024-09-20,25,60,0.019833442331315947,0.02111226863976632,3492.722050259188,3487.2707534579977,3450.0,3450.0,20,23,0.02996,0.0301475,OK,正常双期限插值,HIST_CLEAN_SURFACE
2024-07-23 00:00:00,2024-07-23,15.0346,0.022604051657953875,2024-08-16,2024-09-20,24,59,0.022812815302262625,0.022193601103041756,3431.055292809824,3424.117216851252,3400.0,3400.0,20,23,0.02996,0.03014125,OK,正常双期限插值,HIST_CLEAN_SURFACE
2024-07-24 00:00:00,2024-07-24,15.8986,0.025276550031162075,2024-08-16,2024-09-20,23,58,0.025769579527101374,0.024494503244499723,3404.4499646313607,3395.0647500320147,3400.0,3350.0,20,23,0.02996,0.030135000000000002,OK,正常双期限插值,HIST_CLEAN_SURFACE
2024-07-25 00:00:00,2024-07-25,16.2186,0.0263041590238812,2024-08-16,2024-09-20,22,57,0.026930426861958543,0.025488362761122547,3382.147406052007,3375.7852713753314,3350.0,3350.0,20,23,0.02996,0.03012875,OK,正常双期限插值,HIST_CLEAN_SURFACE
2024-07-26 00:00:00,2024-07-26,15.4705,0.02393369066276686,2024-08-16,2024-09-20,21,56,0.023925095048730825,0.023943002577972557,3399.542991326148,3391.90109477419,3350.0,3350.0,19,23,0.02996,0.0301225,OK,正常双期限插值,HIST_CLEAN_SURFACE
2024-07-29 00:00:00,2024-07-29,15.6679,0.024548366674824622,2024-08-16,2024-09-20,18,53,0.025386731173804033,0.024002638840583304,3384.259315923389,3379.643374374871,3350.0,3350.0,19,23,0.02996,0.030103750000000002,OK,正常双期限插值,HIST_CLEAN_SURFACE
2024-07-30 00:00:00,2024-07-30,16.0433,0.025738843495893504,2024-08-16,2024-09-20,17,52,0.027327703281185275,0.02485979976852793,3360.7423449079006,3357.6046696472445,3350.0,3350.0,20,23,0.02996,0.0300975,OK,正常双期限插值,HIST_CLEAN_SURFACE
2024-07-31 00:00:00,2024-07-31,15.5189,0.024083487284705943,2024-08-16,2024-09-20,16,51,0.025583396435277517,0.023377647684436967,3444.9261672281436,3444.7934113300066,3400.0,3400.0,21,23,0.02996,0.03009125,OK,正常双期限插值,HIST_CLEAN_SURFACE
2024-08-01 00:00:00,2024-08-01,15.5481,0.024174283735464167,2024-08-16,2024-09-20,15,50,0.02543830640821351,0.02366867466636443,3419.701194309363,3419.1775549264066,3400.0,3400.0,21,23,0.02996,0.030085,OK,正常双期限插值,HIST_CLEAN_SURFACE
2024-08-02 00:00:00,2024-08-02,16.2139,0.026289209331325714,2024-08-16,2024-09-20,14,49,0.0283273034799604,0.02559771310232466,3382.284586810704,3379.4540800848185,3350.0,3350.0,21,23,0.02996,0.03007875,OK,正常双期限插值,HIST_CLEAN_SURFACE
2024-08-05 00:00:00,2024-08-05,18.8586,0.03556478974201418,2024-08-16,2024-09-20,11,46,0.049273864486392746,0.03280415226488531,3341.506105693425,3333.690606334829,3300.0,3300.0,20,23,0.02996,0.03006,OK,正常双期限插值,HIST_CLEAN_SURFACE
2024-08-06 00:00:00,2024-08-06,18.2324,0.03324214058677696,2024-08-16,2024-09-20,10,45,0.041336976096365954,0.03189300133517879,3335.6122680299854,3331.175619767718,3300.0,3300.0,21,23,0.02996,0.03005375,OK,正常双期限插值,HIST_CLEAN_SURFACE
2024-08-07 00:00:00,2024-08-07,16.5748,0.02747223596257131,2024-08-16,2024-09-20,9,44,0.03254962889210008,0.02677986419945375,3332.0999452418764,3327.935902797198,3300.0,3300.0,21,23,0.02996,0.0300475,OK,正常双期限插值,HIST_CLEAN_SURFACE
2024-08-08 00:00:00,2024-08-08,15.4852,0.023979022222309597,2024-08-16,2024-09-20,8,43,0.029785143860548084,0.023340717095061386,3339.9965781565743,3336.625429399517,3300.0,3300.0,21,23,0.02996,0.030041250000000002,OK,正常双期限插值,HIST_CLEAN_SURFACE
2024-08-09 00:00:00,2024-08-09,15.2794,0.023346042246720995,2024-08-16,2024-09-20,7,42,0.02960253601627266,0.022801999310238238,3325.524802257954,3323.1440134550385,3300.0,3300.0,21,23,0.02996,0.030035,OK,正常双期限插值,HIST_CLEAN_SURFACE
2024-08-12 00:00:00,2024-08-12,15.0139,0.022541768114189016,2024-09-20,2024-10-18,39,67,0.022120143394067576,0.021532805475490458,3320.582040017699,3321.879893300763,3300.0,3300.0,24,18,0.03001625,0.03019125,WARN,期限未夹住30日,HIST_CLEAN_SURFACE
2024-08-13 00:00:00,2024-08-13,15.4661,0.023919993163007466,2024-09-20,2024-10-18,38,66,0.022666296461890282,0.020671778982840214,3328.777825765587,3313.190059447941,3300.0,3300.0,24,19,0.030010000000000002,0.030185,WARN,期限未夹住30日,HIST_CLEAN_SURFACE
2024-08-14 00:00:00,2024-08-14,15.4358,0.023826545443670116,2024-09-20,2024-10-18,37,65,0.023031793999202577,0.02156456056326251,3299.019528719623,3307.6741750806414,3250.0,3300.0,23,20,0.03000375,0.03017875,WARN,期限未夹住30日,HIST_CLEAN_SURFACE
2024-08-15 00:00:00,2024-08-15,14.8059,0.02192144003841653,2024-09-20,2024-10-18,36,64,0.021554349298469912,0.020751338304836685,3335.6802364840005,3332.713488617243,3300.0,3300.0,24,20,0.0299975,0.0301725,WARN,期限未夹住30日,HIST_CLEAN_SURFACE
2024-08-16 00:00:00,2024-08-16,14.0594,0.019766793090150975,2024-09-20,2024-10-18,35,63,0.02003143902808738,0.02073716152925113,3340.043704517489,3338.487460349192,3300.0,3300.0,24,20,0.02999125,0.030166250000000002,WARN,期限未夹住30日,HIST_CLEAN_SURFACE
2024-08-19 00:00:00,2024-08-19,14.1405,0.019995334908807616,2024-09-20,2024-10-18,32,60,0.019791548611669697,0.018365044531704264,3350.0625919162417,3351.951169686322,3350.0,3350.0,24,20,0.0299725,0.0301475,WARN,期限未夹住30日,HIST_CLEAN_SURFACE
2024-08-20 00:00:00,2024-08-20,14.0823,0.019831234720287166,2024-09-20,2024-10-18,31,59,0.01969684628609948,0.017783519426478208,3320.7671888398013,3315.6501553364,3300.0,3300.0,24,19,0.02996625,0.03014125,WARN,期限未夹住30日,HIST_CLEAN_SURFACE
2024-08-21 00:00:00,2024-08-21,14.0421,0.019718087597449252,2024-09-20,2024-10-18,30,58,0.019718087597449255,0.017512109595126883,3315.3607506073267,3310.52800647812,3300.0,3300.0,24,20,0.02996,0.030135000000000002,WARN,期限未夹住30日,HIST_CLEAN_SURFACE
2024-08-22 00:00:00,2024-08-22,14.0091,0.0196254067788437,2024-09-20,2024-10-18,29,57,0.019759024694948463,0.01778991856287823,3303.95022738813,3300.393825733264,3300.0,3300.0,24,19,0.02996,0.03012875,OK,正常双期限插值,HIST_CLEAN_SURFACE
2024-08-23 00:00:00,2024-08-23,13.7946,0.019029037824601882,2024-09-20,2024-10-18,28,56,0.019303612520407305,0.01724430230186659,3323.2237476521454,3320.4004520530693,3300.0,3300.0,24,19,0.02996,0.0301225,OK,正常双期限插值,HIST_CLEAN_SURFACE
2024-08-26 00:00:00,2024-08-26,13.7727,0.018968835917886027,2024-09-20,2024-10-18,25,53,0.019575727700625715,0.017651995257224443,3321.6493752303654,3317.4395650631777,3300.0,3300.0,24,18,0.02996,0.030103750000000002,OK,正常双期限插值,HIST_CLEAN_SURFACE
2024-08-27 00:00:00,2024-08-27,13.7144,0.01880847080638815,2024-09-20,2024-10-18,24,52,0.019663090700043153,0.01736219098635661,3304.1207142305684,3302.5928915867235,3300.0,3300.0,23,18,0.02996,0.0300975,OK,正常双期限插值,HIST_CLEAN_SURFACE
2024-08-28 00:00:00,2024-08-28,13.8453,0.019169346023629942,2024-09-20,2024-10-18,23,51,0.020057501270786093,0.017967724218653964,3282.3595216851786,3280.2314660530405,3250.0,3250.0,24,20,0.02996,0.03009125,OK,正常双期限插值,HIST_CLEAN_SURFACE
2024-08-29 00:00:00,2024-08-29,14.1104,0.019910257155165312,2024-09-20,2024-10-18,22,50,0.02115805039726123,0.018537684588859793,3277.451265041519,3276.7429324438476,3250.0,3250.0,23,18,0.02996,0.030085,OK,正常双期限插值,HIST_CLEAN_SURFACE
2024-08-30 00:00:00,2024-08-30,13.4461,0.01807969090232493,2024-09-20,2024-10-18,21,49,0.018540575652485212,0.017662699937894193,3324.45272689409,3321.6903912905154,3300.0,3300.0,24,21,0.02996,0.03007875,OK,正常双期限插值,HIST_CLEAN_SURFACE
2024-09-02 00:00:00,2024-09-02,14.5422,0.0211474679725225,2024-09-20,2024-10-18,18,46,0.02447014637058813,0.0194138966344013,3260.129745655786,3259.8355087693953,3250.0,3250.0,24,21,0.02996,0.03006,OK,正常双期限插值,HIST_CLEAN_SURFACE
2024-09-03 00:00:00,2024-09-03,14.2563,0.020324096003766414,2024-09-20,2024-10-18,17,45,0.02316493628997514,0.019085781007213892,3270.194107644543,3268.2639305556277,3250.0,3250.0,24,18,0.02996,0.03005375,OK,正常双期限插值,HIST_CLEAN_SURFACE
2024-09-04 00:00:00,2024-09-04,14.7371,0.021718122975961943,2024-09-20,2024-10-18,16,44,0.024631198359913162,0.020658822836343314,3251.3361309567636,3249.652147029496,3250.0,3200.0,24,21,0.02996,0.0300475,OK,正常双期限插值,HIST_CLEAN_SURFACE
2024-09-05 00:00:00,2024-09-05,14.5797,0.021256724879802784,2024-09-20,2024-10-18,15,43,0.02369137577618266,0.02052066763206003,3254.944560398021,3254.4128634261338,3250.0,3250.0,24,19,0.02996,0.030041250000000002,OK,正常双期限插值,HIST_CLEAN_SURFACE
2024-09-06 00:00:00,2024-09-06,14.5596,0.021198130230638948,2024-09-20,2024-10-18,14,42,0.02374616941993856,0.020561120433314043,3227.0588031832194,3223.6849095398898,3200.0,3200.0,24,20,0.02996,0.030035,OK,正常双期限插值,HIST_CLEAN_SURFACE
2024-09-09 00:00:00,2024-09-09,16.2152,0.026293223302160183,2024-09-20,2024-10-18,11,39,0.03234643410814682,0.025484494732939296,3188.661090260096,3184.528634992057,3150.0,3150.0,24,20,0.02996,0.03001625,OK,正常双期限插值,HIST_CLEAN_SURFACE
2024-09-10 00:00:00,2024-09-10,16.3037,0.026580981936491267,2024-09-20,2024-10-18,10,38,0.03327687864016936,0.025876150704525147,3190.1646188656464,3185.5814959542167,3150.0,3150.0,25,21,0.02996,0.030010000000000002,OK,正常双期限插值,HIST_CLEAN_SURFACE
2024-09-11 00:00:00,2024-09-11,16.2098,0.02627569398662803,2024-09-20,2024-10-18,9,37,0.03294494855200014,0.02573494361646272,3182.569989322561,3178.0295935093777,3150.0,3150.0,24,21,0.02996,0.03000375,OK,正常双期限插值,HIST_CLEAN_SURFACE
2024-09-12 00:00:00,2024-09-12,15.5068,0.024046163570232655,2024-09-20,2024-10-18,8,36,0.02624644378693874,0.023912813254068646,3173.528250410698,3168.094673149665,3150.0,3150.0,24,20,0.02996,0.0299975,OK,正常双期限插值,HIST_CLEAN_SURFACE
2024-09-13 00:00:00,2024-09-13,14.7543,0.021768841439375197,2024-09-20,2024-10-18,7,35,0.023909472963305763,0.021675770503552128,3159.8403368224294,3156.1857942416923,3150.0,3150.0,25,20,0.02996,0.02999125,OK,正常双期限插值,HIST_CLEAN_SURFACE
2024-09-18 00:00:00,2024-09-18,15.8433,0.02510093028065398,2024-10-18,2024-11-15,30,58,0.02510093028065398,0.024810576810913747,3165.0147167223035,3161.9014289754164,3150.0,3150.0,23,18,0.02996,0.030135000000000002,WARN,期限未夹住30日,HIST_CLEAN_SURFACE
2024-09-19 00:00:00,2024-09-19,15.2182,0.023159504583540547,2024-10-18,2024-11-15,29,57,0.02298305971452275,0.025583299889521814,3194.4172018062563,3192.766043909065,3150.0,3150.0,23,19,0.02996,0.03012875,OK,正常双期限插值,HIST_CLEAN_SURFACE
2024-09-20 00:00:00,2024-09-20,14.7091,0.02163571619965001,2024-10-18,2024-11-15,28,56,0.021168812394919426,0.024670590930398802,3195.14029301765,3194.885189675499,3150.0,3150.0,23,18,0.02996,0.0301225,OK,正常双期限插值,HIST_CLEAN_SURFACE
2024-09-23 00:00:00,2024-09-23,14.4245,0.020806612860636228,2024-10-18,2024-11-15,25,53,0.01996379873200231,0.02263536049823813,3206.289238548973,3202.5660669536546,3200.0,3200.0,23,19,0.02996,0.030103750000000002,OK,正常双期限插值,HIST_CLEAN_SURFACE
2024-09-24 00:00:00,2024-09-24,18.1022,0.03276894518497411,2024-10-18,2024-11-15,24,52,0.03262602903666497,0.03301080328211266,3361.0902133531404,3361.234133134605,3350.0,3350.0,23,19,0.02996,0.0300975,OK,正常双期限插值,HIST_CLEAN_SURFACE
2024-09-26 00:00:00,2024-09-26,23.9664,0.05743902217885273,2024-10-18,2024-11-15,22,50,0.06664162622454131,0.047316157728595286,3578.128685045961,3584.3038186688773,3550.0,3550.0,23,20,0.02996,0.030085,OK,正常双期限插值,HIST_CLEAN_SURFACE
2024-09-27 00:00:00,2024-09-27,25.0318,0.0626592832070465,2024-10-18,2024-11-15,21,49,0.07485414332635897,0.05162583833719237,3830.0239325821194,3831.744600433063,3800.0,3800.0,23,23,0.02996,0.03007875,WARN,"正常双期限插值；期限质量 near=WARN, next=WARN",HIST_CLEAN_SURFACE
2024-09-30 00:00:00,2024-09-30,30.0614,0.09036866329440374,2024-10-18,2024-11-15,18,46,0.10791329557931717,0.08121494210227498,4164.372288391017,4179.858204513679,4100.0,4100.0,27,26,0.02996,0.03006,WARN,"正常双期限插值；期限质量 near=WARN, next=WARN",HIST_CLEAN_SURFACE
2024-10-08 00:00:00,2024-10-08,44.2776,0.19605075387884513,2024-10-18,2024-11-15,10,38,0.3433450817114381,0.18054608779120374,4263.90396213981,4274.6270751493075,4250.0,4250.0,32,32,0.02996,0.030010000000000002,OK,正常双期限插值,HIST_CLEAN_SURFACE
2024-10-09 00:00:00,2024-10-09,43.5323,0.18950618365588,2024-10-18,2024-11-15,9,37,0.27781009408501434,0.18234640713459885,3945.4489381034095,3964.635802432749,3900.0,3950.0,39,39,0.02996,0.03000375,OK,正常双期限插值,HIST_CLEAN_SURFACE
2024-10-10 00:00:00,2024-10-10,37.8998,0.14363915650266285,2024-10-18,2024-11-15,8,36,0.22295104277290886,0.1388323755165873,4005.4035471151783,4012.864705849347,4000.0,4000.0,39,39,0.02996,0.0299975,OK,正常双期限插值,HIST_CLEAN_SURFACE
2024-10-11 00:00:00,2024-10-11,41.5287,0.1724630852196276,2024-10-18,2024-11-15,7,35,0.2823148299098191,0.1676869224070106,3900.3427558519274,3903.0652154113345,3900.0,3900.0,39,39,0.02996,0.02999125,OK,正常双期限插值,HIST_CLEAN_SURFACE
2024-10-14 00:00:00,2024-10-14,34.8187,0.12123389122212641,2024-11-15,2024-12-20,32,67,0.11831791017768373,0.0954688049786925,3967.1701683506885,3966.8642081147996,3950.0,3950.0,39,33,0.0299725,0.03019125,WARN,期限未夹住30日,HIST_CLEAN_SURFACE
2024-10-15 00:00:00,2024-10-15,27.1355,0.07363349457779046,2024-11-15,2024-12-20,31,66,0.0731347024337896,0.06519937287013967,3859.497047862731,3868.3059669268137,3850.0,3850.0,39,33,0.02996625,0.030185,WARN,期限未夹住30日,HIST_CLEAN_SURFACE
2024-10-16 00:00:00,2024-10-16,28.1127,0.07903225905936064,2024-11-15,2024-12-20,30,65,0.07903225905936064,0.06797432280806853,3836.6551225031353,3839.8146688325246,3800.0,3800.0,39,33,0.02996,0.03017875,WARN,期限未夹住30日,HIST_CLEAN_SURFACE
2024-10-17 00:00:00,2024-10-17,27.0435,0.07313513461064979,2024-11-15,2024-12-20,29,64,0.07355891335253471,0.06660629336848507,3787.369971441559,3793.2340096612434,3750.0,3750.0,39,33,0.02996,0.0301725,OK,正常双期限插值,HIST_CLEAN_SURFACE
2024-10-18 00:00:00,2024-10-18,33.6478,0.11321763103853039,2024-11-15,2024-12-20,28,63,0.11608296440884919,0.09220518632285886,3937.0555006860936,3940.691998983032,3900.0,3900.0,39,33,0.02996,0.030166250000000002,OK,正常双期限插值,HIST_CLEAN_SURFACE
2024-10-21 00:00:00,2024-10-21,33.8596,0.1146471631070016,2024-11-15,2024-12-20,25,60,0.12292904335877829,0.09394246247755982,3938.7719880513137,3942.0579732768824,3900.0,3900.0,39,33,0.02996,0.0301475,OK,正常双期限插值,HIST_CLEAN_SURFACE
2024-10-22 00:00:00,2024-10-22,31.5736,0.09968946825988147,2024-11-15,2024-12-20,24,59,0.10683902842896296,0.0856327058935518,3962.923836216382,3967.240780443713,3950.0,3950.0,39,33,0.02996,0.03014125,OK,正常双期限插值,HIST_CLEAN_SURFACE
2024-10-23 00:00:00,2024-10-23,29.4442,0.08669625263521222,2024-11-15,2024-12-20,23,58,0.08989030118817201,0.08162983079258629,3978.2761099452964,3984.096733287307,3950.0,3950.0,39,33,0.02996,0.030135000000000002,OK,正常双期限插值,HIST_CLEAN_SURFACE
2024-10-24 00:00:00,2024-10-24,29.1608,0.08503505102030907,2024-11-15,2024-12-20,22,57,0.08954112377950244,0.07916529834714928,3932.596710373552,3938.6425905272035,3900.0,3900.0,39,33,0.02996,0.03012875,OK,正常双期限插值,HIST_CLEAN_SURFACE
2024-10-25 00:00:00,2024-10-25,29.5306,0.08720582463203752,2024-11-15,2024-12-20,21,56,0.09309099268797943,0.08083022590476709,3963.6471787952546,3965.740202908505,3950.0,3950.0,39,33,0.02996,0.0301225,OK,正常双期限插值,HIST_CLEAN_SURFACE
2024-10-28 00:00:00,2024-10-28,30.9126,0.09555869878679121,2024-11-15,2024-12-20,18,53,0.10631703196080662,0.08855563285276231,3967.6475128628326,3971.0193419369307,3950.0,3950.0,39,33,0.02996,0.030103750000000002,OK,正常双期限插值,HIST_CLEAN_SURFACE
2024-10-29 00:00:00,2024-10-29,30.3415,0.09206053216926341,2024-11-15,2024-12-20,17,52,0.10107169313591115,0.08707506737410624,3931.9050467529587,3935.295280675524,3900.0,3900.0,39,33,0.02996,0.0300975,OK,正常双期限插值,HIST_CLEAN_SURFACE
2024-10-30 00:00:00,2024-10-30,30.941,0.09573472436036991,2024-11-15,2024-12-20,16,51,0.10440606573143088,0.09165409312692942,3891.9237776850264,3901.6142991851507,3850.0,3900.0,39,33,0.02996,0.03009125,OK,正常双期限插值,HIST_CLEAN_SURFACE
2024-10-31 00:00:00,2024-10-31,31.7987,0.10111597305590034,2024-11-15,2024-12-20,15,50,0.11239145868462011,0.0966057788044124,3893.3179670826194,3897.5900886315953,3850.0,3850.0,38,33,0.02996,0.030085,OK,正常双期限插值,HIST_CLEAN_SURFACE
2024-11-01 00:00:00,2024-11-01,32.3561,0.10469188987539353,2024-11-15,2024-12-20,14,49,0.11944016134773157,0.0996880120544217,3902.211715503796,3910.5325356208186,3900.0,3900.0,37,33,0.02996,0.03007875,OK,正常双期限插值,HIST_CLEAN_SURFACE
2024-11-04 00:00:00,2024-11-04,34.0458,0.1159113537107175,2024-11-15,2024-12-20,11,46,0.14476659293521965,0.1101006876883921,3953.893763770052,3956.201571153325,3950.0,3950.0,39,33,0.02996,0.03006,OK,正常双期限插值,HIST_CLEAN_SURFACE
2024-11-05 00:00:00,2024-11-05,33.649,0.11322553382728498,2024-11-15,2024-12-20,10,45,0.14239639502317095,0.10836372362797066,4056.8188086863574,4068.081954272375,4050.0,4050.0,38,33,0.02996,0.03005375,OK,正常双期限插值,HIST_CLEAN_SURFACE
2024-11-06 00:00:00,2024-11-06,32.1732,0.1035111615326419,2024-11-15,2024-12-20,9,44,0.12344319689021883,0.10079315671115412,4036.27606494301,4048.2127574108094,4000.0,4000.0,37,33,0.02996,0.0300475,OK,正常双期限插值,HIST_CLEAN_SURFACE
2024-11-07 00:00:00,2024-11-07,31.7062,0.10052825019692901,2024-11-15,2024-12-20,8,43,0.1469779758761661,0.09542172644360908,4168.645061500217,4180.685048246093,4150.0,4150.0,39,32,0.02996,0.030041250000000002,OK,正常双期限插值,HIST_CLEAN_SURFACE
2024-11-08 00:00:00,2024-11-08,31.1036,0.0967432140841431,2024-11-15,2024-12-20,7,42,0.13150512331062097,0.0937204393687972,4116.6382777134695,4126.837604552109,4100.0,4100.0,39,33,0.02996,0.030035,OK,正常双期限插值,HIST_CLEAN_SURFACE
2024-11-11 00:00:00,2024-11-11,28.78,0.08282872434023911,2024-12-20,2025-01-17,39,67,0.0754708207173331,0.06522100472522524,4142.0554031242245,4133.005115664755,4100.0,4100.0,33,23,0.03001625,0.03019125,WARN,期限未夹住30日,HIST_CLEAN_SURFACE
2024-11-12 00:00:00,2024-11-12,28.0613,0.07874347223768406,2024-12-20,2025-01-17,38,66,0.07180769719212574,0.06077350961964657,4091.2607931406988,4099.99276283596,4050.0,4050.0,33,23,0.030010000000000002,0.030185,WARN,期限未夹住30日,HIST_CLEAN_SURFACE
2024-11-13 00:00:00,2024-11-13,25.7875,0.06649959989311938,2024-12-20,2025-01-17,37,65,0.06353565508054158,0.058063756965013376,4118.00652598737,4124.215815593061,4100.0,4100.0,33,23,0.03000375,0.03017875,WARN,期限未夹住30日,HIST_CLEAN_SURFACE
2024-11-14 00:00:00,2024-11-14,26.2737,0.06903076983526558,2024-12-20,2025-01-17,36,64,0.06541198976705613,0.057495908367847945,4049.293340829435,4072.35555672238,4000.0,4050.0,33,23,0.0299975,0.0301725,WARN,期限未夹住30日,HIST_CLEAN_SURFACE
2024-11-15 00:00:00,2024-11-15,26.2979,0.06915793817983593,2024-12-20,2025-01-17,35,63,0.06622503861293287,0.05840397310119136,3978.193791099391,3994.8317915071966,3950.0,3950.0,33,23,0.02999125,0.030166250000000002,WARN,期限未夹住30日,HIST_CLEAN_SURFACE
2024-11-18 00:00:00,2024-11-18,26.4705,0.07006880491942555,2024-12-20,2025-01-17,32,60,0.06907408136743305,0.06211101650348558,3956.4858067217942,3953.1684887077868,3950.0,3950.0,33,23,0.0299725,0.0301475,WARN,期限未夹住30日,HIST_CLEAN_SURFACE
2024-11-19 00:00:00,2024-11-19,26.5918,0.07071216834283812,2024-12-20,2025-01-17,31,59,0.07020539912934146,0.06299037981854136,3975.6840082915523,3974.809411409803,3950.0,3950.0,32,23,0.02996625,0.03014125,WARN,期限未夹住30日,HIST_CLEAN_SURFACE
2024-11-20 00:00:00,2024-11-20,24.4415,0.05973870319544035,2024-12-20,2025-01-17,30,58,0.059738703195440356,0.05664408831932633,3983.5305440498823,3991.885494523011,3950.0,3950.0,33,23,0.02996,0.030135000000000002,WARN,期限未夹住30日,HIST_CLEAN_SURFACE
2024-11-21 00:00:00,2024-11-21,23.1268,0.053484832651484696,2024-12-20,2025-01-17,29,57,0.05360214824083996,0.05187328692402546,3988.973784591837,3991.52305680216,3950.0,3950.0,32,23,0.02996,0.03012875,OK,正常双期限插值,HIST_CLEAN_SURFACE
2024-11-22 00:00:00,2024-11-22,24.8505,0.06175487901210923,2024-12-20,2025-01-17,28,56,0.06272563403083553,0.05544497139038816,3860.394295562687,3863.0654552482674,3850.0,3850.0,33,23,0.02996,0.0301225,OK,正常双期限插值,HIST_CLEAN_SURFACE
2024-11-25 00:00:00,2024-11-25,24.182,0.05847693716204118,2024-12-20,2025-01-17,25,53,0.06160702706394621,0.051685232657907636,3838.660786030569,3840.504329402832,3800.0,3800.0,33,24,0.02996,0.030103750000000002,OK,正常双期限插值,HIST_CLEAN_SURFACE
2024-11-26 00:00:00,2024-11-26,23.5914,0.05565553567259886,2024-12-20,2025-01-17,24,52,0.057897791900234995,0.051860948210445394,3836.760176641812,3839.4279819878184,3800.0,3800.0,33,24,0.02996,0.0300975,OK,正常双期限插值,HIST_CLEAN_SURFACE
2024-11-27 00:00:00,2024-11-27,23.6042,0.05571565807299594,2024-12-20,2025-01-17,23,51,0.0578867887609712,0.052778245965735285,3907.117257860497,3909.980573863272,3900.0,3900.0,33,24,0.02996,0.03009125,OK,正常双期限插值,HIST_CLEAN_SURFACE
2024-11-28 00:00:00,2024-11-28,23.6458,0.05591234452610045,2024-12-20,2025-01-17,22,50,0.05820706219565694,0.05338815508958833,3872.1921370849973,3872.1134294486465,3850.0,3850.0,31,24,0.02996,0.030085,OK,正常双期限插值,HIST_CLEAN_SURFACE
2024-11-29 00:00:00,2024-11-29,24.2143,0.05863323357545416,2024-12-20,2025-01-17,21,49,0.0620443468549636,0.05554698822732656,3914.4064114182956,3915.520188541528,3900.0,3900.0,32,24,0.02996,0.03007875,OK,正常双期限插值,HIST_CLEAN_SURFACE
2024-12-02 00:00:00,2024-12-02,25.5113,0.06508241890317612,2024-12-20,2025-01-17,18,46,0.07040930981270609,0.062303171472117,3944.992607142687,3944.4116868736714,3900.0,3900.0,32,24,0.02996,0.03006,OK,正常双期限插值,HIST_CLEAN_SURFACE
2024-12-03 00:00:00,2024-12-03,25.716,0.06613145299265469,2024-12-20,2025-01-17,17,45,0.07133032988114293,0.06386527588741622,3949.0592457749735,3951.946880515666,3900.0,3950.0,32,24,0.02996,0.03005375,OK,正常双期限插值,HIST_CLEAN_SURFACE
2024-12-04 00:00:00,2024-12-04,25.451,0.06477534404557632,2024-12-20,2025-01-17,16,44,0.06958780589150237,0.06302535791978503,3924.1660942116155,3922.9214853556787,3900.0,3900.0,33,24,0.02996,0.0300475,OK,正常双期限插值,HIST_CLEAN_SURFACE
2024-12-05 00:00:00,2024-12-05,24.8538,0.061771102557708235,2024-12-20,2025-01-17,15,43,0.06563752529814307,0.06060218405478608,3918.823161433715,3913.71605942439,3900.0,3900.0,32,24,0.02996,0.030041250000000002,OK,正常双期限插值,HIST_CLEAN_SURFACE
2024-12-06 00:00:00,2024-12-06,25.1243,0.06312316194258197,2024-12-20,2025-01-17,14,42,0.06576010869700938,0.06246392525397511,3973.20743236949,3973.563780272422,3950.0,3950.0,33,24,0.02996,0.030035,OK,正常双期限插值,HIST_CLEAN_SURFACE
2024-12-09 00:00:00,2024-12-09,25.3331,0.06417664025689646,2024-12-20,2025-01-17,11,39,0.0648618764193669,0.06408509048620202,3965.008819392589,3964.3662095384816,3950.0,3950.0,32,24,0.02996,0.03001625,OK,正常双期限插值,HIST_CLEAN_SURFACE
2024-12-10 00:00:00,2024-12-10,25.7543,0.06632836409933641,2024-12-20,2025-01-17,10,38,0.0786713050067899,0.06502910716170975,4001.7193621975593,4003.522934943544,4000.0,4000.0,32,24,0.02996,0.030010000000000002,OK,正常双期限插值,HIST_CLEAN_SURFACE
2024-12-11 00:00:00,2024-12-11,25.3418,0.06422072678957065,2024-12-20,2025-01-17,9,37,0.07185635640260919,0.06360162168581077,3995.6490936145374,3997.689297187143,3950.0,3950.0,32,24,0.02996,0.03000375,OK,正常双期限插值,HIST_CLEAN_SURFACE
2024-12-12 00:00:00,2024-12-12,25.9314,0.06724366878479819,2024-12-20,2025-01-17,8,36,0.07575782955517493,0.066727659041139,4042.384477982525,4043.031699402911,4000.0,4000.0,32,24,0.02996,0.0299975,OK,正常双期限插值,HIST_CLEAN_SURFACE
2024-12-13 00:00:00,2024-12-13,23.907,0.05715425612702987,2024-12-20,2025-01-17,7,35,0.05807197666688817,0.05711435523399257,3934.8975015091537,3932.318461896904,3900.0,3900.0,33,24,0.02996,0.02999125,OK,正常双期限插值,HIST_CLEAN_SURFACE
2024-12-16 00:00:00,2024-12-16,22.581,0.05099010747597383,2025-01-17,2025-02-21,32,67,0.05050446490950488,0.046699056739412347,3913.1721396798953,3912.433025114392,3900.0,3900.0,24,21,0.0299725,0.03019125,WARN,期限未夹住30日,HIST_CLEAN_SURFACE
2024-12-17 00:00:00,2024-12-17,23.1525,0.053603812430360075,2025-01-17,2025-02-21,31,66,0.05325464800133314,0.04769975935772293,3926.761225445718,3930.0728484083675,3900.0,3900.0,24,21,0.02996625,0.030185,WARN,期限未夹住30日,HIST_CLEAN_SURFACE
2024-12-18 00:00:00,2024-12-18,22.0792,0.04874920030793926,2025-01-17,2025-02-21,30,65,0.04874920030793926,0.04710665851473661,3940.3763311989205,3947.422482246285,3900.0,3900.0,24,21,0.02996,0.03017875,WARN,期限未夹住30日,HIST_CLEAN_SURFACE
2024-12-19 00:00:00,2024-12-19,22.3453,0.04993121463934765,2025-01-17,2025-02-21,29,64,0.0501219035946408,0.04699341292186254,3946.332762255634,3948.566258867473,3900.0,3900.0,24,21,0.02996,0.0301725,OK,正常双期限插值,HIST_CLEAN_SURFACE
2024-12-20 00:00:00,2024-12-20,21.4839,0.04615564520711134,2025-01-17,2025-02-21,28,63,0.046244842233920946,0.045501533677174126,3937.371008099439,3945.1776029304538,3900.0,3900.0,24,21,0.02996,0.030166250000000002,OK,正常双期限插值,HIST_CLEAN_SURFACE
2024-12-23 00:00:00,2024-12-23,21.1233,0.04461936512078969,2025-01-17,2025-02-21,25,60,0.044501474975439034,0.044914090484166315,3938.495255772899,3952.99820260901,3900.0,3950.0,24,21,0.02996,0.0301475,OK,正常双期限插值,HIST_CLEAN_SURFACE
2024-12-24 00:00:00,2024-12-24,20.9296,0.04380469186150437,2025-01-17,2025-02-21,24,59,0.044485350464555845,0.042466447828386225,3988.9783089429907,3994.4591385739477,3950.0,3950.0,24,21,0.02996,0.03014125,OK,正常双期限插值,HIST_CLEAN_SURFACE
2024-12-25 00:00:00,2024-12-25,20.7015,0.042855341694845624,2025-01-17,2025-02-21,23,58,0.04357169538116821,0.04171905653723048,3986.78646688342,3987.051485371271,3950.0,3950.0,24,21,0.02996,0.030135000000000002,OK,正常双期限插值,HIST_CLEAN_SURFACE
2024-12-26 00:00:00,2024-12-26,19.8201,0.039283618573311634,2025-01-17,2025-02-21,22,57,0.040133508769040066,0.038176524765718006,3990.78337155501,3994.935933019434,3950.0,3950.0,24,21,0.02996,0.03012875,OK,正常双期限插值,HIST_CLEAN_SURFACE
2024-12-27 00:00:00,2024-12-27,19.2725,0.03714284929690619,2025-01-17,2025-02-21,21,56,0.038318085533506546,0.0358696767072558,3986.376537110042,3996.119949622366,3950.0,3950.0,24,21,0.02996,0.0301225,OK,正常双期限插值,HIST_CLEAN_SURFACE
2024-12-30 00:00:00,2024-12-30,19.0875,0.03643339086528738,2025-01-17,2025-02-21,18,53,0.03990516537116104,0.034173462177501696,4003.0568742824244,4005.4236563049417,4000.0,4000.0,24,21,0.02996,0.030103750000000002,OK,正常双期限插值,HIST_CLEAN_SURFACE
2024-12-31 00:00:00,2024-12-31,18.9973,0.03608956205654658,2025-01-17,2025-02-21,17,52,0.03973979018786353,0.034070057143658204,3922.0307201681608,3930.278157800286,3900.0,3900.0,24,21,0.02996,0.0300975,OK,正常双期限插值,HIST_CLEAN_SURFACE
2025-01-02 00:00:00,2025-01-02,20.7242,0.0429494178533783,2025-01-17,2025-02-21,15,50,0.05401072095832128,0.038524896611401106,3817.236637972836,3820.2834206840707,3800.0,3800.0,24,21,0.02996,0.030085,OK,正常双期限插值,HIST_CLEAN_SURFACE
2025-01-03 00:00:00,2025-01-03,20.8969,0.04366807614498824,2025-01-17,2025-02-21,14,49,0.05255401567999594,0.04065320380275347,3779.8757784234986,3779.0084908796134,3750.0,3750.0,25,22,0.02996,0.03007875,OK,正常双期限插值,HIST_CLEAN_SURFACE
2025-01-06 00:00:00,2025-01-06,22.5587,0.050889427847120756,2025-01-17,2025-02-21,11,46,0.06356504269378846,0.04833690128760872,3766.621089549366,3769.0769128162533,3750.0,3750.0,26,23,0.02996,0.03006,OK,正常双期限插值,HIST_CLEAN_SURFACE
2025-01-07 00:00:00,2025-01-07,19.955,0.039820160206170054,2025-01-17,2025-02-21,10,45,0.042782774436965126,0.03932639116770421,3793.079320717121,3793.5418208828146,3750.0,3750.0,26,23,0.02996,0.03005375,OK,正常双期限插值,HIST_CLEAN_SURFACE
2025-01-08 00:00:00,2025-01-08,19.11,0.03651929202794196,2025-01-17,2025-02-21,9,44,0.04091629752173484,0.03591970036969748,3787.0642941015453,3788.767025172615,3750.0,3750.0,26,23,0.02996,0.0300475,OK,正常双期限插值,HIST_CLEAN_SURFACE
2025-01-09 00:00:00,2025-01-09,18.9862,0.03604771627374282,2025-01-17,2025-02-21,8,43,0.03829072799342048,0.03580112724747804,3778.530586914222,3781.639277827184,3750.0,3750.0,26,23,0.02996,0.030041250000000002,OK,正常双期限插值,HIST_CLEAN_SURFACE
2025-01-10 00:00:00,2025-01-10,19.4049,0.03765483768485281,2025-01-17,2025-02-21,7,42,0.039633890943969054,0.037482746097103566,3734.030879286465,3734.9942250920326,3700.0,3700.0,26,23,0.02996,0.030035,OK,正常双期限插值,HIST_CLEAN_SURFACE
2025-01-13 00:00:00,2025-01-13,17.4923,0.030598161442537616,2025-02-21,2025-03-21,39,67,0.03773150131632681,0.0476684921852869,3721.9620559301097,3726.203953380554,3700.0,3700.0,23,31,0.03001625,0.03019125,WARN,期限未夹住30日,HIST_CLEAN_SURFACE
2025-01-14 00:00:00,2025-01-14,19.0363,0.036238020676981016,2025-02-21,2025-03-21,38,66,0.04175544842507107,0.050533174387941616,3818.8170414659703,3819.2852327073824,3800.0,3800.0,23,31,0.030010000000000002,0.030185,WARN,期限未夹住30日,HIST_CLEAN_SURFACE
2025-01-15 00:00:00,2025-01-15,18.478,0.03414372656813813,2025-02-21,2025-03-21,37,65,0.03918767858723613,0.04849959000710937,3797.68929718714,3797.852501436351,3750.0,3750.0,23,31,0.03000375,0.03017875,WARN,期限未夹住30日,HIST_CLEAN_SURFACE
2025-01-16 00:00:00,2025-01-16,18.5683,0.0344782664665716,2025-02-21,2025-03-21,36,64,0.03905829776640693,0.0490771162347967,3796.841143168573,3799.067424177535,3750.0,3750.0,23,31,0.0299975,0.0301725,WARN,期限未夹住30日,HIST_CLEAN_SURFACE
2025-01-17 00:00:00,2025-01-17,19.6043,0.038432704671506855,2025-02-21,2025-03-21,35,63,0.04175558934803561,0.050616615152112264,3813.0631656553996,3817.7729748612232,3800.0,3800.0,23,31,0.02999125,0.030166250000000002,WARN,期限未夹住30日,HIST_CLEAN_SURFACE
2025-01-20 00:00:00,2025-01-20,19.7087,0.038843095215284215,2025-02-21,2025-03-21,32,60,0.04029487505998828,0.05045733397291672,3830.7558565585,3835.6342394357334,3800.0,3800.0,23,31,0.0299725,0.0301475,WARN,期限未夹住30日,HIST_CLEAN_SURFACE
2025-01-21 00:00:00,2025-01-21,19.09,0.03644277053435453,2025-02-21,2025-03-21,31,59,0.03731743084023798,0.049770221635866814,3831.305961470869,3834.280584080332,3800.0,3800.0,23,31,0.02996625,0.03014125,WARN,期限未夹住30日,HIST_CLEAN_SURFACE
2025-01-22 00:00:00,2025-01-22,19.712,0.038856153553768265,2025-02-21,2025-03-21,30,58,0.038856153553768265,0.051667361784881696,3789.277609118794,3791.1319410884953,3750.0,3750.0,23,31,0.02996,0.030135000000000002,WARN,期限未夹住30日,HIST_CLEAN_SURFACE
2025-01-23 00:00:00,2025-01-23,19.9402,0.03976122666020246,2025-02-21,2025-03-21,29,57,0.03885775396956737,0.052172088357873715,3800.1247861465745,3802.673753297277,3800.0,3800.0,23,31,0.02996,0.03012875,OK,正常双期限插值,HIST_CLEAN_SURFACE
2025-01-24 00:00:00,2025-01-24,19.7457,0.03898929199147623,2025-02-21,2025-03-21,28,56,0.037245602218740466,0.050323275514258706,3837.9427544061346,3842.508455166889,3800.0,3800.0,23,31,0.02996,0.0301225,OK,正常双期限插值,HIST_CLEAN_SURFACE
2025-01-27 00:00:00,2025-01-27,19.5758,0.03832119472845451,2025-02-21,2025-03-21,25,53,0.03445407251756658,0.046712120280381145,3804.5067410588254,3808.8169158930364,3800.0,3800.0,23,31,0.02996,0.030103750000000002,OK,正常双期限插值,HIST_CLEAN_SURFACE
2025-02-05 00:00:00,2025-02-05,20.1456,0.04058443319523339,2025-02-21,2025-03-21,16,44,0.03427811247909642,0.0428776407283741,3791.0957070216614,3792.449578150297,3750.0,3750.0,23,31,0.02996,0.0300475,OK,正常双期限插值,HIST_CLEAN_SURFACE
2025-02-06 00:00:00,2025-02-06,20.2927,0.04117929646179326,2025-02-21,2025-03-21,15,43,0.035338661354594875,0.042945069866295094,3843.3989612667892,3846.9592246207976,3800.0,3800.0,23,31,0.02996,0.030041250000000002,OK,正常双期限插值,HIST_CLEAN_SURFACE
2025-02-07 00:00:00,2025-02-07,20.5663,0.04229719941239848,2025-02-21,2025-03-21,14,42,0.037317955151010114,0.043542010477745564,3896.0462980951897,3900.8579483405993,3850.0,3900.0,23,31,0.02996,0.030035,OK,正常双期限插值,HIST_CLEAN_SURFACE
2025-02-10 00:00:00,2025-02-10,21.1465,0.04471741233820988,2025-02-21,2025-03-21,11,39,0.039838703999135486,0.04536922357379472,3899.3533703826097,3903.8910942528864,3850.0,3900.0,23,31,0.02996,0.03001625,OK,正常双期限插值,HIST_CLEAN_SURFACE
2025-02-11 00:00:00,2025-02-11,20.5085,0.04205998713884468,2025-02-21,2025-03-21,10,38,0.03738441424871661,0.04255215270622659,3882.7248454792257,3886.3334772967587,3850.0,3850.0,23,31,0.02996,0.030010000000000002,OK,正常双期限插值,HIST_CLEAN_SURFACE
2025-02-12 00:00:00,2025-02-12,19.9846,0.03993851122468864,2025-02-21,2025-03-21,9,37,0.03831310890365271,0.04007030060206993,3919.087212631917,3921.9088818585237,3900.0,3900.0,23,30,0.02996,0.03000375,OK,正常双期限插值,HIST_CLEAN_SURFACE
2025-02-13 00:00:00,2025-02-13,19.2521,0.037064403788921625,2025-02-21,2025-03-21,8,36,0.03139000039330375,0.037408307025019676,3906.903845728882,3911.0975109203955,3900.0,3900.0,23,29,0.02996,0.0299975,OK,正常双期限插值,HIST_CLEAN_SURFACE
2025-02-14 00:00:00,2025-02-14,19.212,0.0369101671790689,2025-02-21,2025-03-21,7,35,0.02958252992836667,0.03722876010301247,3940.2240992991187,3945.186175939625,3900.0,3900.0,23,27,0.02996,0.02999125,OK,正常双期限插值,HIST_CLEAN_SURFACE
2025-02-17 00:00:00,2025-02-17,20.2778,0.041118919859084765,2025-03-21,2025-04-18,32,60,0.040324827370367716,0.03476617994934838,3946.660021142846,3941.1595672990766,3900.0,3900.0,30,20,0.0299725,0.0301475,WARN,期限未夹住30日,HIST_CLEAN_SURFACE
2025-02-18 00:00:00,2025-02-18,19.3248,0.03734490578637785,2025-03-21,2025-04-18,31,59,0.037088271680478686,0.03343449796937205,3915.293056826386,3915.1840668573263,3900.0,3900.0,31,20,0.02996625,0.03014125,WARN,期限未夹住30日,HIST_CLEAN_SURFACE
2025-02-19 00:00:00,2025-02-19,19.0806,0.03640688040684546,2025-03-21,2025-04-18,30,58,0.03640688040684546,0.032043654194663616,3942.9055234048074,3943.064417649313,3900.0,3900.0,31,20,0.02996,0.030135000000000002,WARN,期限未夹住30日,HIST_CLEAN_SURFACE
2025-02-20 00:00:00,2025-02-20,18.251,0.03330982531918897,2025-03-21,2025-04-18,29,57,0.03342687990303346,0.0317018649832198,3929.981955954697,3931.4334782945343,3900.0,3900.0,31,19,0.02996,0.03012875,OK,正常双期限插值,HIST_CLEAN_SURFACE
2025-02-21 00:00:00,2025-02-21,18.6197,0.034669371764784636,2025-03-21,2025-04-18,28,56,0.035212872005618394,0.031136620199365146,3987.6011025483353,3984.6381022703204,3950.0,3950.0,31,20,0.02996,0.0301225,OK,正常双期限插值,HIST_CLEAN_SURFACE
2025-02-24 00:00:00,2025-02-24,18.1015,0.032766356122196104,2025-03-21,2025-04-18,25,53,0.03360997041562735,0.03093587227795851,3969.337142651984,3969.2549552084447,3950.0,3950.0,31,21,0.02996,0.030103750000000002,OK,正常双期限插值,HIST_CLEAN_SURFACE
2025-02-25 00:00:00,2025-02-25,18.0176,0.03246330043055788,2025-03-21,2025-04-18,24,52,0.032879968074122204,0.031758170572218254,3929.7401519184755,3926.0697416790217,3900.0,3900.0,31,21,0.02996,0.0300975,OK,正常双期限插值,HIST_CLEAN_SURFACE
2025-02-26 00:00:00,2025-02-26,18.147,0.0329313909386307,2025-03-21,2025-04-18,23,51,0.03384702315056494,0.031692594416601994,3960.2192746707,3957.462955089355,3950.0,3950.0,31,21,0.02996,0.03009125,OK,正常双期限插值,HIST_CLEAN_SURFACE
2025-02-27 00:00:00,2025-02-27,18.154,0.03295678839469502,2025-03-21,2025-04-18,22,50,0.03383171559881139,0.031994368470167005,3971.4653358217397,3966.174200479538,3950.0,3950.0,30,21,0.02996,0.030085,OK,正常双期限插值,HIST_CLEAN_SURFACE
2025-02-28 00:00:00,2025-02-28,18.9203,0.03579792921147748,2025-03-21,2025-04-18,21,49,0.03856607107164884,0.033293419909417664,3897.4003810884437,3891.3096462210083,3850.0,3850.0,31,21,0.02996,0.03007875,OK,正常双期限插值,HIST_CLEAN_SURFACE
2025-03-03 00:00:00,2025-03-03,17.6045,0.03099178707399138,2025-03-21,2025-04-18,18,46,0.03314553652155286,0.029868091710046257,3888.6336359677716,3885.4736252508346,3850.0,3850.0,31,21,0.02996,0.03006,OK,正常双期限插值,HIST_CLEAN_SURFACE
2025-03-04 00:00:00,2025-03-04,17.1711,0.029484659455148915,2025-03-21,2025-04-18,17,45,0.03053727424993672,0.0290258273651132,3882.3754238654715,3879.740150914033,3850.0,3850.0,31,21,0.02996,0.03005375,OK,正常双期限插值,HIST_CLEAN_SURFACE
2025-03-05 00:00:00,2025-03-05,16.5336,0.02733603991174091,2025-03-21,2025-04-18,16,44,0.02899479368655118,0.026732856720900807,3897.0019211539948,3893.1241140369207,3850.0,3850.0,29,21,0.02996,0.0300475,OK,正常双期限插值,HIST_CLEAN_SURFACE
2025-03-06 00:00:00,2025-03-06,16.9247,0.028644607271976884,2025-03-21,2025-04-18,15,43,0.03293985587857917,0.027346043739748287,3956.572287475129,3954.6244717011036,3950.0,3950.0,30,21,0.02996,0.030041250000000002,OK,正常双期限插值,HIST_CLEAN_SURFACE
2025-03-07 00:00:00,2025-03-07,16.2706,0.02647329455603573,2025-03-21,2025-04-18,14,42,0.025939214223997864,0.026606814639045195,3944.0408684740332,3942.9726695881795,3900.0,3900.0,25,21,0.02996,0.030035,OK,正常双期限插值,HIST_CLEAN_SURFACE
2025-03-10 00:00:00,2025-03-10,16.2273,0.02633252252927324,2025-03-21,2025-04-18,11,39,0.029223946909612594,0.025946218867122638,3918.0340620720617,3917.97725284856,3900.0,3900.0,27,21,0.02996,0.03001625,OK,正常双期限插值,HIST_CLEAN_SURFACE
2025-03-11 00:00:00,2025-03-11,16.2886,0.026531994820559162,2025-03-21,2025-04-18,10,38,0.031941549875904245,0.0259625679726281,3929.5453416887967,3922.7764923189884,3900.0,3900.0,29,21,0.02996,0.030010000000000002,OK,正常双期限插值,HIST_CLEAN_SURFACE
2025-03-12 00:00:00,2025-03-12,16.7423,0.028030309884105046,2025-03-21,2025-04-18,9,37,0.03280813529485257,0.027642918634584974,3923.570656959675,3919.514791915421,3900.0,3900.0,30,21,0.02996,0.03000375,OK,正常双期限插值,HIST_CLEAN_SURFACE
2025-03-13 00:00:00,2025-03-13,16.9176,0.028620646010513364,2025-03-21,2025-04-18,8,36,0.03182467474369499,0.028426462450926594,3907.372017202489,3903.0088891160435,3900.0,3900.0,29,21,0.02996,0.0299975,OK,正常双期限插值,HIST_CLEAN_SURFACE
2025-03-14 00:00:00,2025-03-14,18.6058,0.034617730924105014,2025-03-21,2025-04-18,7,35,0.0463034363154165,0.034109656776656685,4012.0068968853107,4008.167040729541,4000.0,4000.0,28,21,0.02996,0.02999125,OK,正常双期限插值,HIST_CLEAN_SURFACE
2025-03-17 00:00:00,2025-03-17,18.4653,0.03409687423506838,2025-04-18,2025-05-16,32,60,0.03385684743515425,0.03217665983575531,3997.5477026919452,4002.4048579097653,3950.0,4000.0,22,21,0.0299725,0.0301475,WARN,期限未夹住30日,HIST_CLEAN_SURFACE
2025-03-18 00:00:00,2025-03-18,18.0651,0.0326348111007821,2025-04-18,2025-05-16,31,59,0.032567907487369846,0.03161538146590725,4007.6924608863173,4008.3545759652334,4000.0,4000.0,22,21,0.02996625,0.03014125,WARN,期限未夹住30日,HIST_CLEAN_SURFACE
2025-03-19 00:00:00,2025-03-19,18.1881,0.0330805302593436,2025-04-18,2025-05-16,30,58,0.0330805302593436,0.03203146666249696,4010.1018730955275,4012.1709078673366,4000.0,4000.0,22,21,0.02996,0.030135000000000002,WARN,期限未夹住30日,HIST_CLEAN_SURFACE
2025-03-20 00:00:00,2025-03-20,17.1533,0.029423625285444958,2025-04-18,2025-05-16,29,57,0.02939928865323497,0.029757933759487307,3976.8355786865577,3980.6342766588314,3950.0,3950.0,22,21,0.02996,0.03012875,OK,正常双期限插值,HIST_CLEAN_SURFACE
2025-03-21 00:00:00,2025-03-21,17.0965,0.02922886113889291,2025-04-18,2025-05-16,28,56,0.02927946741689552,0.028899920331875932,3911.2355305645965,3912.2019237065115,3900.0,3900.0,22,21,0.02996,0.0301225,OK,正常双期限插值,HIST_CLEAN_SURFACE
2025-03-24 00:00:00,2025-03-24,16.0986,0.025916409774991604,2025-04-18,2025-05-16,25,53,0.025830692372510334,0.026102400365281154,3929.665808523964,3925.6069934484026,3900.0,3900.0,22,21,0.02996,0.030103750000000002,OK,正常双期限插值,HIST_CLEAN_SURFACE
2025-03-25 00:00:00,2025-03-25,15.6184,0.024393583363878448,2025-04-18,2025-05-16,24,52,0.024503896865594756,0.02420689897635854,3932.11688699737,3926.600146947461,3900.0,3900.0,22,21,0.02996,0.0300975,OK,正常双期限插值,HIST_CLEAN_SURFACE
2025-03-26 00:00:00,2025-03-26,15.3548,0.02357707963235182,2025-04-18,2025-05-16,23,51,0.02348730069516359,0.023698545253253538,3917.743841349888,3918.1293847753086,3900.0,3900.0,22,21,0.02996,0.03009125,OK,正常双期限插值,HIST_CLEAN_SURFACE
2025-03-27 00:00:00,2025-03-27,15.0338,0.022601385439729543,2025-04-18,2025-05-16,22,50,0.022675562685900902,0.022519790468941044,3931.642401530352,3927.419291012011,3900.0,3900.0,22,21,0.02996,0.030085,OK,正常双期限插值,HIST_CLEAN_SURFACE
2025-03-28 00:00:00,2025-03-28,15.3133,0.02344960298408514,2025-04-18,2025-05-16,21,49,0.02371100653121865,0.02321309501286911,3912.905304429694,3914.2054507682383,3900.0,3900.0,22,21,0.02996,0.03007875,OK,正常双期限插值,HIST_CLEAN_SURFACE
2025-03-31 00:00:00,2025-03-31,16.1156,0.025971181788489908,2025-04-18,2025-05-16,18,46,0.027247276533501737,0.025305393225875036,3887.3289314315352,3884.986989215098,3850.0,3850.0,22,21,0.02996,0.03006,OK,正常双期限插值,HIST_CLEAN_SURFACE
2025-04-01 00:00:00,2025-04-01,15.7127,0.02468885194949156,2025-04-18,2025-05-16,17,45,0.025652803879412434,0.02426866777491066,3886.3639813484324,3883.0138310505276,3850.0,3850.0,22,21,0.02996,0.03005375,OK,正常双期限插值,HIST_CLEAN_SURFACE
2025-04-02 00:00:00,2025-04-02,15.826,0.02504610594725388,2025-04-18,2025-05-16,16,44,0.026310361447167092,0.02458637667455816,3885.1275055414367,3881.934682817726,3850.0,3850.0,22,21,0.02996,0.0300475,OK,正常双期限插值,HIST_CLEAN_SURFACE
2025-04-03 00:00:00,2025-04-03,16.4203,0.026962552895042086,2025-04-18,2025-05-16,15,43,0.028852170798495554,0.02639127306376545,3863.5415488677513,3858.3396447192868,3850.0,3850.0,22,21,0.02996,0.030041250000000002,OK,正常双期限插值,HIST_CLEAN_SURFACE
2025-04-07 00:00:00,2025-04-07,29.6436,0.08787429050999156,2025-04-18,2025-05-16,11,39,0.1900038328173531,0.07422945287378535,3501.1090603129633,3483.7679989714165,3500.0,3450.0,22,21,0.02996,0.03001625,WARN,"正常双期限插值；期限质量 near=WARN, next=WARN",HIST_CLEAN_SURFACE
2025-04-08 00:00:00,2025-04-08,27.5564,0.07593542303674677,2025-04-18,2025-05-16,10,38,0.12659848214354189,0.07060246944655782,3598.8653512610376,3584.6897020897154,3550.0,3550.0,26,26,0.02996,0.030010000000000002,OK,正常双期限插值,HIST_CLEAN_SURFACE
2025-04-09 00:00:00,2025-04-09,25.8111,0.06662116403942794,2025-04-18,2025-05-16,9,37,0.09767942673330404,0.06410292652370825,3650.203307633677,3639.5626988012796,3650.0,3600.0,26,26,0.02996,0.03000375,OK,正常双期限插值,HIST_CLEAN_SURFACE
2025-04-10 00:00:00,2025-04-10,22.3573,0.04998507269066114,2025-04-18,2025-05-16,8,36,0.0713051678365787,0.04869294571212068,3709.500901864731,3699.0295488938195,3700.0,3650.0,26,26,0.02996,0.0299975,OK,正常双期限插值,HIST_CLEAN_SURFACE
2025-04-11 00:00:00,2025-04-11,21.7254,0.04719924986299193,2025-04-18,2025-05-16,7,35,0.06527140620201206,0.04641350393520845,3734.152413858974,3722.5519375370723,3700.0,3700.0,26,26,0.02996,0.02999125,OK,正常双期限插值,HIST_CLEAN_SURFACE
2025-04-14 00:00:00,2025-04-14,19.0833,0.03641724410505382,2025-05-16,2025-06-20,32,67,0.037136530170694695,0.042772726953701615,3730.6741389108897,3702.86316090551,3700.0,3700.0,26,32,0.0299725,0.03019125,WARN,期限未夹住30日,HIST_CLEAN_SURFACE
2025-04-15 00:00:00,2025-04-15,18.5168,0.03428724713904688,2025-05-16,2025-06-20,31,66,0.034608733457002175,0.03972328851538191,3725.364067564202,3693.476777295178,3700.0,3650.0,26,32,0.02996625,0.030185,WARN,期限未夹住30日,HIST_CLEAN_SURFACE
2025-04-16 00:00:00,2025-04-16,18.8763,0.035631345833052185,2025-05-16,2025-06-20,30,65,0.035631345833052185,0.04190390960597709,3727.5476814545777,3691.00345792426,3700.0,3650.0,26,32,0.02996,0.03017875,WARN,期限未夹住30日,HIST_CLEAN_SURFACE
2025-04-17 00:00:00,2025-04-17,18.9278,0.035826172495930786,2025-05-16,2025-06-20,29,64,0.03554004513979275,0.040234322076432225,3741.467798524851,3715.152296818566,3700.0,3700.0,26,32,0.02996,0.0301725,OK,正常双期限插值,HIST_CLEAN_SURFACE
2025-04-18 00:00:00,2025-04-18,18.8219,0.03542650958543772,2025-05-16,2025-06-20,28,63,0.034692341163145055,0.040810411348917254,3744.4725276753115,3719.1633373105437,3700.0,3700.0,26,32,0.02996,0.030166250000000002,OK,正常双期限插值,HIST_CLEAN_SURFACE
2025-04-21 00:00:00,2025-04-21,18.7806,0.035271087771000555,2025-05-16,2025-06-20,25,60,0.03415112188303454,0.03807100249091559,3762.7285905224126,3739.132884867062,3750.0,3700.0,26,32,0.02996,0.0301475,OK,正常双期限插值,HIST_CLEAN_SURFACE
2025-04-22 00:00:00,2025-04-22,18.6785,0.03488849059451409,2025-05-16,2025-06-20,24,59,0.0331189161038845,0.03836765399981971,3764.236060262634,3739.574699630654,3750.0,3700.0,26,32,0.02996,0.03014125,OK,正常双期限插值,HIST_CLEAN_SURFACE
2025-04-23 00:00:00,2025-04-23,18.4525,0.03404941682340134,2025-05-16,2025-06-20,23,58,0.0322777615879635,0.0368596285761648,3769.327051908782,3740.8924951767644,3750.0,3700.0,26,32,0.02996,0.030135000000000002,OK,正常双期限插值,HIST_CLEAN_SURFACE
2025-04-24 00:00:00,2025-04-24,18.3388,0.03363129657152816,2025-05-16,2025-06-20,22,57,0.032244656432641385,0.03543757780507805,3770.6004742899436,3739.437243602264,3750.0,3700.0,26,32,0.02996,0.03012875,OK,正常双期限插值,HIST_CLEAN_SURFACE
2025-04-25 00:00:00,2025-04-25,18.5657,0.034468501486225656,2025-05-16,2025-06-20,21,56,0.03230204324206764,0.03681549791739684,3772.549033856484,3741.3908478762705,3750.0,3700.0,26,32,0.02996,0.0301225,OK,正常双期限插值,HIST_CLEAN_SURFACE
2025-04-28 00:00:00,2025-04-28,18.9924,0.03607102265826101,2025-05-16,2025-06-20,18,53,0.03473474934789566,0.036940860945196954,3766.6666487236757,3733.7471947863023,3750.0,3700.0,26,32,0.02996,0.030103750000000002,OK,正常双期限插值,HIST_CLEAN_SURFACE
2025-04-29 00:00:00,2025-04-29,19.4212,0.03771836710071317,2025-05-16,2025-06-20,17,52,0.03629847606165772,0.03850392811936219,3757.721647487024,3725.146014911625,3750.0,3700.0,26,32,0.02996,0.0300975,OK,正常双期限插值,HIST_CLEAN_SURFACE
2025-04-30 00:00:00,2025-04-30,20.3415,0.04137783983929065,2025-05-16,2025-06-20,16,51,0.04125417166077843,0.04143603662917875,3752.9461060074655,3723.721521991323,3750.0,3700.0,26,32,0.02996,0.03009125,OK,正常双期限插值,HIST_CLEAN_SURFACE
2025-05-06 00:00:00,2025-05-06,17.6883,0.03128747737986943,2025-05-16,2025-06-20,10,45,0.030798642114235338,0.031368949924141784,3799.240401017107,3769.241001020185,3750.0,3750.0,26,32,0.02996,0.03005375,OK,正常双期限插值,HIST_CLEAN_SURFACE
2025-05-07 00:00:00,2025-05-07,17.1578,0.029439120933443853,2025-05-16,2025-06-20,9,44,0.029481777484808003,0.029433304130985098,3817.514034093442,3782.005002688507,3800.0,3750.0,26,32,0.02996,0.0300475,OK,正常双期限插值,HIST_CLEAN_SURFACE
2025-05-08 00:00:00,2025-05-08,17.148,0.029405246310110926,2025-05-16,2025-06-20,8,43,0.029344622475623094,0.02941191108684109,3844.835192364538,3817.5267759498465,3800.0,3800.0,26,32,0.02996,0.030041250000000002,OK,正常双期限插值,HIST_CLEAN_SURFACE
2025-05-09 00:00:00,2025-05-09,17.2337,0.029700066933959945,2025-05-16,2025-06-20,7,42,0.030657740326469667,0.029616790986785185,3839.7654006253615,3808.7133749083387,3800.0,3800.0,26,32,0.02996,0.030035,OK,正常双期限插值,HIST_CLEAN_SURFACE
2025-05-12 00:00:00,2025-05-12,19.199,0.03686030494878613,2025-06-20,2025-07-18,39,67,0.032782831151278134,0.02710276814977448,3855.8586559676037,3823.685725042528,3850.0,3800.0,32,19,0.03001625,0.03019125,WARN,期限未夹住30日,HIST_CLEAN_SURFACE
2025-05-13 00:00:00,2025-05-13,16.5323,0.027331832824591583,2025-06-20,2025-07-18,38,66,0.02650102251260953,0.025179278834456257,3854.3723605404853,3826.6564492475836,3850.0,3800.0,32,20,0.030010000000000002,0.030185,WARN,期限未夹住30日,HIST_CLEAN_SURFACE
2025-05-14 00:00:00,2025-05-14,18.4973,0.03421483197222224,2025-06-20,2025-07-18,37,65,0.032146663694272486,0.02832850687344217,3910.3477902923023,3880.909622563926,3900.0,3850.0,32,20,0.03000375,0.03017875,WARN,期限未夹住30日,HIST_CLEAN_SURFACE
2025-05-15 00:00:00,2025-05-15,17.1628,0.02945630879875723,2025-06-20,2025-07-18,36,64,0.029055363409642206,0.02817829537095309,3876.324099282574,3845.5852226461084,3850.0,3800.0,31,21,0.0299975,0.0301725,WARN,期限未夹住30日,HIST_CLEAN_SURFACE
2025-05-16 00:00:00,2025-05-16,16.3228,0.02664340428895846,2025-06-20,2025-07-18,35,63,0.026573614286796415,0.026387507614364297,3850.3027591220275,3819.7104285056625,3850.0,3800.0,31,21,0.02999125,0.030166250000000002,WARN,期限未夹住30日,HIST_CLEAN_SURFACE
2025-05-19 00:00:00,2025-05-19,15.993,0.02557760437690678,2025-06-20,2025-07-18,32,60,0.02544002071922267,0.02447693511543394,3844.779857907331,3806.089577029662,3800.0,3800.0,32,21,0.0299725,0.0301475,WARN,期限未夹住30日,HIST_CLEAN_SURFACE
2025-05-20 00:00:00,2025-05-20,16.3824,0.026838263849027523,2025-06-20,2025-07-18,31,59,0.026797368326844567,0.026215126994070317,3866.7276288164603,3828.4522566746123,3850.0,3800.0,32,21,0.02996625,0.03014125,WARN,期限未夹住30日,HIST_CLEAN_SURFACE
2025-05-21 00:00:00,2025-05-21,16.2508,0.026408981319985595,2025-06-20,2025-07-18,30,58,0.026408981319985595,0.025521893978649613,3883.5902731671795,3843.8761393202276,3850.0,3800.0,32,21,0.02996,0.030135000000000002,WARN,期限未夹住30日,HIST_CLEAN_SURFACE
2025-05-22 00:00:00,2025-05-22,16.86,0.02842603216306695,2025-06-20,2025-07-18,29,57,0.028562906482130838,0.02654581125382087,3879.292125389503,3841.6568648316374,3850.0,3800.0,32,21,0.02996,0.03012875,OK,正常双期限插值,HIST_CLEAN_SURFACE
2025-05-23 00:00:00,2025-05-23,16.3244,0.02664864565275777,2025-06-20,2025-07-18,28,56,0.02666990515862751,0.02651045886460446,3849.1060527218588,3814.7415492857244,3800.0,3800.0,32,21,0.02996,0.0301225,OK,正常双期限插值,HIST_CLEAN_SURFACE
2025-05-26 00:00:00,2025-05-26,16.7127,0.027931594665280644,2025-06-20,2025-07-18,25,53,0.028979423247680824,0.025658004344978363,3834.2413923309787,3792.1345438771914,3800.0,3750.0,32,21,0.02996,0.030103750000000002,OK,正常双期限插值,HIST_CLEAN_SURFACE
2025-05-27 00:00:00,2025-05-27,16.5457,0.027376053235865085,2025-06-20,2025-07-18,24,52,0.028495999425462635,0.025480759684238467,3812.012315202296,3778.0804785410637,3800.0,3750.0,32,21,0.02996,0.0300975,OK,正常双期限插值,HIST_CLEAN_SURFACE
2025-05-28 00:00:00,2025-05-28,16.7701,0.028123781087736752,2025-06-20,2025-07-18,23,51,0.029480251038097493,0.026288557037248684,3808.5275847254547,3771.2991501406495,3800.0,3750.0,32,21,0.02996,0.03009125,OK,正常双期限插值,HIST_CLEAN_SURFACE
2025-05-29 00:00:00,2025-05-29,15.9904,0.025569316185247836,2025-06-20,2025-07-18,22,50,0.0262705862906421,0.024797919069314143,3836.7686820187564,3804.0357708237284,3800.0,3800.0,32,21,0.02996,0.030085,OK,正常双期限插值,HIST_CLEAN_SURFACE
2025-05-30 00:00:00,2025-05-30,15.9262,0.025364378593636487,2025-06-20,2025-07-18,21,49,0.027038857122297456,0.02384937421056228,3821.46474334023,3785.5477253340523,3800.0,3750.0,32,21,0.02996,0.03007875,OK,正常双期限插值,HIST_CLEAN_SURFACE
2025-06-03 00:00:00,2025-06-03,15.3109,0.023442283836622016,2025-06-20,2025-07-18,17,45,0.024131180412061165,0.023141995585789565,3826.2088397599805,3790.0885911234946,3800.0,3750.0,32,21,0.02996,0.03005375,OK,正常双期限插值,HIST_CLEAN_SURFACE
2025-06-04 00:00:00,2025-06-04,15.2708,0.023319785706933834,2025-06-20,2025-07-18,16,44,0.024592740270331793,0.022856893138425486,3844.5913068823115,3807.061868411991,3800.0,3800.0,30,21,0.02996,0.0300475,OK,正常双期限插值,HIST_CLEAN_SURFACE
2025-06-05 00:00:00,2025-06-05,15.4317,0.023813697420306326,2025-06-20,2025-07-18,15,43,0.024471350227396257,0.02361487215304658,3855.1282316882475,3819.381740419605,3850.0,3800.0,31,21,0.02996,0.030041250000000002,OK,正常双期限插值,HIST_CLEAN_SURFACE
2025-06-06 00:00:00,2025-06-06,15.262,0.02329278920258991,2025-06-20,2025-07-18,14,42,0.023714859568721394,0.023187271611057037,3857.465999163544,3820.5206474314828,3850.0,3800.0,32,21,0.02996,0.030035,OK,正常双期限插值,HIST_CLEAN_SURFACE
2025-06-09 00:00:00,2025-06-09,15.3659,0.02361109215796997,2025-06-20,2025-07-18,11,39,0.025428779762440915,0.023368243206765345,3870.6917356309027,3835.5302520534287,3850.0,3800.0,31,21,0.02996,0.03001625,OK,正常双期限插值,HIST_CLEAN_SURFACE
2025-06-10 00:00:00,2025-06-10,15.6089,0.024363846007028653,2025-06-20,2025-07-18,10,38,0.026928515776474756,0.024093880768139588,3845.8870398872723,3811.349416006559,3800.0,3800.0,32,21,0.02996,0.030010000000000002,OK,正常双期限插值,HIST_CLEAN_SURFACE
2025-06-11 00:00:00,2025-06-11,15.7724,0.024876810977464008,2025-06-20,2025-07-18,9,37,0.028301452027112876,0.024599137378843828,3879.7222253927025,3844.016592953229,3850.0,3800.0,32,21,0.02996,0.03000375,OK,正常双期限插值,HIST_CLEAN_SURFACE
2025-06-12 00:00:00,2025-06-12,15.8106,0.024997477334280743,2025-06-20,2025-07-18,8,36,0.026359877076846443,0.024914907652913126,3881.7291142277422,3840.449615669981,3850.0,3800.0,31,20,0.02996,0.0299975,OK,正常双期限插值,HIST_CLEAN_SURFACE
2025-06-13 00:00:00,2025-06-13,16.4625,0.027101231150213817,2025-06-20,2025-07-18,7,35,0.03081221632684039,0.02693988396862136,3854.5157311606304,3813.4306808395295,3850.0,3800.0,32,21,0.02996,0.02999125,OK,正常双期限插值,HIST_CLEAN_SURFACE
2025-06-16 00:00:00,2025-06-16,16.0666,0.025813484397164337,2025-07-18,2025-08-15,32,60,0.025816889832814056,0.025840727882362125,3833.086828990339,3815.4191793547293,3800.0,3800.0,21,19,0.0299725,0.0301475,WARN,期限未夹住30日,HIST_CLEAN_SURFACE
2025-06-17 00:00:00,2025-06-17,15.8457,0.02510846252363525,2025-07-18,2025-08-15,31,59,0.02515513736068896,0.025819660464504457,3829.434540154221,3813.2068891065665,3800.0,3800.0,21,19,0.02996625,0.03014125,WARN,期限未夹住30日,HIST_CLEAN_SURFACE
2025-06-18 00:00:00,2025-06-18,16.3592,0.026762486851383476,2025-07-18,2025-08-15,30,58,0.026762486851383476,0.026605810348165317,3832.6312979507934,3822.036247787207,3800.0,3800.0,21,19,0.02996,0.030135000000000002,WARN,期限未夹住30日,HIST_CLEAN_SURFACE
2025-06-19 00:00:00,2025-06-19,16.3829,0.026839985587486927,2025-07-18,2025-08-15,29,57,0.026869919713807863,0.026428785220657162,3799.160874765821,3786.898943061003,3750.0,3750.0,21,19,0.02996,0.03012875,OK,正常双期限插值,HIST_CLEAN_SURFACE
2025-06-20 00:00:00,2025-06-20,15.703,0.02465828837336318,2025-07-18,2025-08-15,28,56,0.024838665044436818,0.023485840011384547,3807.8375218649453,3797.4553334265597,3800.0,3750.0,21,19,0.02996,0.0301225,OK,正常双期限插值,HIST_CLEAN_SURFACE
2025-06-23 00:00:00,2025-06-23,14.8472,0.022044007903646495,2025-07-18,2025-08-15,25,53,0.022234367988206664,0.02163096243714802,3824.563595088402,3811.7410100079715,3800.0,3800.0,21,19,0.02996,0.030103750000000002,OK,正常双期限插值,HIST_CLEAN_SURFACE
2025-06-24 00:00:00,2025-06-24,15.4634,0.023911699207362736,2025-07-18,2025-08-15,24,52,0.024313870442632897,0.023231101732290156,3874.1292982809427,3861.1577063656623,3850.0,3850.0,21,19,0.02996,0.0300975,OK,正常双期限插值,HIST_CLEAN_SURFACE
2025-06-25 00:00:00,2025-06-25,18.6343,0.03472384854872965,2025-07-18,2025-08-15,23,51,0.03638250549440319,0.03247978326928896,3937.682462302202,3922.959715174458,3900.0,3900.0,21,19,0.02996,0.03009125,OK,正常双期限插值,HIST_CLEAN_SURFACE
2025-06-26 00:00:00,2025-06-26,16.5702,0.027457268905113706,2025-07-18,2025-08-15,22,50,0.02787378984088657,0.026999095875763546,3923.758890718647,3914.3651971770246,3900.0,3900.0,22,20,0.02996,0.030085,OK,正常双期限插值,HIST_CLEAN_SURFACE
2025-06-27 00:00:00,2025-06-27,15.7542,0.024819486556526008,2025-07-18,2025-08-15,21,49,0.02476666068828395,0.024867281389697387,3897.1089087801547,3888.559863732332,3850.0,3850.0,22,20,0.02996,0.03007875,OK,正常双期限插值,HIST_CLEAN_SURFACE
2025-06-30 00:00:00,2025-06-30,15.6867,0.024607261232829327,2025-07-18,2025-08-15,18,46,0.02567294099684698,0.024051254399428807,3911.2689985684165,3901.003795568556,3900.0,3900.0,22,20,0.02996,0.03006,OK,正常双期限插值,HIST_CLEAN_SURFACE
2025-07-01 00:00:00,2025-07-01,14.9863,0.022459046276674582,2025-07-18,2025-08-15,17,45,0.022742501699299537,0.02233548878476114,3915.0451365280824,3902.566695436157,3900.0,3900.0,22,20,0.02996,0.03005375,OK,正常双期限插值,HIST_CLEAN_SURFACE
2025-07-02 00:00:00,2025-07-02,14.7819,0.021850388697107807,2025-07-18,2025-08-15,16,44,0.02128887407680911,0.022054575831761878,3922.442958568071,3907.865459210198,3900.0,3900.0,22,20,0.02996,0.0300475,OK,正常双期限插值,HIST_CLEAN_SURFACE
2025-07-03 00:00:00,2025-07-03,15.0706,0.02271244732197102,2025-07-18,2025-08-15,15,43,0.02284358224585996,0.02267280187986506,3946.862094879004,3930.462422838008,3900.0,3900.0,22,20,0.02996,0.030041250000000002,OK,正常双期限插值,HIST_CLEAN_SURFACE
2025-07-04 00:00:00,2025-07-04,14.8313,0.021996706975683428,2025-07-18,2025-08-15,14,42,0.021015080665024062,0.02224211355334827,3964.8437565023605,3949.9785591258,3950.0,3900.0,22,20,0.02996,0.030035,OK,正常双期限插值,HIST_CLEAN_SURFACE
2025-07-07 00:00:00,2025-07-07,15.6653,0.024540058671124784,2025-07-18,2025-08-15,11,39,0.025605270163693628,0.02439774296563988,3947.3718568133922,3934.265587509535,3900.0,3900.0,22,20,0.02996,0.03001625,OK,正常双期限插值,HIST_CLEAN_SURFACE
2025-07-08 00:00:00,2025-07-08,16.5703,0.027457569608891418,2025-07-18,2025-08-15,10,38,0.029207234600720288,0.027273394346593635,3983.4208515080054,3968.3798117421115,3950.0,3950.0,22,20,0.02996,0.030010000000000002,OK,正常双期限插值,HIST_CLEAN_SURFACE
2025-07-09 00:00:00,2025-07-09,16.4364,0.027015369178109334,2025-07-18,2025-08-15,9,37,0.02674431501484571,0.027037346542698276,3980.3300017982624,3966.8994785017226,3950.0,3950.0,22,19,0.02996,0.03000375,OK,正常双期限插值,HIST_CLEAN_SURFACE
2025-07-10 00:00:00,2025-07-10,16.9338,0.028675210287447937,2025-07-18,2025-08-15,8,36,0.02686203365916153,0.02878509978007135,3999.9806705885003,3986.370278620483,3950.0,3950.0,22,20,0.02996,0.0299975,OK,正常双期限插值,HIST_CLEAN_SURFACE
2025-07-11 00:00:00,2025-07-11,17.7997,0.031682874704771255,2025-07-18,2025-08-15,7,35,0.02815256629765109,0.03183636637464605,4015.400387258851,4004.325246800027,4000.0,4000.0,23,21,0.02996,0.02999125,OK,正常双期限插值,HIST_CLEAN_SURFACE
2025-07-14 00:00:00,2025-07-14,17.6381,0.031110138916535333,2025-08-15,2025-09-19,32,67,0.031563020278918594,0.03511171752147396,3999.5363556111474,3992.8075875002833,3950.0,3950.0,21,26,0.0299725,0.03019125,WARN,期限未夹住30日,HIST_CLEAN_SURFACE
2025-07-15 00:00:00,2025-07-15,16.7844,0.028171462408438437,2025-08-15,2025-09-19,31,66,0.02854481783683572,0.03448456328861061,3996.944412791248,3988.007092377499,3950.0,3950.0,21,26,0.02996625,0.030185,WARN,期限未夹住30日,HIST_CLEAN_SURFACE
2025-07-16 00:00:00,2025-07-16,16.6594,0.02775365809342197,2025-08-15,2025-09-19,30,65,0.02775365809342197,0.03181687045680524,3989.3738656988094,3980.3459057619953,3950.0,3950.0,21,26,0.02996,0.03017875,WARN,期限未夹住30日,HIST_CLEAN_SURFACE
2025-07-17 00:00:00,2025-07-17,16.9325,0.028670907790032635,2025-08-15,2025-09-19,29,64,0.028437275374235835,0.03227030719590205,4025.5113106959316,4010.201392059337,4000.0,4000.0,21,26,0.02996,0.0301725,OK,正常双期限插值,HIST_CLEAN_SURFACE
2025-07-18 00:00:00,2025-07-18,16.8484,0.02838688820851889,2025-08-15,2025-09-19,28,63,0.02797219665852744,0.031427959575122864,4056.6236374137475,4046.924365191596,4050.0,4000.0,21,26,0.02996,0.030166250000000002,OK,正常双期限插值,HIST_CLEAN_SURFACE
2025-07-21 00:00:00,2025-07-21,17.6851,0.03127642843303777,2025-08-15,2025-09-19,25,60,0.030660625865597646,0.03281593485163808,4079.0098926593582,4070.8559264490536,4050.0,4050.0,22,26,0.02996,0.0301475,OK,正常双期限插值,HIST_CLEAN_SURFACE
2025-07-22 00:00:00,2025-07-22,18.0869,0.03271362698844789,2025-08-15,2025-09-19,24,59,0.03224953885207415,0.03362607145996237,4117.370704515206,4107.120638180988,4100.0,4100.0,22,26,0.02996,0.03014125,OK,正常双期限插值,HIST_CLEAN_SURFACE
2025-07-23 00:00:00,2025-07-23,19.3144,0.037304703500450814,2025-08-15,2025-09-19,23,58,0.03700956352315427,0.03777285656788669,4118.43808701575,4113.297120432962,4100.0,4100.0,23,27,0.02996,0.030135000000000002,OK,正常双期限插值,HIST_CLEAN_SURFACE
2025-07-24 00:00:00,2025-07-24,19.5217,0.03810969402598742,2025-08-15,2025-09-19,22,57,0.037748734329778204,0.03857989152499679,4150.711328180733,4145.880005617852,4150.0,4100.0,23,26,0.02996,0.03012875,OK,正常双期限插值,HIST_CLEAN_SURFACE
2025-07-25 00:00:00,2025-07-25,19.4155,0.03769602058388928,2025-08-15,2025-09-19,21,56,0.03700437148144734,0.03844530711153471,4126.6737144452145,4121.468444667814,4100.0,4100.0,24,27,0.02996,0.0301225,OK,正常双期限插值,HIST_CLEAN_SURFACE
2025-07-28 00:00:00,2025-07-28,19.4663,0.03789376888935659,2025-08-15,2025-09-19,18,53,0.036948646057789775,0.03850899035518782,4135.296261398706,4125.109519930283,4100.0,4100.0,24,27,0.02996,0.030103750000000002,OK,正常双期限插值,HIST_CLEAN_SURFACE
2025-07-29 00:00:00,2025-07-29,19.4837,0.03796161530021721,2025-08-15,2025-09-19,17,52,0.03644083125515056,0.03880299582219195,4153.095602830448,4142.755067064055,4150.0,4100.0,24,27,0.02996,0.0300975,OK,正常双期限插值,HIST_CLEAN_SURFACE
2025-07-30 00:00:00,2025-07-30,18.5659,0.03446942131281023,2025-08-15,2025-09-19,16,51,0.03194280092400448,0.03565841914283646,4147.113396638902,4141.153095799407,4100.0,4100.0,24,27,0.02996,0.03009125,OK,正常双期限插值,HIST_CLEAN_SURFACE
2025-07-31 00:00:00,2025-07-31,18.7795,0.03526690094947187,2025-08-15,2025-09-19,15,50,0.03198617143440841,0.03657919275549726,4067.985771037603,4057.620064211162,4050.0,4050.0,24,27,0.02996,0.030085,OK,正常双期限插值,HIST_CLEAN_SURFACE
2025-08-01 00:00:00,2025-08-01,17.8996,0.032039594545412164,2025-08-15,2025-09-19,14,49,0.02793785237345623,0.03343125706804007,4045.607714131441,4037.978311398416,4000.0,4000.0,24,27,0.02996,0.03007875,OK,正常双期限插值,HIST_CLEAN_SURFACE
2025-08-04 00:00:00,2025-08-04,17.4927,0.03059935703174218,2025-08-15,2025-09-19,11,46,0.02657760998811576,0.03140922828995528,4065.708653896497,4055.100964884449,4050.0,4050.0,24,27,0.02996,0.03006,OK,正常双期限插值,HIST_CLEAN_SURFACE
2025-08-05 00:00:00,2025-08-05,17.2807,0.02986242588420833,2025-08-15,2025-09-19,10,45,0.022865566845661992,0.031028569057299383,4097.179240641531,4088.3115314863758,4050.0,4050.0,24,26,0.02996,0.03005375,OK,正常双期限插值,HIST_CLEAN_SURFACE
2025-08-06 00:00:00,2025-08-06,17.5169,0.03068423085103367,2025-08-15,2025-09-19,9,44,0.025336273556944906,0.03141349775477304,4110.398689826427,4102.2134161714075,4100.0,4100.0,24,27,0.02996,0.0300475,OK,正常双期限插值,HIST_CLEAN_SURFACE
2025-08-07 00:00:00,2025-08-07,17.5245,0.030710927826831706,2025-08-15,2025-09-19,8,43,0.02494657339379857,0.03134464121059011,4103.543305815822,4096.50069927436,4100.0,4050.0,24,27,0.02996,0.030041250000000002,OK,正常双期限插值,HIST_CLEAN_SURFACE
2025-08-08 00:00:00,2025-08-08,17.0123,0.028941694424225645,2025-08-15,2025-09-19,7,42,0.023169234488447397,0.029443647462119405,4102.152145338249,4090.7860007933436,4100.0,4050.0,24,27,0.02996,0.030035,OK,正常双期限插值,HIST_CLEAN_SURFACE
2025-08-11 00:00:00,2025-08-11,17.5963,0.030963005231474744,2025-09-19,2025-10-17,39,67,0.02962812863897929,0.02776859905739358,4111.289002114254,4112.349857980304,4100.0,4100.0,27,21,0.03001625,0.03019125,WARN,期限未夹住30日,HIST_CLEAN_SURFACE
2025-08-12 00:00:00,2025-08-12,18.1715,0.033020228070532565,2025-09-19,2025-10-17,38,66,0.030562110985457178,0.026651470168291797,4132.583460791085,4125.248787002495,4100.0,4100.0,27,21,0.030010000000000002,0.030185,WARN,期限未夹住30日,HIST_CLEAN_SURFACE
2025-08-13 00:00:00,2025-08-13,19.7821,0.03913298062366436,2025-09-19,2025-10-17,37,65,0.03607778048672044,0.03043741100313166,4173.5195828013775,4168.092734786381,4150.0,4150.0,27,21,0.03000375,0.03017875,WARN,期限未夹住30日,HIST_CLEAN_SURFACE
2025-08-14 00:00:00,2025-08-14,18.9721,0.03599410711749467,2025-09-19,2025-10-17,36,64,0.03469402733202823,0.0318501028013204,4166.99870337427,4170.691112468275,4150.0,4150.0,26,21,0.0299975,0.0301725,WARN,期限未夹住30日,HIST_CLEAN_SURFACE
2025-08-15 00:00:00,2025-08-15,21.4312,0.04592950350646469,2025-09-19,2025-10-17,35,63,0.043011155364373346,0.035228893652129736,4211.846219611139,4208.443850992243,4200.0,4200.0,27,21,0.02999125,0.030166250000000002,WARN,期限未夹住30日,HIST_CLEAN_SURFACE
2025-08-18 00:00:00,2025-08-18,22.2117,0.04933616398777919,2025-09-19,2025-10-17,32,60,0.04821299154947896,0.04035078448137738,4244.385265383457,4240.156275512559,4200.0,4200.0,28,22,0.0299725,0.0301475,WARN,期限未夹住30日,HIST_CLEAN_SURFACE
2025-08-19 00:00:00,2025-08-19,20.4908,0.04198722047053414,2025-09-19,2025-10-17,31,59,0.041865571403994065,0.04013361859223708,4222.1291566976215,4220.5428592899225,4200.0,4200.0,28,23,0.02996625,0.03014125,WARN,期限未夹住30日,HIST_CLEAN_SURFACE
2025-08-20 00:00:00,2025-08-20,21.2032,0.04495741270432379,2025-09-19,2025-10-17,30,58,0.04495741270432379,0.04042181238509422,4276.1261992642085,4267.846398115456,4250.0,4250.0,28,23,0.02996,0.030135000000000002,WARN,期限未夹住30日,HIST_CLEAN_SURFACE
2025-08-21 00:00:00,2025-08-21,20.3845,0.041552930384946146,2025-09-19,2025-10-17,29,57,0.04173299520671063,0.039079408359655,4285.766158291281,4279.993789858769,4250.0,4250.0,28,23,0.02996,0.03012875,OK,正常双期限插值,HIST_CLEAN_SURFACE
2025-08-22 00:00:00,2025-08-22,21.3203,0.045455334800250324,2025-09-19,2025-10-17,28,56,0.04613969372276936,0.04100700180387655,4389.383988763382,4385.965833834235,4350.0,4350.0,29,24,0.02996,0.0301225,OK,正常双期限插值,HIST_CLEAN_SURFACE
2025-08-25 00:00:00,2025-08-25,24.6483,0.06075404586935895,2025-09-19,2025-10-17,25,53,0.06466541960909677,0.052267102849173123,4475.344462284535,4469.539478569283,4450.0,4450.0,31,26,0.02996,0.030103750000000002,OK,正常双期限插值,HIST_CLEAN_SURFACE
2025-08-26 00:00:00,2025-08-26,24.4571,0.05981502027429764,2025-09-19,2025-10-17,24,52,0.06329165381941097,0.053931486582567384,4453.000739715153,4451.350039741576,4450.0,4450.0,33,28,0.02996,0.0300975,OK,正常双期限插值,HIST_CLEAN_SURFACE
2025-08-27 00:00:00,2025-08-27,23.0729,0.05323565283756585,2025-09-19,2025-10-17,23,51,0.055480424906415006,0.050198608273828736,4385.973544569628,4384.036940547493,4350.0,4350.0,33,28,0.02996,0.03009125,OK,正常双期限插值,HIST_CLEAN_SURFACE
2025-08-28 00:00:00,2025-08-28,24.5875,0.0604546093418249,2025-09-19,2025-10-17,22,50,0.0646493737092345,0.05584036853767433,4465.410945192037,4459.232332684492,4450.0,4450.0,33,28,0.02996,0.030085,OK,正常双期限插值,HIST_CLEAN_SURFACE
2025-08-29 00:00:00,2025-08-29,24.048,0.0578305005227283,2025-09-19,2025-10-17,21,49,0.06135623506528614,0.05464055022231881,4509.416216997472,4504.960283215451,4500.0,4500.0,33,28,0.02996,0.03007875,OK,正常双期限插值,HIST_CLEAN_SURFACE
2025-09-01 00:00:00,2025-09-01,22.746,0.051737914746214086,2025-09-19,2025-10-17,18,46,0.054641346436958366,0.05022308082060836,4514.153043875135,4510.840992140415,4500.0,4500.0,33,28,0.02996,0.03006,OK,正常双期限插值,HIST_CLEAN_SURFACE
2025-09-02 00:00:00,2025-09-02,22.8483,0.052204555378393885,2025-09-19,2025-10-17,17,45,0.05462024698372763,0.051151561601709944,4483.780037172019,4481.245169300248,4450.0,4450.0,34,29,0.02996,0.03005375,OK,正常双期限插值,HIST_CLEAN_SURFACE
2025-09-03 00:00:00,2025-09-03,22.0392,0.04857245982790418,2025-09-19,2025-10-17,16,44,0.04687832839870932,0.04918850762033867,4433.246766863347,4429.209588243584,4400.0,4400.0,34,29,0.02996,0.0300475,OK,正常双期限插值,HIST_CLEAN_SURFACE
2025-09-04 00:00:00,2025-09-04,22.282,0.04964873325591281,2025-09-19,2025-10-17,15,43,0.049819499634736086,0.04959710621115228,4349.337661247551,4349.397872774285,4300.0,4300.0,34,29,0.02996,0.030041250000000002,OK,正常双期限插值,HIST_CLEAN_SURFACE
2025-09-05 00:00:00,2025-09-05,20.8198,0.043346322680223176,2025-09-19,2025-10-17,14,42,0.0425289417831226,0.04355066790449832,4458.761094610555,4452.710173044333,4450.0,4450.0,34,29,0.02996,0.030035,OK,正常双期限插值,HIST_CLEAN_SURFACE
2025-09-08 00:00:00,2025-09-08,20.9287,0.0438011205486148,2025-09-19,2025-10-17,11,39,0.042966432714586784,0.04391263754668331,4455.787322637121,4455.178750474436,4450.0,4450.0,33,29,0.02996,0.03001625,OK,正常双期限插值,HIST_CLEAN_SURFACE
2025-09-09 00:00:00,2025-09-09,20.0168,0.04006708988505684,2025-09-19,2025-10-17,10,38,0.040413141860215766,0.0400306633613559,4427.183314168638,4423.673849463833,4400.0,4400.0,34,29,0.02996,0.030010000000000002,OK,正常双期限插值,HIST_CLEAN_SURFACE
2025-09-10 00:00:00,2025-09-10,18.8598,0.03556928994818481,2025-09-19,2025-10-17,9,37,0.0331063012877494,0.035768991731463355,4434.262224866092,4428.086134748953,4400.0,4400.0,34,29,0.02996,0.03000375,OK,正常双期限插值,HIST_CLEAN_SURFACE
2025-09-11 00:00:00,2025-09-11,20.2619,0.04105455274911324,2025-09-19,2025-10-17,8,36,0.04557025191421859,0.040780874011834126,4558.221914265627,4552.644587619788,4550.0,4550.0,33,29,0.02996,0.0299975,OK,正常双期限插值,HIST_CLEAN_SURFACE
2025-09-12 00:00:00,2025-09-12,20.1278,0.04051294173081671,2025-09-19,2025-10-17,7,35,0.03707270256023365,0.04066251734692901,4523.294666987242,4519.78058285924,4500.0,4500.0,31,30,0.02996,0.02999125,OK,正常双期限插值,HIST_CLEAN_SURFACE
2025-09-15 00:00:00,2025-09-15,20.9025,0.043691435669430845,2025-10-17,2025-11-21,32,67,0.04352057923366347,0.04218177880414295,4524.825743463284,4517.7368439872025,4500.0,4500.0,30,24,0.0299725,0.03019125,WARN,期限未夹住30日,HIST_CLEAN_SURFACE
2025-09-16 00:00:00,2025-09-16,22.0103,0.048445368748817455,2025-10-17,2025-11-21,31,66,0.048209637132754356,0.04445936142265956,4510.835351312099,4505.592054076083,4500.0,4500.0,30,24,0.02996625,0.030185,WARN,期限未夹住30日,HIST_CLEAN_SURFACE
2025-09-17 00:00:00,2025-09-17,22.6117,0.05112893052680814,2025-10-17,2025-11-21,30,65,0.05112893052680815,0.047093355607834765,4546.072250348069,4534.191584641549,4500.0,4500.0,30,24,0.02996,0.03017875,WARN,期限未夹住30日,HIST_CLEAN_SURFACE
2025-09-18 00:00:00,2025-09-18,21.4519,0.0460185179987814,2025-10-17,2025-11-21,29,64,0.04623321182106705,0.04271089129919285,4474.138512951766,4466.320843068041,4450.0,4450.0,30,24,0.02996,0.0301725,OK,正常双期限插值,HIST_CLEAN_SURFACE
2025-09-19 00:00:00,2025-09-19,20.3565,0.04143890579291099,2025-10-17,2025-11-21,28,63,0.0413430428494791,0.04214190071141147,4491.648025379098,4491.8301752246725,4450.0,4450.0,30,24,0.02996,0.030166250000000002,OK,正常双期限插值,HIST_CLEAN_SURFACE
2025-09-22 00:00:00,2025-09-22,20.4775,0.04193291633549646,2025-10-17,2025-11-21,25,60,0.041714811885637464,0.04247817746014395,4510.638708240093,4496.027604739431,4500.0,4450.0,30,24,0.02996,0.0301475,OK,正常双期限插值,HIST_CLEAN_SURFACE
2025-09-23 00:00:00,2025-09-23,20.1381,0.040554431142504656,2025-10-17,2025-11-21,24,59,0.03925148569855699,0.04311615438823225,4508.377979777333,4495.2027272159785,4500.0,4450.0,30,24,0.02996,0.03014125,OK,正常双期限插值,HIST_CLEAN_SURFACE
2025-09-24 00:00:00,2025-09-24,19.1901,0.03682604476458343,2025-10-17,2025-11-21,23,58,0.03435168017146532,0.04075089894677078,4557.350634587369,4543.193653916589,4550.0,4500.0,30,24,0.02996,0.030135000000000002,OK,正常双期限插值,HIST_CLEAN_SURFACE
2025-09-25 00:00:00,2025-09-25,17.9674,0.032282868510152295,2025-10-17,2025-11-21,22,57,0.02935627970532206,0.03609513550591798,4588.973133730676,4577.695302052951,4550.0,4550.0,30,24,0.02996,0.03012875,OK,正常双期限插值,HIST_CLEAN_SURFACE
2025-09-26 00:00:00,2025-09-26,18.1346,0.03288627049597875,2025-10-17,2025-11-21,21,56,0.029130327695811472,0.03695520852949329,4547.910288950155,4538.900012293361,4500.0,4500.0,30,24,0.02996,0.0301225,OK,正常双期限插值,HIST_CLEAN_SURFACE
2025-09-29 00:00:00,2025-09-29,19.0496,0.03628877529999877,2025-10-17,2025-11-21,18,53,0.03137106786480213,0.03948992447951357,4625.539220323327,4614.411501001578,4600.0,4600.0,30,24,0.02996,0.030103750000000002,OK,正常双期限插值,HIST_CLEAN_SURFACE
2025-09-30 00:00:00,2025-09-30,18.7322,0.03508960186885058,2025-10-17,2025-11-21,17,52,0.030140125673655902,0.03782792153897307,4636.748357794512,4629.038020622438,4600.0,4600.0,30,24,0.02996,0.0300975,OK,正常双期限插值,HIST_CLEAN_SURFACE
2025-10-09 00:00:00,2025-10-09,18.0538,0.032594143390844856,2025-10-17,2025-11-21,8,43,0.0284385644728146,0.03305099350445494,4710.173856447394,4703.088867380696,4700.0,4700.0,31,25,0.02996,0.030041250000000002,OK,正常双期限插值,HIST_CLEAN_SURFACE
2025-10-10 00:00:00,2025-10-10,19.2997,0.03724795475173235,2025-10-17,2025-11-21,7,42,0.032658464593742935,0.03764704085242707,4615.351376958564,4610.771959502623,4600.0,4600.0,31,25,0.02996,0.030035,OK,正常双期限插值,HIST_CLEAN_SURFACE
2025-10-13 00:00:00,2025-10-13,19.8836,0.039535633264154726,2025-11-21,2025-12-19,39,67,0.04389606111955815,0.04997028897783158,4579.644322089198,4572.599589522935,4550.0,4550.0,25,31,0.03001625,0.03019125,WARN,期限未夹住30日,HIST_CLEAN_SURFACE
2025-10-14 00:00:00,2025-10-14,21.0384,0.04426130021869867,2025-11-21,2025-12-19,38,66,0.04785125189193864,0.05356253864482041,4524.655492877864,4515.248479010516,4500.0,4500.0,25,31,0.030010000000000002,0.030185,WARN,期限未夹住30日,HIST_CLEAN_SURFACE
2025-10-15 00:00:00,2025-10-15,18.6968,0.03495699652120443,2025-11-21,2025-12-19,37,65,0.03955984626415766,0.04805741502037902,4595.787206354765,4588.664197905728,4550.0,4550.0,25,31,0.03000375,0.03017875,WARN,期限未夹住30日,HIST_CLEAN_SURFACE
2025-10-16 00:00:00,2025-10-16,18.951,0.03591403919868615,2025-11-21,2025-12-19,36,64,0.03918425474784703,0.046337851261636455,4604.276434955311,4595.741386880839,4600.0,4550.0,25,30,0.0299975,0.0301725,WARN,期限未夹住30日,HIST_CLEAN_SURFACE
2025-10-17 00:00:00,2025-10-17,19.9385,0.039754554254617845,2025-11-21,2025-12-19,35,63,0.043228330928870955,0.05249173539354588,4497.446976230534,4486.954846650036,4450.0,4450.0,25,31,0.02999125,0.030166250000000002,WARN,期限未夹住30日,HIST_CLEAN_SURFACE
2025-10-20 00:00:00,2025-10-20,19.8173,0.03927248491891201,2025-11-21,2025-12-19,32,60,0.04026324769568189,0.047198587133071054,4525.527984359984,4518.686559468724,4500.0,4500.0,25,31,0.0299725,0.0301475,WARN,期限未夹住30日,HIST_CLEAN_SURFACE
2025-10-21 00:00:00,2025-10-21,18.5783,0.03451524087875872,2025-11-21,2025-12-19,31,59,0.03506771305717926,0.04293341864825137,4591.5945075562795,4582.9501289935,4550.0,4550.0,25,31,0.02996625,0.03014125,WARN,期限未夹住30日,HIST_CLEAN_SURFACE
2025-10-22 00:00:00,2025-10-22,18.6325,0.03471700426770085,2025-11-21,2025-12-19,30,58,0.03471700426770085,0.043329522141125856,4577.824054910123,4570.737924145997,4550.0,4550.0,25,31,0.02996,0.030135000000000002,WARN,期限未夹住30日,HIST_CLEAN_SURFACE
2025-10-23 00:00:00,2025-10-23,19.1215,0.03656331979001739,2025-11-21,2025-12-19,29,57,0.03612331832316212,0.04260755046629239,4593.1750607299255,4583.582354328789,4550.0,4550.0,25,31,0.02996,0.03012875,OK,正常双期限插值,HIST_CLEAN_SURFACE
2025-10-24 00:00:00,2025-10-24,18.2916,0.03345829616759692,2025-11-21,2025-12-19,28,56,0.032513732074296996,0.039597962774046445,4646.795427896903,4633.817013036875,4600.0,4600.0,25,31,0.02996,0.0301225,OK,正常双期限插值,HIST_CLEAN_SURFACE
2025-10-27 00:00:00,2025-10-27,18.7754,0.03525169950037616,2025-11-21,2025-12-19,25,53,0.03370024206936193,0.03861806939785989,4701.212475669335,4687.618332919088,4700.0,4650.0,25,31,0.02996,0.030103750000000002,OK,正常双期限插值,HIST_CLEAN_SURFACE
2025-10-28 00:00:00,2025-10-28,18.3335,0.033611649521885036,2025-11-21,2025-12-19,24,52,0.03145139642760538,0.03726746245066599,4686.004612786164,4676.783178920199,4650.0,4650.0,25,31,0.02996,0.0300975,OK,正常双期限插值,HIST_CLEAN_SURFACE
2025-10-29 00:00:00,2025-10-29,18.7707,0.03523401582325543,2025-11-21,2025-12-19,23,51,0.03263698669264503,0.03874764347055185,4742.5641440882255,4731.32464537049,4700.0,4700.0,25,31,0.02996,0.03009125,OK,正常双期限插值,HIST_CLEAN_SURFACE
2025-10-30 00:00:00,2025-10-30,17.946,0.03220577252541389,2025-11-21,2025-12-19,22,50,0.028211979032468037,0.036598945367654324,4700.9673321875,4689.747873570865,4700.0,4650.0,25,31,0.02996,0.030085,OK,正常双期限插值,HIST_CLEAN_SURFACE
2025-10-31 00:00:00,2025-10-31,18.6451,0.034764080831729216,2025-11-21,2025-12-19,21,49,0.030321730441665994,0.0387833502322626,4643.721879399118,4637.9499489954305,4600.0,4600.0,25,30,0.02996,0.03007875,OK,正常双期限插值,HIST_CLEAN_SURFACE
2025-11-03 00:00:00,2025-11-03,19.0153,0.03615826726719206,2025-11-21,2025-12-19,18,46,0.030066722626097393,0.03933646447124145,4648.584496480467,4637.120384441668,4600.0,4600.0,25,31,0.02996,0.03006,OK,正常双期限插值,HIST_CLEAN_SURFACE
2025-11-04 00:00:00,2025-11-04,18.8943,0.035699444223386986,2025-11-21,2025-12-19,17,45,0.03138905501556246,0.037578331826797665,4608.26598538644,4594.469827712669,4600.0,4550.0,25,31,0.02996,0.03005375,OK,正常双期限插值,HIST_CLEAN_SURFACE
2025-11-05 00:00:00,2025-11-05,18.9892,0.03605889891373132,2025-11-21,2025-12-19,16,44,0.030990011206978408,0.037902130807096014,4611.418117786337,4600.901423690111,4600.0,4600.0,25,31,0.02996,0.0300475,OK,正常双期限插值,HIST_CLEAN_SURFACE
2025-11-06 00:00:00,2025-11-06,18.1757,0.03303556996349966,2025-11-21,2025-12-19,15,43,0.027171403672027458,0.034808457446968005,4682.4971222376735,4671.6897988992,4650.0,4650.0,25,31,0.02996,0.030041250000000002,OK,正常双期限插值,HIST_CLEAN_SURFACE
2025-11-07 00:00:00,2025-11-07,18.1542,0.032957667469035785,2025-11-21,2025-12-19,14,42,0.026133543056499307,0.03466369857216991,4671.698197490586,4659.605646443,4650.0,4650.0,25,31,0.02996,0.030035,OK,正常双期限插值,HIST_CLEAN_SURFACE
2025-11-10 00:00:00,2025-11-10,18.946,0.03589510740177214,2025-11-21,2025-12-19,11,39,0.02985302103544204,0.03670234970982433,4688.634867837418,4675.907809634173,4650.0,4650.0,25,31,0.02996,0.03001625,OK,正常双期限插值,HIST_CLEAN_SURFACE
2025-11-11 00:00:00,2025-11-11,19.5995,0.038413964559098734,2025-11-21,2025-12-19,10,38,0.03169900507509431,0.03912080239952025,4643.267033305952,4635.623069809759,4600.0,4600.0,24,31,0.02996,0.030010000000000002,OK,正常双期限插值,HIST_CLEAN_SURFACE
2025-11-12 00:00:00,2025-11-12,19.1134,0.03653239190313697,2025-11-21,2025-12-19,9,37,0.03143648279119676,0.03694557372302402,4646.88745719248,4633.31860097415,4600.0,4600.0,25,31,0.02996,0.03000375,OK,正常双期限插值,HIST_CLEAN_SURFACE
2025-11-13 00:00:00,2025-11-13,18.8121,0.03538957126795375,2025-11-21,2025-12-19,8,36,0.02668937828248774,0.03591685569131533,4694.8294279185075,4682.763299402838,4650.0,4650.0,25,31,0.02996,0.0299975,OK,正常双期限插值,HIST_CLEAN_SURFACE
2025-11-14 00:00:00,2025-11-14,18.7723,0.035239915666217855,2025-11-21,2025-12-19,7,35,0.02885437071708514,0.035517548055310585,4620.473044112134,4607.0973120993685,4600.0,4600.0,25,31,0.02996,0.02999125,OK,正常双期限插值,HIST_CLEAN_SURFACE
2025-11-17 00:00:00,2025-11-17,19.5025,0.0380346175151797,2025-12-19,2026-01-16,32,60,0.03768256491254635,0.03521819669411299,4584.1309337465555,4569.329123711009,4550.0,4550.0,31,23,0.0299725,0.0301475,WARN,期限未夹住30日,HIST_CLEAN_SURFACE
2025-11-18 00:00:00,2025-11-18,20.6029,0.0424481071174533,2025-12-19,2026-01-16,31,59,0.04211551430172139,0.03738029455231793,4556.88809874618,4543.604225411715,4550.0,4500.0,31,23,0.02996625,0.03014125,WARN,期限未夹住30日,HIST_CLEAN_SURFACE
2025-11-19 00:00:00,2025-11-19,19.6537,0.03862666738374431,2025-12-19,2026-01-16,30,58,0.03862666738374432,0.03444787246528078,4565.318307892128,4566.147718803429,4550.0,4550.0,31,23,0.02996,0.030135000000000002,WARN,期限未夹住30日,HIST_CLEAN_SURFACE
2025-11-20 00:00:00,2025-11-20,18.746,0.03514140466872356,2025-12-19,2026-01-16,29,57,0.03531496471778973,0.032757237678919755,4546.953748754847,4538.012346540806,4500.0,4500.0,30,23,0.02996,0.03012875,OK,正常双期限插值,HIST_CLEAN_SURFACE
2025-11-21 00:00:00,2025-11-21,20.2456,0.04098838947824916,2025-12-19,2026-01-16,28,56,0.041478244046541934,0.03780433478434613,4434.167183135506,4430.170938010615,4400.0,4400.0,31,23,0.02996,0.0301225,OK,正常双期限插值,HIST_CLEAN_SURFACE
2025-11-24 00:00:00,2025-11-24,18.9332,0.035846762302913227,2025-12-19,2026-01-16,25,53,0.036829600410624795,0.033714189050331536,4437.6491285773045,4436.607919332135,4400.0,4400.0,31,24,0.02996,0.030103750000000002,OK,正常双期限插值,HIST_CLEAN_SURFACE
2025-11-25 00:00:00,2025-11-25,17.3754,0.030190621411924943,2025-12-19,2026-01-16,24,52,0.0309000196169865,0.028990101372589998,4472.560704658423,4462.870517225269,4450.0,4450.0,31,24,0.02996,0.0300975,OK,正常双期限插值,HIST_CLEAN_SURFACE
2025-11-26 00:00:00,2025-11-26,16.3051,0.02658559913619242,2025-12-19,2026-01-16,23,51,0.026361735798678867,0.026888473063416636,4493.988661958413,4483.339884291117,4450.0,4450.0,31,24,0.02996,0.03009125,OK,正常双期限插值,HIST_CLEAN_SURFACE
2025-11-27 00:00:00,2025-11-27,16.1741,0.026160284486874047,2025-12-19,2026-01-16,22,50,0.026386416560616438,0.025911539205757415,4492.476635442124,4478.579435413143,4450.0,4450.0,31,24,0.02996,0.030085,OK,正常双期限插值,HIST_CLEAN_SURFACE
2025-11-28 00:00:00,2025-11-28,15.7137,0.024692091027917466,2025-12-19,2026-01-16,21,49,0.024681014322342716,0.02470211280915176,4507.996137521757,4493.893033710668,4500.0,4450.0,30,24,0.02996,0.03007875,OK,正常双期限插值,HIST_CLEAN_SURFACE
2025-12-01 00:00:00,2025-12-01,16.0197,0.025663086602986017,2025-12-19,2026-01-16,18,46,0.025980911734254996,0.025497264795367416,4554.481776482602,4539.960822377291,4550.0,4500.0,30,24,0.02996,0.03006,OK,正常双期限插值,HIST_CLEAN_SURFACE
2025-12-02 00:00:00,2025-12-02,15.8133,0.025006175314033766,2025-12-19,2026-01-16,17,45,0.025129612364321523,0.02495236942031859,4536.250548640336,4519.87896130321,4500.0,4500.0,30,24,0.02996,0.03005375,OK,正常双期限插值,HIST_CLEAN_SURFACE
2025-12-03 00:00:00,2025-12-03,15.9985,0.02559515062097137,2025-12-19,2026-01-16,16,44,0.025623596759063498,0.025584806570756045,4519.8950832999035,4502.370130699564,4500.0,4500.0,27,24,0.02996,0.0300475,OK,正常双期限插值,HIST_CLEAN_SURFACE
2025-12-04 00:00:00,2025-12-04,15.7713,0.024873531684681698,2025-12-19,2026-01-16,15,43,0.02535684072360766,0.024727414998494773,4531.948623206325,4515.765802788319,4500.0,4500.0,31,24,0.02996,0.030041250000000002,OK,正常双期限插值,HIST_CLEAN_SURFACE
2025-12-05 00:00:00,2025-12-05,15.6458,0.024479069062502436,2025-12-19,2026-01-16,14,42,0.023767426565878373,0.024656979686658448,4573.070443619686,4560.253920849534,4550.0,4550.0,31,24,0.02996,0.030035,OK,正常双期限插值,HIST_CLEAN_SURFACE
2025-12-08 00:00:00,2025-12-08,16.5013,0.027229450663078008,2025-12-19,2026-01-16,11,39,0.027708867702395744,0.027165398993857417,4614.858534607894,4602.4135699948265,4600.0,4600.0,31,24,0.02996,0.03001625,OK,正常双期限插值,HIST_CLEAN_SURFACE
2025-12-09 00:00:00,2025-12-09,15.7801,0.024901076268723097,2025-12-19,2026-01-16,10,38,0.025789197150824547,0.02480758986008084,4586.726602688619,4575.701825732711,4550.0,4550.0,31,24,0.02996,0.030010000000000002,OK,正常双期限插值,HIST_CLEAN_SURFACE
2025-12-10 00:00:00,2025-12-10,16.4532,0.027070717713492547,2025-12-19,2026-01-16,9,37,0.02855897062011865,0.026950048558901242,4574.492101589316,4562.739562715753,4550.0,4550.0,30,24,0.02996,0.03000375,OK,正常双期限插值,HIST_CLEAN_SURFACE
2025-12-11 00:00:00,2025-12-11,16.5123,0.027265730242895133,2025-12-19,2026-01-16,8,36,0.029793081206778104,0.02711255745720526,4541.543439030993,4527.6573922476855,4500.0,4500.0,30,24,0.02996,0.0299975,OK,正常双期限插值,HIST_CLEAN_SURFACE
2025-12-12 00:00:00,2025-12-12,16.0279,0.025689440241159777,2025-12-19,2026-01-16,7,35,0.02362761192342956,0.025779084950626304,4572.421359981509,4555.698628289297,4550.0,4550.0,31,24,0.02996,0.02999125,OK,正常双期限插值,HIST_CLEAN_SURFACE
2025-12-15 00:00:00,2025-12-15,16.0658,0.025811055028488423,2026-01-16,2026-02-24,32,71,0.025798724641838147,0.02569712920253657,4533.503010106277,4536.1509352713165,4500.0,4500.0,24,22,0.0299725,0.03021625,WARN,期限未夹住30日,HIST_CLEAN_SURFACE
2025-12-16 00:00:00,2025-12-16,16.5386,0.02735239947949853,2026-01-16,2026-02-24,31,70,0.027302289212444514,0.02646473189168445,4483.030989565157,4472.519794029274,4450.0,4450.0,24,22,0.02996625,0.03021,WARN,期限未夹住30日,HIST_CLEAN_SURFACE
2025-12-17 00:00:00,2025-12-17,16.6656,0.02777431269639279,2026-01-16,2026-02-24,30,69,0.02777431269639279,0.026724036771053,4564.4355032016165,4556.681300523182,4550.0,4550.0,24,22,0.02996,0.03020375,WARN,期限未夹住30日,HIST_CLEAN_SURFACE
2025-12-18 00:00:00,2025-12-18,16.9684,0.028792696352576096,2026-01-16,2026-02-24,29,68,0.028867262861297642,0.0275842802847651,4537.169494797774,4531.766982881646,4500.0,4500.0,24,22,0.02996,0.030197500000000002,OK,正常双期限插值,HIST_CLEAN_SURFACE
2025-12-19 00:00:00,2025-12-19,15.9865,0.025556962839774353,2026-01-16,2026-02-24,28,67,0.02554447588017099,0.02565350381103616,4556.886989377275,4549.071198217506,4550.0,4500.0,24,22,0.02996,0.03019125,OK,正常双期限插值,HIST_CLEAN_SURFACE
2025-12-22 00:00:00,2025-12-22,15.5861,0.024292546436147713,2026-01-16,2026-02-24,25,64,0.024248607450377616,0.024409259367099537,4593.840069558795,4580.917951120472,4550.0,4550.0,24,22,0.02996,0.0301725,OK,正常双期限插值,HIST_CLEAN_SURFACE
2025-12-23 00:00:00,2025-12-23,15.3782,0.023648801816063374,2026-01-16,2026-02-24,24,63,0.023447571882046783,0.024070426439717192,4600.743118566973,4586.702395067061,4600.0,4550.0,24,22,0.02996,0.030166250000000002,OK,正常双期限插值,HIST_CLEAN_SURFACE
2025-12-24 00:00:00,2025-12-24,16.2771,0.026494249556376394,2026-01-16,2026-02-24,23,62,0.026888666925875656,0.02582537586063571,4622.288640546129,4612.51191984456,4600.0,4600.0,24,22,0.02996,0.03016,OK,正常双期限插值,HIST_CLEAN_SURFACE
2025-12-25 00:00:00,2025-12-25,15.9042,0.025294406085384923,2026-01-16,2026-02-24,22,61,0.025864026612419776,0.024498338053750148,4635.2994883093625,4624.829887893314,4600.0,4600.0,24,22,0.02996,0.03015375,OK,正常双期限插值,HIST_CLEAN_SURFACE
2025-12-26 00:00:00,2025-12-26,16.0982,0.025915090127268836,2026-01-16,2026-02-24,21,60,0.025760932525751474,0.02609494066237243,4659.05380441022,4649.053798367162,4650.0,4600.0,24,23,0.02996,0.0301475,OK,正常双期限插值,HIST_CLEAN_SURFACE
2025-12-29 00:00:00,2025-12-29,16.5304,0.0273255458769321,2026-01-16,2026-02-24,18,57,0.02708118515055696,0.027499170603567064,4637.307441426444,4624.043461045184,4600.0,4600.0,24,23,0.02996,0.03012875,OK,正常双期限插值,HIST_CLEAN_SURFACE
2025-12-30 00:00:00,2025-12-30,16.8158,0.028277200816816842,2026-01-16,2026-02-24,17,56,0.028166950764248022,0.028344138348733623,4648.453274347576,4640.338321020563,4600.0,4600.0,24,23,0.02996,0.0301225,OK,正常双期限插值,HIST_CLEAN_SURFACE
2025-12-31 00:00:00,2025-12-31,16.7555,0.028074535449272776,2026-01-16,2026-02-24,16,55,0.02761501818077082,0.02831324571862444,4624.342274923589,4613.374917963488,4600.0,4600.0,24,22,0.02996,0.03011625,OK,正常双期限插值,HIST_CLEAN_SURFACE
2026-01-05 00:00:00,2026-01-05,16.7407,0.028025080192740755,2026-01-16,2026-02-24,11,50,0.03153973274190586,0.027211160655039368,4716.459979906854,4706.868443714188,4700.0,4700.0,24,23,0.02996,0.030085,OK,正常双期限插值,HIST_CLEAN_SURFACE
2026-01-06 00:00:00,2026-01-06,17.7086,0.03135935537629977,2026-01-16,2026-02-24,10,49,0.03992732530094171,0.029698218350093675,4796.0158080970605,4784.910564574228,4750.0,4750.0,24,23,0.02996,0.03007875,OK,正常双期限插值,HIST_CLEAN_SURFACE
2026-01-07 00:00:00,2026-01-07,17.9346,0.032164951293408184,2026-01-16,2026-02-24,9,48,0.03582117255178635,0.03157734430545455,4776.56429290792,4769.407093924634,4750.0,4750.0,24,24,0.02996,0.030072500000000002,OK,正常双期限插值,HIST_CLEAN_SURFACE
2026-01-08 00:00:00,2026-01-08,18.0447,0.0325609918914096,2026-01-16,2026-02-24,8,47,0.0357369955048999,0.03214325834069908,4741.220910929962,4736.748796558083,4700.0,4700.0,24,24,0.02996,0.03006625,OK,正常双期限插值,HIST_CLEAN_SURFACE
2026-01-09 00:00:00,2026-01-09,18.6579,0.03481186554495169,2026-01-16,2026-02-24,7,46,0.03563516255916821,0.034724711229647105,4763.836668440232,4761.454250167412,4750.0,4750.0,24,24,0.02996,0.03006,OK,正常双期限插值,HIST_CLEAN_SURFACE
2026-01-12 00:00:00,2026-01-12,19.1974,0.03685394483311597,2026-02-24,2026-03-20,43,67,0.04544850392201315,0.05255307630319107,4789.94110597257,4779.268072575251,4750.0,4750.0,24,29,0.030041250000000002,0.03019125,WARN,期限未夹住30日,HIST_CLEAN_SURFACE
2026-01-13 00:00:00,2026-01-13,18.6438,0.03475920344833974,2026-02-24,2026-03-20,42,66,0.04321281734250613,0.05089792088265738,4764.682951629533,4760.606753591329,4750.0,4750.0,24,29,0.030035,0.030185,WARN,期限未夹住30日,HIST_CLEAN_SURFACE
2026-01-14 00:00:00,2026-01-14,18.5878,0.034550700217596805,2026-02-24,2026-03-20,41,65,0.04173609512736849,0.04897173755399173,4745.215518189182,4741.449386024133,4700.0,4700.0,24,29,0.03002875,0.03017875,WARN,期限未夹住30日,HIST_CLEAN_SURFACE
2026-01-15 00:00:00,2026-01-15,16.2863,0.026524457557217235,2026-02-24,2026-03-20,40,64,0.034854454258974765,0.044225700548451985,4751.841813339463,4745.039131267804,4750.0,4700.0,24,28,0.0300225,0.0301725,WARN,期限未夹住30日,HIST_CLEAN_SURFACE
2026-01-16 00:00:00,2026-01-16,15.9424,0.025415924444105203,2026-02-24,2026-03-20,39,63,0.03321863331798454,0.04312683506259322,4729.975776966789,4727.27212093607,4700.0,4700.0,24,29,0.03001625,0.030166250000000002,WARN,期限未夹住30日,HIST_CLEAN_SURFACE
2026-01-19 00:00:00,2026-01-19,14.1091,0.01990670206793205,2026-02-24,2026-03-20,36,60,0.02610244546470259,0.03849393225824369,4736.813328563086,4732.655783059482,4700.0,4700.0,24,29,0.0299975,0.0301475,WARN,期限未夹住30日,HIST_CLEAN_SURFACE
2026-01-20 00:00:00,2026-01-20,13.3853,0.01791657628427277,2026-02-24,2026-03-20,35,59,0.02338730199189222,0.036739581685065116,4716.500228371672,4714.099129027198,4700.0,4700.0,24,29,0.02999125,0.03014125,WARN,期限未夹住30日,HIST_CLEAN_SURFACE
2026-01-21 00:00:00,2026-01-21,13.899,0.019318211567944058,2026-02-24,2026-03-20,34,58,0.023478338735223626,0.036389078219884366,4728.184925587937,4728.633132565997,4700.0,4700.0,24,29,0.029985,0.030135000000000002,WARN,期限未夹住30日,HIST_CLEAN_SURFACE
2026-01-22 00:00:00,2026-01-22,14.3231,0.02051519711695677,2026-02-24,2026-03-20,33,57,0.02355736442606173,0.03636648993808261,4725.251117878749,4723.652205463826,4700.0,4700.0,24,28,0.029978750000000002,0.03012875,WARN,期限未夹住30日,HIST_CLEAN_SURFACE
2026-01-23 00:00:00,2026-01-23,16.8187,0.02828699629288713,2026-02-24,2026-03-20,32,56,0.03007863393941435,0.04159630452423225,4711.166877316844,4716.6768950181095,4700.0,4700.0,24,29,0.0299725,0.0301225,WARN,期限未夹住30日,HIST_CLEAN_SURFACE
2026-01-26 00:00:00,2026-01-26,18.8389,0.0354904404295768,2026-02-24,2026-03-20,29,53,0.03457792065635469,0.046974415688805914,4720.649094309835,4732.304402049074,4700.0,4700.0,24,29,0.02996,0.030103750000000002,OK,正常双期限插值,HIST_CLEAN_SURFACE
2026-01-27 00:00:00,2026-01-27,18.2475,0.03329699918717457,2026-02-24,2026-03-20,28,52,0.03144385840145552,0.044273294610279665,4718.828376055506,4727.021200323929,4700.0,4700.0,24,28,0.02996,0.0300975,OK,正常双期限插值,HIST_CLEAN_SURFACE
2026-01-28 00:00:00,2026-01-28,18.7766,0.035255978082452046,2026-02-24,2026-03-20,27,51,0.033030105620533004,0.043504799558975536,4732.415985772472,4739.948039740692,4700.0,4700.0,24,28,0.02996,0.03009125,OK,正常双期限插值,HIST_CLEAN_SURFACE
2026-01-29 00:00:00,2026-01-29,18.8734,0.035620561444743744,2026-02-24,2026-03-20,26,50,0.032438626812743954,0.043893591487943195,4776.964076739392,4787.124495790943,4750.0,4750.0,24,28,0.02996,0.030085,OK,正常双期限插值,HIST_CLEAN_SURFACE
2026-01-30 00:00:00,2026-01-30,19.2838,0.03718652846707621,2026-02-24,2026-03-20,25,49,0.03236319313402338,0.04653789288830107,4714.527282675825,4726.330182776353,4700.0,4700.0,24,29,0.02996,0.03007875,OK,正常双期限插值,HIST_CLEAN_SURFACE
2026-02-02 00:00:00,2026-02-02,24.2737,0.05892112119886156,2026-02-24,2026-03-20,22,46,0.05185208577585678,0.0656828072556487,4591.841538364882,4586.329691558142,4550.0,4550.0,24,29,0.02996,0.03006,OK,正常双期限插值,HIST_CLEAN_SURFACE
2026-02-03 00:00:00,2026-02-03,20.839,0.04342624389725221,2026-02-24,2026-03-20,21,45,0.03496882498647974,0.05000423638340857,4660.685010505333,4662.2089027403235,4650.0,4650.0,24,29,0.02996,0.03005375,OK,正常双期限插值,HIST_CLEAN_SURFACE
2026-02-04 00:00:00,2026-02-04,19.0415,0.036257908004923456,2026-02-24,2026-03-20,20,44,0.027317215509334854,0.041947439593025285,4697.27098616702,4696.4805368850575,4650.0,4650.0,24,29,0.02996,0.0300475,OK,正常双期限插值,HIST_CLEAN_SURFACE
2026-02-05 00:00:00,2026-02-05,18.8215,0.03542505239144848,2026-02-24,2026-03-20,19,43,0.02432449875114789,0.041221747421372884,4673.276802261927,4672.224293761551,4650.0,4650.0,24,29,0.02996,0.030041250000000002,OK,正常双期限插值,HIST_CLEAN_SURFACE
2026-02-06 00:00:00,2026-02-06,18.9284,0.035828592321422985,2026-02-24,2026-03-20,18,42,0.024503427963568965,0.040682234189074705,4645.012771435222,4647.467165522525,4600.0,4600.0,24,29,0.02996,0.030035,OK,正常双期限插值,HIST_CLEAN_SURFACE
2026-02-09 00:00:00,2026-02-09,18.7072,0.03499601186187818,2026-02-24,2026-03-20,15,39,0.021859720124876147,0.03802746380118634,4722.812641673367,4725.40570090065,4700.0,4700.0,24,29,0.02996,0.03001625,OK,正常双期限插值,HIST_CLEAN_SURFACE
2026-02-10 00:00:00,2026-02-10,17.6757,0.031243172126657556,2026-02-24,2026-03-20,14,38,0.01717155286557383,0.03383531251685719,4726.827282882832,4726.258020036614,4700.0,4700.0,24,29,0.02996,0.030010000000000002,OK,正常双期限插值,HIST_CLEAN_SURFACE
2026-02-11 00:00:00,2026-02-11,17.5187,0.030690450673440832,2026-02-24,2026-03-20,13,37,0.015746351026001457,0.032852474628793746,4717.361949884418,4716.736233773,4700.0,4700.0,24,29,0.02996,0.03000375,OK,正常双期限插值,HIST_CLEAN_SURFACE
2026-02-12 00:00:00,2026-02-12,17.5519,0.030806948487453946,2026-02-24,2026-03-20,12,36,0.015655409826748755,0.032490452783087855,4719.795110944116,4719.40711322242,4700.0,4700.0,24,29,0.02996,0.0299975,OK,正常双期限插值,HIST_CLEAN_SURFACE
2026-02-13 00:00:00,2026-02-13,19.5313,0.038147141810521534,2026-02-24,2026-03-20,11,35,0.025120049008485162,0.03922457053850951,4641.5259370135045,4633.669753390769,4600.0,4600.0,24,29,0.02996,0.02999125,OK,正常双期限插值,HIST_CLEAN_SURFACE
2026-02-24 00:00:00,2026-02-24,17.671,0.031226485457618167,2026-03-20,2026-04-17,24,52,0.03293426022969159,0.028336405074109283,4688.58132202412,4687.832226350721,4650.0,4650.0,29,21,0.02996,0.0300975,OK,正常双期限插值,HIST_CLEAN_SURFACE
2026-02-25 00:00:00,2026-02-25,16.5057,0.02724387724211007,2026-03-20,2026-04-17,23,51,0.02820005526722553,0.025950224619895036,4731.671124260616,4730.146054341242,4700.0,4700.0,29,21,0.02996,0.03009125,OK,正常双期限插值,HIST_CLEAN_SURFACE
2026-02-26 00:00:00,2026-02-26,15.5878,0.024297827627069023,2026-03-20,2026-04-17,22,50,0.024601051116518596,0.02396428178867449,4716.31222782963,4708.847663472933,4700.0,4700.0,28,21,0.02996,0.030085,OK,正常双期限插值,HIST_CLEAN_SURFACE
2026-02-27 00:00:00,2026-02-27,15.5345,0.024132049036455654,2026-03-20,2026-04-17,21,49,0.024256588206492825,0.024019370739755356,4716.398429539523,4712.241488292393,4700.0,4700.0,29,21,0.02996,0.03007875,OK,正常双期限插值,HIST_CLEAN_SURFACE
2026-03-02 00:00:00,2026-03-02,16.1536,0.026094018010208588,2026-03-20,2026-04-17,18,46,0.02701295040630222,0.025614575020942346,4711.726758363745,4709.652378156629,4700.0,4700.0,29,21,0.02996,0.03006,OK,正常双期限插值,HIST_CLEAN_SURFACE
2026-03-03 00:00:00,2026-03-03,18.2216,0.03320279852646676,2026-03-20,2026-04-17,17,45,0.03972210067156224,0.030361051437578977,4653.434500319536,4642.661715338014,4650.0,4600.0,29,21,0.02996,0.03005375,OK,正常双期限插值,HIST_CLEAN_SURFACE
2026-03-04 00:00:00,2026-03-04,19.0575,0.036318743636223304,2026-03-20,2026-04-17,16,44,0.04458921863274383,0.033311298182943115,4592.590275083951,4584.712091136417,4550.0,4550.0,29,21,0.02996,0.0300475,OK,正常双期限插值,HIST_CLEAN_SURFACE
2026-03-05 00:00:00,2026-03-05,16.8413,0.028362845335345332,2026-03-20,2026-04-17,15,43,0.031042438756915387,0.027552735696266015,4628.958231349925,4618.262100970105,4600.0,4600.0,29,21,0.02996,0.030041250000000002,OK,正常双期限插值,HIST_CLEAN_SURFACE
2026-03-06 00:00:00,2026-03-06,16.1721,0.02615354382033106,2026-03-20,2026-04-17,14,42,0.027231019259308816,0.025884174960586624,4650.0,4639.966994300429,4650.0,4600.0,28,21,0.02996,0.030035,OK,正常双期限插值,HIST_CLEAN_SURFACE
2026-03-09 00:00:00,2026-03-09,18.4661,0.034099585412373186,2026-03-20,2026-04-17,11,39,0.04454028934285941,0.03270467355121511,4597.59783205156,4578.624187310567,4550.0,4550.0,29,21,0.02996,0.03001625,OK,正常双期限插值,HIST_CLEAN_SURFACE
2026-03-10 00:00:00,2026-03-10,17.2754,0.0298439103723424,2026-03-20,2026-04-17,10,38,0.03295688650380617,0.02951622867429358,4664.178538152881,4650.680247404795,4650.0,4650.0,29,21,0.02996,0.030010000000000002,OK,正常双期限插值,HIST_CLEAN_SURFACE
2026-03-11 00:00:00,2026-03-11,17.0482,0.029064055778109207,2026-03-20,2026-04-17,9,37,0.03362661881335519,0.028694118234710884,4684.462372668624,4669.056432973908,4650.0,4650.0,28,21,0.02996,0.03000375,OK,正常双期限插值,HIST_CLEAN_SURFACE
2026-03-12 00:00:00,2026-03-12,17.7878,0.03164064415836838,2026-03-20,2026-04-17,8,36,0.0370202182097845,0.031314609367373465,4662.493004494917,4647.592888707165,4650.0,4600.0,29,21,0.02996,0.0299975,OK,正常双期限插值,HIST_CLEAN_SURFACE
2026-03-13 00:00:00,2026-03-13,18.8175,0.035409695215283477,2026-03-20,2026-04-17,7,35,0.041851960193854336,0.03512959673795431,4657.125188951292,4640.121317063286,4650.0,4600.0,29,21,0.02996,0.02999125,OK,正常双期限插值,HIST_CLEAN_SURFACE
2026-03-16 00:00:00,2026-03-16,18.1976,0.03311518746158079,2026-04-17,2026-05-15,32,60,0.03310104697397151,0.033002063560706535,4649.9215085270525,4619.576170282925,4600.0,4600.0,21,22,0.0299725,0.0301475,WARN,期限未夹住30日,HIST_CLEAN_SURFACE
2026-03-17 00:00:00,2026-03-17,18.0609,0.03261956640124535,2026-04-17,2026-05-15,31,59,0.03262692199066111,0.03273164563658047,4619.819793314707,4606.630903260239,4600.0,4600.0,21,22,0.02996625,0.03014125,WARN,期限未夹住30日,HIST_CLEAN_SURFACE
2026-03-18 00:00:00,2026-03-18,17.5965,0.030963620996209255,2026-04-17,2026-05-15,30,58,0.030963620996209255,0.03220385327127247,4634.284320103841,4617.042558068342,4600.0,4600.0,21,22,0.02996,0.030135000000000002,WARN,期限未夹住30日,HIST_CLEAN_SURFACE
2026-03-19 00:00:00,2026-03-19,19.1183,0.03655088527831085,2026-04-17,2026-05-15,29,57,0.036521436994054544,0.036955411709410524,4565.555862517624,4541.98016159691,4550.0,4500.0,21,22,0.02996,0.03012875,OK,正常双期限插值,HIST_CLEAN_SURFACE
2026-03-20 00:00:00,2026-03-20,19.7764,0.03911075681771448,2026-04-17,2026-05-15,28,56,0.03942192647860293,0.03708815402193952,4543.440592470825,4535.402113674736,4500.0,4500.0,21,22,0.02996,0.0301225,OK,正常双期限插值,HIST_CLEAN_SURFACE
2026-03-23 00:00:00,2026-03-23,25.1011,0.06300671127831863,2026-04-17,2026-05-15,25,53,0.06725036261554553,0.053798788565467805,4405.691972320143,4382.911324539813,4400.0,4350.0,21,22,0.02996,0.030103750000000002,OK,正常双期限插值,HIST_CLEAN_SURFACE
2026-03-24 00:00:00,2026-03-24,20.8447,0.04345011498440897,2026-04-17,2026-05-15,24,52,0.04586390939090736,0.03936523214264244,4446.087505101087,4427.379889802596,4400.0,4400.0,24,25,0.02996,0.0300975,OK,正常双期限插值,HIST_CLEAN_SURFACE
2026-03-25 00:00:00,2026-03-25,18.6719,0.0348640037836944,2026-04-17,2026-05-15,23,51,0.03640590445012145,0.03277790288205779,4509.932658363236,4490.165753603374,4500.0,4450.0,24,25,0.02996,0.03009125,OK,正常双期限插值,HIST_CLEAN_SURFACE
2026-03-26 00:00:00,2026-03-26,19.7112,0.03885311318766698,2026-04-17,2026-05-15,22,50,0.04090645948123613,0.03659443226474091,4458.0144595173815,4435.528400317479,4450.0,4400.0,24,25,0.02996,0.030085,OK,正常双期限插值,HIST_CLEAN_SURFACE
2026-03-27 00:00:00,2026-03-27,19.1762,0.036772806146041254,2026-04-17,2026-05-15,21,49,0.03753749955270118,0.03608094068287275,4482.025012925003,4465.002207746233,4450.0,4450.0,24,25,0.02996,0.03007875,OK,正常双期限插值,HIST_CLEAN_SURFACE
2026-03-30 00:00:00,2026-03-30,20.1398,0.04056124170483586,2026-04-17,2026-05-15,18,46,0.04245634425952837,0.039572492545865846,4471.906161431012,4447.650954612561,4450.0,4400.0,24,25,0.02996,0.03006,OK,正常双期限插值,HIST_CLEAN_SURFACE
2026-03-31 00:00:00,2026-03-31,19.8227,0.039293957923958435,2026-04-17,2026-05-15,17,45,0.04197790743550409,0.03812403121379751,4438.074565712946,4417.265292037406,4400.0,4400.0,24,25,0.02996,0.03005375,OK,正常双期限插值,HIST_CLEAN_SURFACE
2026-04-01 00:00:00,2026-04-01,18.2755,0.033399364384202435,2026-04-17,2026-05-15,16,44,0.03505864542065847,0.03279598946185478,4506.371938273551,4488.118602700212,4500.0,4450.0,24,25,0.02996,0.0300475,OK,正常双期限插值,HIST_CLEAN_SURFACE
2026-04-02 00:00:00,2026-04-02,19.1149,0.03653787428753787,2026-04-17,2026-05-15,15,43,0.04064085136764946,0.035297439356341345,4456.299370243298,4431.818224860694,4450.0,4400.0,24,25,0.02996,0.030041250000000002,OK,正常双期限插值,HIST_CLEAN_SURFACE
2026-04-03 00:00:00,2026-04-03,19.8062,0.03922871555769992,2026-04-17,2026-05-15,14,42,0.04713263150170595,0.03725273657169841,4423.026445657865,4401.522133121797,4400.0,4400.0,24,25,0.02996,0.030035,OK,正常双期限插值,HIST_CLEAN_SURFACE
2026-04-07 00:00:00,2026-04-07,19.2637,0.037108869692305715,2026-04-17,2026-05-15,10,38,0.04686413138882481,0.03608200004004054,4425.399798574312,4404.815020229933,4400.0,4400.0,24,25,0.02996,0.030010000000000002,OK,正常双期限插值,HIST_CLEAN_SURFACE
2026-04-08 00:00:00,2026-04-08,17.797,0.031673189738537784,2026-04-17,2026-05-15,9,37,0.03611602915958994,0.03131295951520923,4588.129242468394,4571.209577624378,4550.0,4550.0,24,25,0.02996,0.03000375,OK,正常双期限插值,HIST_CLEAN_SURFACE
2026-04-09 00:00:00,2026-04-09,16.8924,0.02853527322014009,2026-04-17,2026-05-15,8,36,0.031334006687382746,0.028365653010004176,4556.083117897672,4538.657690535018,4550.0,4500.0,24,25,0.02996,0.0299975,OK,正常双期限插值,HIST_CLEAN_SURFACE
2026-04-10 00:00:00,2026-04-10,17.4978,0.03061725705360044,2026-04-17,2026-05-15,7,35,0.03469082076698066,0.0304401455878013,4622.084685017051,4603.898369303114,4600.0,4600.0,24,25,0.02996,0.02999125,OK,正常双期限插值,HIST_CLEAN_SURFACE
2026-04-13 00:00:00,2026-04-13,17.6203,0.03104736343625719,2026-05-15,2026-06-22,32,70,0.03133453001882424,0.03367288647687025,4613.30436286968,4576.374670334073,4600.0,4550.0,25,26,0.0299725,0.03021,WARN,期限未夹住30日,HIST_CLEAN_SURFACE
2026-04-14 00:00:00,2026-04-14,18.0651,0.032634953083428966,2026-05-15,2026-06-22,31,69,0.03270969272159261,0.033944521526035484,4677.2693143102415,4640.662161180229,4650.0,4600.0,25,26,0.02996625,0.03020375,WARN,期限未夹住30日,HIST_CLEAN_SURFACE
2026-04-15 00:00:00,2026-04-15,17.8676,0.03192522105976588,2026-05-15,2026-06-22,30,68,0.03192522105976588,0.034891371449157535,4664.679528691915,4633.166066440561,4650.0,4600.0,25,26,0.02996,0.030197500000000002,WARN,期限未夹住30日,HIST_CLEAN_SURFACE
2026-04-16 00:00:00,2026-04-16,17.9284,0.03214266216469027,2026-05-15,2026-06-22,29,67,0.03196947545706104,0.03491623436299116,4713.551096079776,4681.708549064968,4700.0,4650.0,25,26,0.02996,0.03019125,OK,正常双期限插值,HIST_CLEAN_SURFACE
2026-04-17 00:00:00,2026-04-17,17.688,0.03128647901511755,2026-05-15,2026-06-22,28,66,0.030884697051845798,0.03435463218919272,4701.702677521647,4670.219580160511,4700.0,4650.0,25,27,0.02996,0.030185,OK,正常双期限插值,HIST_CLEAN_SURFACE
2026-04-20 00:00:00,2026-04-20,17.6542,0.03116719046920363,2026-05-15,2026-06-22,25,63,0.030227236585056654,0.03362897445149332,4732.643453481098,4699.629299952952,4700.0,4650.0,25,27,0.02996,0.030166250000000002,OK,正常双期限插值,HIST_CLEAN_SURFACE
2026-04-21 00:00:00,2026-04-21,17.4291,0.030377439714589068,2026-05-15,2026-06-22,24,62,0.029450099074094974,0.03229194942399622,4742.981695010236,4710.524728209574,4700.0,4700.0,25,27,0.02996,0.03016,OK,正常双期限插值,HIST_CLEAN_SURFACE
2026-04-22 00:00:00,2026-04-22,17.3981,0.030269304737238642,2026-05-15,2026-06-22,23,61,0.02969850639721852,0.03122241765628862,4782.461225424575,4747.261301531069,4750.0,4700.0,25,27,0.02996,0.03015375,OK,正常双期限插值,HIST_CLEAN_SURFACE
2026-04-23 00:00:00,2026-04-23,17.1,0.029240918011500375,2026-05-15,2026-06-22,22,60,0.027694855225861438,0.0313667543417539,4768.122905897746,4728.226796132676,4750.0,4700.0,25,27,0.02996,0.0301475,OK,正常双期限插值,HIST_CLEAN_SURFACE
2026-04-24 00:00:00,2026-04-24,16.9064,0.028582597640370844,2026-05-15,2026-06-22,21,59,0.02611938436217884,0.03140763885773228,4754.407590934986,4719.992017620758,4750.0,4700.0,25,27,0.02996,0.03014125,OK,正常双期限插值,HIST_CLEAN_SURFACE
2026-04-27 00:00:00,2026-04-27,16.8025,0.02823253558585661,2026-05-15,2026-06-22,18,56,0.025155932139236416,0.03037517012903852,4757.21064571453,4720.610905565993,4750.0,4700.0,25,27,0.02996,0.0301225,OK,正常双期限插值,HIST_CLEAN_SURFACE
2026-04-28 00:00:00,2026-04-28,16.5045,0.0272398006862171,2026-05-15,2026-06-22,17,55,0.02403845646771688,0.029142697599311634,4742.8254834737145,4706.901243694052,4700.0,4700.0,25,27,0.02996,0.03011625,OK,正常双期限插值,HIST_CLEAN_SURFACE
2026-04-29 00:00:00,2026-04-29,16.1933,0.02622232625332406,2026-05-15,2026-06-22,16,54,0.02434061604889435,0.02717811556351057,4797.0617663586845,4765.965079563193,4750.0,4750.0,25,27,0.02996,0.03011,OK,正常双期限插值,HIST_CLEAN_SURFACE
2026-04-30 00:00:00,2026-04-30,16.8587,0.02842148959672855,2026-05-15,2026-06-22,15,53,0.02638784812891095,0.029304013252573927,4800.178815542798,4766.23602610064,4800.0,4750.0,25,27,0.02996,0.030103750000000002,OK,正常双期限插值,HIST_CLEAN_SURFACE
2026-05-06 00:00:00,2026-05-06,17.663,0.03119823165985391,2026-05-15,2026-06-22,9,47,0.03228623933660505,0.03102957393488641,4871.931780943414,4845.368509619857,4850.0,4800.0,25,27,0.02996,0.03006625,OK,正常双期限插值,HIST_CLEAN_SURFACE
2026-05-07 00:00:00,2026-05-07,18.149,0.032938635672157275,2026-05-15,2026-06-22,8,46,0.03415685541086827,0.032784552543150346,4895.39718957337,4867.3969679077,4850.0,4850.0,26,27,0.02996,0.03006,OK,正常双期限插值,HIST_CLEAN_SURFACE
2026-05-08 00:00:00,2026-05-08,17.9053,0.03206007060558438,2026-05-15,2026-06-22,7,45,0.030619223660732033,0.03220624348404766,4866.167228978787,4838.130203205709,4850.0,4800.0,26,27,0.02996,0.03005375,OK,正常双期限插值,HIST_CLEAN_SURFACE
2026-05-11 00:00:00,2026-05-11,19.7139,0.038863920116523454,2026-06-22,2026-07-17,42,67,0.03821798813805878,0.03761543965068502,4922.477550173791,4888.429032220742,4900.0,4850.0,27,19,0.030035,0.03019125,WARN,期限未夹住30日,HIST_CLEAN_SURFACE
2026-05-12 00:00:00,2026-05-12,19.5907,0.03837967844306391,2026-06-22,2026-07-17,41,66,0.03930688762174333,0.04026474834351958,4914.681066671415,4884.170423155937,4900.0,4850.0,28,20,0.03002875,0.030185,WARN,期限未夹住30日,HIST_CLEAN_SURFACE
2026-05-13 00:00:00,2026-05-13,19.051,0.03629389866415611,2026-06-22,2026-07-17,40,65,0.03832329882621202,0.04066491439781499,4966.668284136982,4939.719458049769,4950.0,4900.0,28,20,0.0300225,0.03017875,WARN,期限未夹住30日,HIST_CLEAN_SURFACE
2026-05-14 00:00:00,2026-05-14,17.8872,0.031995311733506615,2026-06-22,2026-07-17,39,64,0.03463129534471184,0.03806356567180197,4887.192874812252,4876.723068648012,4850.0,4850.0,28,20,0.03001625,0.0301725,WARN,期限未夹住30日,HIST_CLEAN_SURFACE
2026-05-15 00:00:00,2026-05-15,18.6841,0.03490950000149362,2026-06-22,2026-07-17,38,63,0.03614714136547422,0.037988869585683455,4830.4201113139725,4798.504436833366,4800.0,4750.0,28,20,0.030010000000000002,0.030166250000000002,WARN,期限未夹住30日,HIST_CLEAN_SURFACE
2026-05-18 00:00:00,2026-05-18,18.8776,0.035636306126159756,2026-06-22,2026-07-17,35,60,0.035935636349655596,0.03668396190839519,4803.341877600282,4766.987034538859,4800.0,4750.0,28,20,0.02999125,0.0301475,WARN,期限未夹住30日,HIST_CLEAN_SURFACE
2026-05-19 00:00:00,2026-05-19,18.3442,0.03365095398182616,2026-06-22,2026-07-17,34,59,0.03421433116336266,0.036004724748754074,4816.150058423987,4780.460496504529,4800.0,4750.0,28,20,0.029985,0.03014125,WARN,期限未夹住30日,HIST_CLEAN_SURFACE
2026-05-20 00:00:00,2026-05-20,17.3601,0.030137464013024137,2026-06-22,2026-07-17,33,58,0.031107256330310275,0.035287395628957455,4813.372760068345,4775.177103558551,4800.0,4750.0,28,20,0.029978750000000002,0.030135000000000002,WARN,期限未夹住30日,HIST_CLEAN_SURFACE
2026-05-21 00:00:00,2026-05-21,18.1694,0.03301264718698738,2026-06-22,2026-07-17,32,57,0.033173593820012,0.0342324532478055,4747.901593637747,4714.839945444567,4700.0,4700.0,28,20,0.0299725,0.03012875,WARN,期限未夹住30日,HIST_CLEAN_SURFACE
2026-05-22 00:00:00,2026-05-22,17.7639,0.03155554901775967,2026-06-22,2026-07-17,31,56,0.031708716337818084,0.03376006437431471,4793.486802423755,4759.0351531656925,4750.0,4750.0,28,20,0.02996625,0.0301225,WARN,期限未夹住30日,HIST_CLEAN_SURFACE
2026-05-25 00:00:00,2026-05-25,18.1739,0.033029118125507316,2026-06-22,2026-07-17,28,53,0.03277781565136615,0.03455589919481781,4859.790702759063,4826.0436303129245,4850.0,4800.0,28,20,0.02996,0.030103750000000002,OK,正常双期限插值,HIST_CLEAN_SURFACE
2026-05-26 00:00:00,2026-05-26,18.8422,0.03550296258143974,2026-06-22,2026-07-17,27,52,0.035375241707206545,0.035989284371789235,4899.547684859507,4858.2912121213185,4850.0,4850.0,28,20,0.02996,0.0300975,OK,正常双期限插值,HIST_CLEAN_SURFACE
2026-05-27 00:00:00,2026-05-27,19.4631,0.03788137148024977,2026-06-22,2026-07-17,26,51,0.03814375051025884,0.037179121723460766,4862.361915988441,4820.898718331235,4850.0,4800.0,28,20,0.02996,0.03009125,OK,正常双期限插值,HIST_CLEAN_SURFACE
2026-05-28 00:00:00,2026-05-28,18.7499,0.03515570622925548,2026-06-22,2026-07-17,25,50,0.034438985310443405,0.036589148066879636,4858.623026570634,4822.544827340364,4850.0,4800.0,28,20,0.02996,0.030085,OK,正常双期限插值,HIST_CLEAN_SURFACE
2026-05-29 00:00:00,2026-05-29,19.3194,0.03732397986408238,2026-06-22,2026-07-17,24,49,0.035342757305670346,0.04039689648529288,4855.03285995612,4813.247473007577,4850.0,4800.0,28,20,0.02996,0.03007875,OK,正常双期限插值,HIST_CLEAN_SURFACE
2026-06-01 00:00:00,2026-06-01,19.5121,0.03807208535305037,2026-06-22,2026-07-17,21,46,0.03629942895005191,0.039510763013454915,4814.270304904818,4779.511377808324,4800.0,4750.0,28,20,0.02996,0.03006,OK,正常双期限插值,HIST_CLEAN_SURFACE
2026-06-02 00:00:00,2026-06-02,19.2586,0.03708941688129017,2026-06-22,2026-07-17,20,45,0.034037430087664806,0.03912407474370709,4879.270705162287,4845.814680926808,4850.0,4800.0,28,20,0.02996,0.03005375,OK,正常双期限插值,HIST_CLEAN_SURFACE
2026-06-03 00:00:00,2026-06-03,18.9635,0.03596151533197838,2026-06-22,2026-07-17,19,44,0.0323685669195455,0.037936152269389845,4911.284236747335,4873.216663322613,4900.0,4850.0,28,20,0.02996,0.0300475,OK,正常双期限插值,HIST_CLEAN_SURFACE
2026-06-04 00:00:00,2026-06-04,19.1633,0.036723360344353216,2026-06-22,2026-07-17,18,43,0.032593526342539106,0.0385961920428503,4871.648981910031,4835.03523257494,4850.0,4800.0,27,20,0.02996,0.030041250000000002,OK,正常双期限插值,HIST_CLEAN_SURFACE
2026-06-05 00:00:00,2026-06-05,19.5155,0.03808529029769364,2026-06-22,2026-07-17,17,42,0.03426839204290693,0.03951138415113042,4776.619030236448,4737.754098878012,4750.0,4700.0,28,20,0.02996,0.030035,OK,正常双期限插值,HIST_CLEAN_SURFACE
