valuation_time,month,expiry,dte,cp,contract,strike,bid,ask,last,bid_vol,ask_vol,open_interest,mid,valid_quote,valuation_day
2026-06-05 22:20:46.505688,io2606,2026-06-22 00:00:00,17,C,io2606C3400,3400.0,1367.0,1390.0,1374.8,1,1,174,1378.5,True,2026-06-05
2026-06-05 22:20:46.505688,io2606,2026-06-22 00:00:00,17,P,io2606P3400,3400.0,0.4,0.6,0.6,42,1,1514,0.5,True,2026-06-05
2026-06-05 22:20:46.505688,io2606,2026-06-22 00:00:00,17,C,io2606C3500,3500.0,1268.2,1290.0,1271.8,1,1,167,1279.1,True,2026-06-05
2026-06-05 22:20:46.505688,io2606,2026-06-22 00:00:00,17,P,io2606P3500,3500.0,0.4,0.6,0.6,43,9,542,0.5,True,2026-06-05
2026-06-05 22:20:46.505688,io2606,2026-06-22 00:00:00,17,C,io2606C3600,3600.0,1168.4,1189.0,1270.0,1,1,161,1178.7,True,2026-06-05
2026-06-05 22:20:46.505688,io2606,2026-06-22 00:00:00,17,P,io2606P3600,3600.0,0.4,0.6,0.6,22,12,524,0.5,True,2026-06-05
2026-06-05 22:20:46.505688,io2606,2026-06-22 00:00:00,17,C,io2606C3700,3700.0,1069.8,1089.2,1075.4,1,1,193,1079.5,True,2026-06-05
2026-06-05 22:20:46.505688,io2606,2026-06-22 00:00:00,17,P,io2606P3700,3700.0,0.4,0.6,0.6,6,12,401,0.5,True,2026-06-05
2026-06-05 22:20:46.505688,io2606,2026-06-22 00:00:00,17,C,io2606C3800,3800.0,970.2,987.0,1045.2,1,1,148,978.6,True,2026-06-05
2026-06-05 22:20:46.505688,io2606,2026-06-22 00:00:00,17,P,io2606P3800,3800.0,0.4,0.6,0.6,12,21,884,0.5,True,2026-06-05
2026-06-05 22:20:46.505688,io2606,2026-06-22 00:00:00,17,C,io2606C3900,3900.0,871.2,887.0,879.8,1,1,166,879.1,True,2026-06-05
2026-06-05 22:20:46.505688,io2606,2026-06-22 00:00:00,17,P,io2606P3900,3900.0,0.6,0.8,0.8,12,4,391,0.7,True,2026-06-05
2026-06-05 22:20:46.505688,io2606,2026-06-22 00:00:00,17,C,io2606C3950,3950.0,821.4,837.8,835.2,1,1,129,829.5999999999999,True,2026-06-05
2026-06-05 22:20:46.505688,io2606,2026-06-22 00:00:00,17,P,io2606P3950,3950.0,0.6,0.8,0.8,21,4,262,0.7,True,2026-06-05
2026-06-05 22:20:46.505688,io2606,2026-06-22 00:00:00,17,C,io2606C4000,4000.0,772.2,787.6,850.4,1,1,160,779.9000000000001,True,2026-06-05
2026-06-05 22:20:46.505688,io2606,2026-06-22 00:00:00,17,P,io2606P4000,4000.0,0.8,1.0,0.8,2,4,1179,0.9,True,2026-06-05
2026-06-05 22:20:46.505688,io2606,2026-06-22 00:00:00,17,C,io2606C4050,4050.0,722.2,737.0,743.6,1,1,118,729.6,True,2026-06-05
2026-06-05 22:20:46.505688,io2606,2026-06-22 00:00:00,17,P,io2606P4050,4050.0,0.8,1.0,0.8,3,13,133,0.9,True,2026-06-05
2026-06-05 22:20:46.505688,io2606,2026-06-22 00:00:00,17,C,io2606C4100,4100.0,673.0,687.2,676.8,1,1,157,680.1,True,2026-06-05
2026-06-05 22:20:46.505688,io2606,2026-06-22 00:00:00,17,P,io2606P4100,4100.0,1.0,1.2,1.0,2,12,487,1.1,True,2026-06-05
2026-06-05 22:20:46.505688,io2606,2026-06-22 00:00:00,17,C,io2606C4150,4150.0,623.6,637.4,627.2,1,1,119,630.5,True,2026-06-05
2026-06-05 22:20:46.505688,io2606,2026-06-22 00:00:00,17,P,io2606P4150,4150.0,1.2,1.4,1.2,1,5,250,1.2999999999999998,True,2026-06-05
2026-06-05 22:20:46.505688,io2606,2026-06-22 00:00:00,17,C,io2606C4200,4200.0,573.8,587.0,578.6,1,1,160,580.4,True,2026-06-05
2026-06-05 22:20:46.505688,io2606,2026-06-22 00:00:00,17,P,io2606P4200,4200.0,1.6,1.8,1.6,2,10,1171,1.7000000000000002,True,2026-06-05
2026-06-05 22:20:46.505688,io2606,2026-06-22 00:00:00,17,C,io2606C4250,4250.0,524.4,536.4,527.6,1,1,94,530.4,True,2026-06-05
2026-06-05 22:20:46.505688,io2606,2026-06-22 00:00:00,17,P,io2606P4250,4250.0,1.6,1.8,1.8,16,1,398,1.7000000000000002,True,2026-06-05
2026-06-05 22:20:46.505688,io2606,2026-06-22 00:00:00,17,C,io2606C4300,4300.0,475.2,484.6,476.0,1,1,292,479.9,True,2026-06-05
2026-06-05 22:20:46.505688,io2606,2026-06-22 00:00:00,17,P,io2606P4300,4300.0,2.0,2.4,2.2,15,7,1127,2.2,True,2026-06-05
2026-06-05 22:20:46.505688,io2606,2026-06-22 00:00:00,17,C,io2606C4350,4350.0,426.6,435.8,429.4,1,1,118,431.2000000000001,True,2026-06-05
2026-06-05 22:20:46.505688,io2606,2026-06-22 00:00:00,17,P,io2606P4350,4350.0,2.8,3.0,3.0,15,2,700,2.9,True,2026-06-05
2026-06-05 22:20:46.505688,io2606,2026-06-22 00:00:00,17,C,io2606C4400,4400.0,377.8,386.6,385.6,1,1,625,382.2000000000001,True,2026-06-05
2026-06-05 22:20:46.505688,io2606,2026-06-22 00:00:00,17,P,io2606P4400,4400.0,4.0,4.2,4.0,1,5,2060,4.1,True,2026-06-05
2026-06-05 22:20:46.505688,io2606,2026-06-22 00:00:00,17,C,io2606C4450,4450.0,330.0,338.8,332.0,1,2,274,334.4,True,2026-06-05
2026-06-05 22:20:46.505688,io2606,2026-06-22 00:00:00,17,P,io2606P4450,4450.0,5.6,5.8,5.6,10,2,1556,5.699999999999999,True,2026-06-05
2026-06-05 22:20:46.505688,io2606,2026-06-22 00:00:00,17,C,io2606C4500,4500.0,280.8,291.4,281.2,1,1,1051,286.1,True,2026-06-05
2026-06-05 22:20:46.505688,io2606,2026-06-22 00:00:00,17,P,io2606P4500,4500.0,8.4,8.8,8.8,13,10,4085,8.600000000000001,True,2026-06-05
2026-06-05 22:20:46.505688,io2606,2026-06-22 00:00:00,17,C,io2606C4550,4550.0,237.6,242.8,237.6,2,1,330,240.2,True,2026-06-05
2026-06-05 22:20:46.505688,io2606,2026-06-22 00:00:00,17,P,io2606P4550,4550.0,11.4,11.8,11.4,7,2,1911,11.6,True,2026-06-05
2026-06-05 22:20:46.505688,io2606,2026-06-22 00:00:00,17,C,io2606C4600,4600.0,193.0,198.6,195.8,1,1,1706,195.8,True,2026-06-05
2026-06-05 22:20:46.505688,io2606,2026-06-22 00:00:00,17,P,io2606P4600,4600.0,16.8,17.2,17.2,7,6,3241,17.0,True,2026-06-05
2026-06-05 22:20:46.505688,io2606,2026-06-22 00:00:00,17,C,io2606C4650,4650.0,151.2,156.6,150.6,1,1,560,153.89999999999998,True,2026-06-05
2026-06-05 22:20:46.505688,io2606,2026-06-22 00:00:00,17,P,io2606P4650,4650.0,25.0,25.4,25.0,4,1,2260,25.2,True,2026-06-05
2026-06-05 22:20:46.505688,io2606,2026-06-22 00:00:00,17,C,io2606C4700,4700.0,112.8,113.0,113.0,5,5,3248,112.9,True,2026-06-05
2026-06-05 22:20:46.505688,io2606,2026-06-22 00:00:00,17,P,io2606P4700,4700.0,37.6,37.8,37.6,3,2,4426,37.7,True,2026-06-05
2026-06-05 22:20:46.505688,io2606,2026-06-22 00:00:00,17,C,io2606C4750,4750.0,82.2,83.8,82.2,1,14,1394,83.0,True,2026-06-05
2026-06-05 22:20:46.505688,io2606,2026-06-22 00:00:00,17,P,io2606P4750,4750.0,56.2,56.8,56.8,1,1,2237,56.5,True,2026-06-05
2026-06-05 22:20:46.505688,io2606,2026-06-22 00:00:00,17,C,io2606C4800,4800.0,57.0,57.2,57.2,4,1,4312,57.1,True,2026-06-05
2026-06-05 22:20:46.505688,io2606,2026-06-22 00:00:00,17,P,io2606P4800,4800.0,78.4,79.0,78.8,1,1,3633,78.7,True,2026-06-05
2026-06-05 22:20:46.505688,io2606,2026-06-22 00:00:00,17,C,io2606C4850,4850.0,38.0,38.6,38.4,1,1,3269,38.3,True,2026-06-05
2026-06-05 22:20:46.505688,io2606,2026-06-22 00:00:00,17,P,io2606P4850,4850.0,106.8,108.0,107.2,1,1,3191,107.4,True,2026-06-05
2026-06-05 22:20:46.505688,io2606,2026-06-22 00:00:00,17,C,io2606C4900,4900.0,25.2,25.4,25.4,2,10,8372,25.3,True,2026-06-05
2026-06-05 22:20:46.505688,io2606,2026-06-22 00:00:00,17,P,io2606P4900,4900.0,147.4,149.0,147.4,2,3,3662,148.2,True,2026-06-05
2026-06-05 22:20:46.505688,io2606,2026-06-22 00:00:00,17,C,io2606C4950,4950.0,16.2,16.4,16.2,10,5,5354,16.299999999999997,True,2026-06-05
2026-06-05 22:20:46.505688,io2606,2026-06-22 00:00:00,17,P,io2606P4950,4950.0,188.6,189.8,188.8,1,1,2322,189.2,True,2026-06-05
2026-06-05 22:20:46.505688,io2606,2026-06-22 00:00:00,17,C,io2606C5000,5000.0,9.2,9.6,9.6,3,18,12550,9.4,True,2026-06-05
2026-06-05 22:20:46.505688,io2606,2026-06-22 00:00:00,17,P,io2606P5000,5000.0,229.4,234.6,237.0,1,2,1866,232.0,True,2026-06-05
2026-06-05 22:20:46.505688,io2606,2026-06-22 00:00:00,17,C,io2606C5100,5100.0,4.8,5.0,4.8,21,65,6376,4.9,True,2026-06-05
2026-06-05 22:20:46.505688,io2606,2026-06-22 00:00:00,17,P,io2606P5100,5100.0,324.0,327.8,331.6,1,2,645,325.9,True,2026-06-05
2026-06-05 22:20:46.505688,io2606,2026-06-22 00:00:00,17,C,io2606C5200,5200.0,3.0,3.2,3.0,7,14,6376,3.1,True,2026-06-05
2026-06-05 22:20:46.505688,io2606,2026-06-22 00:00:00,17,P,io2606P5200,5200.0,419.2,429.0,429.0,1,1,527,424.1,True,2026-06-05
2026-06-05 22:20:46.505688,io2606,2026-06-22 00:00:00,17,C,io2606C5300,5300.0,1.8,2.0,1.8,8,16,2270,1.9,True,2026-06-05
2026-06-05 22:20:46.505688,io2606,2026-06-22 00:00:00,17,P,io2606P5300,5300.0,516.2,527.8,525.4,1,1,86,522.0,True,2026-06-05
2026-06-05 22:20:46.505688,io2606,2026-06-22 00:00:00,17,C,io2606C5400,5400.0,1.8,2.0,1.8,36,24,6236,1.9,True,2026-06-05
2026-06-05 22:20:46.505688,io2606,2026-06-22 00:00:00,17,P,io2606P5400,5400.0,615.0,628.6,626.4,1,1,458,621.8,True,2026-06-05
2026-06-05 22:20:46.505688,io2606,2026-06-22 00:00:00,17,C,io2606C5500,5500.0,1.2,1.4,1.4,17,5,2443,1.2999999999999998,True,2026-06-05
2026-06-05 22:20:46.505688,io2606,2026-06-22 00:00:00,17,P,io2606P5500,5500.0,713.0,727.8,729.2,1,1,159,720.4,True,2026-06-05
2026-06-05 22:20:46.505688,io2607,2026-07-17 00:00:00,42,C,io2607C4250,4250.0,500.0,512.6,497.2,2,1,55,506.3,True,2026-06-05
2026-06-05 22:20:46.505688,io2607,2026-07-17 00:00:00,42,P,io2607P4250,4250.0,11.8,12.4,12.4,1,5,867,12.1,True,2026-06-05
2026-06-05 22:20:46.505688,io2607,2026-07-17 00:00:00,42,C,io2607C4300,4300.0,449.2,464.2,458.6,1,1,58,456.7,True,2026-06-05
2026-06-05 22:20:46.505688,io2607,2026-07-17 00:00:00,42,P,io2607P4300,4300.0,15.0,15.2,16.6,1,1,462,15.1,True,2026-06-05
2026-06-05 22:20:46.505688,io2607,2026-07-17 00:00:00,42,C,io2607C4350,4350.0,403.4,418.4,495.2,1,1,27,410.9,True,2026-06-05
2026-06-05 22:20:46.505688,io2607,2026-07-17 00:00:00,42,P,io2607P4350,4350.0,19.4,20.6,19.8,5,3,445,20.0,True,2026-06-05
2026-06-05 22:20:46.505688,io2607,2026-07-17 00:00:00,42,C,io2607C4400,4400.0,359.0,374.0,413.8,1,1,97,366.5,True,2026-06-05
2026-06-05 22:20:46.505688,io2607,2026-07-17 00:00:00,42,P,io2607P4400,4400.0,24.2,26.6,25.6,1,1,1199,25.4,True,2026-06-05
2026-06-05 22:20:46.505688,io2607,2026-07-17 00:00:00,42,C,io2607C4450,4450.0,316.0,330.8,332.8,1,1,63,323.4,True,2026-06-05
2026-06-05 22:20:46.505688,io2607,2026-07-17 00:00:00,42,P,io2607P4450,4450.0,30.8,32.2,33.2,3,1,1128,31.5,True,2026-06-05
2026-06-05 22:20:46.505688,io2607,2026-07-17 00:00:00,42,C,io2607C4500,4500.0,275.4,290.0,295.0,1,1,103,282.7,True,2026-06-05
2026-06-05 22:20:46.505688,io2607,2026-07-17 00:00:00,42,P,io2607P4500,4500.0,39.2,41.0,42.2,3,1,1717,40.1,True,2026-06-05
2026-06-05 22:20:46.505688,io2607,2026-07-17 00:00:00,42,C,io2607C4550,4550.0,239.0,247.0,237.2,1,1,77,243.0,True,2026-06-05
2026-06-05 22:20:46.505688,io2607,2026-07-17 00:00:00,42,P,io2607P4550,4550.0,50.0,52.8,51.2,4,1,878,51.4,True,2026-06-05
2026-06-05 22:20:46.505688,io2607,2026-07-17 00:00:00,42,C,io2607C4600,4600.0,203.4,211.4,206.0,1,1,289,207.4,True,2026-06-05
2026-06-05 22:20:46.505688,io2607,2026-07-17 00:00:00,42,P,io2607P4600,4600.0,62.2,67.2,65.6,1,1,712,64.7,True,2026-06-05
2026-06-05 22:20:46.505688,io2607,2026-07-17 00:00:00,42,C,io2607C4650,4650.0,170.2,178.2,174.6,1,1,153,174.2,True,2026-06-05
2026-06-05 22:20:46.505688,io2607,2026-07-17 00:00:00,42,P,io2607P4650,4650.0,79.2,84.2,83.4,1,1,718,81.7,True,2026-06-05
2026-06-05 22:20:46.505688,io2607,2026-07-17 00:00:00,42,C,io2607C4700,4700.0,141.0,149.0,141.6,1,1,619,145.0,True,2026-06-05
2026-06-05 22:20:46.505688,io2607,2026-07-17 00:00:00,42,P,io2607P4700,4700.0,100.0,104.8,104.2,2,1,1088,102.4,True,2026-06-05
2026-06-05 22:20:46.505688,io2607,2026-07-17 00:00:00,42,C,io2607C4750,4750.0,114.8,121.0,115.4,1,2,379,117.9,True,2026-06-05
2026-06-05 22:20:46.505688,io2607,2026-07-17 00:00:00,42,P,io2607P4750,4750.0,122.2,129.8,125.0,1,1,814,126.0,True,2026-06-05
2026-06-05 22:20:46.505688,io2607,2026-07-17 00:00:00,42,C,io2607C4800,4800.0,92.8,93.0,93.0,1,7,992,92.9,True,2026-06-05
2026-06-05 22:20:46.505688,io2607,2026-07-17 00:00:00,42,P,io2607P4800,4800.0,149.8,157.8,155.4,1,1,1172,153.8,True,2026-06-05
2026-06-05 22:20:46.505688,io2607,2026-07-17 00:00:00,42,C,io2607C4850,4850.0,76.8,80.4,76.8,1,1,685,78.6,True,2026-06-05
2026-06-05 22:20:46.505688,io2607,2026-07-17 00:00:00,42,P,io2607P4850,4850.0,180.4,188.4,188.0,1,1,807,184.4,True,2026-06-05
2026-06-05 22:20:46.505688,io2607,2026-07-17 00:00:00,42,C,io2607C4900,4900.0,62.8,64.0,62.2,13,1,2929,63.4,True,2026-06-05
2026-06-05 22:20:46.505688,io2607,2026-07-17 00:00:00,42,P,io2607P4900,4900.0,215.0,223.0,221.6,1,1,585,219.0,True,2026-06-05
2026-06-05 22:20:46.505688,io2607,2026-07-17 00:00:00,42,C,io2607C4950,4950.0,50.6,51.0,50.6,1,1,5368,50.8,True,2026-06-05
2026-06-05 22:20:46.505688,io2607,2026-07-17 00:00:00,42,P,io2607P4950,4950.0,250.8,262.4,262.0,1,1,592,256.6,True,2026-06-05
2026-06-05 22:20:46.505688,io2607,2026-07-17 00:00:00,42,C,io2607C5000,5000.0,38.8,39.4,39.2,45,1,2295,39.1,True,2026-06-05
2026-06-05 22:20:46.505688,io2607,2026-07-17 00:00:00,42,P,io2607P5000,5000.0,288.8,303.8,301.6,1,1,237,296.3,True,2026-06-05
2026-06-05 22:20:46.505688,io2607,2026-07-17 00:00:00,42,C,io2607C5100,5100.0,24.4,26.0,24.6,1,4,2517,25.2,True,2026-06-05
2026-06-05 22:20:46.505688,io2607,2026-07-17 00:00:00,42,P,io2607P5100,5100.0,374.0,389.0,384.6,1,1,188,381.5,True,2026-06-05
2026-06-05 22:20:46.505688,io2607,2026-07-17 00:00:00,42,C,io2607C5200,5200.0,16.0,16.2,16.2,1,1,2128,16.1,True,2026-06-05
2026-06-05 22:20:46.505688,io2607,2026-07-17 00:00:00,42,P,io2607P5200,5200.0,464.8,479.8,459.6,1,1,110,472.3,True,2026-06-05
2026-06-05 22:20:46.505688,io2607,2026-07-17 00:00:00,42,C,io2607C5300,5300.0,10.2,10.6,10.4,1,2,953,10.4,True,2026-06-05
2026-06-05 22:20:46.505688,io2607,2026-07-17 00:00:00,42,P,io2607P5300,5300.0,555.8,576.6,497.2,1,1,92,566.2,True,2026-06-05
2026-06-05 22:20:46.505688,io2607,2026-07-17 00:00:00,42,C,io2607C5400,5400.0,7.4,7.6,7.4,1,9,514,7.5,True,2026-06-05
2026-06-05 22:20:46.505688,io2607,2026-07-17 00:00:00,42,P,io2607P5400,5400.0,651.6,674.0,635.4,1,1,69,662.8,True,2026-06-05
2026-06-05 22:20:46.505688,io2607,2026-07-17 00:00:00,42,C,io2607C5500,5500.0,5.2,5.6,5.4,3,9,1013,5.4,True,2026-06-05
2026-06-05 22:20:46.505688,io2607,2026-07-17 00:00:00,42,P,io2607P5500,5500.0,748.6,772.2,715.8,1,1,111,760.4000000000001,True,2026-06-05
2026-06-05 22:20:46.505688,io2609,2026-09-18 00:00:00,105,C,io2609C3900,3900.0,801.6,815.6,796.6,1,1,85,808.6,True,2026-06-05
2026-06-05 22:20:46.505688,io2609,2026-09-18 00:00:00,105,P,io2609P3900,3900.0,18.8,19.6,18.8,1,4,477,19.200000000000003,True,2026-06-05
2026-06-05 22:20:46.505688,io2609,2026-09-18 00:00:00,105,C,io2609C4000,4000.0,699.0,722.4,733.0,1,1,288,710.7,True,2026-06-05
2026-06-05 22:20:46.505688,io2609,2026-09-18 00:00:00,105,P,io2609P4000,4000.0,23.8,26.8,25.4,4,1,1229,25.3,True,2026-06-05
2026-06-05 22:20:46.505688,io2609,2026-09-18 00:00:00,105,C,io2609C4100,4100.0,609.0,631.4,611.0,1,1,157,620.2,True,2026-06-05
2026-06-05 22:20:46.505688,io2609,2026-09-18 00:00:00,105,P,io2609P4100,4100.0,32.6,35.0,34.2,7,1,622,33.8,True,2026-06-05
2026-06-05 22:20:46.505688,io2609,2026-09-18 00:00:00,105,C,io2609C4200,4200.0,535.0,543.0,539.8,1,1,388,539.0,True,2026-06-05
2026-06-05 22:20:46.505688,io2609,2026-09-18 00:00:00,105,P,io2609P4200,4200.0,45.4,46.8,46.8,1,1,534,46.1,True,2026-06-05
2026-06-05 22:20:46.505688,io2609,2026-09-18 00:00:00,105,C,io2609C4300,4300.0,440.4,458.6,458.0,1,1,235,449.5,True,2026-06-05
2026-06-05 22:20:46.505688,io2609,2026-09-18 00:00:00,105,P,io2609P4300,4300.0,60.0,64.0,62.8,1,1,582,62.0,True,2026-06-05
2026-06-05 22:20:46.505688,io2609,2026-09-18 00:00:00,105,C,io2609C4400,4400.0,364.2,381.8,373.2,1,1,503,373.0,True,2026-06-05
2026-06-05 22:20:46.505688,io2609,2026-09-18 00:00:00,105,P,io2609P4400,4400.0,82.8,88.8,84.4,3,2,869,85.8,True,2026-06-05
2026-06-05 22:20:46.505688,io2609,2026-09-18 00:00:00,105,C,io2609C4500,4500.0,295.2,308.0,300.0,1,1,1699,301.6,True,2026-06-05
2026-06-05 22:20:46.505688,io2609,2026-09-18 00:00:00,105,P,io2609P4500,4500.0,109.4,121.6,116.4,1,1,1017,115.5,True,2026-06-05
2026-06-05 22:20:46.505688,io2609,2026-09-18 00:00:00,105,C,io2609C4600,4600.0,236.2,248.8,240.0,1,3,1042,242.5,True,2026-06-05
2026-06-05 22:20:46.505688,io2609,2026-09-18 00:00:00,105,P,io2609P4600,4600.0,148.0,156.0,156.2,1,1,719,152.0,True,2026-06-05
2026-06-05 22:20:46.505688,io2609,2026-09-18 00:00:00,105,C,io2609C4700,4700.0,185.4,191.8,190.4,1,4,940,188.6,True,2026-06-05
2026-06-05 22:20:46.505688,io2609,2026-09-18 00:00:00,105,P,io2609P4700,4700.0,196.4,208.4,205.6,2,1,480,202.4,True,2026-06-05
2026-06-05 22:20:46.505688,io2609,2026-09-18 00:00:00,105,C,io2609C4800,4800.0,143.8,155.4,149.2,1,1,1400,149.60000000000002,True,2026-06-05
2026-06-05 22:20:46.505688,io2609,2026-09-18 00:00:00,105,P,io2609P4800,4800.0,253.4,265.8,260.8,2,1,827,259.6,True,2026-06-05
2026-06-05 22:20:46.505688,io2609,2026-09-18 00:00:00,105,C,io2609C4900,4900.0,112.0,122.8,116.2,4,1,969,117.4,True,2026-06-05
2026-06-05 22:20:46.505688,io2609,2026-09-18 00:00:00,105,P,io2609P4900,4900.0,318.2,335.6,329.8,1,1,643,326.9,True,2026-06-05
2026-06-05 22:20:46.505688,io2609,2026-09-18 00:00:00,105,C,io2609C5000,5000.0,93.4,94.6,93.4,2,1,2007,94.0,True,2026-06-05
2026-06-05 22:20:46.505688,io2609,2026-09-18 00:00:00,105,P,io2609P5000,5000.0,401.0,404.0,403.0,2,4,404,402.5,True,2026-06-05
2026-06-05 22:20:46.505688,io2609,2026-09-18 00:00:00,105,C,io2609C5200,5200.0,56.2,60.0,59.6,2,2,3063,58.1,True,2026-06-05
2026-06-05 22:20:46.505688,io2609,2026-09-18 00:00:00,105,P,io2609P5200,5200.0,554.4,575.6,572.6,1,1,226,565.0,True,2026-06-05
2026-06-05 22:20:46.505688,io2609,2026-09-18 00:00:00,105,C,io2609C5400,5400.0,36.8,39.4,37.8,2,2,4581,38.1,True,2026-06-05
2026-06-05 22:20:46.505688,io2609,2026-09-18 00:00:00,105,P,io2609P5400,5400.0,733.2,756.4,662.4,1,1,425,744.8,True,2026-06-05
2026-06-05 22:20:46.505688,io2609,2026-09-18 00:00:00,105,C,io2609C5600,5600.0,25.8,26.6,25.6,1,1,785,26.200000000000003,True,2026-06-05
2026-06-05 22:20:46.505688,io2609,2026-09-18 00:00:00,105,P,io2609P5600,5600.0,917.6,943.2,934.8,1,1,95,930.4,True,2026-06-05
2026-06-05 22:20:46.505688,io2608,2026-08-21 00:00:00,77,C,io2608C4300,4300.0,452.8,467.8,504.0,1,1,35,460.3,True,2026-06-05
2026-06-05 22:20:46.505688,io2608,2026-08-21 00:00:00,77,P,io2608P4300,4300.0,46.8,47.2,47.0,1,1,1015,47.0,True,2026-06-05
2026-06-05 22:20:46.505688,io2608,2026-08-21 00:00:00,77,C,io2608C4350,4350.0,485.2,500.2,507.4,1,1,58,492.7,True,2026-06-05
2026-06-05 22:20:46.505688,io2608,2026-08-21 00:00:00,77,P,io2608P4350,4350.0,53.4,55.8,54.0,1,2,1498,54.6,True,2026-06-05
2026-06-05 22:20:46.505688,io2608,2026-08-21 00:00:00,77,C,io2608C4400,4400.0,370.0,385.0,386.6,1,1,28,377.5,True,2026-06-05
2026-06-05 22:20:46.505688,io2608,2026-08-21 00:00:00,77,P,io2608P4400,4400.0,61.6,65.2,66.6,1,1,231,63.400000000000006,True,2026-06-05
2026-06-05 22:20:46.505688,io2608,2026-08-21 00:00:00,77,C,io2608C4450,4450.0,400.6,415.6,408.6,1,1,28,408.1,True,2026-06-05
2026-06-05 22:20:46.505688,io2608,2026-08-21 00:00:00,77,P,io2608P4450,4450.0,72.0,76.0,54.8,2,1,42,74.0,True,2026-06-05
2026-06-05 22:20:46.505688,io2608,2026-08-21 00:00:00,77,C,io2608C4500,4500.0,366.2,375.6,368.6,1,1,8,370.9,True,2026-06-05
2026-06-05 22:20:46.505688,io2608,2026-08-21 00:00:00,77,P,io2608P4500,4500.0,84.6,88.8,86.6,2,1,111,86.69999999999999,True,2026-06-05
2026-06-05 22:20:46.505688,io2608,2026-08-21 00:00:00,77,C,io2608C4550,4550.0,322.6,337.6,332.6,1,1,14,330.1,True,2026-06-05
2026-06-05 22:20:46.505688,io2608,2026-08-21 00:00:00,77,P,io2608P4550,4550.0,100.0,104.2,104.8,3,2,85,102.1,True,2026-06-05
2026-06-05 22:20:46.505688,io2608,2026-08-21 00:00:00,77,C,io2608C4600,4600.0,230.8,238.8,307.6,1,1,11,234.8,True,2026-06-05
2026-06-05 22:20:46.505688,io2608,2026-08-21 00:00:00,77,P,io2608P4600,4600.0,114.8,122.8,111.4,1,1,84,118.8,True,2026-06-05
2026-06-05 22:20:46.505688,io2608,2026-08-21 00:00:00,77,C,io2608C4650,4650.0,201.0,209.0,239.2,1,1,24,205.0,True,2026-06-05
2026-06-05 22:20:46.505688,io2608,2026-08-21 00:00:00,77,P,io2608P4650,4650.0,134.8,142.8,141.6,1,1,145,138.8,True,2026-06-05
2026-06-05 22:20:46.505688,io2608,2026-08-21 00:00:00,77,C,io2608C4700,4700.0,173.8,181.8,174.8,1,1,34,177.8,True,2026-06-05
2026-06-05 22:20:46.505688,io2608,2026-08-21 00:00:00,77,P,io2608P4700,4700.0,157.4,165.4,161.6,1,1,92,161.4,True,2026-06-05
2026-06-05 22:20:46.505688,io2608,2026-08-21 00:00:00,77,C,io2608C4750,4750.0,149.2,157.2,180.6,1,1,54,153.2,True,2026-06-05
2026-06-05 22:20:46.505688,io2608,2026-08-21 00:00:00,77,P,io2608P4750,4750.0,182.6,190.6,185.0,1,1,88,186.6,True,2026-06-05
2026-06-05 22:20:46.505688,io2608,2026-08-21 00:00:00,77,C,io2608C4800,4800.0,127.8,135.4,130.8,1,1,65,131.6,True,2026-06-05
2026-06-05 22:20:46.505688,io2608,2026-08-21 00:00:00,77,P,io2608P4800,4800.0,210.6,218.6,212.0,1,1,76,214.6,True,2026-06-05
2026-06-05 22:20:46.505688,io2608,2026-08-21 00:00:00,77,C,io2608C4850,4850.0,108.8,116.0,143.6,1,1,95,112.4,True,2026-06-05
2026-06-05 22:20:46.505688,io2608,2026-08-21 00:00:00,77,P,io2608P4850,4850.0,241.0,249.0,242.6,1,1,63,245.0,True,2026-06-05
2026-06-05 22:20:46.505688,io2608,2026-08-21 00:00:00,77,C,io2608C4900,4900.0,93.0,97.8,93.8,1,1,301,95.4,True,2026-06-05
2026-06-05 22:20:46.505688,io2608,2026-08-21 00:00:00,77,P,io2608P4900,4900.0,270.4,280.0,279.6,1,1,77,275.2,True,2026-06-05
2026-06-05 22:20:46.505688,io2608,2026-08-21 00:00:00,77,C,io2608C4950,4950.0,78.4,83.4,84.8,2,1,105,80.9,True,2026-06-05
2026-06-05 22:20:46.505688,io2608,2026-08-21 00:00:00,77,P,io2608P4950,4950.0,305.6,320.6,275.6,1,1,31,313.1,True,2026-06-05
2026-06-05 22:20:46.505688,io2608,2026-08-21 00:00:00,77,C,io2608C5000,5000.0,66.2,70.8,68.4,1,1,179,68.5,True,2026-06-05
2026-06-05 22:20:46.505688,io2608,2026-08-21 00:00:00,77,P,io2608P5000,5000.0,343.0,357.8,346.6,1,1,41,350.4,True,2026-06-05
2026-06-05 22:20:46.505688,io2608,2026-08-21 00:00:00,77,C,io2608C5100,5100.0,50.0,50.2,49.6,1,1,257,50.1,True,2026-06-05
2026-06-05 22:20:46.505688,io2608,2026-08-21 00:00:00,77,P,io2608P5100,5100.0,424.8,437.8,431.4,1,1,44,431.3,True,2026-06-05
2026-06-05 22:20:46.505688,io2608,2026-08-21 00:00:00,77,C,io2608C5200,5200.0,35.8,36.4,36.6,2,1,505,36.1,True,2026-06-05
2026-06-05 22:20:46.505688,io2608,2026-08-21 00:00:00,77,P,io2608P5200,5200.0,511.0,527.8,473.0,1,1,17,519.4,True,2026-06-05
2026-06-05 22:20:46.505688,io2608,2026-08-21 00:00:00,77,C,io2608C5300,5300.0,27.4,29.4,27.4,1,3,157,28.4,True,2026-06-05
2026-06-05 22:20:46.505688,io2608,2026-08-21 00:00:00,77,P,io2608P5300,5300.0,591.2,621.2,595.8,1,1,57,606.2,True,2026-06-05
2026-06-05 22:20:46.505688,io2608,2026-08-21 00:00:00,77,C,io2608C5400,5400.0,20.2,21.4,20.4,1,1,106,20.8,True,2026-06-05
2026-06-05 22:20:46.505688,io2608,2026-08-21 00:00:00,77,P,io2608P5400,5400.0,601.4,631.4,620.4,1,1,42,616.4,True,2026-06-05
2026-06-05 22:20:46.505688,io2608,2026-08-21 00:00:00,77,C,io2608C5500,5500.0,15.2,15.4,16.0,3,1,154,15.3,True,2026-06-05
2026-06-05 22:20:46.505688,io2608,2026-08-21 00:00:00,77,P,io2608P5500,5500.0,683.2,713.2,700.6,1,1,11,698.2,True,2026-06-05
2026-06-05 22:20:46.505688,io2612,2026-12-18 00:00:00,196,C,io2612C3900,3900.0,754.8,795.0,865.2,1,1,187,774.9,True,2026-06-05
2026-06-05 22:20:46.505688,io2612,2026-12-18 00:00:00,196,P,io2612P3900,3900.0,48.4,49.4,48.0,1,2,778,48.9,True,2026-06-05
2026-06-05 22:20:46.505688,io2612,2026-12-18 00:00:00,196,C,io2612C4000,4000.0,669.0,710.0,773.6,1,1,128,689.5,True,2026-06-05
2026-06-05 22:20:46.505688,io2612,2026-12-18 00:00:00,196,P,io2612P4000,4000.0,60.2,65.8,62.4,4,1,336,63.0,True,2026-06-05
2026-06-05 22:20:46.505688,io2612,2026-12-18 00:00:00,196,C,io2612C4100,4100.0,586.8,629.2,612.8,1,1,249,608.0,True,2026-06-05
2026-06-05 22:20:46.505688,io2612,2026-12-18 00:00:00,196,P,io2612P4100,4100.0,77.8,82.6,79.6,1,2,1104,80.19999999999999,True,2026-06-05
2026-06-05 22:20:46.505688,io2612,2026-12-18 00:00:00,196,C,io2612C4200,4200.0,520.4,543.0,533.8,1,1,141,531.7,True,2026-06-05
2026-06-05 22:20:46.505688,io2612,2026-12-18 00:00:00,196,P,io2612P4200,4200.0,100.0,104.0,99.2,3,2,557,102.0,True,2026-06-05
2026-06-05 22:20:46.505688,io2612,2026-12-18 00:00:00,196,C,io2612C4300,4300.0,449.0,469.2,535.4,1,1,204,459.1,True,2026-06-05
2026-06-05 22:20:46.505688,io2612,2026-12-18 00:00:00,196,P,io2612P4300,4300.0,126.2,134.0,130.0,1,1,656,130.1,True,2026-06-05
2026-06-05 22:20:46.505688,io2612,2026-12-18 00:00:00,196,C,io2612C4400,4400.0,382.0,403.0,384.8,2,1,360,392.5,True,2026-06-05
2026-06-05 22:20:46.505688,io2612,2026-12-18 00:00:00,196,P,io2612P4400,4400.0,155.6,166.4,159.6,1,1,840,161.0,True,2026-06-05
2026-06-05 22:20:46.505688,io2612,2026-12-18 00:00:00,196,C,io2612C4500,4500.0,325.2,344.0,333.0,1,1,956,334.6,True,2026-06-05
2026-06-05 22:20:46.505688,io2612,2026-12-18 00:00:00,196,P,io2612P4500,4500.0,194.8,206.4,202.0,1,1,876,200.6,True,2026-06-05
2026-06-05 22:20:46.505688,io2612,2026-12-18 00:00:00,196,C,io2612C4600,4600.0,273.2,292.4,284.2,1,2,875,282.79999999999995,True,2026-06-05
2026-06-05 22:20:46.505688,io2612,2026-12-18 00:00:00,196,P,io2612P4600,4600.0,242.6,252.8,230.4,1,1,712,247.7,True,2026-06-05
2026-06-05 22:20:46.505688,io2612,2026-12-18 00:00:00,196,C,io2612C4700,4700.0,232.4,238.8,238.8,1,1,622,235.6,True,2026-06-05
2026-06-05 22:20:46.505688,io2612,2026-12-18 00:00:00,196,P,io2612P4700,4700.0,292.6,310.8,303.4,1,1,290,301.70000000000005,True,2026-06-05
2026-06-05 22:20:46.505688,io2612,2026-12-18 00:00:00,196,C,io2612C4800,4800.0,192.6,204.6,199.6,2,1,540,198.6,True,2026-06-05
2026-06-05 22:20:46.505688,io2612,2026-12-18 00:00:00,196,P,io2612P4800,4800.0,353.4,371.8,364.4,1,1,337,362.6,True,2026-06-05
2026-06-05 22:20:46.505688,io2612,2026-12-18 00:00:00,196,C,io2612C4900,4900.0,162.8,173.4,168.0,1,1,310,168.10000000000002,True,2026-06-05
2026-06-05 22:20:46.505688,io2612,2026-12-18 00:00:00,196,P,io2612P4900,4900.0,421.2,439.0,427.4,1,1,178,430.1,True,2026-06-05
2026-06-05 22:20:46.505688,io2612,2026-12-18 00:00:00,196,C,io2612C5000,5000.0,135.8,147.6,141.4,1,2,523,141.7,True,2026-06-05
2026-06-05 22:20:46.505688,io2612,2026-12-18 00:00:00,196,P,io2612P5000,5000.0,406.0,426.4,407.4,2,1,194,416.2,True,2026-06-05
2026-06-05 22:20:46.505688,io2612,2026-12-18 00:00:00,196,C,io2612C5200,5200.0,100.0,105.2,101.6,2,1,688,102.6,True,2026-06-05
2026-06-05 22:20:46.505688,io2612,2026-12-18 00:00:00,196,P,io2612P5200,5200.0,642.2,681.4,666.4,1,1,256,661.8,True,2026-06-05
2026-06-05 22:20:46.505688,io2612,2026-12-18 00:00:00,196,C,io2612C5400,5400.0,75.4,79.6,77.8,1,1,1290,77.5,True,2026-06-05
2026-06-05 22:20:46.505688,io2612,2026-12-18 00:00:00,196,P,io2612P5400,5400.0,813.8,854.2,840.0,1,1,392,834.0,True,2026-06-05
2026-06-05 22:20:46.505688,io2612,2026-12-18 00:00:00,196,C,io2612C5600,5600.0,56.0,56.4,56.4,1,1,491,56.2,True,2026-06-05
2026-06-05 22:20:46.505688,io2612,2026-12-18 00:00:00,196,P,io2612P5600,5600.0,1000.0,1030.8,1022.0,2,1,120,1015.4,True,2026-06-05
2026-06-05 22:20:46.505688,io2703,2027-03-19 00:00:00,287,C,io2703C3900,3900.0,762.2,801.0,783.0,1,1,285,781.6,True,2026-06-05
2026-06-05 22:20:46.505688,io2703,2027-03-19 00:00:00,287,P,io2703P3900,3900.0,80.4,83.8,82.4,1,1,835,82.1,True,2026-06-05
2026-06-05 22:20:46.505688,io2703,2027-03-19 00:00:00,287,C,io2703C4000,4000.0,681.4,721.0,740.4,1,1,162,701.2,True,2026-06-05
2026-06-05 22:20:46.505688,io2703,2027-03-19 00:00:00,287,P,io2703P4000,4000.0,100.0,102.8,100.2,1,1,299,101.4,True,2026-06-05
2026-06-05 22:20:46.505688,io2703,2027-03-19 00:00:00,287,C,io2703C4100,4100.0,604.6,643.6,620.4,1,1,104,624.1,True,2026-06-05
2026-06-05 22:20:46.505688,io2703,2027-03-19 00:00:00,287,P,io2703P4100,4100.0,116.2,127.4,120.8,1,1,958,121.8,True,2026-06-05
2026-06-05 22:20:46.505688,io2703,2027-03-19 00:00:00,287,C,io2703C4200,4200.0,532.6,572.0,619.4,1,1,113,552.3,True,2026-06-05
2026-06-05 22:20:46.505688,io2703,2027-03-19 00:00:00,287,P,io2703P4200,4200.0,143.8,150.8,149.8,1,1,221,147.3,True,2026-06-05
2026-06-05 22:20:46.505688,io2703,2027-03-19 00:00:00,287,C,io2703C4300,4300.0,477.6,493.4,486.0,1,1,112,485.5,True,2026-06-05
2026-06-05 22:20:46.505688,io2703,2027-03-19 00:00:00,287,P,io2703P4300,4300.0,175.0,181.8,178.8,1,1,133,178.4,True,2026-06-05
2026-06-05 22:20:46.505688,io2703,2027-03-19 00:00:00,287,C,io2703C4400,4400.0,416.6,434.2,440.2,1,1,234,425.4,True,2026-06-05
2026-06-05 22:20:46.505688,io2703,2027-03-19 00:00:00,287,P,io2703P4400,4400.0,212.6,218.8,215.0,1,1,347,215.7,True,2026-06-05
2026-06-05 22:20:46.505688,io2703,2027-03-19 00:00:00,287,C,io2703C4500,4500.0,370.0,380.6,377.2,3,1,262,375.3,True,2026-06-05
2026-06-05 22:20:46.505688,io2703,2027-03-19 00:00:00,287,P,io2703P4500,4500.0,255.6,266.4,228.0,1,1,180,261.0,True,2026-06-05
2026-06-05 22:20:46.505688,io2703,2027-03-19 00:00:00,287,C,io2703C4600,4600.0,361.0,382.2,373.4,1,1,147,371.6,True,2026-06-05
2026-06-05 22:20:46.505688,io2703,2027-03-19 00:00:00,287,P,io2703P4600,4600.0,301.0,313.8,307.8,1,1,194,307.4,True,2026-06-05
2026-06-05 22:20:46.505688,io2703,2027-03-19 00:00:00,287,C,io2703C4700,4700.0,312.2,333.8,325.2,1,1,121,323.0,True,2026-06-05
2026-06-05 22:20:46.505688,io2703,2027-03-19 00:00:00,287,P,io2703P4700,4700.0,356.8,376.2,345.4,1,1,84,366.5,True,2026-06-05
2026-06-05 22:20:46.505688,io2703,2027-03-19 00:00:00,287,C,io2703C4800,4800.0,237.0,246.6,245.0,1,1,203,241.8,True,2026-06-05
2026-06-05 22:20:46.505688,io2703,2027-03-19 00:00:00,287,P,io2703P4800,4800.0,418.0,437.2,429.4,1,1,192,427.6,True,2026-06-05
2026-06-05 22:20:46.505688,io2703,2027-03-19 00:00:00,287,C,io2703C4900,4900.0,204.8,214.8,212.0,1,1,121,209.8,True,2026-06-05
2026-06-05 22:20:46.505688,io2703,2027-03-19 00:00:00,287,P,io2703P4900,4900.0,483.8,503.2,476.0,1,2,173,493.5,True,2026-06-05
2026-06-05 22:20:46.505688,io2703,2027-03-19 00:00:00,287,C,io2703C5000,5000.0,177.2,188.0,216.4,3,1,195,182.6,True,2026-06-05
2026-06-05 22:20:46.505688,io2703,2027-03-19 00:00:00,287,P,io2703P5000,5000.0,544.0,585.0,512.4,1,1,112,564.5,True,2026-06-05
2026-06-05 22:20:46.505688,io2703,2027-03-19 00:00:00,287,C,io2703C5200,5200.0,135.0,144.6,140.0,1,1,312,139.8,True,2026-06-05
2026-06-05 22:20:46.505688,io2703,2027-03-19 00:00:00,287,P,io2703P5200,5200.0,697.2,737.8,675.0,1,1,171,717.5,True,2026-06-05
2026-06-05 22:20:46.505688,io2703,2027-03-19 00:00:00,287,C,io2703C5400,5400.0,103.8,109.4,110.0,1,1,214,106.6,True,2026-06-05
2026-06-05 22:20:46.505688,io2703,2027-03-19 00:00:00,287,P,io2703P5400,5400.0,862.6,902.4,843.0,1,1,182,882.5,True,2026-06-05
2026-06-05 22:20:46.505688,io2703,2027-03-19 00:00:00,287,C,io2703C5600,5600.0,83.0,86.4,83.0,1,1,404,84.7,True,2026-06-05
2026-06-05 22:20:46.505688,io2703,2027-03-19 00:00:00,287,P,io2703P5600,5600.0,1031.8,1076.8,1065.6,1,1,172,1054.3,True,2026-06-05
2026-06-06 22:16:35.070800,io2606,2026-06-22 00:00:00,16,C,io2606C3400,3400.0,1367.0,1390.0,1374.8,1,1,174,1378.5,True,2026-06-06
2026-06-06 22:16:35.070800,io2606,2026-06-22 00:00:00,16,P,io2606P3400,3400.0,0.4,0.6,0.6,42,1,1514,0.5,True,2026-06-06
2026-06-06 22:16:35.070800,io2606,2026-06-22 00:00:00,16,C,io2606C3500,3500.0,1268.2,1290.0,1271.8,1,1,167,1279.1,True,2026-06-06
2026-06-06 22:16:35.070800,io2606,2026-06-22 00:00:00,16,P,io2606P3500,3500.0,0.4,0.6,0.6,43,9,542,0.5,True,2026-06-06
2026-06-06 22:16:35.070800,io2606,2026-06-22 00:00:00,16,C,io2606C3600,3600.0,1168.4,1189.0,1270.0,1,1,161,1178.7,True,2026-06-06
2026-06-06 22:16:35.070800,io2606,2026-06-22 00:00:00,16,P,io2606P3600,3600.0,0.4,0.6,0.6,22,12,524,0.5,True,2026-06-06
2026-06-06 22:16:35.070800,io2606,2026-06-22 00:00:00,16,C,io2606C3700,3700.0,1069.8,1089.2,1075.4,1,1,193,1079.5,True,2026-06-06
2026-06-06 22:16:35.070800,io2606,2026-06-22 00:00:00,16,P,io2606P3700,3700.0,0.4,0.6,0.6,6,12,401,0.5,True,2026-06-06
2026-06-06 22:16:35.070800,io2606,2026-06-22 00:00:00,16,C,io2606C3800,3800.0,970.2,987.0,1045.2,1,1,148,978.6,True,2026-06-06
2026-06-06 22:16:35.070800,io2606,2026-06-22 00:00:00,16,P,io2606P3800,3800.0,0.4,0.6,0.6,12,21,884,0.5,True,2026-06-06
2026-06-06 22:16:35.070800,io2606,2026-06-22 00:00:00,16,C,io2606C3900,3900.0,871.2,887.0,879.8,1,1,166,879.1,True,2026-06-06
2026-06-06 22:16:35.070800,io2606,2026-06-22 00:00:00,16,P,io2606P3900,3900.0,0.6,0.8,0.8,12,4,391,0.7,True,2026-06-06
2026-06-06 22:16:35.070800,io2606,2026-06-22 00:00:00,16,C,io2606C3950,3950.0,821.4,837.8,835.2,1,1,129,829.5999999999999,True,2026-06-06
2026-06-06 22:16:35.070800,io2606,2026-06-22 00:00:00,16,P,io2606P3950,3950.0,0.6,0.8,0.8,21,4,262,0.7,True,2026-06-06
2026-06-06 22:16:35.070800,io2606,2026-06-22 00:00:00,16,C,io2606C4000,4000.0,772.2,787.6,850.4,1,1,160,779.9000000000001,True,2026-06-06
2026-06-06 22:16:35.070800,io2606,2026-06-22 00:00:00,16,P,io2606P4000,4000.0,0.8,1.0,0.8,2,4,1179,0.9,True,2026-06-06
2026-06-06 22:16:35.070800,io2606,2026-06-22 00:00:00,16,C,io2606C4050,4050.0,722.2,737.0,743.6,1,1,118,729.6,True,2026-06-06
2026-06-06 22:16:35.070800,io2606,2026-06-22 00:00:00,16,P,io2606P4050,4050.0,0.8,1.0,0.8,3,13,133,0.9,True,2026-06-06
2026-06-06 22:16:35.070800,io2606,2026-06-22 00:00:00,16,C,io2606C4100,4100.0,673.0,687.2,676.8,1,1,157,680.1,True,2026-06-06
2026-06-06 22:16:35.070800,io2606,2026-06-22 00:00:00,16,P,io2606P4100,4100.0,1.0,1.2,1.0,2,12,487,1.1,True,2026-06-06
2026-06-06 22:16:35.070800,io2606,2026-06-22 00:00:00,16,C,io2606C4150,4150.0,623.6,637.4,627.2,1,1,119,630.5,True,2026-06-06
2026-06-06 22:16:35.070800,io2606,2026-06-22 00:00:00,16,P,io2606P4150,4150.0,1.2,1.4,1.2,1,5,250,1.2999999999999998,True,2026-06-06
2026-06-06 22:16:35.070800,io2606,2026-06-22 00:00:00,16,C,io2606C4200,4200.0,573.8,587.0,578.6,1,1,160,580.4,True,2026-06-06
2026-06-06 22:16:35.070800,io2606,2026-06-22 00:00:00,16,P,io2606P4200,4200.0,1.6,1.8,1.6,2,10,1171,1.7000000000000002,True,2026-06-06
2026-06-06 22:16:35.070800,io2606,2026-06-22 00:00:00,16,C,io2606C4250,4250.0,524.4,536.4,527.6,1,1,94,530.4,True,2026-06-06
2026-06-06 22:16:35.070800,io2606,2026-06-22 00:00:00,16,P,io2606P4250,4250.0,1.6,1.8,1.8,16,1,398,1.7000000000000002,True,2026-06-06
2026-06-06 22:16:35.070800,io2606,2026-06-22 00:00:00,16,C,io2606C4300,4300.0,475.2,484.6,476.0,1,1,292,479.9,True,2026-06-06
2026-06-06 22:16:35.070800,io2606,2026-06-22 00:00:00,16,P,io2606P4300,4300.0,2.0,2.4,2.2,15,7,1127,2.2,True,2026-06-06
2026-06-06 22:16:35.070800,io2606,2026-06-22 00:00:00,16,C,io2606C4350,4350.0,426.6,435.8,429.4,1,1,118,431.2000000000001,True,2026-06-06
2026-06-06 22:16:35.070800,io2606,2026-06-22 00:00:00,16,P,io2606P4350,4350.0,2.8,3.0,3.0,15,2,700,2.9,True,2026-06-06
2026-06-06 22:16:35.070800,io2606,2026-06-22 00:00:00,16,C,io2606C4400,4400.0,377.8,386.6,385.6,1,1,625,382.2000000000001,True,2026-06-06
2026-06-06 22:16:35.070800,io2606,2026-06-22 00:00:00,16,P,io2606P4400,4400.0,4.0,4.2,4.0,1,5,2060,4.1,True,2026-06-06
2026-06-06 22:16:35.070800,io2606,2026-06-22 00:00:00,16,C,io2606C4450,4450.0,330.0,338.8,332.0,1,2,274,334.4,True,2026-06-06
2026-06-06 22:16:35.070800,io2606,2026-06-22 00:00:00,16,P,io2606P4450,4450.0,5.6,5.8,5.6,10,2,1556,5.699999999999999,True,2026-06-06
2026-06-06 22:16:35.070800,io2606,2026-06-22 00:00:00,16,C,io2606C4500,4500.0,280.8,291.4,281.2,1,1,1051,286.1,True,2026-06-06
2026-06-06 22:16:35.070800,io2606,2026-06-22 00:00:00,16,P,io2606P4500,4500.0,8.4,8.8,8.8,13,10,4085,8.600000000000001,True,2026-06-06
2026-06-06 22:16:35.070800,io2606,2026-06-22 00:00:00,16,C,io2606C4550,4550.0,237.6,242.8,237.6,2,1,330,240.2,True,2026-06-06
2026-06-06 22:16:35.070800,io2606,2026-06-22 00:00:00,16,P,io2606P4550,4550.0,11.4,11.8,11.4,7,2,1911,11.6,True,2026-06-06
2026-06-06 22:16:35.070800,io2606,2026-06-22 00:00:00,16,C,io2606C4600,4600.0,193.0,198.6,195.8,1,1,1706,195.8,True,2026-06-06
2026-06-06 22:16:35.070800,io2606,2026-06-22 00:00:00,16,P,io2606P4600,4600.0,16.8,17.2,17.2,7,6,3241,17.0,True,2026-06-06
2026-06-06 22:16:35.070800,io2606,2026-06-22 00:00:00,16,C,io2606C4650,4650.0,151.2,156.6,150.6,1,1,560,153.89999999999998,True,2026-06-06
2026-06-06 22:16:35.070800,io2606,2026-06-22 00:00:00,16,P,io2606P4650,4650.0,25.0,25.4,25.0,4,1,2260,25.2,True,2026-06-06
2026-06-06 22:16:35.070800,io2606,2026-06-22 00:00:00,16,C,io2606C4700,4700.0,112.8,113.0,113.0,5,5,3248,112.9,True,2026-06-06
2026-06-06 22:16:35.070800,io2606,2026-06-22 00:00:00,16,P,io2606P4700,4700.0,37.6,37.8,37.6,3,2,4426,37.7,True,2026-06-06
2026-06-06 22:16:35.070800,io2606,2026-06-22 00:00:00,16,C,io2606C4750,4750.0,82.2,83.8,82.2,1,14,1394,83.0,True,2026-06-06
2026-06-06 22:16:35.070800,io2606,2026-06-22 00:00:00,16,P,io2606P4750,4750.0,56.2,56.8,56.8,1,1,2237,56.5,True,2026-06-06
2026-06-06 22:16:35.070800,io2606,2026-06-22 00:00:00,16,C,io2606C4800,4800.0,57.0,57.2,57.2,4,1,4312,57.1,True,2026-06-06
2026-06-06 22:16:35.070800,io2606,2026-06-22 00:00:00,16,P,io2606P4800,4800.0,78.4,79.0,78.8,1,1,3633,78.7,True,2026-06-06
2026-06-06 22:16:35.070800,io2606,2026-06-22 00:00:00,16,C,io2606C4850,4850.0,38.0,38.6,38.4,1,1,3269,38.3,True,2026-06-06
2026-06-06 22:16:35.070800,io2606,2026-06-22 00:00:00,16,P,io2606P4850,4850.0,106.8,108.0,107.2,1,1,3191,107.4,True,2026-06-06
2026-06-06 22:16:35.070800,io2606,2026-06-22 00:00:00,16,C,io2606C4900,4900.0,25.2,25.4,25.4,2,10,8372,25.3,True,2026-06-06
2026-06-06 22:16:35.070800,io2606,2026-06-22 00:00:00,16,P,io2606P4900,4900.0,147.4,149.0,147.4,2,3,3662,148.2,True,2026-06-06
2026-06-06 22:16:35.070800,io2606,2026-06-22 00:00:00,16,C,io2606C4950,4950.0,16.2,16.4,16.2,10,5,5354,16.299999999999997,True,2026-06-06
2026-06-06 22:16:35.070800,io2606,2026-06-22 00:00:00,16,P,io2606P4950,4950.0,188.6,189.8,188.8,1,1,2322,189.2,True,2026-06-06
2026-06-06 22:16:35.070800,io2606,2026-06-22 00:00:00,16,C,io2606C5000,5000.0,9.2,9.6,9.6,3,18,12550,9.4,True,2026-06-06
2026-06-06 22:16:35.070800,io2606,2026-06-22 00:00:00,16,P,io2606P5000,5000.0,229.4,234.6,237.0,1,2,1866,232.0,True,2026-06-06
2026-06-06 22:16:35.070800,io2606,2026-06-22 00:00:00,16,C,io2606C5100,5100.0,4.8,5.0,4.8,21,65,6376,4.9,True,2026-06-06
2026-06-06 22:16:35.070800,io2606,2026-06-22 00:00:00,16,P,io2606P5100,5100.0,324.0,327.8,331.6,1,2,645,325.9,True,2026-06-06
2026-06-06 22:16:35.070800,io2606,2026-06-22 00:00:00,16,C,io2606C5200,5200.0,3.0,3.2,3.0,7,14,6376,3.1,True,2026-06-06
2026-06-06 22:16:35.070800,io2606,2026-06-22 00:00:00,16,P,io2606P5200,5200.0,419.2,429.0,429.0,1,1,527,424.1,True,2026-06-06
2026-06-06 22:16:35.070800,io2606,2026-06-22 00:00:00,16,C,io2606C5300,5300.0,1.8,2.0,1.8,8,16,2270,1.9,True,2026-06-06
2026-06-06 22:16:35.070800,io2606,2026-06-22 00:00:00,16,P,io2606P5300,5300.0,516.2,527.8,525.4,1,1,86,522.0,True,2026-06-06
2026-06-06 22:16:35.070800,io2606,2026-06-22 00:00:00,16,C,io2606C5400,5400.0,1.8,2.0,1.8,36,24,6236,1.9,True,2026-06-06
2026-06-06 22:16:35.070800,io2606,2026-06-22 00:00:00,16,P,io2606P5400,5400.0,615.0,628.6,626.4,1,1,458,621.8,True,2026-06-06
2026-06-06 22:16:35.070800,io2606,2026-06-22 00:00:00,16,C,io2606C5500,5500.0,1.2,1.4,1.4,17,5,2443,1.2999999999999998,True,2026-06-06
2026-06-06 22:16:35.070800,io2606,2026-06-22 00:00:00,16,P,io2606P5500,5500.0,713.0,727.8,729.2,1,1,159,720.4,True,2026-06-06
2026-06-06 22:16:35.070800,io2607,2026-07-17 00:00:00,41,C,io2607C4250,4250.0,500.0,512.6,497.2,2,1,55,506.3,True,2026-06-06
2026-06-06 22:16:35.070800,io2607,2026-07-17 00:00:00,41,P,io2607P4250,4250.0,11.8,12.4,12.4,1,5,867,12.1,True,2026-06-06
2026-06-06 22:16:35.070800,io2607,2026-07-17 00:00:00,41,C,io2607C4300,4300.0,449.2,464.2,458.6,1,1,58,456.7,True,2026-06-06
2026-06-06 22:16:35.070800,io2607,2026-07-17 00:00:00,41,P,io2607P4300,4300.0,15.0,15.2,16.6,1,1,462,15.1,True,2026-06-06
2026-06-06 22:16:35.070800,io2607,2026-07-17 00:00:00,41,C,io2607C4350,4350.0,403.4,418.4,495.2,1,1,27,410.9,True,2026-06-06
2026-06-06 22:16:35.070800,io2607,2026-07-17 00:00:00,41,P,io2607P4350,4350.0,19.4,20.6,19.8,5,3,445,20.0,True,2026-06-06
2026-06-06 22:16:35.070800,io2607,2026-07-17 00:00:00,41,C,io2607C4400,4400.0,359.0,374.0,413.8,1,1,97,366.5,True,2026-06-06
2026-06-06 22:16:35.070800,io2607,2026-07-17 00:00:00,41,P,io2607P4400,4400.0,24.2,26.6,25.6,1,1,1199,25.4,True,2026-06-06
2026-06-06 22:16:35.070800,io2607,2026-07-17 00:00:00,41,C,io2607C4450,4450.0,316.0,330.8,332.8,1,1,63,323.4,True,2026-06-06
2026-06-06 22:16:35.070800,io2607,2026-07-17 00:00:00,41,P,io2607P4450,4450.0,30.8,32.2,33.2,3,1,1128,31.5,True,2026-06-06
2026-06-06 22:16:35.070800,io2607,2026-07-17 00:00:00,41,C,io2607C4500,4500.0,275.4,290.0,295.0,1,1,103,282.7,True,2026-06-06
2026-06-06 22:16:35.070800,io2607,2026-07-17 00:00:00,41,P,io2607P4500,4500.0,39.2,41.0,42.2,3,1,1717,40.1,True,2026-06-06
2026-06-06 22:16:35.070800,io2607,2026-07-17 00:00:00,41,C,io2607C4550,4550.0,239.0,247.0,237.2,1,1,77,243.0,True,2026-06-06
2026-06-06 22:16:35.070800,io2607,2026-07-17 00:00:00,41,P,io2607P4550,4550.0,50.0,52.8,51.2,4,1,878,51.4,True,2026-06-06
2026-06-06 22:16:35.070800,io2607,2026-07-17 00:00:00,41,C,io2607C4600,4600.0,203.4,211.4,206.0,1,1,289,207.4,True,2026-06-06
2026-06-06 22:16:35.070800,io2607,2026-07-17 00:00:00,41,P,io2607P4600,4600.0,62.2,67.2,65.6,1,1,712,64.7,True,2026-06-06
2026-06-06 22:16:35.070800,io2607,2026-07-17 00:00:00,41,C,io2607C4650,4650.0,170.2,178.2,174.6,1,1,153,174.2,True,2026-06-06
2026-06-06 22:16:35.070800,io2607,2026-07-17 00:00:00,41,P,io2607P4650,4650.0,79.2,84.2,83.4,1,1,718,81.7,True,2026-06-06
2026-06-06 22:16:35.070800,io2607,2026-07-17 00:00:00,41,C,io2607C4700,4700.0,141.0,149.0,141.6,1,1,619,145.0,True,2026-06-06
2026-06-06 22:16:35.070800,io2607,2026-07-17 00:00:00,41,P,io2607P4700,4700.0,100.0,104.8,104.2,2,1,1088,102.4,True,2026-06-06
2026-06-06 22:16:35.070800,io2607,2026-07-17 00:00:00,41,C,io2607C4750,4750.0,114.8,121.0,115.4,1,2,379,117.9,True,2026-06-06
2026-06-06 22:16:35.070800,io2607,2026-07-17 00:00:00,41,P,io2607P4750,4750.0,122.2,129.8,125.0,1,1,814,126.0,True,2026-06-06
2026-06-06 22:16:35.070800,io2607,2026-07-17 00:00:00,41,C,io2607C4800,4800.0,92.8,93.0,93.0,1,7,992,92.9,True,2026-06-06
2026-06-06 22:16:35.070800,io2607,2026-07-17 00:00:00,41,P,io2607P4800,4800.0,149.8,157.8,155.4,1,1,1172,153.8,True,2026-06-06
2026-06-06 22:16:35.070800,io2607,2026-07-17 00:00:00,41,C,io2607C4850,4850.0,76.8,80.4,76.8,1,1,685,78.6,True,2026-06-06
2026-06-06 22:16:35.070800,io2607,2026-07-17 00:00:00,41,P,io2607P4850,4850.0,180.4,188.4,188.0,1,1,807,184.4,True,2026-06-06
2026-06-06 22:16:35.070800,io2607,2026-07-17 00:00:00,41,C,io2607C4900,4900.0,62.8,64.0,62.2,13,1,2929,63.4,True,2026-06-06
2026-06-06 22:16:35.070800,io2607,2026-07-17 00:00:00,41,P,io2607P4900,4900.0,215.0,223.0,221.6,1,1,585,219.0,True,2026-06-06
2026-06-06 22:16:35.070800,io2607,2026-07-17 00:00:00,41,C,io2607C4950,4950.0,50.6,51.0,50.6,1,1,5368,50.8,True,2026-06-06
2026-06-06 22:16:35.070800,io2607,2026-07-17 00:00:00,41,P,io2607P4950,4950.0,250.8,262.4,262.0,1,1,592,256.6,True,2026-06-06
2026-06-06 22:16:35.070800,io2607,2026-07-17 00:00:00,41,C,io2607C5000,5000.0,38.8,39.4,39.2,45,1,2295,39.1,True,2026-06-06
2026-06-06 22:16:35.070800,io2607,2026-07-17 00:00:00,41,P,io2607P5000,5000.0,288.8,303.8,301.6,1,1,237,296.3,True,2026-06-06
2026-06-06 22:16:35.070800,io2607,2026-07-17 00:00:00,41,C,io2607C5100,5100.0,24.4,26.0,24.6,1,4,2517,25.2,True,2026-06-06
2026-06-06 22:16:35.070800,io2607,2026-07-17 00:00:00,41,P,io2607P5100,5100.0,374.0,389.0,384.6,1,1,188,381.5,True,2026-06-06
2026-06-06 22:16:35.070800,io2607,2026-07-17 00:00:00,41,C,io2607C5200,5200.0,16.0,16.2,16.2,1,1,2128,16.1,True,2026-06-06
2026-06-06 22:16:35.070800,io2607,2026-07-17 00:00:00,41,P,io2607P5200,5200.0,464.8,479.8,459.6,1,1,110,472.3,True,2026-06-06
2026-06-06 22:16:35.070800,io2607,2026-07-17 00:00:00,41,C,io2607C5300,5300.0,10.2,10.6,10.4,1,2,953,10.4,True,2026-06-06
2026-06-06 22:16:35.070800,io2607,2026-07-17 00:00:00,41,P,io2607P5300,5300.0,555.8,576.6,497.2,1,1,92,566.2,True,2026-06-06
2026-06-06 22:16:35.070800,io2607,2026-07-17 00:00:00,41,C,io2607C5400,5400.0,7.4,7.6,7.4,1,9,514,7.5,True,2026-06-06
2026-06-06 22:16:35.070800,io2607,2026-07-17 00:00:00,41,P,io2607P5400,5400.0,651.6,674.0,635.4,1,1,69,662.8,True,2026-06-06
2026-06-06 22:16:35.070800,io2607,2026-07-17 00:00:00,41,C,io2607C5500,5500.0,5.2,5.6,5.4,3,9,1013,5.4,True,2026-06-06
2026-06-06 22:16:35.070800,io2607,2026-07-17 00:00:00,41,P,io2607P5500,5500.0,748.6,772.2,715.8,1,1,111,760.4000000000001,True,2026-06-06
2026-06-06 22:16:35.070800,io2609,2026-09-18 00:00:00,104,C,io2609C3900,3900.0,801.6,815.6,796.6,1,1,85,808.6,True,2026-06-06
2026-06-06 22:16:35.070800,io2609,2026-09-18 00:00:00,104,P,io2609P3900,3900.0,18.8,19.6,18.8,1,4,477,19.200000000000003,True,2026-06-06
2026-06-06 22:16:35.070800,io2609,2026-09-18 00:00:00,104,C,io2609C4000,4000.0,699.0,722.4,733.0,1,1,288,710.7,True,2026-06-06
2026-06-06 22:16:35.070800,io2609,2026-09-18 00:00:00,104,P,io2609P4000,4000.0,23.8,26.8,25.4,4,1,1229,25.3,True,2026-06-06
2026-06-06 22:16:35.070800,io2609,2026-09-18 00:00:00,104,C,io2609C4100,4100.0,609.0,631.4,611.0,1,1,157,620.2,True,2026-06-06
2026-06-06 22:16:35.070800,io2609,2026-09-18 00:00:00,104,P,io2609P4100,4100.0,32.6,35.0,34.2,7,1,622,33.8,True,2026-06-06
2026-06-06 22:16:35.070800,io2609,2026-09-18 00:00:00,104,C,io2609C4200,4200.0,535.0,543.0,539.8,1,1,388,539.0,True,2026-06-06
2026-06-06 22:16:35.070800,io2609,2026-09-18 00:00:00,104,P,io2609P4200,4200.0,45.4,46.8,46.8,1,1,534,46.1,True,2026-06-06
2026-06-06 22:16:35.070800,io2609,2026-09-18 00:00:00,104,C,io2609C4300,4300.0,440.4,458.6,458.0,1,1,235,449.5,True,2026-06-06
2026-06-06 22:16:35.070800,io2609,2026-09-18 00:00:00,104,P,io2609P4300,4300.0,60.0,64.0,62.8,1,1,582,62.0,True,2026-06-06
2026-06-06 22:16:35.070800,io2609,2026-09-18 00:00:00,104,C,io2609C4400,4400.0,364.2,381.8,373.2,1,1,503,373.0,True,2026-06-06
2026-06-06 22:16:35.070800,io2609,2026-09-18 00:00:00,104,P,io2609P4400,4400.0,82.8,88.8,84.4,3,2,869,85.8,True,2026-06-06
2026-06-06 22:16:35.070800,io2609,2026-09-18 00:00:00,104,C,io2609C4500,4500.0,295.2,308.0,300.0,1,1,1699,301.6,True,2026-06-06
2026-06-06 22:16:35.070800,io2609,2026-09-18 00:00:00,104,P,io2609P4500,4500.0,109.4,121.6,116.4,1,1,1017,115.5,True,2026-06-06
2026-06-06 22:16:35.070800,io2609,2026-09-18 00:00:00,104,C,io2609C4600,4600.0,236.2,248.8,240.0,1,3,1042,242.5,True,2026-06-06
2026-06-06 22:16:35.070800,io2609,2026-09-18 00:00:00,104,P,io2609P4600,4600.0,148.0,156.0,156.2,1,1,719,152.0,True,2026-06-06
2026-06-06 22:16:35.070800,io2609,2026-09-18 00:00:00,104,C,io2609C4700,4700.0,185.4,191.8,190.4,1,4,940,188.6,True,2026-06-06
2026-06-06 22:16:35.070800,io2609,2026-09-18 00:00:00,104,P,io2609P4700,4700.0,196.4,208.4,205.6,2,1,480,202.4,True,2026-06-06
2026-06-06 22:16:35.070800,io2609,2026-09-18 00:00:00,104,C,io2609C4800,4800.0,143.8,155.4,149.2,1,1,1400,149.60000000000002,True,2026-06-06
2026-06-06 22:16:35.070800,io2609,2026-09-18 00:00:00,104,P,io2609P4800,4800.0,253.4,265.8,260.8,2,1,827,259.6,True,2026-06-06
2026-06-06 22:16:35.070800,io2609,2026-09-18 00:00:00,104,C,io2609C4900,4900.0,112.0,122.8,116.2,4,1,969,117.4,True,2026-06-06
2026-06-06 22:16:35.070800,io2609,2026-09-18 00:00:00,104,P,io2609P4900,4900.0,318.2,335.6,329.8,1,1,643,326.9,True,2026-06-06
2026-06-06 22:16:35.070800,io2609,2026-09-18 00:00:00,104,C,io2609C5000,5000.0,93.4,94.6,93.4,2,1,2007,94.0,True,2026-06-06
2026-06-06 22:16:35.070800,io2609,2026-09-18 00:00:00,104,P,io2609P5000,5000.0,401.0,404.0,403.0,2,4,404,402.5,True,2026-06-06
2026-06-06 22:16:35.070800,io2609,2026-09-18 00:00:00,104,C,io2609C5200,5200.0,56.2,60.0,59.6,2,2,3063,58.1,True,2026-06-06
2026-06-06 22:16:35.070800,io2609,2026-09-18 00:00:00,104,P,io2609P5200,5200.0,554.4,575.6,572.6,1,1,226,565.0,True,2026-06-06
2026-06-06 22:16:35.070800,io2609,2026-09-18 00:00:00,104,C,io2609C5400,5400.0,36.8,39.4,37.8,2,2,4581,38.1,True,2026-06-06
2026-06-06 22:16:35.070800,io2609,2026-09-18 00:00:00,104,P,io2609P5400,5400.0,733.2,756.4,662.4,1,1,425,744.8,True,2026-06-06
2026-06-06 22:16:35.070800,io2609,2026-09-18 00:00:00,104,C,io2609C5600,5600.0,25.8,26.6,25.6,1,1,785,26.200000000000003,True,2026-06-06
2026-06-06 22:16:35.070800,io2609,2026-09-18 00:00:00,104,P,io2609P5600,5600.0,917.6,943.2,934.8,1,1,95,930.4,True,2026-06-06
2026-06-06 22:16:35.070800,io2608,2026-08-21 00:00:00,76,C,io2608C4300,4300.0,452.8,467.8,504.0,1,1,35,460.3,True,2026-06-06
2026-06-06 22:16:35.070800,io2608,2026-08-21 00:00:00,76,P,io2608P4300,4300.0,46.8,47.2,47.0,1,1,1015,47.0,True,2026-06-06
2026-06-06 22:16:35.070800,io2608,2026-08-21 00:00:00,76,C,io2608C4350,4350.0,485.2,500.2,507.4,1,1,58,492.7,True,2026-06-06
2026-06-06 22:16:35.070800,io2608,2026-08-21 00:00:00,76,P,io2608P4350,4350.0,53.4,55.8,54.0,1,2,1498,54.6,True,2026-06-06
2026-06-06 22:16:35.070800,io2608,2026-08-21 00:00:00,76,C,io2608C4400,4400.0,370.0,385.0,386.6,1,1,28,377.5,True,2026-06-06
2026-06-06 22:16:35.070800,io2608,2026-08-21 00:00:00,76,P,io2608P4400,4400.0,61.6,65.2,66.6,1,1,231,63.400000000000006,True,2026-06-06
2026-06-06 22:16:35.070800,io2608,2026-08-21 00:00:00,76,C,io2608C4450,4450.0,400.6,415.6,408.6,1,1,28,408.1,True,2026-06-06
2026-06-06 22:16:35.070800,io2608,2026-08-21 00:00:00,76,P,io2608P4450,4450.0,72.0,76.0,54.8,2,1,42,74.0,True,2026-06-06
2026-06-06 22:16:35.070800,io2608,2026-08-21 00:00:00,76,C,io2608C4500,4500.0,366.2,375.6,368.6,1,1,8,370.9,True,2026-06-06
2026-06-06 22:16:35.070800,io2608,2026-08-21 00:00:00,76,P,io2608P4500,4500.0,84.6,88.8,86.6,2,1,111,86.69999999999999,True,2026-06-06
2026-06-06 22:16:35.070800,io2608,2026-08-21 00:00:00,76,C,io2608C4550,4550.0,322.6,337.6,332.6,1,1,14,330.1,True,2026-06-06
2026-06-06 22:16:35.070800,io2608,2026-08-21 00:00:00,76,P,io2608P4550,4550.0,100.0,104.2,104.8,3,2,85,102.1,True,2026-06-06
2026-06-06 22:16:35.070800,io2608,2026-08-21 00:00:00,76,C,io2608C4600,4600.0,230.8,238.8,307.6,1,1,11,234.8,True,2026-06-06
2026-06-06 22:16:35.070800,io2608,2026-08-21 00:00:00,76,P,io2608P4600,4600.0,114.8,122.8,111.4,1,1,84,118.8,True,2026-06-06
2026-06-06 22:16:35.070800,io2608,2026-08-21 00:00:00,76,C,io2608C4650,4650.0,201.0,209.0,239.2,1,1,24,205.0,True,2026-06-06
2026-06-06 22:16:35.070800,io2608,2026-08-21 00:00:00,76,P,io2608P4650,4650.0,134.8,142.8,141.6,1,1,145,138.8,True,2026-06-06
2026-06-06 22:16:35.070800,io2608,2026-08-21 00:00:00,76,C,io2608C4700,4700.0,173.8,181.8,174.8,1,1,34,177.8,True,2026-06-06
2026-06-06 22:16:35.070800,io2608,2026-08-21 00:00:00,76,P,io2608P4700,4700.0,157.4,165.4,161.6,1,1,92,161.4,True,2026-06-06
2026-06-06 22:16:35.070800,io2608,2026-08-21 00:00:00,76,C,io2608C4750,4750.0,149.2,157.2,180.6,1,1,54,153.2,True,2026-06-06
2026-06-06 22:16:35.070800,io2608,2026-08-21 00:00:00,76,P,io2608P4750,4750.0,182.6,190.6,185.0,1,1,88,186.6,True,2026-06-06
2026-06-06 22:16:35.070800,io2608,2026-08-21 00:00:00,76,C,io2608C4800,4800.0,127.8,135.4,130.8,1,1,65,131.6,True,2026-06-06
2026-06-06 22:16:35.070800,io2608,2026-08-21 00:00:00,76,P,io2608P4800,4800.0,210.6,218.6,212.0,1,1,76,214.6,True,2026-06-06
2026-06-06 22:16:35.070800,io2608,2026-08-21 00:00:00,76,C,io2608C4850,4850.0,108.8,116.0,143.6,1,1,95,112.4,True,2026-06-06
2026-06-06 22:16:35.070800,io2608,2026-08-21 00:00:00,76,P,io2608P4850,4850.0,241.0,249.0,242.6,1,1,63,245.0,True,2026-06-06
2026-06-06 22:16:35.070800,io2608,2026-08-21 00:00:00,76,C,io2608C4900,4900.0,93.0,97.8,93.8,1,1,301,95.4,True,2026-06-06
2026-06-06 22:16:35.070800,io2608,2026-08-21 00:00:00,76,P,io2608P4900,4900.0,270.4,280.0,279.6,1,1,77,275.2,True,2026-06-06
2026-06-06 22:16:35.070800,io2608,2026-08-21 00:00:00,76,C,io2608C4950,4950.0,78.4,83.4,84.8,2,1,105,80.9,True,2026-06-06
2026-06-06 22:16:35.070800,io2608,2026-08-21 00:00:00,76,P,io2608P4950,4950.0,305.6,320.6,275.6,1,1,31,313.1,True,2026-06-06
2026-06-06 22:16:35.070800,io2608,2026-08-21 00:00:00,76,C,io2608C5000,5000.0,66.2,70.8,68.4,1,1,179,68.5,True,2026-06-06
2026-06-06 22:16:35.070800,io2608,2026-08-21 00:00:00,76,P,io2608P5000,5000.0,343.0,357.8,346.6,1,1,41,350.4,True,2026-06-06
2026-06-06 22:16:35.070800,io2608,2026-08-21 00:00:00,76,C,io2608C5100,5100.0,50.0,50.2,49.6,1,1,257,50.1,True,2026-06-06
2026-06-06 22:16:35.070800,io2608,2026-08-21 00:00:00,76,P,io2608P5100,5100.0,424.8,437.8,431.4,1,1,44,431.3,True,2026-06-06
2026-06-06 22:16:35.070800,io2608,2026-08-21 00:00:00,76,C,io2608C5200,5200.0,35.8,36.4,36.6,2,1,505,36.1,True,2026-06-06
2026-06-06 22:16:35.070800,io2608,2026-08-21 00:00:00,76,P,io2608P5200,5200.0,511.0,527.8,473.0,1,1,17,519.4,True,2026-06-06
2026-06-06 22:16:35.070800,io2608,2026-08-21 00:00:00,76,C,io2608C5300,5300.0,27.4,29.4,27.4,1,3,157,28.4,True,2026-06-06
2026-06-06 22:16:35.070800,io2608,2026-08-21 00:00:00,76,P,io2608P5300,5300.0,591.2,621.2,595.8,1,1,57,606.2,True,2026-06-06
2026-06-06 22:16:35.070800,io2608,2026-08-21 00:00:00,76,C,io2608C5400,5400.0,20.2,21.4,20.4,1,1,106,20.8,True,2026-06-06
2026-06-06 22:16:35.070800,io2608,2026-08-21 00:00:00,76,P,io2608P5400,5400.0,601.4,631.4,620.4,1,1,42,616.4,True,2026-06-06
2026-06-06 22:16:35.070800,io2608,2026-08-21 00:00:00,76,C,io2608C5500,5500.0,15.2,15.4,16.0,3,1,154,15.3,True,2026-06-06
2026-06-06 22:16:35.070800,io2608,2026-08-21 00:00:00,76,P,io2608P5500,5500.0,683.2,713.2,700.6,1,1,11,698.2,True,2026-06-06
2026-06-06 22:16:35.070800,io2612,2026-12-18 00:00:00,195,C,io2612C3900,3900.0,754.8,795.0,865.2,1,1,187,774.9,True,2026-06-06
2026-06-06 22:16:35.070800,io2612,2026-12-18 00:00:00,195,P,io2612P3900,3900.0,48.4,49.4,48.0,1,2,778,48.9,True,2026-06-06
2026-06-06 22:16:35.070800,io2612,2026-12-18 00:00:00,195,C,io2612C4000,4000.0,669.0,710.0,773.6,1,1,128,689.5,True,2026-06-06
2026-06-06 22:16:35.070800,io2612,2026-12-18 00:00:00,195,P,io2612P4000,4000.0,60.2,65.8,62.4,4,1,336,63.0,True,2026-06-06
2026-06-06 22:16:35.070800,io2612,2026-12-18 00:00:00,195,C,io2612C4100,4100.0,586.8,629.2,612.8,1,1,249,608.0,True,2026-06-06
2026-06-06 22:16:35.070800,io2612,2026-12-18 00:00:00,195,P,io2612P4100,4100.0,77.8,82.6,79.6,1,2,1104,80.19999999999999,True,2026-06-06
2026-06-06 22:16:35.070800,io2612,2026-12-18 00:00:00,195,C,io2612C4200,4200.0,520.4,543.0,533.8,1,1,141,531.7,True,2026-06-06
2026-06-06 22:16:35.070800,io2612,2026-12-18 00:00:00,195,P,io2612P4200,4200.0,100.0,104.0,99.2,3,2,557,102.0,True,2026-06-06
2026-06-06 22:16:35.070800,io2612,2026-12-18 00:00:00,195,C,io2612C4300,4300.0,449.0,469.2,535.4,1,1,204,459.1,True,2026-06-06
2026-06-06 22:16:35.070800,io2612,2026-12-18 00:00:00,195,P,io2612P4300,4300.0,126.2,134.0,130.0,1,1,656,130.1,True,2026-06-06
2026-06-06 22:16:35.070800,io2612,2026-12-18 00:00:00,195,C,io2612C4400,4400.0,382.0,403.0,384.8,2,1,360,392.5,True,2026-06-06
2026-06-06 22:16:35.070800,io2612,2026-12-18 00:00:00,195,P,io2612P4400,4400.0,155.6,166.4,159.6,1,1,840,161.0,True,2026-06-06
2026-06-06 22:16:35.070800,io2612,2026-12-18 00:00:00,195,C,io2612C4500,4500.0,325.2,344.0,333.0,1,1,956,334.6,True,2026-06-06
2026-06-06 22:16:35.070800,io2612,2026-12-18 00:00:00,195,P,io2612P4500,4500.0,194.8,206.4,202.0,1,1,876,200.6,True,2026-06-06
2026-06-06 22:16:35.070800,io2612,2026-12-18 00:00:00,195,C,io2612C4600,4600.0,273.2,292.4,284.2,1,2,875,282.79999999999995,True,2026-06-06
2026-06-06 22:16:35.070800,io2612,2026-12-18 00:00:00,195,P,io2612P4600,4600.0,242.6,252.8,230.4,1,1,712,247.7,True,2026-06-06
2026-06-06 22:16:35.070800,io2612,2026-12-18 00:00:00,195,C,io2612C4700,4700.0,232.4,238.8,238.8,1,1,622,235.6,True,2026-06-06
2026-06-06 22:16:35.070800,io2612,2026-12-18 00:00:00,195,P,io2612P4700,4700.0,292.6,310.8,303.4,1,1,290,301.70000000000005,True,2026-06-06
2026-06-06 22:16:35.070800,io2612,2026-12-18 00:00:00,195,C,io2612C4800,4800.0,192.6,204.6,199.6,2,1,540,198.6,True,2026-06-06
2026-06-06 22:16:35.070800,io2612,2026-12-18 00:00:00,195,P,io2612P4800,4800.0,353.4,371.8,364.4,1,1,337,362.6,True,2026-06-06
2026-06-06 22:16:35.070800,io2612,2026-12-18 00:00:00,195,C,io2612C4900,4900.0,162.8,173.4,168.0,1,1,310,168.10000000000002,True,2026-06-06
2026-06-06 22:16:35.070800,io2612,2026-12-18 00:00:00,195,P,io2612P4900,4900.0,421.2,439.0,427.4,1,1,178,430.1,True,2026-06-06
2026-06-06 22:16:35.070800,io2612,2026-12-18 00:00:00,195,C,io2612C5000,5000.0,135.8,147.6,141.4,1,2,523,141.7,True,2026-06-06
2026-06-06 22:16:35.070800,io2612,2026-12-18 00:00:00,195,P,io2612P5000,5000.0,406.0,426.4,407.4,2,1,194,416.2,True,2026-06-06
2026-06-06 22:16:35.070800,io2612,2026-12-18 00:00:00,195,C,io2612C5200,5200.0,100.0,105.2,101.6,2,1,688,102.6,True,2026-06-06
2026-06-06 22:16:35.070800,io2612,2026-12-18 00:00:00,195,P,io2612P5200,5200.0,642.2,681.4,666.4,1,1,256,661.8,True,2026-06-06
2026-06-06 22:16:35.070800,io2612,2026-12-18 00:00:00,195,C,io2612C5400,5400.0,75.4,79.6,77.8,1,1,1290,77.5,True,2026-06-06
2026-06-06 22:16:35.070800,io2612,2026-12-18 00:00:00,195,P,io2612P5400,5400.0,813.8,854.2,840.0,1,1,392,834.0,True,2026-06-06
2026-06-06 22:16:35.070800,io2612,2026-12-18 00:00:00,195,C,io2612C5600,5600.0,56.0,56.4,56.4,1,1,491,56.2,True,2026-06-06
2026-06-06 22:16:35.070800,io2612,2026-12-18 00:00:00,195,P,io2612P5600,5600.0,1000.0,1030.8,1022.0,2,1,120,1015.4,True,2026-06-06
2026-06-06 22:16:35.070800,io2703,2027-03-19 00:00:00,286,C,io2703C3900,3900.0,762.2,801.0,783.0,1,1,285,781.6,True,2026-06-06
2026-06-06 22:16:35.070800,io2703,2027-03-19 00:00:00,286,P,io2703P3900,3900.0,80.4,83.8,82.4,1,1,835,82.1,True,2026-06-06
2026-06-06 22:16:35.070800,io2703,2027-03-19 00:00:00,286,C,io2703C4000,4000.0,681.4,721.0,740.4,1,1,162,701.2,True,2026-06-06
2026-06-06 22:16:35.070800,io2703,2027-03-19 00:00:00,286,P,io2703P4000,4000.0,100.0,102.8,100.2,1,1,299,101.4,True,2026-06-06
2026-06-06 22:16:35.070800,io2703,2027-03-19 00:00:00,286,C,io2703C4100,4100.0,604.6,643.6,620.4,1,1,104,624.1,True,2026-06-06
2026-06-06 22:16:35.070800,io2703,2027-03-19 00:00:00,286,P,io2703P4100,4100.0,116.2,127.4,120.8,1,1,958,121.8,True,2026-06-06
2026-06-06 22:16:35.070800,io2703,2027-03-19 00:00:00,286,C,io2703C4200,4200.0,532.6,572.0,619.4,1,1,113,552.3,True,2026-06-06
2026-06-06 22:16:35.070800,io2703,2027-03-19 00:00:00,286,P,io2703P4200,4200.0,143.8,150.8,149.8,1,1,221,147.3,True,2026-06-06
2026-06-06 22:16:35.070800,io2703,2027-03-19 00:00:00,286,C,io2703C4300,4300.0,477.6,493.4,486.0,1,1,112,485.5,True,2026-06-06
2026-06-06 22:16:35.070800,io2703,2027-03-19 00:00:00,286,P,io2703P4300,4300.0,175.0,181.8,178.8,1,1,133,178.4,True,2026-06-06
2026-06-06 22:16:35.070800,io2703,2027-03-19 00:00:00,286,C,io2703C4400,4400.0,416.6,434.2,440.2,1,1,234,425.4,True,2026-06-06
2026-06-06 22:16:35.070800,io2703,2027-03-19 00:00:00,286,P,io2703P4400,4400.0,212.6,218.8,215.0,1,1,347,215.7,True,2026-06-06
2026-06-06 22:16:35.070800,io2703,2027-03-19 00:00:00,286,C,io2703C4500,4500.0,370.0,380.6,377.2,3,1,262,375.3,True,2026-06-06
2026-06-06 22:16:35.070800,io2703,2027-03-19 00:00:00,286,P,io2703P4500,4500.0,255.6,266.4,228.0,1,1,180,261.0,True,2026-06-06
2026-06-06 22:16:35.070800,io2703,2027-03-19 00:00:00,286,C,io2703C4600,4600.0,361.0,382.2,373.4,1,1,147,371.6,True,2026-06-06
2026-06-06 22:16:35.070800,io2703,2027-03-19 00:00:00,286,P,io2703P4600,4600.0,301.0,313.8,307.8,1,1,194,307.4,True,2026-06-06
2026-06-06 22:16:35.070800,io2703,2027-03-19 00:00:00,286,C,io2703C4700,4700.0,312.2,333.8,325.2,1,1,121,323.0,True,2026-06-06
2026-06-06 22:16:35.070800,io2703,2027-03-19 00:00:00,286,P,io2703P4700,4700.0,356.8,376.2,345.4,1,1,84,366.5,True,2026-06-06
2026-06-06 22:16:35.070800,io2703,2027-03-19 00:00:00,286,C,io2703C4800,4800.0,237.0,246.6,245.0,1,1,203,241.8,True,2026-06-06
2026-06-06 22:16:35.070800,io2703,2027-03-19 00:00:00,286,P,io2703P4800,4800.0,418.0,437.2,429.4,1,1,192,427.6,True,2026-06-06
2026-06-06 22:16:35.070800,io2703,2027-03-19 00:00:00,286,C,io2703C4900,4900.0,204.8,214.8,212.0,1,1,121,209.8,True,2026-06-06
2026-06-06 22:16:35.070800,io2703,2027-03-19 00:00:00,286,P,io2703P4900,4900.0,483.8,503.2,476.0,1,2,173,493.5,True,2026-06-06
2026-06-06 22:16:35.070800,io2703,2027-03-19 00:00:00,286,C,io2703C5000,5000.0,177.2,188.0,216.4,3,1,195,182.6,True,2026-06-06
2026-06-06 22:16:35.070800,io2703,2027-03-19 00:00:00,286,P,io2703P5000,5000.0,544.0,585.0,512.4,1,1,112,564.5,True,2026-06-06
2026-06-06 22:16:35.070800,io2703,2027-03-19 00:00:00,286,C,io2703C5200,5200.0,135.0,144.6,140.0,1,1,312,139.8,True,2026-06-06
2026-06-06 22:16:35.070800,io2703,2027-03-19 00:00:00,286,P,io2703P5200,5200.0,697.2,737.8,675.0,1,1,171,717.5,True,2026-06-06
2026-06-06 22:16:35.070800,io2703,2027-03-19 00:00:00,286,C,io2703C5400,5400.0,103.8,109.4,110.0,1,1,214,106.6,True,2026-06-06
2026-06-06 22:16:35.070800,io2703,2027-03-19 00:00:00,286,P,io2703P5400,5400.0,862.6,902.4,843.0,1,1,182,882.5,True,2026-06-06
2026-06-06 22:16:35.070800,io2703,2027-03-19 00:00:00,286,C,io2703C5600,5600.0,83.0,86.4,83.0,1,1,404,84.7,True,2026-06-06
2026-06-06 22:16:35.070800,io2703,2027-03-19 00:00:00,286,P,io2703P5600,5600.0,1031.8,1076.8,1065.6,1,1,172,1054.3,True,2026-06-06
2026-06-08 20:48:36.869567,io2606,2026-06-22 00:00:00,14,C,io2606C3400,3400.0,1272.0,1296.2,1282.4,1,1,182,1284.1,True,2026-06-08
2026-06-08 20:48:36.869567,io2606,2026-06-22 00:00:00,14,P,io2606P3400,3400.0,0.6,0.8,0.8,1,12,1513,0.7,True,2026-06-08
2026-06-08 20:48:36.869567,io2606,2026-06-22 00:00:00,14,C,io2606C3500,3500.0,1173.0,1195.6,1172.8,1,1,162,1184.3,True,2026-06-08
2026-06-08 20:48:36.869567,io2606,2026-06-22 00:00:00,14,P,io2606P3500,3500.0,0.6,0.8,0.8,1,37,528,0.7,True,2026-06-08
2026-06-08 20:48:36.869567,io2606,2026-06-22 00:00:00,14,C,io2606C3600,3600.0,1073.6,1095.0,1075.6,1,1,168,1084.3,True,2026-06-08
2026-06-08 20:48:36.869567,io2606,2026-06-22 00:00:00,14,P,io2606P3600,3600.0,0.6,0.8,0.8,1,31,489,0.7,True,2026-06-08
2026-06-08 20:48:36.869567,io2606,2026-06-22 00:00:00,14,C,io2606C3700,3700.0,974.4,994.6,993.0,1,1,196,984.5,True,2026-06-08
2026-06-08 20:48:36.869567,io2606,2026-06-22 00:00:00,14,P,io2606P3700,3700.0,0.6,0.8,0.8,13,11,339,0.7,True,2026-06-08
2026-06-08 20:48:36.869567,io2606,2026-06-22 00:00:00,14,C,io2606C3800,3800.0,875.2,894.4,877.4,1,1,148,884.8,True,2026-06-08
2026-06-08 20:48:36.869567,io2606,2026-06-22 00:00:00,14,P,io2606P3800,3800.0,0.6,1.0,0.8,41,38,872,0.8,True,2026-06-08
2026-06-08 20:48:36.869567,io2606,2026-06-22 00:00:00,14,C,io2606C3900,3900.0,775.8,793.6,780.0,1,1,169,784.7,True,2026-06-08
2026-06-08 20:48:36.869567,io2606,2026-06-22 00:00:00,14,P,io2606P3900,3900.0,1.0,1.2,1.2,4,2,367,1.1,True,2026-06-08
2026-06-08 20:48:36.869567,io2606,2026-06-22 00:00:00,14,C,io2606C3950,3950.0,726.2,743.4,730.2,1,1,124,734.8,True,2026-06-08
2026-06-08 20:48:36.869567,io2606,2026-06-22 00:00:00,14,P,io2606P3950,3950.0,1.2,1.4,1.4,11,7,243,1.2999999999999998,True,2026-06-08
2026-06-08 20:48:36.869567,io2606,2026-06-22 00:00:00,14,C,io2606C4000,4000.0,677.0,693.6,695.8,1,1,167,685.3,True,2026-06-08
2026-06-08 20:48:36.869567,io2606,2026-06-22 00:00:00,14,P,io2606P4000,4000.0,1.6,1.8,1.6,2,6,1189,1.7000000000000002,True,2026-06-08
2026-06-08 20:48:36.869567,io2606,2026-06-22 00:00:00,14,C,io2606C4050,4050.0,627.8,643.8,646.4,1,1,115,635.8,True,2026-06-08
2026-06-08 20:48:36.869567,io2606,2026-06-22 00:00:00,14,P,io2606P4050,4050.0,1.8,2.0,2.0,7,4,168,1.9,True,2026-06-08
2026-06-08 20:48:36.869567,io2606,2026-06-22 00:00:00,14,C,io2606C4100,4100.0,578.2,593.8,578.0,1,1,149,586.0,True,2026-06-08
2026-06-08 20:48:36.869567,io2606,2026-06-22 00:00:00,14,P,io2606P4100,4100.0,2.2,2.4,2.4,1,9,441,2.3,True,2026-06-08
2026-06-08 20:48:36.869567,io2606,2026-06-22 00:00:00,14,C,io2606C4150,4150.0,529.6,544.4,533.6,1,1,119,537.0,True,2026-06-08
2026-06-08 20:48:36.869567,io2606,2026-06-22 00:00:00,14,P,io2606P4150,4150.0,2.6,2.8,2.8,9,1,251,2.7,True,2026-06-08
2026-06-08 20:48:36.869567,io2606,2026-06-22 00:00:00,14,C,io2606C4200,4200.0,481.6,492.6,483.8,1,1,169,487.1,True,2026-06-08
2026-06-08 20:48:36.869567,io2606,2026-06-22 00:00:00,14,P,io2606P4200,4200.0,3.6,3.8,3.6,4,3,1132,3.7,True,2026-06-08
2026-06-08 20:48:36.869567,io2606,2026-06-22 00:00:00,14,C,io2606C4250,4250.0,432.6,443.2,434.2,1,1,95,437.9,True,2026-06-08
2026-06-08 20:48:36.869567,io2606,2026-06-22 00:00:00,14,P,io2606P4250,4250.0,4.4,4.6,4.4,1,6,418,4.5,True,2026-06-08
2026-06-08 20:48:36.869567,io2606,2026-06-22 00:00:00,14,C,io2606C4300,4300.0,383.6,394.6,387.2,1,1,306,389.1,True,2026-06-08
2026-06-08 20:48:36.869567,io2606,2026-06-22 00:00:00,14,P,io2606P4300,4300.0,5.6,5.8,5.8,3,4,1225,5.699999999999999,True,2026-06-08
2026-06-08 20:48:36.869567,io2606,2026-06-22 00:00:00,14,C,io2606C4350,4350.0,335.8,346.6,337.4,1,1,103,341.20000000000005,True,2026-06-08
2026-06-08 20:48:36.869567,io2606,2026-06-22 00:00:00,14,P,io2606P4350,4350.0,7.6,7.8,7.6,7,1,686,7.699999999999999,True,2026-06-08
2026-06-08 20:48:36.869567,io2606,2026-06-22 00:00:00,14,C,io2606C4400,4400.0,288.8,299.6,290.0,1,1,640,294.20000000000005,True,2026-06-08
2026-06-08 20:48:36.869567,io2606,2026-06-22 00:00:00,14,P,io2606P4400,4400.0,10.2,10.4,10.4,9,1,2216,10.3,True,2026-06-08
2026-06-08 20:48:36.869567,io2606,2026-06-22 00:00:00,14,C,io2606C4450,4450.0,245.2,250.8,242.2,1,1,277,248.0,True,2026-06-08
2026-06-08 20:48:36.869567,io2606,2026-06-22 00:00:00,14,P,io2606P4450,4450.0,14.0,14.4,14.2,4,2,1699,14.2,True,2026-06-08
2026-06-08 20:48:36.869567,io2606,2026-06-22 00:00:00,14,C,io2606C4500,4500.0,201.2,206.8,202.0,1,1,1072,204.0,True,2026-06-08
2026-06-08 20:48:36.869567,io2606,2026-06-22 00:00:00,14,P,io2606P4500,4500.0,20.0,20.2,20.2,8,8,4119,20.1,True,2026-06-08
2026-06-08 20:48:36.869567,io2606,2026-06-22 00:00:00,14,C,io2606C4550,4550.0,159.6,163.0,161.6,1,3,493,161.3,True,2026-06-08
2026-06-08 20:48:36.869567,io2606,2026-06-22 00:00:00,14,P,io2606P4550,4550.0,27.2,28.0,28.4,4,1,1899,27.6,True,2026-06-08
2026-06-08 20:48:36.869567,io2606,2026-06-22 00:00:00,14,C,io2606C4600,4600.0,125.6,127.8,127.4,2,2,2395,126.7,True,2026-06-08
2026-06-08 20:48:36.869567,io2606,2026-06-22 00:00:00,14,P,io2606P4600,4600.0,40.6,40.8,40.6,12,1,3299,40.7,True,2026-06-08
2026-06-08 20:48:36.869567,io2606,2026-06-22 00:00:00,14,C,io2606C4650,4650.0,91.0,91.2,91.0,1,5,1172,91.1,True,2026-06-08
2026-06-08 20:48:36.869567,io2606,2026-06-22 00:00:00,14,P,io2606P4650,4650.0,57.0,58.8,57.2,4,2,2168,57.9,True,2026-06-08
2026-06-08 20:48:36.869567,io2606,2026-06-22 00:00:00,14,C,io2606C4700,4700.0,62.2,63.2,63.2,2,15,4331,62.7,True,2026-06-08
2026-06-08 20:48:36.869567,io2606,2026-06-22 00:00:00,14,P,io2606P4700,4700.0,78.0,79.0,79.0,1,19,4741,78.5,True,2026-06-08
2026-06-08 20:48:36.869567,io2606,2026-06-22 00:00:00,14,C,io2606C4750,4750.0,43.4,44.0,43.4,10,1,3284,43.7,True,2026-06-08
2026-06-08 20:48:36.869567,io2606,2026-06-22 00:00:00,14,P,io2606P4750,4750.0,106.0,111.8,109.8,1,1,2450,108.9,True,2026-06-08
2026-06-08 20:48:36.869567,io2606,2026-06-22 00:00:00,14,C,io2606C4800,4800.0,28.4,28.6,28.6,2,3,6175,28.5,True,2026-06-08
2026-06-08 20:48:36.869567,io2606,2026-06-22 00:00:00,14,P,io2606P4800,4800.0,143.8,144.0,144.8,2,1,3245,143.9,True,2026-06-08
2026-06-08 20:48:36.869567,io2606,2026-06-22 00:00:00,14,C,io2606C4850,4850.0,18.6,18.8,18.8,7,2,3956,18.700000000000003,True,2026-06-08
2026-06-08 20:48:36.869567,io2606,2026-06-22 00:00:00,14,P,io2606P4850,4850.0,180.8,183.4,188.0,2,1,3532,182.1,True,2026-06-08
2026-06-08 20:48:36.869567,io2606,2026-06-22 00:00:00,14,C,io2606C4900,4900.0,12.2,12.4,12.4,6,5,9105,12.3,True,2026-06-08
2026-06-08 20:48:36.869567,io2606,2026-06-22 00:00:00,14,P,io2606P4900,4900.0,224.8,231.6,228.0,6,4,3216,228.2,True,2026-06-08
2026-06-08 20:48:36.869567,io2606,2026-06-22 00:00:00,14,C,io2606C4950,4950.0,8.2,8.4,8.2,3,3,5145,8.3,True,2026-06-08
2026-06-08 20:48:36.869567,io2606,2026-06-22 00:00:00,14,P,io2606P4950,4950.0,268.8,279.8,280.8,1,1,1886,274.3,True,2026-06-08
2026-06-08 20:48:36.869567,io2606,2026-06-22 00:00:00,14,C,io2606C5000,5000.0,5.8,6.0,6.0,16,19,12422,5.9,True,2026-06-08
2026-06-08 20:48:36.869567,io2606,2026-06-22 00:00:00,14,P,io2606P5000,5000.0,316.2,327.8,323.6,2,1,1650,322.0,True,2026-06-08
2026-06-08 20:48:36.869567,io2606,2026-06-22 00:00:00,14,C,io2606C5100,5100.0,3.0,3.2,3.2,1,29,5247,3.1,True,2026-06-08
2026-06-08 20:48:36.869567,io2606,2026-06-22 00:00:00,14,P,io2606P5100,5100.0,412.4,424.0,423.8,1,1,608,418.2,True,2026-06-08
2026-06-08 20:48:36.869567,io2606,2026-06-22 00:00:00,14,C,io2606C5200,5200.0,2.0,2.2,2.2,2,6,4869,2.1,True,2026-06-08
2026-06-08 20:48:36.869567,io2606,2026-06-22 00:00:00,14,P,io2606P5200,5200.0,511.0,524.6,522.2,1,1,517,517.8,True,2026-06-08
2026-06-08 20:48:36.869567,io2606,2026-06-22 00:00:00,14,C,io2606C5300,5300.0,1.4,1.6,1.6,21,8,2052,1.5,True,2026-06-08
2026-06-08 20:48:36.869567,io2606,2026-06-22 00:00:00,14,P,io2606P5300,5300.0,609.0,624.8,621.6,1,1,90,616.9,True,2026-06-08
2026-06-08 20:48:36.869567,io2606,2026-06-22 00:00:00,14,C,io2606C5400,5400.0,1.6,1.8,1.8,14,4,6017,1.7000000000000002,True,2026-06-08
2026-06-08 20:48:36.869567,io2606,2026-06-22 00:00:00,14,P,io2606P5400,5400.0,708.2,725.2,724.8,1,1,466,716.7,True,2026-06-08
2026-06-08 20:48:36.869567,io2606,2026-06-22 00:00:00,14,C,io2606C5500,5500.0,1.2,1.4,1.4,10,4,2287,1.2999999999999998,True,2026-06-08
2026-06-08 20:48:36.869567,io2606,2026-06-22 00:00:00,14,P,io2606P5500,5500.0,806.8,825.0,823.6,1,1,151,815.9,True,2026-06-08
2026-06-08 20:48:36.869567,io2607,2026-07-17 00:00:00,39,C,io2607C4250,4250.0,409.8,424.8,403.4,1,2,48,417.3,True,2026-06-08
2026-06-08 20:48:36.869567,io2607,2026-07-17 00:00:00,39,P,io2607P4250,4250.0,21.2,21.8,22.6,2,1,1101,21.5,True,2026-06-08
2026-06-08 20:48:36.869567,io2607,2026-07-17 00:00:00,39,C,io2607C4300,4300.0,364.6,379.6,365.8,1,1,50,372.1,True,2026-06-08
2026-06-08 20:48:36.869567,io2607,2026-07-17 00:00:00,39,P,io2607P4300,4300.0,25.8,26.4,27.0,1,22,588,26.1,True,2026-06-08
2026-06-08 20:48:36.869567,io2607,2026-07-17 00:00:00,39,C,io2607C4350,4350.0,321.2,336.2,318.8,1,1,40,328.7,True,2026-06-08
2026-06-08 20:48:36.869567,io2607,2026-07-17 00:00:00,39,P,io2607P4350,4350.0,32.4,35.0,35.0,1,1,618,33.7,True,2026-06-08
2026-06-08 20:48:36.869567,io2607,2026-07-17 00:00:00,39,C,io2607C4400,4400.0,279.4,294.4,282.0,1,2,105,286.9,True,2026-06-08
2026-06-08 20:48:36.869567,io2607,2026-07-17 00:00:00,39,P,io2607P4400,4400.0,40.6,43.0,45.0,2,1,1274,41.8,True,2026-06-08
2026-06-08 20:48:36.869567,io2607,2026-07-17 00:00:00,39,C,io2607C4450,4450.0,243.2,251.2,246.8,1,1,57,247.2,True,2026-06-08
2026-06-08 20:48:36.869567,io2607,2026-07-17 00:00:00,39,P,io2607P4450,4450.0,51.0,54.4,52.8,2,3,1196,52.7,True,2026-06-08
2026-06-08 20:48:36.869567,io2607,2026-07-17 00:00:00,39,C,io2607C4500,4500.0,206.8,214.8,216.0,1,1,143,210.8,True,2026-06-08
2026-06-08 20:48:36.869567,io2607,2026-07-17 00:00:00,39,P,io2607P4500,4500.0,66.0,67.6,66.0,26,1,1612,66.8,True,2026-06-08
2026-06-08 20:48:36.869567,io2607,2026-07-17 00:00:00,39,C,io2607C4550,4550.0,172.6,180.6,172.6,1,1,103,176.6,True,2026-06-08
2026-06-08 20:48:36.869567,io2607,2026-07-17 00:00:00,39,P,io2607P4550,4550.0,78.6,83.6,84.6,2,1,917,81.1,True,2026-06-08
2026-06-08 20:48:36.869567,io2607,2026-07-17 00:00:00,39,C,io2607C4600,4600.0,145.8,146.0,142.4,2,1,420,145.9,True,2026-06-08
2026-06-08 20:48:36.869567,io2607,2026-07-17 00:00:00,39,P,io2607P4600,4600.0,102.0,104.6,102.0,1,1,763,103.3,True,2026-06-08
2026-06-08 20:48:36.869567,io2607,2026-07-17 00:00:00,39,C,io2607C4650,4650.0,116.0,122.6,114.2,1,2,283,119.3,True,2026-06-08
2026-06-08 20:48:36.869567,io2607,2026-07-17 00:00:00,39,P,io2607P4650,4650.0,125.6,128.2,124.8,1,1,738,126.9,True,2026-06-08
2026-06-08 20:48:36.869567,io2607,2026-07-17 00:00:00,39,C,io2607C4700,4700.0,95.2,97.0,97.4,1,2,1087,96.1,True,2026-06-08
2026-06-08 20:48:36.869567,io2607,2026-07-17 00:00:00,39,P,io2607P4700,4700.0,152.8,155.4,157.0,2,1,1085,154.10000000000002,True,2026-06-08
2026-06-08 20:48:36.869567,io2607,2026-07-17 00:00:00,39,C,io2607C4750,4750.0,79.2,81.0,79.2,6,1,623,80.1,True,2026-06-08
2026-06-08 20:48:36.869567,io2607,2026-07-17 00:00:00,39,P,io2607P4750,4750.0,178.2,186.2,186.8,1,1,729,182.2,True,2026-06-08
2026-06-08 20:48:36.869567,io2607,2026-07-17 00:00:00,39,C,io2607C4800,4800.0,63.4,65.4,63.0,1,1,1208,64.4,True,2026-06-08
2026-06-08 20:48:36.869567,io2607,2026-07-17 00:00:00,39,P,io2607P4800,4800.0,212.4,218.0,216.4,1,1,1148,215.2,True,2026-06-08
2026-06-08 20:48:36.869567,io2607,2026-07-17 00:00:00,39,C,io2607C4850,4850.0,50.0,52.0,50.0,2,1,858,51.0,True,2026-06-08
2026-06-08 20:48:36.869567,io2607,2026-07-17 00:00:00,39,P,io2607P4850,4850.0,250.0,261.0,256.4,2,1,683,255.5,True,2026-06-08
2026-06-08 20:48:36.869567,io2607,2026-07-17 00:00:00,39,C,io2607C4900,4900.0,41.6,42.6,41.6,4,1,3372,42.1,True,2026-06-08
2026-06-08 20:48:36.869567,io2607,2026-07-17 00:00:00,39,P,io2607P4900,4900.0,286.6,301.4,300.4,1,1,554,294.0,True,2026-06-08
2026-06-08 20:48:36.869567,io2607,2026-07-17 00:00:00,39,C,io2607C4950,4950.0,33.0,33.6,33.6,2,1,6130,33.3,True,2026-06-08
2026-06-08 20:48:36.869567,io2607,2026-07-17 00:00:00,39,P,io2607P4950,4950.0,329.0,341.0,336.0,1,1,582,335.0,True,2026-06-08
2026-06-08 20:48:36.869567,io2607,2026-07-17 00:00:00,39,C,io2607C5000,5000.0,25.2,28.4,27.4,2,5,2668,26.8,True,2026-06-08
2026-06-08 20:48:36.869567,io2607,2026-07-17 00:00:00,39,P,io2607P5000,5000.0,372.0,387.0,381.0,1,1,213,379.5,True,2026-06-08
2026-06-08 20:48:36.869567,io2607,2026-07-17 00:00:00,39,C,io2607C5100,5100.0,17.0,17.4,17.2,1,1,2736,17.2,True,2026-06-08
2026-06-08 20:48:36.869567,io2607,2026-07-17 00:00:00,39,P,io2607P5100,5100.0,463.4,478.4,485.6,1,1,174,470.9,True,2026-06-08
2026-06-08 20:48:36.869567,io2607,2026-07-17 00:00:00,39,C,io2607C5200,5200.0,11.8,13.0,12.0,19,5,1977,12.4,True,2026-06-08
2026-06-08 20:48:36.869567,io2607,2026-07-17 00:00:00,39,P,io2607P5200,5200.0,555.8,576.4,559.6,1,1,112,566.0999999999999,True,2026-06-08
2026-06-08 20:48:36.869567,io2607,2026-07-17 00:00:00,39,C,io2607C5300,5300.0,8.8,9.2,9.2,1,1,709,9.0,True,2026-06-08
2026-06-08 20:48:36.869567,io2607,2026-07-17 00:00:00,39,P,io2607P5300,5300.0,651.2,673.4,655.4,1,1,92,662.3,True,2026-06-08
2026-06-08 20:48:36.869567,io2607,2026-07-17 00:00:00,39,C,io2607C5400,5400.0,6.6,6.8,6.2,1,5,494,6.699999999999999,True,2026-06-08
2026-06-08 20:48:36.869567,io2607,2026-07-17 00:00:00,39,P,io2607P5400,5400.0,747.8,771.2,752.6,1,1,65,759.5,True,2026-06-08
2026-06-08 20:48:36.869567,io2607,2026-07-17 00:00:00,39,C,io2607C5500,5500.0,4.8,5.0,4.8,1,3,1037,4.9,True,2026-06-08
2026-06-08 20:48:36.869567,io2607,2026-07-17 00:00:00,39,P,io2607P5500,5500.0,845.4,869.8,851.2,1,1,105,857.5999999999999,True,2026-06-08
2026-06-08 20:48:36.869567,io2609,2026-09-18 00:00:00,102,C,io2609C3900,3900.0,704.4,726.6,706.4,1,1,84,715.5,True,2026-06-08
2026-06-08 20:48:36.869567,io2609,2026-09-18 00:00:00,102,P,io2609P3900,3900.0,24.8,25.4,24.4,1,1,497,25.1,True,2026-06-08
2026-06-08 20:48:36.869567,io2609,2026-09-18 00:00:00,102,C,io2609C4000,4000.0,614.0,635.2,615.0,1,1,310,624.6,True,2026-06-08
2026-06-08 20:48:36.869567,io2609,2026-09-18 00:00:00,102,P,io2609P4000,4000.0,32.4,34.0,34.0,1,1,1214,33.2,True,2026-06-08
2026-06-08 20:48:36.869567,io2609,2026-09-18 00:00:00,102,C,io2609C4100,4100.0,527.4,547.6,559.8,1,1,158,537.5,True,2026-06-08
2026-06-08 20:48:36.869567,io2609,2026-09-18 00:00:00,102,P,io2609P4100,4100.0,44.2,46.0,46.4,1,1,732,45.1,True,2026-06-08
2026-06-08 20:48:36.869567,io2609,2026-09-18 00:00:00,102,C,io2609C4200,4200.0,444.6,463.8,449.0,1,1,374,454.2000000000001,True,2026-06-08
2026-06-08 20:48:36.869567,io2609,2026-09-18 00:00:00,102,P,io2609P4200,4200.0,58.4,63.8,63.2,2,1,626,61.1,True,2026-06-08
2026-06-08 20:48:36.869567,io2609,2026-09-18 00:00:00,102,C,io2609C4300,4300.0,367.4,385.4,372.0,1,1,246,376.4,True,2026-06-08
2026-06-08 20:48:36.869567,io2609,2026-09-18 00:00:00,102,P,io2609P4300,4300.0,80.2,85.8,83.2,1,1,590,83.0,True,2026-06-08
2026-06-08 20:48:36.869567,io2609,2026-09-18 00:00:00,102,C,io2609C4400,4400.0,297.8,314.4,299.2,1,1,578,306.1,True,2026-06-08
2026-06-08 20:48:36.869567,io2609,2026-09-18 00:00:00,102,P,io2609P4400,4400.0,108.2,115.4,113.0,1,1,867,111.8,True,2026-06-08
2026-06-08 20:48:36.869567,io2609,2026-09-18 00:00:00,102,C,io2609C4500,4500.0,239.0,243.6,237.4,1,1,1740,241.3,True,2026-06-08
2026-06-08 20:48:36.869567,io2609,2026-09-18 00:00:00,102,P,io2609P4500,4500.0,143.8,156.6,152.6,2,1,1057,150.2,True,2026-06-08
2026-06-08 20:48:36.869567,io2609,2026-09-18 00:00:00,102,C,io2609C4600,4600.0,187.0,199.2,190.2,1,1,1051,193.1,True,2026-06-08
2026-06-08 20:48:36.869567,io2609,2026-09-18 00:00:00,102,P,io2609P4600,4600.0,191.4,203.6,200.8,1,1,749,197.5,True,2026-06-08
2026-06-08 20:48:36.869567,io2609,2026-09-18 00:00:00,102,C,io2609C4700,4700.0,144.8,149.8,150.6,1,1,1124,147.3,True,2026-06-08
2026-06-08 20:48:36.869567,io2609,2026-09-18 00:00:00,102,P,io2609P4700,4700.0,250.0,260.4,258.4,2,1,506,255.2,True,2026-06-08
2026-06-08 20:48:36.869567,io2609,2026-09-18 00:00:00,102,C,io2609C4800,4800.0,118.2,120.0,113.6,2,1,1494,119.1,True,2026-06-08
2026-06-08 20:48:36.869567,io2609,2026-09-18 00:00:00,102,P,io2609P4800,4800.0,312.6,329.6,325.4,1,1,821,321.1,True,2026-06-08
2026-06-08 20:48:36.869567,io2609,2026-09-18 00:00:00,102,C,io2609C4900,4900.0,89.0,91.2,90.8,1,2,1135,90.1,True,2026-06-08
2026-06-08 20:48:36.869567,io2609,2026-09-18 00:00:00,102,P,io2609P4900,4900.0,386.4,404.6,402.8,1,1,515,395.5,True,2026-06-08
2026-06-08 20:48:36.869567,io2609,2026-09-18 00:00:00,102,C,io2609C5000,5000.0,70.0,73.0,71.6,1,2,2290,71.5,True,2026-06-08
2026-06-08 20:48:36.869567,io2609,2026-09-18 00:00:00,102,P,io2609P5000,5000.0,476.0,484.8,480.2,6,1,407,480.4,True,2026-06-08
2026-06-08 20:48:36.869567,io2609,2026-09-18 00:00:00,102,C,io2609C5200,5200.0,46.2,47.0,45.0,1,1,3318,46.6,True,2026-06-08
2026-06-08 20:48:36.869567,io2609,2026-09-18 00:00:00,102,P,io2609P5200,5200.0,636.6,658.0,645.6,1,1,226,647.3,True,2026-06-08
2026-06-08 20:48:36.869567,io2609,2026-09-18 00:00:00,102,C,io2609C5400,5400.0,30.0,32.6,31.0,28,1,4720,31.3,True,2026-06-08
2026-06-08 20:48:36.869567,io2609,2026-09-18 00:00:00,102,P,io2609P5400,5400.0,819.4,842.8,830.2,1,1,424,831.0999999999999,True,2026-06-08
2026-06-08 20:48:36.869567,io2609,2026-09-18 00:00:00,102,C,io2609C5600,5600.0,21.4,22.0,20.8,1,1,928,21.7,True,2026-06-08
2026-06-08 20:48:36.869567,io2609,2026-09-18 00:00:00,102,P,io2609P5600,5600.0,1007.4,1032.6,981.2,1,1,91,1020.0,True,2026-06-08
2026-06-08 20:48:36.869567,io2608,2026-08-21 00:00:00,74,C,io2608C4300,4300.0,374.8,389.8,369.4,1,1,42,382.3,True,2026-06-08
2026-06-08 20:48:36.869567,io2608,2026-08-21 00:00:00,74,P,io2608P4300,4300.0,60.8,64.2,62.4,2,1,1162,62.5,True,2026-06-08
2026-06-08 20:48:36.869567,io2608,2026-08-21 00:00:00,74,C,io2608C4350,4350.0,335.4,350.4,344.0,1,1,71,342.9,True,2026-06-08
2026-06-08 20:48:36.869567,io2608,2026-08-21 00:00:00,74,P,io2608P4350,4350.0,71.2,74.4,74.8,1,1,1514,72.80000000000001,True,2026-06-08
2026-06-08 20:48:36.869567,io2608,2026-08-21 00:00:00,74,C,io2608C4400,4400.0,297.8,312.8,351.4,1,1,34,305.3,True,2026-06-08
2026-06-08 20:48:36.869567,io2608,2026-08-21 00:00:00,74,P,io2608P4400,4400.0,83.6,86.6,89.8,1,1,234,85.1,True,2026-06-08
2026-06-08 20:48:36.869567,io2608,2026-08-21 00:00:00,74,C,io2608C4450,4450.0,262.6,276.2,265.6,1,1,39,269.4,True,2026-06-08
2026-06-08 20:48:36.869567,io2608,2026-08-21 00:00:00,74,P,io2608P4450,4450.0,98.2,101.0,98.2,1,1,56,99.6,True,2026-06-08
2026-06-08 20:48:36.869567,io2608,2026-08-21 00:00:00,74,C,io2608C4500,4500.0,232.8,240.8,239.6,1,1,11,236.8,True,2026-06-08
2026-06-08 20:48:36.869567,io2608,2026-08-21 00:00:00,74,P,io2608P4500,4500.0,111.6,119.2,129.0,1,2,127,115.4,True,2026-06-08
2026-06-08 20:48:36.869567,io2608,2026-08-21 00:00:00,74,C,io2608C4550,4550.0,202.4,210.4,207.6,1,1,17,206.4,True,2026-06-08
2026-06-08 20:48:36.869567,io2608,2026-08-21 00:00:00,74,P,io2608P4550,4550.0,130.6,138.4,118.4,1,1,103,134.5,True,2026-06-08
2026-06-08 20:48:36.869567,io2608,2026-08-21 00:00:00,74,C,io2608C4600,4600.0,174.4,182.4,180.0,1,1,23,178.4,True,2026-06-08
2026-06-08 20:48:36.869567,io2608,2026-08-21 00:00:00,74,P,io2608P4600,4600.0,152.4,160.4,162.8,1,1,79,156.4,True,2026-06-08
2026-06-08 20:48:36.869567,io2608,2026-08-21 00:00:00,74,C,io2608C4650,4650.0,149.2,157.2,188.4,1,1,29,153.2,True,2026-06-08
2026-06-08 20:48:36.869567,io2608,2026-08-21 00:00:00,74,P,io2608P4650,4650.0,177.2,185.2,187.2,1,1,113,181.2,True,2026-06-08
2026-06-08 20:48:36.869567,io2608,2026-08-21 00:00:00,74,C,io2608C4700,4700.0,127.0,135.0,129.0,1,1,48,131.0,True,2026-06-08
2026-06-08 20:48:36.869567,io2608,2026-08-21 00:00:00,74,P,io2608P4700,4700.0,204.8,212.8,210.6,1,1,82,208.8,True,2026-06-08
2026-06-08 20:48:36.869567,io2608,2026-08-21 00:00:00,74,C,io2608C4750,4750.0,107.4,114.0,118.0,1,1,49,110.7,True,2026-06-08
2026-06-08 20:48:36.869567,io2608,2026-08-21 00:00:00,74,P,io2608P4750,4750.0,234.8,242.8,240.4,2,1,71,238.8,True,2026-06-08
2026-06-08 20:48:36.869567,io2608,2026-08-21 00:00:00,74,C,io2608C4800,4800.0,91.8,96.4,94.0,1,1,103,94.1,True,2026-06-08
2026-06-08 20:48:36.869567,io2608,2026-08-21 00:00:00,74,P,io2608P4800,4800.0,265.4,279.0,274.4,1,2,73,272.2,True,2026-06-08
2026-06-08 20:48:36.869567,io2608,2026-08-21 00:00:00,74,C,io2608C4850,4850.0,77.0,82.0,79.0,1,1,117,79.5,True,2026-06-08
2026-06-08 20:48:36.869567,io2608,2026-08-21 00:00:00,74,P,io2608P4850,4850.0,299.0,313.8,268.6,1,1,41,306.4,True,2026-06-08
2026-06-08 20:48:36.869567,io2608,2026-08-21 00:00:00,74,C,io2608C4900,4900.0,64.4,69.4,65.0,2,1,408,66.9,True,2026-06-08
2026-06-08 20:48:36.869567,io2608,2026-08-21 00:00:00,74,P,io2608P4900,4900.0,337.0,351.0,344.4,1,1,90,344.0,True,2026-06-08
2026-06-08 20:48:36.869567,io2608,2026-08-21 00:00:00,74,C,io2608C4950,4950.0,58.2,58.6,54.8,1,1,101,58.400000000000006,True,2026-06-08
2026-06-08 20:48:36.869567,io2608,2026-08-21 00:00:00,74,P,io2608P4950,4950.0,376.4,390.0,346.0,1,1,36,383.2,True,2026-06-08
2026-06-08 20:48:36.869567,io2608,2026-08-21 00:00:00,74,C,io2608C5000,5000.0,47.4,48.4,48.0,1,1,238,47.9,True,2026-06-08
2026-06-08 20:48:36.869567,io2608,2026-08-21 00:00:00,74,P,io2608P5000,5000.0,343.0,357.8,346.6,1,1,41,350.4,True,2026-06-08
2026-06-08 20:48:36.869567,io2608,2026-08-21 00:00:00,74,C,io2608C5100,5100.0,34.0,34.8,34.4,1,1,279,34.4,True,2026-06-08
2026-06-08 20:48:36.869567,io2608,2026-08-21 00:00:00,74,P,io2608P5100,5100.0,503.8,524.2,509.0,1,1,28,514.0,True,2026-06-08
2026-06-08 20:48:36.869567,io2608,2026-08-21 00:00:00,74,C,io2608C5200,5200.0,24.6,25.4,25.2,1,1,534,25.0,True,2026-06-08
2026-06-08 20:48:36.869567,io2608,2026-08-21 00:00:00,74,P,io2608P5200,5200.0,584.4,614.4,557.6,1,1,17,599.4,True,2026-06-08
2026-06-08 20:48:36.869567,io2608,2026-08-21 00:00:00,74,C,io2608C5300,5300.0,19.0,20.6,19.2,2,8,174,19.8,True,2026-06-08
2026-06-08 20:48:36.869567,io2608,2026-08-21 00:00:00,74,P,io2608P5300,5300.0,677.6,707.6,703.0,1,1,60,692.6,True,2026-06-08
2026-06-08 20:48:36.869567,io2608,2026-08-21 00:00:00,74,C,io2608C5400,5400.0,14.4,15.8,14.4,4,2,113,15.1,True,2026-06-08
2026-06-08 20:48:36.869567,io2608,2026-08-21 00:00:00,74,P,io2608P5400,5400.0,772.8,802.8,799.4,1,1,52,787.8,True,2026-06-08
2026-06-08 20:48:36.869567,io2608,2026-08-21 00:00:00,74,C,io2608C5500,5500.0,11.2,12.4,11.4,2,2,163,11.8,True,2026-06-08
2026-06-08 20:48:36.869567,io2608,2026-08-21 00:00:00,74,P,io2608P5500,5500.0,869.4,899.4,897.0,1,1,17,884.4,True,2026-06-08
2026-06-08 20:48:36.869567,io2612,2026-12-18 00:00:00,193,C,io2612C3900,3900.0,754.8,795.0,865.2,1,1,187,774.9,True,2026-06-08
2026-06-08 20:48:36.869567,io2612,2026-12-18 00:00:00,193,P,io2612P3900,3900.0,55.8,59.4,59.0,2,1,884,57.6,True,2026-06-08
2026-06-08 20:48:36.869567,io2612,2026-12-18 00:00:00,193,C,io2612C4000,4000.0,590.8,628.6,619.0,1,1,131,609.7,True,2026-06-08
2026-06-08 20:48:36.869567,io2612,2026-12-18 00:00:00,193,P,io2612P4000,4000.0,72.6,77.6,69.8,1,3,327,75.1,True,2026-06-08
2026-06-08 20:48:36.869567,io2612,2026-12-18 00:00:00,193,C,io2612C4100,4100.0,521.4,544.0,534.4,1,1,233,532.7,True,2026-06-08
2026-06-08 20:48:36.869567,io2612,2026-12-18 00:00:00,193,P,io2612P4100,4100.0,93.2,98.2,97.4,1,1,1119,95.7,True,2026-06-08
2026-06-08 20:48:36.869567,io2612,2026-12-18 00:00:00,193,C,io2612C4200,4200.0,451.4,467.4,466.8,1,1,138,459.4,True,2026-06-08
2026-06-08 20:48:36.869567,io2612,2026-12-18 00:00:00,193,P,io2612P4200,4200.0,115.4,127.6,116.2,1,1,563,121.5,True,2026-06-08
2026-06-08 20:48:36.869567,io2612,2026-12-18 00:00:00,193,C,io2612C4300,4300.0,384.6,402.2,383.8,1,1,218,393.4,True,2026-06-08
2026-06-08 20:48:36.869567,io2612,2026-12-18 00:00:00,193,P,io2612P4300,4300.0,153.6,160.0,154.2,1,1,675,156.8,True,2026-06-08
2026-06-08 20:48:36.869567,io2612,2026-12-18 00:00:00,193,C,io2612C4400,4400.0,322.8,340.6,332.8,1,1,378,331.70000000000005,True,2026-06-08
2026-06-08 20:48:36.869567,io2612,2026-12-18 00:00:00,193,P,io2612P4400,4400.0,186.2,198.6,193.4,1,1,840,192.4,True,2026-06-08
2026-06-08 20:48:36.869567,io2612,2026-12-18 00:00:00,193,C,io2612C4500,4500.0,273.8,289.2,283.0,2,1,1012,281.5,True,2026-06-08
2026-06-08 20:48:36.869567,io2612,2026-12-18 00:00:00,193,P,io2612P4500,4500.0,232.8,244.8,239.8,1,2,851,238.8,True,2026-06-08
2026-06-08 20:48:36.869567,io2612,2026-12-18 00:00:00,193,C,io2612C4600,4600.0,229.0,238.8,231.6,1,1,915,233.9,True,2026-06-08
2026-06-08 20:48:36.869567,io2612,2026-12-18 00:00:00,193,P,io2612P4600,4600.0,281.4,302.0,293.2,1,1,726,291.7,True,2026-06-08
2026-06-08 20:48:36.869567,io2612,2026-12-18 00:00:00,193,C,io2612C4700,4700.0,189.2,199.8,190.4,1,2,696,194.5,True,2026-06-08
2026-06-08 20:48:36.869567,io2612,2026-12-18 00:00:00,193,P,io2612P4700,4700.0,341.4,360.0,347.8,1,1,379,350.7,True,2026-06-08
2026-06-08 20:48:36.869567,io2612,2026-12-18 00:00:00,193,C,io2612C4800,4800.0,156.6,166.8,159.0,2,2,658,161.7,True,2026-06-08
2026-06-08 20:48:36.869567,io2612,2026-12-18 00:00:00,193,P,io2612P4800,4800.0,407.4,428.4,410.2,1,1,468,417.9,True,2026-06-08
2026-06-08 20:48:36.869567,io2612,2026-12-18 00:00:00,193,C,io2612C4900,4900.0,130.4,141.6,138.4,1,1,405,136.0,True,2026-06-08
2026-06-08 20:48:36.869567,io2612,2026-12-18 00:00:00,193,P,io2612P4900,4900.0,481.4,501.4,485.0,1,2,177,491.4,True,2026-06-08
2026-06-08 20:48:36.869567,io2612,2026-12-18 00:00:00,193,C,io2612C5000,5000.0,108.6,120.2,116.0,2,1,524,114.4,True,2026-06-08
2026-06-08 20:48:36.869567,io2612,2026-12-18 00:00:00,193,P,io2612P5000,5000.0,546.6,589.4,600.0,2,1,192,568.0,True,2026-06-08
2026-06-08 20:48:36.869567,io2612,2026-12-18 00:00:00,193,C,io2612C5200,5200.0,79.8,83.8,80.6,2,1,760,81.8,True,2026-06-08
2026-06-08 20:48:36.869567,io2612,2026-12-18 00:00:00,193,P,io2612P5200,5200.0,712.6,754.4,715.2,1,1,259,733.5,True,2026-06-08
2026-06-08 20:48:36.869567,io2612,2026-12-18 00:00:00,193,C,io2612C5400,5400.0,63.6,65.0,61.2,2,1,1353,64.3,True,2026-06-08
2026-06-08 20:48:36.869567,io2612,2026-12-18 00:00:00,193,P,io2612P5400,5400.0,891.0,932.6,921.8,1,1,398,911.8,True,2026-06-08
2026-06-08 20:48:36.869567,io2612,2026-12-18 00:00:00,193,C,io2612C5600,5600.0,46.8,47.0,44.8,1,1,569,46.9,True,2026-06-08
2026-06-08 20:48:36.869567,io2612,2026-12-18 00:00:00,193,P,io2612P5600,5600.0,1070.8,1115.8,1085.6,1,1,126,1093.3,True,2026-06-08
2026-06-08 20:48:36.869567,io2703,2027-03-19 00:00:00,284,C,io2703C3900,3900.0,684.4,720.8,717.6,1,1,299,702.5999999999999,True,2026-06-08
2026-06-08 20:48:36.869567,io2703,2027-03-19 00:00:00,284,P,io2703P3900,3900.0,95.0,97.6,95.4,1,1,843,96.3,True,2026-06-08
2026-06-08 20:48:36.869567,io2703,2027-03-19 00:00:00,284,C,io2703C4000,4000.0,606.6,645.4,612.0,1,1,167,626.0,True,2026-06-08
2026-06-08 20:48:36.869567,io2703,2027-03-19 00:00:00,284,P,io2703P4000,4000.0,113.2,120.4,120.4,1,1,342,116.8,True,2026-06-08
2026-06-08 20:48:36.869567,io2703,2027-03-19 00:00:00,284,C,io2703C4100,4100.0,533.4,572.0,554.6,1,1,104,552.7,True,2026-06-08
2026-06-08 20:48:36.869567,io2703,2027-03-19 00:00:00,284,P,io2703P4100,4100.0,137.8,148.0,140.8,1,1,985,142.9,True,2026-06-08
2026-06-08 20:48:36.869567,io2703,2027-03-19 00:00:00,284,C,io2703C4200,4200.0,479.0,495.0,479.8,1,1,115,487.0,True,2026-06-08
2026-06-08 20:48:36.869567,io2703,2027-03-19 00:00:00,284,P,io2703P4200,4200.0,169.6,180.6,177.8,1,2,223,175.1,True,2026-06-08
2026-06-08 20:48:36.869567,io2703,2027-03-19 00:00:00,284,C,io2703C4300,4300.0,426.6,431.6,423.4,5,1,119,429.1,True,2026-06-08
2026-06-08 20:48:36.869567,io2703,2027-03-19 00:00:00,284,P,io2703P4300,4300.0,205.6,216.8,208.2,1,1,150,211.2,True,2026-06-08
2026-06-08 20:48:36.869567,io2703,2027-03-19 00:00:00,284,C,io2703C4400,4400.0,361.2,376.2,376.8,1,1,233,368.7,True,2026-06-08
2026-06-08 20:48:36.869567,io2703,2027-03-19 00:00:00,284,P,io2703P4400,4400.0,250.0,259.2,256.4,2,1,359,254.6,True,2026-06-08
2026-06-08 20:48:36.869567,io2703,2027-03-19 00:00:00,284,C,io2703C4500,4500.0,311.4,326.2,325.8,1,1,264,318.79999999999995,True,2026-06-08
2026-06-08 20:48:36.869567,io2703,2027-03-19 00:00:00,284,P,io2703P4500,4500.0,292.4,312.0,298.2,1,1,184,302.2,True,2026-06-08
2026-06-08 20:48:36.869567,io2703,2027-03-19 00:00:00,284,C,io2703C4600,4600.0,267.2,282.2,280.2,1,1,179,274.7,True,2026-06-08
2026-06-08 20:48:36.869567,io2703,2027-03-19 00:00:00,284,P,io2703P4600,4600.0,346.8,355.2,352.0,1,1,192,351.0,True,2026-06-08
2026-06-08 20:48:36.869567,io2703,2027-03-19 00:00:00,284,C,io2703C4700,4700.0,233.8,240.4,234.8,1,1,184,237.1,True,2026-06-08
2026-06-08 20:48:36.869567,io2703,2027-03-19 00:00:00,284,P,io2703P4700,4700.0,407.2,426.4,427.2,1,1,118,416.8,True,2026-06-08
2026-06-08 20:48:36.869567,io2703,2027-03-19 00:00:00,284,C,io2703C4800,4800.0,200.2,208.4,200.0,1,1,201,204.3,True,2026-06-08
2026-06-08 20:48:36.869567,io2703,2027-03-19 00:00:00,284,P,io2703P4800,4800.0,473.2,491.8,489.4,1,1,195,482.5,True,2026-06-08
2026-06-08 20:48:36.869567,io2703,2027-03-19 00:00:00,284,C,io2703C4900,4900.0,171.8,181.4,173.2,1,1,127,176.60000000000002,True,2026-06-08
2026-06-08 20:48:36.869567,io2703,2027-03-19 00:00:00,284,P,io2703P4900,4900.0,532.2,574.2,551.2,1,2,196,553.2,True,2026-06-08
2026-06-08 20:48:36.869567,io2703,2027-03-19 00:00:00,284,C,io2703C5000,5000.0,155.8,159.0,150.0,1,1,207,157.4,True,2026-06-08
2026-06-08 20:48:36.869567,io2703,2027-03-19 00:00:00,284,P,io2703P5000,5000.0,608.8,649.8,634.6,1,1,112,629.3,True,2026-06-08
2026-06-08 20:48:36.869567,io2703,2027-03-19 00:00:00,284,C,io2703C5200,5200.0,111.2,120.0,116.8,1,1,316,115.6,True,2026-06-08
2026-06-08 20:48:36.869567,io2703,2027-03-19 00:00:00,284,P,io2703P5200,5200.0,773.2,809.0,803.6,1,1,169,791.1,True,2026-06-08
2026-06-08 20:48:36.869567,io2703,2027-03-19 00:00:00,284,C,io2703C5400,5400.0,88.2,92.8,90.6,1,1,224,90.5,True,2026-06-08
2026-06-08 20:48:36.869567,io2703,2027-03-19 00:00:00,284,P,io2703P5400,5400.0,940.8,979.0,948.2,1,1,177,959.9,True,2026-06-08
2026-06-08 20:48:36.869567,io2703,2027-03-19 00:00:00,284,C,io2703C5600,5600.0,69.0,70.8,70.0,1,1,400,69.9,True,2026-06-08
2026-06-08 20:48:36.869567,io2703,2027-03-19 00:00:00,284,P,io2703P5600,5600.0,1111.6,1161.6,1138.2,1,1,182,1136.6,True,2026-06-08
2026-06-09 21:39:56.465736,io2606,2026-06-22 00:00:00,13,C,io2606C3400,3400.0,1329.8,1355.2,1341.2,1,1,170,1342.5,True,2026-06-09
2026-06-09 21:39:56.465736,io2606,2026-06-22 00:00:00,13,P,io2606P3400,3400.0,0.4,0.6,0.4,1,77,1473,0.5,True,2026-06-09
2026-06-09 21:39:56.465736,io2606,2026-06-22 00:00:00,13,C,io2606C3500,3500.0,1231.0,1255.0,1241.2,1,1,159,1243.0,True,2026-06-09
2026-06-09 21:39:56.465736,io2606,2026-06-22 00:00:00,13,P,io2606P3500,3500.0,0.4,0.6,0.4,2,6,508,0.5,True,2026-06-09
2026-06-09 21:39:56.465736,io2606,2026-06-22 00:00:00,13,C,io2606C3600,3600.0,1131.6,1154.4,1141.4,1,1,167,1143.0,True,2026-06-09
2026-06-09 21:39:56.465736,io2606,2026-06-22 00:00:00,13,P,io2606P3600,3600.0,0.4,0.6,0.4,2,20,483,0.5,True,2026-06-09
2026-06-09 21:39:56.465736,io2606,2026-06-22 00:00:00,13,C,io2606C3700,3700.0,1032.2,1053.8,1011.0,1,1,188,1043.0,True,2026-06-09
2026-06-09 21:39:56.465736,io2606,2026-06-22 00:00:00,13,P,io2606P3700,3700.0,0.4,0.6,0.4,11,7,331,0.5,True,2026-06-09
2026-06-09 21:39:56.465736,io2606,2026-06-22 00:00:00,13,C,io2606C3800,3800.0,933.2,953.0,948.4,1,1,155,943.1,True,2026-06-09
2026-06-09 21:39:56.465736,io2606,2026-06-22 00:00:00,13,P,io2606P3800,3800.0,0.2,0.4,0.4,34,30,857,0.3,True,2026-06-09
2026-06-09 21:39:56.465736,io2606,2026-06-22 00:00:00,13,C,io2606C3900,3900.0,833.4,852.6,828.0,1,1,143,843.0,True,2026-06-09
2026-06-09 21:39:56.465736,io2606,2026-06-22 00:00:00,13,P,io2606P3900,3900.0,0.4,0.6,0.6,45,12,356,0.5,True,2026-06-09
2026-06-09 21:39:56.465736,io2606,2026-06-22 00:00:00,13,C,io2606C3950,3950.0,785.6,802.6,738.0,1,1,112,794.1,True,2026-06-09
2026-06-09 21:39:56.465736,io2606,2026-06-22 00:00:00,13,P,io2606P3950,3950.0,0.4,0.6,0.4,22,21,235,0.5,True,2026-06-09
2026-06-09 21:39:56.465736,io2606,2026-06-22 00:00:00,13,C,io2606C4000,4000.0,735.0,752.8,714.2,1,1,160,743.9,True,2026-06-09
2026-06-09 21:39:56.465736,io2606,2026-06-22 00:00:00,13,P,io2606P4000,4000.0,0.6,0.8,0.6,5,4,1193,0.7,True,2026-06-09
2026-06-09 21:39:56.465736,io2606,2026-06-22 00:00:00,13,C,io2606C4050,4050.0,684.4,701.6,626.4,1,1,112,693.0,True,2026-06-09
2026-06-09 21:39:56.465736,io2606,2026-06-22 00:00:00,13,P,io2606P4050,4050.0,0.6,0.8,0.6,3,4,146,0.7,True,2026-06-09
2026-06-09 21:39:56.465736,io2606,2026-06-22 00:00:00,13,C,io2606C4100,4100.0,635.0,651.6,622.0,1,1,135,643.3,True,2026-06-09
2026-06-09 21:39:56.465736,io2606,2026-06-22 00:00:00,13,P,io2606P4100,4100.0,0.6,0.8,0.8,26,2,432,0.7,True,2026-06-09
2026-06-09 21:39:56.465736,io2606,2026-06-22 00:00:00,13,C,io2606C4150,4150.0,585.6,601.6,592.0,1,1,113,593.6,True,2026-06-09
2026-06-09 21:39:56.465736,io2606,2026-06-22 00:00:00,13,P,io2606P4150,4150.0,0.8,1.0,0.8,6,1,209,0.9,True,2026-06-09
2026-06-09 21:39:56.465736,io2606,2026-06-22 00:00:00,13,C,io2606C4200,4200.0,536.2,551.6,534.0,1,1,159,543.9000000000001,True,2026-06-09
2026-06-09 21:39:56.465736,io2606,2026-06-22 00:00:00,13,P,io2606P4200,4200.0,1.2,1.4,1.4,12,1,1108,1.2999999999999998,True,2026-06-09
2026-06-09 21:39:56.465736,io2606,2026-06-22 00:00:00,13,C,io2606C4250,4250.0,490.4,501.0,492.0,1,1,94,495.7,True,2026-06-09
2026-06-09 21:39:56.465736,io2606,2026-06-22 00:00:00,13,P,io2606P4250,4250.0,1.4,1.6,1.6,10,2,392,1.5,True,2026-06-09
2026-06-09 21:39:56.465736,io2606,2026-06-22 00:00:00,13,C,io2606C4300,4300.0,441.2,451.6,440.0,1,1,294,446.4,True,2026-06-09
2026-06-09 21:39:56.465736,io2606,2026-06-22 00:00:00,13,P,io2606P4300,4300.0,2.2,2.4,2.2,11,9,1190,2.3,True,2026-06-09
2026-06-09 21:39:56.465736,io2606,2026-06-22 00:00:00,13,C,io2606C4350,4350.0,391.8,402.0,388.2,2,1,88,396.9,True,2026-06-09
2026-06-09 21:39:56.465736,io2606,2026-06-22 00:00:00,13,P,io2606P4350,4350.0,2.4,2.6,2.4,2,8,1249,2.5,True,2026-06-09
2026-06-09 21:39:56.465736,io2606,2026-06-22 00:00:00,13,C,io2606C4400,4400.0,343.0,353.2,349.6,1,1,616,348.1,True,2026-06-09
2026-06-09 21:39:56.465736,io2606,2026-06-22 00:00:00,13,P,io2606P4400,4400.0,3.8,4.0,4.0,6,18,2217,3.9,True,2026-06-09
2026-06-09 21:39:56.465736,io2606,2026-06-22 00:00:00,13,C,io2606C4450,4450.0,294.8,304.6,303.0,1,1,258,299.70000000000005,True,2026-06-09
2026-06-09 21:39:56.465736,io2606,2026-06-22 00:00:00,13,P,io2606P4450,4450.0,5.6,5.8,5.6,4,4,1723,5.699999999999999,True,2026-06-09
2026-06-09 21:39:56.465736,io2606,2026-06-22 00:00:00,13,C,io2606C4500,4500.0,250.4,255.0,250.2,1,1,1123,252.7,True,2026-06-09
2026-06-09 21:39:56.465736,io2606,2026-06-22 00:00:00,13,P,io2606P4500,4500.0,8.4,8.6,8.4,5,3,4145,8.5,True,2026-06-09
2026-06-09 21:39:56.465736,io2606,2026-06-22 00:00:00,13,C,io2606C4550,4550.0,204.2,208.6,208.8,1,1,420,206.4,True,2026-06-09
2026-06-09 21:39:56.465736,io2606,2026-06-22 00:00:00,13,P,io2606P4550,4550.0,11.8,12.2,11.8,8,1,2130,12.0,True,2026-06-09
2026-06-09 21:39:56.465736,io2606,2026-06-22 00:00:00,13,C,io2606C4600,4600.0,160.8,164.2,164.2,1,1,2230,162.5,True,2026-06-09
2026-06-09 21:39:56.465736,io2606,2026-06-22 00:00:00,13,P,io2606P4600,4600.0,18.2,18.4,18.4,8,2,3598,18.3,True,2026-06-09
2026-06-09 21:39:56.465736,io2606,2026-06-22 00:00:00,13,C,io2606C4650,4650.0,119.8,122.8,122.8,2,5,890,121.3,True,2026-06-09
2026-06-09 21:39:56.465736,io2606,2026-06-22 00:00:00,13,P,io2606P4650,4650.0,27.2,28.2,27.2,11,1,2284,27.7,True,2026-06-09
2026-06-09 21:39:56.465736,io2606,2026-06-22 00:00:00,13,C,io2606C4700,4700.0,87.6,87.8,87.6,2,1,3580,87.69999999999999,True,2026-06-09
2026-06-09 21:39:56.465736,io2606,2026-06-22 00:00:00,13,P,io2606P4700,4700.0,41.8,42.0,41.8,8,2,4901,41.9,True,2026-06-09
2026-06-09 21:39:56.465736,io2606,2026-06-22 00:00:00,13,C,io2606C4750,4750.0,57.8,58.0,57.8,5,7,2944,57.9,True,2026-06-09
2026-06-09 21:39:56.465736,io2606,2026-06-22 00:00:00,13,P,io2606P4750,4750.0,61.0,61.6,61.6,4,3,2571,61.3,True,2026-06-09
2026-06-09 21:39:56.465736,io2606,2026-06-22 00:00:00,13,C,io2606C4800,4800.0,36.2,36.4,36.4,12,10,6076,36.3,True,2026-06-09
2026-06-09 21:39:56.465736,io2606,2026-06-22 00:00:00,13,P,io2606P4800,4800.0,92.0,92.2,92.0,2,6,3232,92.1,True,2026-06-09
2026-06-09 21:39:56.465736,io2606,2026-06-22 00:00:00,13,C,io2606C4850,4850.0,21.2,21.4,21.4,1,18,4119,21.3,True,2026-06-09
2026-06-09 21:39:56.465736,io2606,2026-06-22 00:00:00,13,P,io2606P4850,4850.0,124.4,128.6,126.6,1,1,3358,126.5,True,2026-06-09
2026-06-09 21:39:56.465736,io2606,2026-06-22 00:00:00,13,C,io2606C4900,4900.0,12.0,12.2,12.2,5,1,8187,12.1,True,2026-06-09
2026-06-09 21:39:56.465736,io2606,2026-06-22 00:00:00,13,P,io2606P4900,4900.0,167.6,169.8,166.2,2,1,2974,168.7,True,2026-06-09
2026-06-09 21:39:56.465736,io2606,2026-06-22 00:00:00,13,C,io2606C4950,4950.0,7.2,7.4,7.2,1,6,4806,7.300000000000001,True,2026-06-09
2026-06-09 21:39:56.465736,io2606,2026-06-22 00:00:00,13,P,io2606P4950,4950.0,212.2,215.0,213.2,2,1,1615,213.6,True,2026-06-09
2026-06-09 21:39:56.465736,io2606,2026-06-22 00:00:00,13,C,io2606C5000,5000.0,4.6,4.8,4.6,2,27,11758,4.699999999999999,True,2026-06-09
2026-06-09 21:39:56.465736,io2606,2026-06-22 00:00:00,13,P,io2606P5000,5000.0,256.6,263.8,260.6,1,1,1460,260.20000000000005,True,2026-06-09
2026-06-09 21:39:56.465736,io2606,2026-06-22 00:00:00,13,C,io2606C5100,5100.0,2.0,2.2,2.2,74,7,4774,2.1,True,2026-06-09
2026-06-09 21:39:56.465736,io2606,2026-06-22 00:00:00,13,P,io2606P5100,5100.0,356.2,362.8,354.6,1,1,531,359.5,True,2026-06-09
2026-06-09 21:39:56.465736,io2606,2026-06-22 00:00:00,13,C,io2606C5200,5200.0,1.6,1.8,1.6,11,3,4720,1.7000000000000002,True,2026-06-09
2026-06-09 21:39:56.465736,io2606,2026-06-22 00:00:00,13,P,io2606P5200,5200.0,452.0,462.6,455.0,1,1,500,457.3,True,2026-06-09
2026-06-09 21:39:56.465736,io2606,2026-06-22 00:00:00,13,C,io2606C5300,5300.0,1.0,1.2,1.2,51,17,1959,1.1,True,2026-06-09
2026-06-09 21:39:56.465736,io2606,2026-06-22 00:00:00,13,P,io2606P5300,5300.0,549.2,564.6,554.6,1,1,79,556.9000000000001,True,2026-06-09
2026-06-09 21:39:56.465736,io2606,2026-06-22 00:00:00,13,C,io2606C5400,5400.0,1.0,1.2,1.0,62,9,5756,1.1,True,2026-06-09
2026-06-09 21:39:56.465736,io2606,2026-06-22 00:00:00,13,P,io2606P5400,5400.0,648.6,665.2,658.8,1,1,468,656.9000000000001,True,2026-06-09
2026-06-09 21:39:56.465736,io2606,2026-06-22 00:00:00,13,C,io2606C5500,5500.0,1.0,1.2,1.0,27,4,2268,1.1,True,2026-06-09
2026-06-09 21:39:56.465736,io2606,2026-06-22 00:00:00,13,P,io2606P5500,5500.0,747.8,765.6,756.0,1,1,150,756.7,True,2026-06-09
2026-06-09 21:39:56.465736,io2607,2026-07-17 00:00:00,38,C,io2607C4200,4200.0,507.2,526.2,486.4,1,1,9,516.7,True,2026-06-09
2026-06-09 21:39:56.465736,io2607,2026-07-17 00:00:00,38,P,io2607P4200,4200.0,10.4,11.2,11.0,3,7,148,10.8,True,2026-06-09
2026-06-09 21:39:56.465736,io2607,2026-07-17 00:00:00,38,C,io2607C4250,4250.0,461.4,476.4,466.2,1,1,54,468.9,True,2026-06-09
2026-06-09 21:39:56.465736,io2607,2026-07-17 00:00:00,38,P,io2607P4250,4250.0,13.4,14.0,13.4,1,9,1074,13.7,True,2026-06-09
2026-06-09 21:39:56.465736,io2607,2026-07-17 00:00:00,38,C,io2607C4300,4300.0,414.4,429.4,375.0,1,1,66,421.9,True,2026-06-09
2026-06-09 21:39:56.465736,io2607,2026-07-17 00:00:00,38,P,io2607P4300,4300.0,17.0,17.2,16.2,1,1,623,17.1,True,2026-06-09
2026-06-09 21:39:56.465736,io2607,2026-07-17 00:00:00,38,C,io2607C4350,4350.0,369.2,384.2,357.2,1,1,41,376.7,True,2026-06-09
2026-06-09 21:39:56.465736,io2607,2026-07-17 00:00:00,38,P,io2607P4350,4350.0,20.4,20.6,20.8,2,5,672,20.5,True,2026-06-09
2026-06-09 21:39:56.465736,io2607,2026-07-17 00:00:00,38,C,io2607C4400,4400.0,335.6,339.6,333.0,1,1,104,337.6,True,2026-06-09
2026-06-09 21:39:56.465736,io2607,2026-07-17 00:00:00,38,P,io2607P4400,4400.0,25.0,26.8,25.8,4,3,1312,25.9,True,2026-06-09
2026-06-09 21:39:56.465736,io2607,2026-07-17 00:00:00,38,C,io2607C4450,4450.0,281.6,296.6,280.4,1,1,58,289.1,True,2026-06-09
2026-06-09 21:39:56.465736,io2607,2026-07-17 00:00:00,38,P,io2607P4450,4450.0,32.0,34.4,33.6,7,1,1205,33.2,True,2026-06-09
2026-06-09 21:39:56.465736,io2607,2026-07-17 00:00:00,38,C,io2607C4500,4500.0,244.8,252.8,250.0,1,1,155,248.8,True,2026-06-09
2026-06-09 21:39:56.465736,io2607,2026-07-17 00:00:00,38,P,io2607P4500,4500.0,41.0,43.4,42.0,1,1,1539,42.2,True,2026-06-09
2026-06-09 21:39:56.465736,io2607,2026-07-17 00:00:00,38,C,io2607C4550,4550.0,206.2,214.2,215.0,1,1,97,210.2,True,2026-06-09
2026-06-09 21:39:56.465736,io2607,2026-07-17 00:00:00,38,P,io2607P4550,4550.0,53.8,55.0,52.6,3,1,887,54.4,True,2026-06-09
2026-06-09 21:39:56.465736,io2607,2026-07-17 00:00:00,38,C,io2607C4600,4600.0,171.2,179.2,176.0,1,1,413,175.2,True,2026-06-09
2026-06-09 21:39:56.465736,io2607,2026-07-17 00:00:00,38,P,io2607P4600,4600.0,66.4,71.4,68.8,1,1,821,68.9,True,2026-06-09
2026-06-09 21:39:56.465736,io2607,2026-07-17 00:00:00,38,C,io2607C4650,4650.0,144.0,147.8,145.2,1,1,333,145.9,True,2026-06-09
2026-06-09 21:39:56.465736,io2607,2026-07-17 00:00:00,38,P,io2607P4650,4650.0,85.2,89.6,85.8,8,2,760,87.4,True,2026-06-09
2026-06-09 21:39:56.465736,io2607,2026-07-17 00:00:00,38,C,io2607C4700,4700.0,112.4,116.4,115.8,1,2,1196,114.4,True,2026-06-09
2026-06-09 21:39:56.465736,io2607,2026-07-17 00:00:00,38,P,io2607P4700,4700.0,107.2,107.6,109.8,1,1,1247,107.4,True,2026-06-09
2026-06-09 21:39:56.465736,io2607,2026-07-17 00:00:00,38,C,io2607C4750,4750.0,92.0,95.4,92.8,1,1,635,93.7,True,2026-06-09
2026-06-09 21:39:56.465736,io2607,2026-07-17 00:00:00,38,P,io2607P4750,4750.0,132.4,140.4,132.8,1,1,871,136.4,True,2026-06-09
2026-06-09 21:39:56.465736,io2607,2026-07-17 00:00:00,38,C,io2607C4800,4800.0,74.4,75.8,73.6,3,1,1417,75.1,True,2026-06-09
2026-06-09 21:39:56.465736,io2607,2026-07-17 00:00:00,38,P,io2607P4800,4800.0,166.6,168.4,165.8,1,2,1112,167.5,True,2026-06-09
2026-06-09 21:39:56.465736,io2607,2026-07-17 00:00:00,38,C,io2607C4850,4850.0,55.6,59.0,59.0,1,1,830,57.3,True,2026-06-09
2026-06-09 21:39:56.465736,io2607,2026-07-17 00:00:00,38,P,io2607P4850,4850.0,200.0,204.4,195.4,1,1,662,202.2,True,2026-06-09
2026-06-09 21:39:56.465736,io2607,2026-07-17 00:00:00,38,C,io2607C4900,4900.0,45.0,46.4,46.2,1,1,3420,45.7,True,2026-06-09
2026-06-09 21:39:56.465736,io2607,2026-07-17 00:00:00,38,P,io2607P4900,4900.0,236.2,240.0,235.4,1,1,593,238.1,True,2026-06-09
2026-06-09 21:39:56.465736,io2607,2026-07-17 00:00:00,38,C,io2607C4950,4950.0,35.6,35.8,36.0,3,1,5978,35.7,True,2026-06-09
2026-06-09 21:39:56.465736,io2607,2026-07-17 00:00:00,38,P,io2607P4950,4950.0,271.4,286.4,275.2,1,1,642,278.9,True,2026-06-09
2026-06-09 21:39:56.465736,io2607,2026-07-17 00:00:00,38,C,io2607C5000,5000.0,27.0,28.4,27.8,3,1,2837,27.7,True,2026-06-09
2026-06-09 21:39:56.465736,io2607,2026-07-17 00:00:00,38,P,io2607P5000,5000.0,312.8,327.8,314.2,1,1,221,320.3,True,2026-06-09
2026-06-09 21:39:56.465736,io2607,2026-07-17 00:00:00,38,C,io2607C5100,5100.0,17.2,18.2,17.4,3,2,2774,17.7,True,2026-06-09
2026-06-09 21:39:56.465736,io2607,2026-07-17 00:00:00,38,P,io2607P5100,5100.0,402.4,417.4,459.6,1,1,164,409.9,True,2026-06-09
2026-06-09 21:39:56.465736,io2607,2026-07-17 00:00:00,38,C,io2607C5200,5200.0,12.0,12.2,12.0,6,1,1979,12.1,True,2026-06-09
2026-06-09 21:39:56.465736,io2607,2026-07-17 00:00:00,38,P,io2607P5200,5200.0,555.8,576.4,559.6,1,1,112,566.0999999999999,True,2026-06-09
2026-06-09 21:39:56.465736,io2607,2026-07-17 00:00:00,38,C,io2607C5300,5300.0,8.4,8.6,8.4,9,1,670,8.5,True,2026-06-09
2026-06-09 21:39:56.465736,io2607,2026-07-17 00:00:00,38,P,io2607P5300,5300.0,651.2,673.4,655.4,1,1,92,662.3,True,2026-06-09
2026-06-09 21:39:56.465736,io2607,2026-07-17 00:00:00,38,C,io2607C5400,5400.0,6.0,6.2,5.6,1,1,416,6.1,True,2026-06-09
2026-06-09 21:39:56.465736,io2607,2026-07-17 00:00:00,38,P,io2607P5400,5400.0,747.8,771.2,752.6,1,1,65,759.5,True,2026-06-09
2026-06-09 21:39:56.465736,io2607,2026-07-17 00:00:00,38,C,io2607C5500,5500.0,4.2,4.8,4.8,2,6,1089,4.5,True,2026-06-09
2026-06-09 21:39:56.465736,io2607,2026-07-17 00:00:00,38,P,io2607P5500,5500.0,783.8,809.8,822.2,1,1,104,796.8,True,2026-06-09
2026-06-09 21:39:56.465736,io2609,2026-09-18 00:00:00,101,C,io2609C3900,3900.0,759.6,783.4,765.0,1,1,84,771.5,True,2026-06-09
2026-06-09 21:39:56.465736,io2609,2026-09-18 00:00:00,101,P,io2609P3900,3900.0,20.0,20.4,20.2,1,1,515,20.2,True,2026-06-09
2026-06-09 21:39:56.465736,io2609,2026-09-18 00:00:00,101,C,io2609C4000,4000.0,667.8,690.6,660.0,1,1,306,679.2,True,2026-06-09
2026-06-09 21:39:56.465736,io2609,2026-09-18 00:00:00,101,P,io2609P4000,4000.0,26.0,27.8,27.4,5,1,1266,26.9,True,2026-06-09
2026-06-09 21:39:56.465736,io2609,2026-09-18 00:00:00,101,C,io2609C4100,4100.0,579.8,601.2,589.0,1,1,158,590.5,True,2026-06-09
2026-06-09 21:39:56.465736,io2609,2026-09-18 00:00:00,101,P,io2609P4100,4100.0,36.0,38.6,37.6,1,2,826,37.3,True,2026-06-09
2026-06-09 21:39:56.465736,io2609,2026-09-18 00:00:00,101,C,io2609C4200,4200.0,500.0,513.0,503.0,2,1,371,506.5,True,2026-06-09
2026-06-09 21:39:56.465736,io2609,2026-09-18 00:00:00,101,P,io2609P4200,4200.0,50.0,52.0,50.0,2,1,697,51.0,True,2026-06-09
2026-06-09 21:39:56.465736,io2609,2026-09-18 00:00:00,101,C,io2609C4300,4300.0,413.4,423.8,424.0,1,1,235,418.6,True,2026-06-09
2026-06-09 21:39:56.465736,io2609,2026-09-18 00:00:00,101,P,io2609P4300,4300.0,69.4,72.4,68.4,1,2,650,70.9,True,2026-06-09
2026-06-09 21:39:56.465736,io2609,2026-09-18 00:00:00,101,C,io2609C4400,4400.0,339.8,347.4,350.2,1,1,555,343.6,True,2026-06-09
2026-06-09 21:39:56.465736,io2609,2026-09-18 00:00:00,101,P,io2609P4400,4400.0,91.4,97.0,93.6,1,1,899,94.2,True,2026-06-09
2026-06-09 21:39:56.465736,io2609,2026-09-18 00:00:00,101,C,io2609C4500,4500.0,273.8,285.8,283.2,1,1,1707,279.8,True,2026-06-09
2026-06-09 21:39:56.465736,io2609,2026-09-18 00:00:00,101,P,io2609P4500,4500.0,125.6,133.6,128.0,2,2,1093,129.6,True,2026-06-09
2026-06-09 21:39:56.465736,io2609,2026-09-18 00:00:00,101,C,io2609C4600,4600.0,230.0,231.0,230.0,22,1,1094,230.5,True,2026-06-09
2026-06-09 21:39:56.465736,io2609,2026-09-18 00:00:00,101,P,io2609P4600,4600.0,163.0,174.8,168.6,1,1,741,168.9,True,2026-06-09
2026-06-09 21:39:56.465736,io2609,2026-09-18 00:00:00,101,C,io2609C4700,4700.0,176.8,181.0,177.8,4,1,2403,178.9,True,2026-06-09
2026-06-09 21:39:56.465736,io2609,2026-09-18 00:00:00,101,P,io2609P4700,4700.0,214.6,226.0,219.0,1,1,591,220.3,True,2026-06-09
2026-06-09 21:39:56.465736,io2609,2026-09-18 00:00:00,101,C,io2609C4800,4800.0,131.0,138.4,137.4,1,1,1512,134.7,True,2026-06-09
2026-06-09 21:39:56.465736,io2609,2026-09-18 00:00:00,101,P,io2609P4800,4800.0,272.0,288.2,279.4,1,1,822,280.1,True,2026-06-09
2026-06-09 21:39:56.465736,io2609,2026-09-18 00:00:00,101,C,io2609C4900,4900.0,103.2,106.0,106.0,1,2,1163,104.6,True,2026-06-09
2026-06-09 21:39:56.465736,io2609,2026-09-18 00:00:00,101,P,io2609P4900,4900.0,340.0,357.4,345.8,1,1,514,348.7,True,2026-06-09
2026-06-09 21:39:56.465736,io2609,2026-09-18 00:00:00,101,C,io2609C5000,5000.0,79.4,85.4,82.4,3,1,2340,82.4,True,2026-06-09
2026-06-09 21:39:56.465736,io2609,2026-09-18 00:00:00,101,P,io2609P5000,5000.0,415.8,434.6,424.4,1,1,449,425.2000000000001,True,2026-06-09
2026-06-09 21:39:56.465736,io2609,2026-09-18 00:00:00,101,C,io2609C5200,5200.0,48.4,48.6,49.4,2,1,3434,48.5,True,2026-06-09
2026-06-09 21:39:56.465736,io2609,2026-09-18 00:00:00,101,P,io2609P5200,5200.0,580.8,602.2,584.6,1,1,225,591.5,True,2026-06-09
2026-06-09 21:39:56.465736,io2609,2026-09-18 00:00:00,101,C,io2609C5400,5400.0,32.2,32.4,32.2,1,2,4823,32.3,True,2026-06-09
2026-06-09 21:39:56.465736,io2609,2026-09-18 00:00:00,101,P,io2609P5400,5400.0,819.4,842.8,830.2,1,1,424,831.0999999999999,True,2026-06-09
2026-06-09 21:39:56.465736,io2609,2026-09-18 00:00:00,101,C,io2609C5600,5600.0,20.6,20.8,20.8,2,9,977,20.700000000000003,True,2026-06-09
2026-06-09 21:39:56.465736,io2609,2026-09-18 00:00:00,101,P,io2609P5600,5600.0,1007.4,1032.6,981.2,1,1,91,1020.0,True,2026-06-09
2026-06-09 21:39:56.465736,io2608,2026-08-21 00:00:00,73,C,io2608C4200,4200.0,504.6,523.8,464.4,2,1,3,514.2,True,2026-06-09
2026-06-09 21:39:56.465736,io2608,2026-08-21 00:00:00,73,P,io2608P4200,4200.0,33.6,35.6,33.0,1,6,33,34.6,True,2026-06-09
2026-06-09 21:39:56.465736,io2608,2026-08-21 00:00:00,73,C,io2608C4250,4250.0,,,,0,0,0,,False,2026-06-09
2026-06-09 21:39:56.465736,io2608,2026-08-21 00:00:00,73,P,io2608P4250,4250.0,38.8,41.4,38.6,1,4,16,40.1,True,2026-06-09
2026-06-09 21:39:56.465736,io2608,2026-08-21 00:00:00,73,C,io2608C4300,4300.0,374.8,389.8,369.4,1,1,42,382.3,True,2026-06-09
2026-06-09 21:39:56.465736,io2608,2026-08-21 00:00:00,73,P,io2608P4300,4300.0,45.6,47.8,47.2,2,1,1265,46.7,True,2026-06-09
2026-06-09 21:39:56.465736,io2608,2026-08-21 00:00:00,73,C,io2608C4350,4350.0,335.4,350.4,344.0,1,1,71,342.9,True,2026-06-09
2026-06-09 21:39:56.465736,io2608,2026-08-21 00:00:00,73,P,io2608P4350,4350.0,52.6,56.2,54.8,2,1,1499,54.400000000000006,True,2026-06-09
2026-06-09 21:39:56.465736,io2608,2026-08-21 00:00:00,73,C,io2608C4400,4400.0,297.8,312.8,351.4,1,1,34,305.3,True,2026-06-09
2026-06-09 21:39:56.465736,io2608,2026-08-21 00:00:00,73,P,io2608P4400,4400.0,61.0,66.0,64.4,2,1,246,63.5,True,2026-06-09
2026-06-09 21:39:56.465736,io2608,2026-08-21 00:00:00,73,C,io2608C4450,4450.0,297.2,312.2,309.8,2,1,33,304.7,True,2026-06-09
2026-06-09 21:39:56.465736,io2608,2026-08-21 00:00:00,73,P,io2608P4450,4450.0,72.4,77.4,74.8,1,1,72,74.9,True,2026-06-09
2026-06-09 21:39:56.465736,io2608,2026-08-21 00:00:00,73,C,io2608C4500,4500.0,232.8,240.8,239.6,1,1,11,236.8,True,2026-06-09
2026-06-09 21:39:56.465736,io2608,2026-08-21 00:00:00,73,P,io2608P4500,4500.0,86.2,91.0,93.0,1,1,143,88.6,True,2026-06-09
2026-06-09 21:39:56.465736,io2608,2026-08-21 00:00:00,73,C,io2608C4550,4550.0,202.4,210.4,207.6,1,1,17,206.4,True,2026-06-09
2026-06-09 21:39:56.465736,io2608,2026-08-21 00:00:00,73,P,io2608P4550,4550.0,102.0,107.8,116.0,1,1,129,104.9,True,2026-06-09
2026-06-09 21:39:56.465736,io2608,2026-08-21 00:00:00,73,C,io2608C4600,4600.0,174.4,182.4,180.0,1,1,23,178.4,True,2026-06-09
2026-06-09 21:39:56.465736,io2608,2026-08-21 00:00:00,73,P,io2608P4600,4600.0,119.2,127.2,124.0,1,1,76,123.2,True,2026-06-09
2026-06-09 21:39:56.465736,io2608,2026-08-21 00:00:00,73,C,io2608C4650,4650.0,171.2,179.0,163.8,1,1,21,175.1,True,2026-06-09
2026-06-09 21:39:56.465736,io2608,2026-08-21 00:00:00,73,P,io2608P4650,4650.0,140.6,148.6,148.8,1,1,106,144.6,True,2026-06-09
2026-06-09 21:39:56.465736,io2608,2026-08-21 00:00:00,73,C,io2608C4700,4700.0,145.6,153.6,153.8,1,1,43,149.6,True,2026-06-09
2026-06-09 21:39:56.465736,io2608,2026-08-21 00:00:00,73,P,io2608P4700,4700.0,165.0,173.0,167.0,1,1,121,169.0,True,2026-06-09
2026-06-09 21:39:56.465736,io2608,2026-08-21 00:00:00,73,C,io2608C4750,4750.0,123.0,131.0,131.2,1,1,34,127.0,True,2026-06-09
2026-06-09 21:39:56.465736,io2608,2026-08-21 00:00:00,73,P,io2608P4750,4750.0,192.2,200.2,193.2,1,1,65,196.2,True,2026-06-09
2026-06-09 21:39:56.465736,io2608,2026-08-21 00:00:00,73,C,io2608C4800,4800.0,105.0,111.2,108.8,2,1,101,108.1,True,2026-06-09
2026-06-09 21:39:56.465736,io2608,2026-08-21 00:00:00,73,P,io2608P4800,4800.0,222.2,230.2,226.0,1,1,74,226.2,True,2026-06-09
2026-06-09 21:39:56.465736,io2608,2026-08-21 00:00:00,73,C,io2608C4850,4850.0,88.4,92.8,91.4,1,1,164,90.6,True,2026-06-09
2026-06-09 21:39:56.465736,io2608,2026-08-21 00:00:00,73,P,io2608P4850,4850.0,252.6,263.8,258.8,1,1,51,258.2,True,2026-06-09
2026-06-09 21:39:56.465736,io2608,2026-08-21 00:00:00,73,C,io2608C4900,4900.0,74.4,78.4,78.8,1,1,368,76.4,True,2026-06-09
2026-06-09 21:39:56.465736,io2608,2026-08-21 00:00:00,73,P,io2608P4900,4900.0,286.6,301.6,294.0,1,1,89,294.1,True,2026-06-09
2026-06-09 21:39:56.465736,io2608,2026-08-21 00:00:00,73,C,io2608C4950,4950.0,62.0,66.0,66.4,1,1,100,64.0,True,2026-06-09
2026-06-09 21:39:56.465736,io2608,2026-08-21 00:00:00,73,P,io2608P4950,4950.0,324.2,339.2,331.6,1,1,31,331.7,True,2026-06-09
2026-06-09 21:39:56.465736,io2608,2026-08-21 00:00:00,73,C,io2608C5000,5000.0,54.4,55.8,56.2,2,2,297,55.1,True,2026-06-09
2026-06-09 21:39:56.465736,io2608,2026-08-21 00:00:00,73,P,io2608P5000,5000.0,363.6,378.6,371.0,1,1,51,371.1,True,2026-06-09
2026-06-09 21:39:56.465736,io2608,2026-08-21 00:00:00,73,C,io2608C5100,5100.0,38.0,39.0,39.0,3,1,308,38.5,True,2026-06-09
2026-06-09 21:39:56.465736,io2608,2026-08-21 00:00:00,73,P,io2608P5100,5100.0,447.6,462.6,454.6,1,1,39,455.1,True,2026-06-09
2026-06-09 21:39:56.465736,io2608,2026-08-21 00:00:00,73,C,io2608C5200,5200.0,27.4,28.6,26.8,1,1,524,28.0,True,2026-06-09
2026-06-09 21:39:56.465736,io2608,2026-08-21 00:00:00,73,P,io2608P5200,5200.0,584.4,614.4,557.6,1,1,17,599.4,True,2026-06-09
2026-06-09 21:39:56.465736,io2608,2026-08-21 00:00:00,73,C,io2608C5300,5300.0,21.0,22.2,22.0,1,1,168,21.6,True,2026-06-09
2026-06-09 21:39:56.465736,io2608,2026-08-21 00:00:00,73,P,io2608P5300,5300.0,677.6,707.6,703.0,1,1,60,692.6,True,2026-06-09
2026-06-09 21:39:56.465736,io2608,2026-08-21 00:00:00,73,C,io2608C5400,5400.0,16.0,16.2,16.4,1,1,105,16.1,True,2026-06-09
2026-06-09 21:39:56.465736,io2608,2026-08-21 00:00:00,73,P,io2608P5400,5400.0,772.8,802.8,799.4,1,1,52,787.8,True,2026-06-09
2026-06-09 21:39:56.465736,io2608,2026-08-21 00:00:00,73,C,io2608C5500,5500.0,12.2,13.2,13.2,1,3,146,12.7,True,2026-06-09
2026-06-09 21:39:56.465736,io2608,2026-08-21 00:00:00,73,P,io2608P5500,5500.0,869.4,899.4,897.0,1,1,17,884.4,True,2026-06-09
2026-06-09 21:39:56.465736,io2612,2026-12-18 00:00:00,192,C,io2612C3900,3900.0,723.4,762.0,727.0,2,1,194,742.7,True,2026-06-09
2026-06-09 21:39:56.465736,io2612,2026-12-18 00:00:00,192,P,io2612P3900,3900.0,48.8,50.4,48.8,1,1,870,49.6,True,2026-06-09
2026-06-09 21:39:56.465736,io2612,2026-12-18 00:00:00,192,C,io2612C4000,4000.0,639.6,678.2,643.4,1,1,142,658.9000000000001,True,2026-06-09
2026-06-09 21:39:56.465736,io2612,2026-12-18 00:00:00,192,P,io2612P4000,4000.0,63.0,67.4,64.0,2,1,331,65.2,True,2026-06-09
2026-06-09 21:39:56.465736,io2612,2026-12-18 00:00:00,192,C,io2612C4100,4100.0,558.2,598.4,571.0,1,1,232,578.3,True,2026-06-09
2026-06-09 21:39:56.465736,io2612,2026-12-18 00:00:00,192,P,io2612P4100,4100.0,80.0,85.4,89.2,1,1,1119,82.7,True,2026-06-09
2026-06-09 21:39:56.465736,io2612,2026-12-18 00:00:00,192,C,io2612C4200,4200.0,451.4,467.4,466.8,1,1,138,459.4,True,2026-06-09
2026-06-09 21:39:56.465736,io2612,2026-12-18 00:00:00,192,P,io2612P4200,4200.0,103.0,108.4,103.4,1,1,616,105.7,True,2026-06-09
2026-06-09 21:39:56.465736,io2612,2026-12-18 00:00:00,192,C,io2612C4300,4300.0,422.6,441.2,433.0,2,1,217,431.9,True,2026-06-09
2026-06-09 21:39:56.465736,io2612,2026-12-18 00:00:00,192,P,io2612P4300,4300.0,130.0,136.6,133.8,1,1,703,133.3,True,2026-06-09
2026-06-09 21:39:56.465736,io2612,2026-12-18 00:00:00,192,C,io2612C4400,4400.0,358.6,364.6,352.8,2,20,372,361.6,True,2026-06-09
2026-06-09 21:39:56.465736,io2612,2026-12-18 00:00:00,192,P,io2612P4400,4400.0,163.2,174.6,177.8,1,1,844,168.89999999999998,True,2026-06-09
2026-06-09 21:39:56.465736,io2612,2026-12-18 00:00:00,192,C,io2612C4500,4500.0,301.4,321.4,301.2,2,1,995,311.4,True,2026-06-09
2026-06-09 21:39:56.465736,io2612,2026-12-18 00:00:00,192,P,io2612P4500,4500.0,205.0,217.0,215.8,2,3,864,211.0,True,2026-06-09
2026-06-09 21:39:56.465736,io2612,2026-12-18 00:00:00,192,C,io2612C4600,4600.0,255.6,268.4,264.0,1,1,932,262.0,True,2026-06-09
2026-06-09 21:39:56.465736,io2612,2026-12-18 00:00:00,192,P,io2612P4600,4600.0,257.8,265.6,262.6,1,1,666,261.70000000000005,True,2026-06-09
2026-06-09 21:39:56.465736,io2612,2026-12-18 00:00:00,192,C,io2612C4700,4700.0,212.4,223.8,216.8,2,1,735,218.1,True,2026-06-09
2026-06-09 21:39:56.465736,io2612,2026-12-18 00:00:00,192,P,io2612P4700,4700.0,305.2,325.8,317.4,2,2,418,315.5,True,2026-06-09
2026-06-09 21:39:56.465736,io2612,2026-12-18 00:00:00,192,C,io2612C4800,4800.0,176.2,183.6,180.4,2,1,673,179.89999999999998,True,2026-06-09
2026-06-09 21:39:56.465736,io2612,2026-12-18 00:00:00,192,P,io2612P4800,4800.0,368.0,387.4,391.2,1,1,472,377.7,True,2026-06-09
2026-06-09 21:39:56.465736,io2612,2026-12-18 00:00:00,192,C,io2612C4900,4900.0,146.0,158.0,150.2,1,1,386,152.0,True,2026-06-09
2026-06-09 21:39:56.465736,io2612,2026-12-18 00:00:00,192,P,io2612P4900,4900.0,481.4,501.4,485.0,1,2,177,491.4,True,2026-06-09
2026-06-09 21:39:56.465736,io2612,2026-12-18 00:00:00,192,C,io2612C5000,5000.0,121.4,133.8,125.8,1,1,530,127.6,True,2026-06-09
2026-06-09 21:39:56.465736,io2612,2026-12-18 00:00:00,192,P,io2612P5000,5000.0,509.4,531.0,516.8,3,1,193,520.2,True,2026-06-09
2026-06-09 21:39:56.465736,io2612,2026-12-18 00:00:00,192,C,io2612C5200,5200.0,87.0,91.0,90.4,1,6,757,89.0,True,2026-06-09
2026-06-09 21:39:56.465736,io2612,2026-12-18 00:00:00,192,P,io2612P5200,5200.0,659.8,702.2,684.0,1,1,259,681.0,True,2026-06-09
2026-06-09 21:39:56.465736,io2612,2026-12-18 00:00:00,192,C,io2612C5400,5400.0,66.2,66.6,66.6,6,6,1397,66.4,True,2026-06-09
2026-06-09 21:39:56.465736,io2612,2026-12-18 00:00:00,192,P,io2612P5400,5400.0,834.0,876.4,878.0,1,1,429,855.2,True,2026-06-09
2026-06-09 21:39:56.465736,io2612,2026-12-18 00:00:00,192,C,io2612C5600,5600.0,49.8,50.2,50.0,1,2,574,50.0,True,2026-06-09
2026-06-09 21:39:56.465736,io2612,2026-12-18 00:00:00,192,P,io2612P5600,5600.0,1013.8,1056.4,1089.0,1,1,126,1035.1,True,2026-06-09
2026-06-09 21:39:56.465736,io2703,2027-03-19 00:00:00,283,C,io2703C3900,3900.0,735.6,773.4,698.0,1,1,289,754.5,True,2026-06-09
2026-06-09 21:39:56.465736,io2703,2027-03-19 00:00:00,283,P,io2703P3900,3900.0,84.0,86.2,85.0,8,1,849,85.1,True,2026-06-09
2026-06-09 21:39:56.465736,io2703,2027-03-19 00:00:00,283,C,io2703C4000,4000.0,606.6,645.4,612.0,1,1,167,626.0,True,2026-06-09
2026-06-09 21:39:56.465736,io2703,2027-03-19 00:00:00,283,P,io2703P4000,4000.0,100.2,101.6,110.6,1,1,331,100.9,True,2026-06-09
2026-06-09 21:39:56.465736,io2703,2027-03-19 00:00:00,283,C,io2703C4100,4100.0,533.4,572.0,554.6,1,1,104,552.7,True,2026-06-09
2026-06-09 21:39:56.465736,io2703,2027-03-19 00:00:00,283,P,io2703P4100,4100.0,119.4,129.0,124.2,1,1,1009,124.2,True,2026-06-09
2026-06-09 21:39:56.465736,io2703,2027-03-19 00:00:00,283,C,io2703C4200,4200.0,479.0,495.0,479.8,1,1,115,487.0,True,2026-06-09
2026-06-09 21:39:56.465736,io2703,2027-03-19 00:00:00,283,P,io2703P4200,4200.0,147.0,158.2,151.2,1,1,291,152.6,True,2026-06-09
2026-06-09 21:39:56.465736,io2703,2027-03-19 00:00:00,283,C,io2703C4300,4300.0,426.6,431.6,423.4,5,1,119,429.1,True,2026-06-09
2026-06-09 21:39:56.465736,io2703,2027-03-19 00:00:00,283,P,io2703P4300,4300.0,179.4,191.0,210.0,3,1,131,185.2,True,2026-06-09
2026-06-09 21:39:56.465736,io2703,2027-03-19 00:00:00,283,C,io2703C4400,4400.0,408.2,412.0,408.0,1,1,242,410.1,True,2026-06-09
2026-06-09 21:39:56.465736,io2703,2027-03-19 00:00:00,283,P,io2703P4400,4400.0,218.0,230.6,230.2,1,2,356,224.3,True,2026-06-09
2026-06-09 21:39:56.465736,io2703,2027-03-19 00:00:00,283,C,io2703C4500,4500.0,339.6,360.6,339.0,1,2,261,350.1,True,2026-06-09
2026-06-09 21:39:56.465736,io2703,2027-03-19 00:00:00,283,P,io2703P4500,4500.0,261.4,275.0,266.6,1,1,192,268.2,True,2026-06-09
2026-06-09 21:39:56.465736,io2703,2027-03-19 00:00:00,283,C,io2703C4600,4600.0,292.0,312.8,271.2,1,1,145,302.4,True,2026-06-09
2026-06-09 21:39:56.465736,io2703,2027-03-19 00:00:00,283,P,io2703P4600,4600.0,311.0,329.6,351.4,1,1,181,320.3,True,2026-06-09
2026-06-09 21:39:56.465736,io2703,2027-03-19 00:00:00,283,C,io2703C4700,4700.0,254.2,266.0,256.8,1,1,161,260.1,True,2026-06-09
2026-06-09 21:39:56.465736,io2703,2027-03-19 00:00:00,283,P,io2703P4700,4700.0,366.8,385.8,395.8,1,1,112,376.3,True,2026-06-09
2026-06-09 21:39:56.465736,io2703,2027-03-19 00:00:00,283,C,io2703C4800,4800.0,200.2,208.4,200.0,1,1,201,204.3,True,2026-06-09
2026-06-09 21:39:56.465736,io2703,2027-03-19 00:00:00,283,P,io2703P4800,4800.0,430.0,447.6,440.4,1,1,195,438.8,True,2026-06-09
2026-06-09 21:39:56.465736,io2703,2027-03-19 00:00:00,283,C,io2703C4900,4900.0,171.8,181.4,173.2,1,1,127,176.60000000000002,True,2026-06-09
2026-06-09 21:39:56.465736,io2703,2027-03-19 00:00:00,283,P,io2703P4900,4900.0,500.0,515.4,500.0,2,1,198,507.7,True,2026-06-09
2026-06-09 21:39:56.465736,io2703,2027-03-19 00:00:00,283,C,io2703C5000,5000.0,160.8,172.0,168.0,1,1,209,166.4,True,2026-06-09
2026-06-09 21:39:56.465736,io2703,2027-03-19 00:00:00,283,P,io2703P5000,5000.0,557.0,598.0,604.4,1,1,112,577.5,True,2026-06-09
2026-06-09 21:39:56.465736,io2703,2027-03-19 00:00:00,283,C,io2703C5200,5200.0,118.4,125.0,124.2,1,1,325,121.7,True,2026-06-09
2026-06-09 21:39:56.465736,io2703,2027-03-19 00:00:00,283,P,io2703P5200,5200.0,773.2,809.0,803.6,1,1,169,791.1,True,2026-06-09
2026-06-09 21:39:56.465736,io2703,2027-03-19 00:00:00,283,C,io2703C5400,5400.0,92.6,97.8,97.0,1,1,223,95.2,True,2026-06-09
2026-06-09 21:39:56.465736,io2703,2027-03-19 00:00:00,283,P,io2703P5400,5400.0,940.8,979.0,948.2,1,1,177,959.9,True,2026-06-09
2026-06-09 21:39:56.465736,io2703,2027-03-19 00:00:00,283,C,io2703C5600,5600.0,72.8,77.2,74.2,1,1,450,75.0,True,2026-06-09
2026-06-09 21:39:56.465736,io2703,2027-03-19 00:00:00,283,P,io2703P5600,5600.0,1111.6,1161.6,1138.2,1,1,182,1136.6,True,2026-06-09
2026-06-10 23:06:32.769625,io2606,2026-06-22 00:00:00,12,C,io2606C3400,3400.0,1306.8,1331.8,1298.6,1,1,167,1319.3,True,2026-06-10
2026-06-10 23:06:32.769625,io2606,2026-06-22 00:00:00,12,P,io2606P3400,3400.0,0.2,0.4,0.4,145,6,1469,0.3,True,2026-06-10
2026-06-10 23:06:32.769625,io2606,2026-06-22 00:00:00,12,C,io2606C3500,3500.0,1207.8,1231.6,1216.6,1,1,153,1219.6999999999998,True,2026-06-10
2026-06-10 23:06:32.769625,io2606,2026-06-22 00:00:00,12,P,io2606P3500,3500.0,0.2,0.4,0.4,93,7,508,0.3,True,2026-06-10
2026-06-10 23:06:32.769625,io2606,2026-06-22 00:00:00,12,C,io2606C3600,3600.0,1108.2,1130.8,1121.6,1,1,164,1119.5,True,2026-06-10
2026-06-10 23:06:32.769625,io2606,2026-06-22 00:00:00,12,P,io2606P3600,3600.0,0.2,0.4,0.4,50,1,481,0.3,True,2026-06-10
2026-06-10 23:06:32.769625,io2606,2026-06-22 00:00:00,12,C,io2606C3700,3700.0,1010.2,1029.0,990.0,1,1,188,1019.6,True,2026-06-10
2026-06-10 23:06:32.769625,io2606,2026-06-22 00:00:00,12,P,io2606P3700,3700.0,0.4,0.6,0.4,11,7,331,0.5,True,2026-06-10
2026-06-10 23:06:32.769625,io2606,2026-06-22 00:00:00,12,C,io2606C3800,3800.0,910.0,928.4,894.2,1,1,145,919.2,True,2026-06-10
2026-06-10 23:06:32.769625,io2606,2026-06-22 00:00:00,12,P,io2606P3800,3800.0,0.2,0.4,0.2,31,17,847,0.3,True,2026-06-10
2026-06-10 23:06:32.769625,io2606,2026-06-22 00:00:00,12,C,io2606C3900,3900.0,810.2,829.2,799.8,1,1,153,819.7,True,2026-06-10
2026-06-10 23:06:32.769625,io2606,2026-06-22 00:00:00,12,P,io2606P3900,3900.0,0.4,0.6,0.6,2,7,355,0.5,True,2026-06-10
2026-06-10 23:06:32.769625,io2606,2026-06-22 00:00:00,12,C,io2606C3950,3950.0,761.2,779.2,736.8,1,1,125,770.2,True,2026-06-10
2026-06-10 23:06:32.769625,io2606,2026-06-22 00:00:00,12,P,io2606P3950,3950.0,0.4,0.6,0.6,22,6,226,0.5,True,2026-06-10
2026-06-10 23:06:32.769625,io2606,2026-06-22 00:00:00,12,C,io2606C4000,4000.0,711.0,728.4,717.8,1,1,148,719.7,True,2026-06-10
2026-06-10 23:06:32.769625,io2606,2026-06-22 00:00:00,12,P,io2606P4000,4000.0,0.6,0.8,0.8,1,8,1212,0.7,True,2026-06-10
2026-06-10 23:06:32.769625,io2606,2026-06-22 00:00:00,12,C,io2606C4050,4050.0,661.4,678.2,669.2,1,1,113,669.8,True,2026-06-10
2026-06-10 23:06:32.769625,io2606,2026-06-22 00:00:00,12,P,io2606P4050,4050.0,0.4,0.6,0.6,23,1,135,0.5,True,2026-06-10
2026-06-10 23:06:32.769625,io2606,2026-06-22 00:00:00,12,C,io2606C4100,4100.0,612.0,628.2,614.6,1,1,143,620.1,True,2026-06-10
2026-06-10 23:06:32.769625,io2606,2026-06-22 00:00:00,12,P,io2606P4100,4100.0,0.6,0.8,0.6,8,4,415,0.7,True,2026-06-10
2026-06-10 23:06:32.769625,io2606,2026-06-22 00:00:00,12,C,io2606C4150,4150.0,562.4,578.0,561.0,1,1,103,570.2,True,2026-06-10
2026-06-10 23:06:32.769625,io2606,2026-06-22 00:00:00,12,P,io2606P4150,4150.0,0.6,1.0,1.0,44,10,195,0.8,True,2026-06-10
2026-06-10 23:06:32.769625,io2606,2026-06-22 00:00:00,12,C,io2606C4200,4200.0,517.4,528.0,504.8,1,1,159,522.7,True,2026-06-10
2026-06-10 23:06:32.769625,io2606,2026-06-22 00:00:00,12,P,io2606P4200,4200.0,1.2,1.4,1.4,1,17,1142,1.2999999999999998,True,2026-06-10
2026-06-10 23:06:32.769625,io2606,2026-06-22 00:00:00,12,C,io2606C4250,4250.0,468.2,476.6,452.2,1,1,77,472.4,True,2026-06-10
2026-06-10 23:06:32.769625,io2606,2026-06-22 00:00:00,12,P,io2606P4250,4250.0,1.4,1.6,1.4,18,8,389,1.5,True,2026-06-10
2026-06-10 23:06:32.769625,io2606,2026-06-22 00:00:00,12,C,io2606C4300,4300.0,418.6,427.0,418.8,1,1,280,422.8,True,2026-06-10
2026-06-10 23:06:32.769625,io2606,2026-06-22 00:00:00,12,P,io2606P4300,4300.0,1.8,2.0,2.0,2,7,1148,1.9,True,2026-06-10
2026-06-10 23:06:32.769625,io2606,2026-06-22 00:00:00,12,C,io2606C4350,4350.0,369.2,378.0,358.8,1,1,93,373.6,True,2026-06-10
2026-06-10 23:06:32.769625,io2606,2026-06-22 00:00:00,12,P,io2606P4350,4350.0,2.4,2.6,2.4,1,12,1240,2.5,True,2026-06-10
2026-06-10 23:06:32.769625,io2606,2026-06-22 00:00:00,12,C,io2606C4400,4400.0,320.4,329.2,322.0,1,1,625,324.79999999999995,True,2026-06-10
2026-06-10 23:06:32.769625,io2606,2026-06-22 00:00:00,12,P,io2606P4400,4400.0,4.0,4.2,4.2,3,1,2507,4.1,True,2026-06-10
2026-06-10 23:06:32.769625,io2606,2026-06-22 00:00:00,12,C,io2606C4450,4450.0,272.2,280.8,275.6,1,1,277,276.5,True,2026-06-10
2026-06-10 23:06:32.769625,io2606,2026-06-22 00:00:00,12,P,io2606P4450,4450.0,6.0,6.2,6.0,6,9,1888,6.1,True,2026-06-10
2026-06-10 23:06:32.769625,io2606,2026-06-22 00:00:00,12,C,io2606C4500,4500.0,228.4,228.8,228.8,1,1,1090,228.6,True,2026-06-10
2026-06-10 23:06:32.769625,io2606,2026-06-22 00:00:00,12,P,io2606P4500,4500.0,9.6,9.8,9.8,12,7,4457,9.7,True,2026-06-10
2026-06-10 23:06:32.769625,io2606,2026-06-22 00:00:00,12,C,io2606C4550,4550.0,183.2,186.8,182.6,1,1,416,185.0,True,2026-06-10
2026-06-10 23:06:32.769625,io2606,2026-06-22 00:00:00,12,P,io2606P4550,4550.0,14.2,14.4,14.4,3,3,2081,14.3,True,2026-06-10
2026-06-10 23:06:32.769625,io2606,2026-06-22 00:00:00,12,C,io2606C4600,4600.0,141.8,142.6,140.8,1,1,2236,142.2,True,2026-06-10
2026-06-10 23:06:32.769625,io2606,2026-06-22 00:00:00,12,P,io2606P4600,4600.0,21.0,22.0,21.4,4,24,3613,21.5,True,2026-06-10
2026-06-10 23:06:32.769625,io2606,2026-06-22 00:00:00,12,C,io2606C4650,4650.0,102.8,103.0,103.0,2,10,1315,102.9,True,2026-06-10
2026-06-10 23:06:32.769625,io2606,2026-06-22 00:00:00,12,P,io2606P4650,4650.0,33.0,33.8,33.8,3,3,2485,33.4,True,2026-06-10
2026-06-10 23:06:32.769625,io2606,2026-06-22 00:00:00,12,C,io2606C4700,4700.0,70.8,71.0,71.0,1,4,4471,70.9,True,2026-06-10
2026-06-10 23:06:32.769625,io2606,2026-06-22 00:00:00,12,P,io2606P4700,4700.0,51.0,51.2,51.0,2,2,5079,51.1,True,2026-06-10
2026-06-10 23:06:32.769625,io2606,2026-06-22 00:00:00,12,C,io2606C4750,4750.0,45.0,45.6,45.2,5,12,3647,45.3,True,2026-06-10
2026-06-10 23:06:32.769625,io2606,2026-06-22 00:00:00,12,P,io2606P4750,4750.0,73.8,75.0,74.0,4,2,2693,74.4,True,2026-06-10
2026-06-10 23:06:32.769625,io2606,2026-06-22 00:00:00,12,C,io2606C4800,4800.0,27.0,27.4,27.0,15,14,6456,27.2,True,2026-06-10
2026-06-10 23:06:32.769625,io2606,2026-06-22 00:00:00,12,P,io2606P4800,4800.0,108.0,108.6,108.0,4,2,3034,108.3,True,2026-06-10
2026-06-10 23:06:32.769625,io2606,2026-06-22 00:00:00,12,C,io2606C4850,4850.0,15.8,16.0,15.8,3,5,4228,15.9,True,2026-06-10
2026-06-10 23:06:32.769625,io2606,2026-06-22 00:00:00,12,P,io2606P4850,4850.0,143.0,146.2,146.0,1,1,3314,144.6,True,2026-06-10
2026-06-10 23:06:32.769625,io2606,2026-06-22 00:00:00,12,C,io2606C4900,4900.0,9.0,9.2,9.2,8,5,7748,9.1,True,2026-06-10
2026-06-10 23:06:32.769625,io2606,2026-06-22 00:00:00,12,P,io2606P4900,4900.0,186.8,190.2,189.0,1,1,2735,188.5,True,2026-06-10
2026-06-10 23:06:32.769625,io2606,2026-06-22 00:00:00,12,C,io2606C4950,4950.0,5.4,5.6,5.6,12,28,4316,5.5,True,2026-06-10
2026-06-10 23:06:32.769625,io2606,2026-06-22 00:00:00,12,P,io2606P4950,4950.0,233.0,236.4,238.8,2,1,1531,234.7,True,2026-06-10
2026-06-10 23:06:32.769625,io2606,2026-06-22 00:00:00,12,C,io2606C5000,5000.0,3.6,3.8,3.6,2,10,11008,3.7,True,2026-06-10
2026-06-10 23:06:32.769625,io2606,2026-06-22 00:00:00,12,P,io2606P5000,5000.0,278.6,287.4,282.0,1,1,1304,283.0,True,2026-06-10
2026-06-10 23:06:32.769625,io2606,2026-06-22 00:00:00,12,C,io2606C5100,5100.0,1.4,1.6,1.6,7,13,4626,1.5,True,2026-06-10
2026-06-10 23:06:32.769625,io2606,2026-06-22 00:00:00,12,P,io2606P5100,5100.0,375.8,385.4,383.6,1,1,518,380.6,True,2026-06-10
2026-06-10 23:06:32.769625,io2606,2026-06-22 00:00:00,12,C,io2606C5200,5200.0,1.4,1.6,1.4,15,6,4633,1.5,True,2026-06-10
2026-06-10 23:06:32.769625,io2606,2026-06-22 00:00:00,12,P,io2606P5200,5200.0,475.6,484.6,489.8,2,1,515,480.1,True,2026-06-10
2026-06-10 23:06:32.769625,io2606,2026-06-22 00:00:00,12,C,io2606C5300,5300.0,1.0,1.2,1.0,38,23,1739,1.1,True,2026-06-10
2026-06-10 23:06:32.769625,io2606,2026-06-22 00:00:00,12,P,io2606P5300,5300.0,572.8,588.6,608.0,1,1,84,580.7,True,2026-06-10
2026-06-10 23:06:32.769625,io2606,2026-06-22 00:00:00,12,C,io2606C5400,5400.0,1.0,1.2,1.2,38,25,5604,1.1,True,2026-06-10
2026-06-10 23:06:32.769625,io2606,2026-06-22 00:00:00,12,P,io2606P5400,5400.0,672.2,689.2,693.4,1,1,469,680.7,True,2026-06-10
2026-06-10 23:06:32.769625,io2606,2026-06-22 00:00:00,12,C,io2606C5500,5500.0,0.8,1.0,0.8,2,15,2081,0.9,True,2026-06-10
2026-06-10 23:06:32.769625,io2606,2026-06-22 00:00:00,12,P,io2606P5500,5500.0,771.2,789.4,785.6,1,1,148,780.3,True,2026-06-10
2026-06-10 23:06:32.769625,io2607,2026-07-17 00:00:00,37,C,io2607C4200,4200.0,485.8,499.8,480.0,1,1,13,492.8,True,2026-06-10
2026-06-10 23:06:32.769625,io2607,2026-07-17 00:00:00,37,P,io2607P4200,4200.0,10.4,10.8,10.8,2,3,277,10.6,True,2026-06-10
2026-06-10 23:06:32.769625,io2607,2026-07-17 00:00:00,37,C,io2607C4250,4250.0,438.4,453.2,422.0,1,2,60,445.8,True,2026-06-10
2026-06-10 23:06:32.769625,io2607,2026-07-17 00:00:00,37,P,io2607P4250,4250.0,12.6,14.0,13.2,9,1,1098,13.3,True,2026-06-10
2026-06-10 23:06:32.769625,io2607,2026-07-17 00:00:00,37,C,io2607C4300,4300.0,392.0,406.4,364.0,1,1,54,399.2,True,2026-06-10
2026-06-10 23:06:32.769625,io2607,2026-07-17 00:00:00,37,P,io2607P4300,4300.0,16.8,17.8,17.0,1,1,673,17.3,True,2026-06-10
2026-06-10 23:06:32.769625,io2607,2026-07-17 00:00:00,37,C,io2607C4350,4350.0,347.4,361.4,339.4,1,1,43,354.4,True,2026-06-10
2026-06-10 23:06:32.769625,io2607,2026-07-17 00:00:00,37,P,io2607P4350,4350.0,21.4,22.8,23.0,1,1,685,22.1,True,2026-06-10
2026-06-10 23:06:32.769625,io2607,2026-07-17 00:00:00,37,C,io2607C4400,4400.0,303.6,317.4,296.6,1,1,105,310.5,True,2026-06-10
2026-06-10 23:06:32.769625,io2607,2026-07-17 00:00:00,37,P,io2607P4400,4400.0,29.0,29.4,29.4,2,1,1325,29.2,True,2026-06-10
2026-06-10 23:06:32.769625,io2607,2026-07-17 00:00:00,37,C,io2607C4450,4450.0,262.4,275.4,263.0,1,1,69,268.9,True,2026-06-10
2026-06-10 23:06:32.769625,io2607,2026-07-17 00:00:00,37,P,io2607P4450,4450.0,35.8,37.4,38.2,3,1,1091,36.6,True,2026-06-10
2026-06-10 23:06:32.769625,io2607,2026-07-17 00:00:00,37,C,io2607C4500,4500.0,226.2,234.0,228.0,1,1,175,230.1,True,2026-06-10
2026-06-10 23:06:32.769625,io2607,2026-07-17 00:00:00,37,P,io2607P4500,4500.0,46.0,47.8,47.8,4,20,1541,46.9,True,2026-06-10
2026-06-10 23:06:32.769625,io2607,2026-07-17 00:00:00,37,C,io2607C4550,4550.0,189.2,197.2,191.4,1,1,130,193.2,True,2026-06-10
2026-06-10 23:06:32.769625,io2607,2026-07-17 00:00:00,37,P,io2607P4550,4550.0,60.0,62.2,60.8,1,1,916,61.1,True,2026-06-10
2026-06-10 23:06:32.769625,io2607,2026-07-17 00:00:00,37,C,io2607C4600,4600.0,156.0,158.0,157.0,1,1,503,157.0,True,2026-06-10
2026-06-10 23:06:32.769625,io2607,2026-07-17 00:00:00,37,P,io2607P4600,4600.0,77.4,79.0,79.8,16,1,859,78.2,True,2026-06-10
2026-06-10 23:06:32.769625,io2607,2026-07-17 00:00:00,37,C,io2607C4650,4650.0,126.2,134.2,126.2,1,1,370,130.2,True,2026-06-10
2026-06-10 23:06:32.769625,io2607,2026-07-17 00:00:00,37,P,io2607P4650,4650.0,95.4,99.2,100.0,1,1,777,97.3,True,2026-06-10
2026-06-10 23:06:32.769625,io2607,2026-07-17 00:00:00,37,C,io2607C4700,4700.0,101.6,104.0,103.8,1,1,1372,102.8,True,2026-06-10
2026-06-10 23:06:32.769625,io2607,2026-07-17 00:00:00,37,P,io2607P4700,4700.0,124.4,124.6,121.6,1,1,1344,124.5,True,2026-06-10
2026-06-10 23:06:32.769625,io2607,2026-07-17 00:00:00,37,C,io2607C4750,4750.0,80.6,84.0,82.4,1,1,741,82.3,True,2026-06-10
2026-06-10 23:06:32.769625,io2607,2026-07-17 00:00:00,37,P,io2607P4750,4750.0,149.0,156.4,153.2,2,1,1082,152.7,True,2026-06-10
2026-06-10 23:06:32.769625,io2607,2026-07-17 00:00:00,37,C,io2607C4800,4800.0,62.6,64.8,64.2,1,2,1565,63.7,True,2026-06-10
2026-06-10 23:06:32.769625,io2607,2026-07-17 00:00:00,37,P,io2607P4800,4800.0,181.2,188.6,185.8,1,1,1013,184.9,True,2026-06-10
2026-06-10 23:06:32.769625,io2607,2026-07-17 00:00:00,37,C,io2607C4850,4850.0,50.0,52.2,50.6,2,2,843,51.1,True,2026-06-10
2026-06-10 23:06:32.769625,io2607,2026-07-17 00:00:00,37,P,io2607P4850,4850.0,213.4,220.8,221.8,1,1,664,217.1,True,2026-06-10
2026-06-10 23:06:32.769625,io2607,2026-07-17 00:00:00,37,C,io2607C4900,4900.0,38.4,39.0,39.0,1,1,3607,38.7,True,2026-06-10
2026-06-10 23:06:32.769625,io2607,2026-07-17 00:00:00,37,P,io2607P4900,4900.0,252.4,262.8,258.2,1,1,588,257.6,True,2026-06-10
2026-06-10 23:06:32.769625,io2607,2026-07-17 00:00:00,37,C,io2607C4950,4950.0,30.2,31.2,30.6,1,1,5981,30.7,True,2026-06-10
2026-06-10 23:06:32.769625,io2607,2026-07-17 00:00:00,37,P,io2607P4950,4950.0,296.2,304.6,301.8,1,1,654,300.4,True,2026-06-10
2026-06-10 23:06:32.769625,io2607,2026-07-17 00:00:00,37,C,io2607C5000,5000.0,24.0,24.2,23.4,2,1,3170,24.1,True,2026-06-10
2026-06-10 23:06:32.769625,io2607,2026-07-17 00:00:00,37,P,io2607P5000,5000.0,333.6,347.2,342.4,1,1,219,340.4,True,2026-06-10
2026-06-10 23:06:32.769625,io2607,2026-07-17 00:00:00,37,C,io2607C5100,5100.0,14.6,15.0,14.0,1,1,2878,14.8,True,2026-06-10
2026-06-10 23:06:32.769625,io2607,2026-07-17 00:00:00,37,P,io2607P5100,5100.0,423.8,437.8,429.4,1,1,156,430.8,True,2026-06-10
2026-06-10 23:06:32.769625,io2607,2026-07-17 00:00:00,37,C,io2607C5200,5200.0,10.0,10.2,10.0,1,10,1970,10.1,True,2026-06-10
2026-06-10 23:06:32.769625,io2607,2026-07-17 00:00:00,37,P,io2607P5200,5200.0,517.4,536.8,561.4,1,1,111,527.0999999999999,True,2026-06-10
2026-06-10 23:06:32.769625,io2607,2026-07-17 00:00:00,37,C,io2607C5300,5300.0,6.6,7.0,7.0,2,2,649,6.8,True,2026-06-10
2026-06-10 23:06:32.769625,io2607,2026-07-17 00:00:00,37,P,io2607P5300,5300.0,613.8,635.6,657.0,1,1,97,624.7,True,2026-06-10
2026-06-10 23:06:32.769625,io2607,2026-07-17 00:00:00,37,C,io2607C5400,5400.0,4.4,5.0,4.6,8,1,446,4.7,True,2026-06-10
2026-06-10 23:06:32.769625,io2607,2026-07-17 00:00:00,37,P,io2607P5400,5400.0,711.0,734.0,754.8,1,1,64,722.5,True,2026-06-10
2026-06-10 23:06:32.769625,io2607,2026-07-17 00:00:00,37,C,io2607C5500,5500.0,3.2,3.6,3.8,8,3,1082,3.4000000000000004,True,2026-06-10
2026-06-10 23:06:32.769625,io2607,2026-07-17 00:00:00,37,P,io2607P5500,5500.0,809.0,832.8,837.0,1,1,107,820.9,True,2026-06-10
2026-06-10 23:06:32.769625,io2609,2026-09-18 00:00:00,100,C,io2609C3900,3900.0,734.6,749.0,750.0,1,1,155,741.8,True,2026-06-10
2026-06-10 23:06:32.769625,io2609,2026-09-18 00:00:00,100,P,io2609P3900,3900.0,21.8,22.8,21.6,1,1,527,22.3,True,2026-06-10
2026-06-10 23:06:32.769625,io2609,2026-09-18 00:00:00,100,C,io2609C4000,4000.0,644.0,666.4,660.0,1,1,312,655.2,True,2026-06-10
2026-06-10 23:06:32.769625,io2609,2026-09-18 00:00:00,100,P,io2609P4000,4000.0,28.8,30.0,30.8,2,2,1272,29.4,True,2026-06-10
2026-06-10 23:06:32.769625,io2609,2026-09-18 00:00:00,100,C,io2609C4100,4100.0,579.8,601.2,589.0,1,1,158,590.5,True,2026-06-10
2026-06-10 23:06:32.769625,io2609,2026-09-18 00:00:00,100,P,io2609P4100,4100.0,39.8,41.2,42.0,1,1,1020,40.5,True,2026-06-10
2026-06-10 23:06:32.769625,io2609,2026-09-18 00:00:00,100,C,io2609C4200,4200.0,471.6,490.8,477.2,1,1,376,481.2000000000001,True,2026-06-10
2026-06-10 23:06:32.769625,io2609,2026-09-18 00:00:00,100,P,io2609P4200,4200.0,52.8,55.4,55.6,1,1,771,54.1,True,2026-06-10
2026-06-10 23:06:32.769625,io2609,2026-09-18 00:00:00,100,C,io2609C4300,4300.0,391.4,408.8,401.6,1,1,232,400.1,True,2026-06-10
2026-06-10 23:06:32.769625,io2609,2026-09-18 00:00:00,100,P,io2609P4300,4300.0,70.6,76.6,74.0,1,2,851,73.6,True,2026-06-10
2026-06-10 23:06:32.769625,io2609,2026-09-18 00:00:00,100,C,io2609C4400,4400.0,317.8,334.8,325.2,1,1,558,326.3,True,2026-06-10
2026-06-10 23:06:32.769625,io2609,2026-09-18 00:00:00,100,P,io2609P4400,4400.0,100.0,102.4,100.4,1,2,965,101.2,True,2026-06-10
2026-06-10 23:06:32.769625,io2609,2026-09-18 00:00:00,100,C,io2609C4500,4500.0,256.4,263.8,262.6,1,1,1745,260.1,True,2026-06-10
2026-06-10 23:06:32.769625,io2609,2026-09-18 00:00:00,100,P,io2609P4500,4500.0,127.2,139.4,133.0,1,3,1099,133.3,True,2026-06-10
2026-06-10 23:06:32.769625,io2609,2026-09-18 00:00:00,100,C,io2609C4600,4600.0,199.6,210.8,203.2,1,1,1186,205.2,True,2026-06-10
2026-06-10 23:06:32.769625,io2609,2026-09-18 00:00:00,100,P,io2609P4600,4600.0,170.2,176.0,177.4,2,1,723,173.1,True,2026-06-10
2026-06-10 23:06:32.769625,io2609,2026-09-18 00:00:00,100,C,io2609C4700,4700.0,153.6,163.8,158.2,2,2,3050,158.7,True,2026-06-10
2026-06-10 23:06:32.769625,io2609,2026-09-18 00:00:00,100,P,io2609P4700,4700.0,223.0,233.4,231.0,1,1,700,228.2,True,2026-06-10
2026-06-10 23:06:32.769625,io2609,2026-09-18 00:00:00,100,C,io2609C4800,4800.0,114.2,125.8,119.2,1,1,1589,120.0,True,2026-06-10
2026-06-10 23:06:32.769625,io2609,2026-09-18 00:00:00,100,P,io2609P4800,4800.0,281.6,297.8,293.0,1,1,909,289.70000000000005,True,2026-06-10
2026-06-10 23:06:32.769625,io2609,2026-09-18 00:00:00,100,C,io2609C4900,4900.0,90.0,93.6,92.4,15,2,1236,91.8,True,2026-06-10
2026-06-10 23:06:32.769625,io2609,2026-09-18 00:00:00,100,P,io2609P4900,4900.0,352.0,369.8,364.0,1,1,594,360.9,True,2026-06-10
2026-06-10 23:06:32.769625,io2609,2026-09-18 00:00:00,100,C,io2609C5000,5000.0,66.2,72.4,69.0,2,2,2235,69.30000000000001,True,2026-06-10
2026-06-10 23:06:32.769625,io2609,2026-09-18 00:00:00,100,P,io2609P5000,5000.0,429.4,448.0,443.6,1,1,474,438.7,True,2026-06-10
2026-06-10 23:06:32.769625,io2609,2026-09-18 00:00:00,100,C,io2609C5200,5200.0,39.2,41.0,39.2,4,1,3630,40.1,True,2026-06-10
2026-06-10 23:06:32.769625,io2609,2026-09-18 00:00:00,100,P,io2609P5200,5200.0,597.8,619.2,612.4,1,1,231,608.5,True,2026-06-10
2026-06-10 23:06:32.769625,io2609,2026-09-18 00:00:00,100,C,io2609C5400,5400.0,25.0,26.6,25.0,53,1,4616,25.8,True,2026-06-10
2026-06-10 23:06:32.769625,io2609,2026-09-18 00:00:00,100,P,io2609P5400,5400.0,780.4,804.2,812.8,1,1,439,792.3,True,2026-06-10
2026-06-10 23:06:32.769625,io2609,2026-09-18 00:00:00,100,C,io2609C5600,5600.0,16.4,17.0,16.6,2,1,1050,16.7,True,2026-06-10
2026-06-10 23:06:32.769625,io2609,2026-09-18 00:00:00,100,P,io2609P5600,5600.0,969.2,994.8,986.4,1,1,189,982.0,True,2026-06-10
2026-06-10 23:06:32.769625,io2608,2026-08-21 00:00:00,72,C,io2608C4200,4200.0,489.0,503.0,460.4,1,1,9,496.0,True,2026-06-10
2026-06-10 23:06:32.769625,io2608,2026-08-21 00:00:00,72,P,io2608P4200,4200.0,37.8,40.4,38.6,1,5,36,39.1,True,2026-06-10
2026-06-10 23:06:32.769625,io2608,2026-08-21 00:00:00,72,C,io2608C4250,4250.0,444.4,459.4,418.0,1,1,9,451.9,True,2026-06-10
2026-06-10 23:06:32.769625,io2608,2026-08-21 00:00:00,72,P,io2608P4250,4250.0,44.0,45.8,46.2,5,1,219,44.9,True,2026-06-10
2026-06-10 23:06:32.769625,io2608,2026-08-21 00:00:00,72,C,io2608C4300,4300.0,401.6,416.6,377.0,1,1,45,409.1,True,2026-06-10
2026-06-10 23:06:32.769625,io2608,2026-08-21 00:00:00,72,P,io2608P4300,4300.0,51.2,53.2,56.8,2,1,1234,52.2,True,2026-06-10
2026-06-10 23:06:32.769625,io2608,2026-08-21 00:00:00,72,C,io2608C4350,4350.0,360.0,375.0,366.6,1,1,79,367.5,True,2026-06-10
2026-06-10 23:06:32.769625,io2608,2026-08-21 00:00:00,72,P,io2608P4350,4350.0,57.6,61.6,61.2,1,1,1483,59.6,True,2026-06-10
2026-06-10 23:06:32.769625,io2608,2026-08-21 00:00:00,72,C,io2608C4400,4400.0,320.0,335.0,325.0,1,1,36,327.5,True,2026-06-10
2026-06-10 23:06:32.769625,io2608,2026-08-21 00:00:00,72,P,io2608P4400,4400.0,67.4,71.4,71.0,2,1,256,69.4,True,2026-06-10
2026-06-10 23:06:32.769625,io2608,2026-08-21 00:00:00,72,C,io2608C4450,4450.0,282.2,297.2,285.0,1,1,35,289.7,True,2026-06-10
2026-06-10 23:06:32.769625,io2608,2026-08-21 00:00:00,72,P,io2608P4450,4450.0,79.2,83.2,84.8,1,1,94,81.2,True,2026-06-10
2026-06-10 23:06:32.769625,io2608,2026-08-21 00:00:00,72,C,io2608C4500,4500.0,250.0,258.4,255.6,2,1,36,254.2,True,2026-06-10
2026-06-10 23:06:32.769625,io2608,2026-08-21 00:00:00,72,P,io2608P4500,4500.0,93.2,97.4,96.2,1,1,140,95.3,True,2026-06-10
2026-06-10 23:06:32.769625,io2608,2026-08-21 00:00:00,72,C,io2608C4550,4550.0,217.0,225.0,218.8,1,1,28,221.0,True,2026-06-10
2026-06-10 23:06:32.769625,io2608,2026-08-21 00:00:00,72,P,io2608P4550,4550.0,108.0,115.2,116.8,1,1,137,111.6,True,2026-06-10
2026-06-10 23:06:32.769625,io2608,2026-08-21 00:00:00,72,C,io2608C4600,4600.0,186.4,194.2,188.4,1,1,38,190.3,True,2026-06-10
2026-06-10 23:06:32.769625,io2608,2026-08-21 00:00:00,72,P,io2608P4600,4600.0,127.0,135.0,148.4,1,1,78,131.0,True,2026-06-10
2026-06-10 23:06:32.769625,io2608,2026-08-21 00:00:00,72,C,io2608C4650,4650.0,158.8,166.8,160.8,1,1,35,162.8,True,2026-06-10
2026-06-10 23:06:32.769625,io2608,2026-08-21 00:00:00,72,P,io2608P4650,4650.0,149.4,157.4,165.2,1,1,78,153.4,True,2026-06-10
2026-06-10 23:06:32.769625,io2608,2026-08-21 00:00:00,72,C,io2608C4700,4700.0,134.2,141.0,138.8,1,1,46,137.6,True,2026-06-10
2026-06-10 23:06:32.769625,io2608,2026-08-21 00:00:00,72,P,io2608P4700,4700.0,174.6,182.6,183.0,1,1,115,178.6,True,2026-06-10
2026-06-10 23:06:32.769625,io2608,2026-08-21 00:00:00,72,C,io2608C4750,4750.0,112.8,117.0,111.4,1,1,41,114.9,True,2026-06-10
2026-06-10 23:06:32.769625,io2608,2026-08-21 00:00:00,72,P,io2608P4750,4750.0,202.8,210.8,239.0,1,1,64,206.8,True,2026-06-10
2026-06-10 23:06:32.769625,io2608,2026-08-21 00:00:00,72,C,io2608C4800,4800.0,95.6,98.6,94.8,1,1,101,97.1,True,2026-06-10
2026-06-10 23:06:32.769625,io2608,2026-08-21 00:00:00,72,P,io2608P4800,4800.0,233.8,241.8,243.0,1,1,77,237.8,True,2026-06-10
2026-06-10 23:06:32.769625,io2608,2026-08-21 00:00:00,72,C,io2608C4850,4850.0,79.6,83.0,82.8,1,1,167,81.3,True,2026-06-10
2026-06-10 23:06:32.769625,io2608,2026-08-21 00:00:00,72,P,io2608P4850,4850.0,264.2,277.8,288.0,1,1,59,271.0,True,2026-06-10
2026-06-10 23:06:32.769625,io2608,2026-08-21 00:00:00,72,C,io2608C4900,4900.0,66.0,70.8,66.0,1,1,377,68.4,True,2026-06-10
2026-06-10 23:06:32.769625,io2608,2026-08-21 00:00:00,72,P,io2608P4900,4900.0,300.4,315.4,325.2,1,1,85,307.9,True,2026-06-10
2026-06-10 23:06:32.769625,io2608,2026-08-21 00:00:00,72,C,io2608C4950,4950.0,55.4,59.0,55.0,1,1,102,57.2,True,2026-06-10
2026-06-10 23:06:32.769625,io2608,2026-08-21 00:00:00,72,P,io2608P4950,4950.0,338.8,353.8,374.2,1,1,29,346.3,True,2026-06-10
2026-06-10 23:06:32.769625,io2608,2026-08-21 00:00:00,72,C,io2608C5000,5000.0,48.4,49.0,48.2,1,2,319,48.7,True,2026-06-10
2026-06-10 23:06:32.769625,io2608,2026-08-21 00:00:00,72,P,io2608P5000,5000.0,379.2,394.2,428.2,2,1,52,386.7,True,2026-06-10
2026-06-10 23:06:32.769625,io2608,2026-08-21 00:00:00,72,C,io2608C5100,5100.0,33.2,35.2,32.8,1,2,290,34.2,True,2026-06-10
2026-06-10 23:06:32.769625,io2608,2026-08-21 00:00:00,72,P,io2608P5100,5100.0,464.8,479.6,502.0,1,1,47,472.2000000000001,True,2026-06-10
2026-06-10 23:06:32.769625,io2608,2026-08-21 00:00:00,72,C,io2608C5200,5200.0,24.6,26.0,24.2,1,2,431,25.3,True,2026-06-10
2026-06-10 23:06:32.769625,io2608,2026-08-21 00:00:00,72,P,io2608P5200,5200.0,547.4,577.4,597.4,1,1,18,562.4,True,2026-06-10
2026-06-10 23:06:32.769625,io2608,2026-08-21 00:00:00,72,C,io2608C5300,5300.0,18.2,19.0,17.8,2,2,146,18.6,True,2026-06-10
2026-06-10 23:06:32.769625,io2608,2026-08-21 00:00:00,72,P,io2608P5300,5300.0,641.0,671.0,684.2,1,1,64,656.0,True,2026-06-10
2026-06-10 23:06:32.769625,io2608,2026-08-21 00:00:00,72,C,io2608C5400,5400.0,14.2,14.8,14.4,1,2,116,14.5,True,2026-06-10
2026-06-10 23:06:32.769625,io2608,2026-08-21 00:00:00,72,P,io2608P5400,5400.0,736.6,766.6,780.4,1,1,53,751.6,True,2026-06-10
2026-06-10 23:06:32.769625,io2608,2026-08-21 00:00:00,72,C,io2608C5500,5500.0,11.0,11.4,11.2,1,1,152,11.2,True,2026-06-10
2026-06-10 23:06:32.769625,io2608,2026-08-21 00:00:00,72,P,io2608P5500,5500.0,832.8,862.8,883.0,1,1,24,847.8,True,2026-06-10
2026-06-10 23:06:32.769625,io2612,2026-12-18 00:00:00,191,C,io2612C3900,3900.0,694.0,733.0,717.2,1,1,200,713.5,True,2026-06-10
2026-06-10 23:06:32.769625,io2612,2026-12-18 00:00:00,191,P,io2612P3900,3900.0,50.6,53.4,52.4,1,1,875,52.0,True,2026-06-10
2026-06-10 23:06:32.769625,io2612,2026-12-18 00:00:00,191,C,io2612C4000,4000.0,609.6,650.4,616.6,1,1,148,630.0,True,2026-06-10
2026-06-10 23:06:32.769625,io2612,2026-12-18 00:00:00,191,P,io2612P4000,4000.0,64.4,69.8,67.4,1,1,335,67.1,True,2026-06-10
2026-06-10 23:06:32.769625,io2612,2026-12-18 00:00:00,191,C,io2612C4100,4100.0,529.2,570.4,520.8,1,1,234,549.8,True,2026-06-10
2026-06-10 23:06:32.769625,io2612,2026-12-18 00:00:00,191,P,io2612P4100,4100.0,82.8,88.4,90.8,2,1,1123,85.6,True,2026-06-10
2026-06-10 23:06:32.769625,io2612,2026-12-18 00:00:00,191,C,io2612C4200,4200.0,464.8,483.4,464.8,1,1,139,474.1,True,2026-06-10
2026-06-10 23:06:32.769625,io2612,2026-12-18 00:00:00,191,P,io2612P4200,4200.0,104.6,111.8,115.2,4,1,616,108.2,True,2026-06-10
2026-06-10 23:06:32.769625,io2612,2026-12-18 00:00:00,191,C,io2612C4300,4300.0,395.0,413.4,395.8,1,1,217,404.2,True,2026-06-10
2026-06-10 23:06:32.769625,io2612,2026-12-18 00:00:00,191,P,io2612P4300,4300.0,133.6,143.8,141.8,2,2,710,138.7,True,2026-06-10
2026-06-10 23:06:32.769625,io2612,2026-12-18 00:00:00,191,C,io2612C4400,4400.0,331.6,349.8,346.0,1,1,371,340.70000000000005,True,2026-06-10
2026-06-10 23:06:32.769625,io2612,2026-12-18 00:00:00,191,P,io2612P4400,4400.0,173.2,179.4,176.4,2,1,889,176.3,True,2026-06-10
2026-06-10 23:06:32.769625,io2612,2026-12-18 00:00:00,191,C,io2612C4500,4500.0,275.2,294.8,280.0,1,1,1085,285.0,True,2026-06-10
2026-06-10 23:06:32.769625,io2612,2026-12-18 00:00:00,191,P,io2612P4500,4500.0,216.6,221.8,218.4,1,1,963,219.2,True,2026-06-10
2026-06-10 23:06:32.769625,io2612,2026-12-18 00:00:00,191,C,io2612C4600,4600.0,230.6,241.4,232.2,1,1,995,236.0,True,2026-06-10
2026-06-10 23:06:32.769625,io2612,2026-12-18 00:00:00,191,P,io2612P4600,4600.0,265.2,271.0,271.0,1,1,727,268.1,True,2026-06-10
2026-06-10 23:06:32.769625,io2612,2026-12-18 00:00:00,191,C,io2612C4700,4700.0,189.2,199.2,194.2,1,1,883,194.2,True,2026-06-10
2026-06-10 23:06:32.769625,io2612,2026-12-18 00:00:00,191,P,io2612P4700,4700.0,324.0,333.0,324.6,1,1,598,328.5,True,2026-06-10
2026-06-10 23:06:32.769625,io2612,2026-12-18 00:00:00,191,C,io2612C4800,4800.0,155.2,166.0,164.8,2,1,675,160.6,True,2026-06-10
2026-06-10 23:06:32.769625,io2612,2026-12-18 00:00:00,191,P,io2612P4800,4800.0,379.0,398.2,394.8,2,1,468,388.6,True,2026-06-10
2026-06-10 23:06:32.769625,io2612,2026-12-18 00:00:00,191,C,io2612C4900,4900.0,128.6,139.6,133.0,1,1,558,134.1,True,2026-06-10
2026-06-10 23:06:32.769625,io2612,2026-12-18 00:00:00,191,P,io2612P4900,4900.0,451.4,470.0,474.0,1,1,184,460.7,True,2026-06-10
2026-06-10 23:06:32.769625,io2612,2026-12-18 00:00:00,191,C,io2612C5000,5000.0,108.8,115.8,112.2,2,1,545,112.3,True,2026-06-10
2026-06-10 23:06:32.769625,io2612,2026-12-18 00:00:00,191,P,io2612P5000,5000.0,524.6,547.2,540.4,1,1,208,535.9000000000001,True,2026-06-10
2026-06-10 23:06:32.769625,io2612,2026-12-18 00:00:00,191,C,io2612C5200,5200.0,78.0,82.2,79.2,7,1,758,80.1,True,2026-06-10
2026-06-10 23:06:32.769625,io2612,2026-12-18 00:00:00,191,P,io2612P5200,5200.0,683.4,723.8,705.2,1,1,264,703.5999999999999,True,2026-06-10
2026-06-10 23:06:32.769625,io2612,2026-12-18 00:00:00,191,C,io2612C5400,5400.0,58.0,60.8,58.2,2,1,1437,59.4,True,2026-06-10
2026-06-10 23:06:32.769625,io2612,2026-12-18 00:00:00,191,P,io2612P5400,5400.0,860.6,900.4,882.4,1,1,464,880.5,True,2026-06-10
2026-06-10 23:06:32.769625,io2612,2026-12-18 00:00:00,191,C,io2612C5600,5600.0,42.8,43.8,42.0,1,1,584,43.3,True,2026-06-10
2026-06-10 23:06:32.769625,io2612,2026-12-18 00:00:00,191,P,io2612P5600,5600.0,1042.2,1083.2,1056.2,1,1,129,1062.7,True,2026-06-10
2026-06-10 23:06:32.769625,io2703,2027-03-19 00:00:00,282,C,io2703C3900,3900.0,707.2,748.6,722.6,1,1,273,727.9000000000001,True,2026-06-10
2026-06-10 23:06:32.769625,io2703,2027-03-19 00:00:00,282,P,io2703P3900,3900.0,88.8,90.2,90.2,1,1,848,89.5,True,2026-06-10
2026-06-10 23:06:32.769625,io2703,2027-03-19 00:00:00,282,C,io2703C4000,4000.0,628.2,668.4,648.4,1,1,179,648.3,True,2026-06-10
2026-06-10 23:06:32.769625,io2703,2027-03-19 00:00:00,282,P,io2703P4000,4000.0,103.6,108.6,110.0,1,1,329,106.1,True,2026-06-10
2026-06-10 23:06:32.769625,io2703,2027-03-19 00:00:00,282,C,io2703C4100,4100.0,553.4,593.6,570.6,1,1,111,573.5,True,2026-06-10
2026-06-10 23:06:32.769625,io2703,2027-03-19 00:00:00,282,P,io2703P4100,4100.0,125.0,135.0,131.8,1,1,1009,130.0,True,2026-06-10
2026-06-10 23:06:32.769625,io2703,2027-03-19 00:00:00,282,C,io2703C4200,4200.0,500.0,512.0,501.2,2,1,117,506.0,True,2026-06-10
2026-06-10 23:06:32.769625,io2703,2027-03-19 00:00:00,282,P,io2703P4200,4200.0,151.4,163.0,160.6,2,1,296,157.2,True,2026-06-10
2026-06-10 23:06:32.769625,io2703,2027-03-19 00:00:00,282,C,io2703C4300,4300.0,429.8,447.0,436.4,1,1,113,438.4,True,2026-06-10
2026-06-10 23:06:32.769625,io2703,2027-03-19 00:00:00,282,P,io2703P4300,4300.0,186.0,196.8,195.8,1,1,135,191.4,True,2026-06-10
2026-06-10 23:06:32.769625,io2703,2027-03-19 00:00:00,282,C,io2703C4400,4400.0,370.8,388.8,378.4,2,1,241,379.8,True,2026-06-10
2026-06-10 23:06:32.769625,io2703,2027-03-19 00:00:00,282,P,io2703P4400,4400.0,226.8,236.6,232.0,1,1,356,231.7,True,2026-06-10
2026-06-10 23:06:32.769625,io2703,2027-03-19 00:00:00,282,C,io2703C4500,4500.0,318.8,336.4,325.6,1,1,269,327.6,True,2026-06-10
2026-06-10 23:06:32.769625,io2703,2027-03-19 00:00:00,282,P,io2703P4500,4500.0,268.8,287.0,282.0,1,1,199,277.9,True,2026-06-10
2026-06-10 23:06:32.769625,io2703,2027-03-19 00:00:00,282,C,io2703C4600,4600.0,271.8,290.2,282.4,1,1,155,281.0,True,2026-06-10
2026-06-10 23:06:32.769625,io2703,2027-03-19 00:00:00,282,P,io2703P4600,4600.0,319.8,339.0,334.0,1,1,185,329.4,True,2026-06-10
2026-06-10 23:06:32.769625,io2703,2027-03-19 00:00:00,282,C,io2703C4700,4700.0,235.4,245.2,247.2,1,2,156,240.3,True,2026-06-10
2026-06-10 23:06:32.769625,io2703,2027-03-19 00:00:00,282,P,io2703P4700,4700.0,377.0,397.0,391.2,1,1,109,387.0,True,2026-06-10
2026-06-10 23:06:32.769625,io2703,2027-03-19 00:00:00,282,C,io2703C4800,4800.0,201.2,210.2,209.0,1,1,192,205.7,True,2026-06-10
2026-06-10 23:06:32.769625,io2703,2027-03-19 00:00:00,282,P,io2703P4800,4800.0,441.0,460.2,456.0,1,1,176,450.6,True,2026-06-10
2026-06-10 23:06:32.769625,io2703,2027-03-19 00:00:00,282,C,io2703C4900,4900.0,170.6,180.6,170.0,1,1,125,175.6,True,2026-06-10
2026-06-10 23:06:32.769625,io2703,2027-03-19 00:00:00,282,P,io2703P4900,4900.0,509.0,528.2,517.4,1,1,199,518.6,True,2026-06-10
2026-06-10 23:06:32.769625,io2703,2027-03-19 00:00:00,282,C,io2703C5000,5000.0,146.8,156.4,152.4,1,1,210,151.60000000000002,True,2026-06-10
2026-06-10 23:06:32.769625,io2703,2027-03-19 00:00:00,282,P,io2703P5000,5000.0,572.4,612.6,596.0,1,1,113,592.5,True,2026-06-10
2026-06-10 23:06:32.769625,io2703,2027-03-19 00:00:00,282,C,io2703C5200,5200.0,111.0,115.6,113.0,1,1,333,113.3,True,2026-06-10
2026-06-10 23:06:32.769625,io2703,2027-03-19 00:00:00,282,P,io2703P5200,5200.0,731.8,770.0,776.2,1,1,172,750.9,True,2026-06-10
2026-06-10 23:06:32.769625,io2703,2027-03-19 00:00:00,282,C,io2703C5400,5400.0,81.8,86.0,85.0,2,1,224,83.9,True,2026-06-10
2026-06-10 23:06:32.769625,io2703,2027-03-19 00:00:00,282,P,io2703P5400,5400.0,900.8,938.8,926.4,1,1,177,919.8,True,2026-06-10
2026-06-10 23:06:32.769625,io2703,2027-03-19 00:00:00,282,C,io2703C5600,5600.0,63.4,65.6,65.0,1,1,489,64.5,True,2026-06-10
2026-06-10 23:06:32.769625,io2703,2027-03-19 00:00:00,282,P,io2703P5600,5600.0,1072.4,1117.4,1125.8,2,1,197,1094.9,True,2026-06-10
2026-06-11 21:54:22.810763,io2606,2026-06-22 00:00:00,11,C,io2606C3400,3400.0,1283.2,1308.4,1290.4,1,1,167,1295.8000000000002,True,2026-06-11
2026-06-11 21:54:22.810763,io2606,2026-06-22 00:00:00,11,P,io2606P3400,3400.0,0.2,0.4,0.4,69,1,1470,0.3,True,2026-06-11
2026-06-11 21:54:22.810763,io2606,2026-06-22 00:00:00,11,C,io2606C3500,3500.0,1207.8,1231.6,1216.6,1,1,153,1219.6999999999998,True,2026-06-11
2026-06-11 21:54:22.810763,io2606,2026-06-22 00:00:00,11,P,io2606P3500,3500.0,0.2,0.6,0.4,67,6,509,0.4,True,2026-06-11
2026-06-11 21:54:22.810763,io2606,2026-06-22 00:00:00,11,C,io2606C3600,3600.0,1084.8,1107.6,1082.4,1,1,161,1096.1999999999998,True,2026-06-11
2026-06-11 21:54:22.810763,io2606,2026-06-22 00:00:00,11,P,io2606P3600,3600.0,0.2,0.4,0.4,67,11,481,0.3,True,2026-06-11
2026-06-11 21:54:22.810763,io2606,2026-06-22 00:00:00,11,C,io2606C3700,3700.0,986.0,1006.0,977.8,1,1,191,996.0,True,2026-06-11
2026-06-11 21:54:22.810763,io2606,2026-06-22 00:00:00,11,P,io2606P3700,3700.0,0.2,0.4,0.4,67,11,325,0.3,True,2026-06-11
2026-06-11 21:54:22.810763,io2606,2026-06-22 00:00:00,11,C,io2606C3800,3800.0,885.8,906.2,876.8,1,2,145,896.0,True,2026-06-11
2026-06-11 21:54:22.810763,io2606,2026-06-22 00:00:00,11,P,io2606P3800,3800.0,0.2,0.4,0.4,64,17,833,0.3,True,2026-06-11
2026-06-11 21:54:22.810763,io2606,2026-06-22 00:00:00,11,C,io2606C3900,3900.0,787.2,805.8,785.8,1,1,153,796.5,True,2026-06-11
2026-06-11 21:54:22.810763,io2606,2026-06-22 00:00:00,11,P,io2606P3900,3900.0,0.2,0.4,0.4,59,1,359,0.3,True,2026-06-11
2026-06-11 21:54:22.810763,io2606,2026-06-22 00:00:00,11,C,io2606C3950,3950.0,737.8,756.0,727.0,1,1,119,746.9,True,2026-06-11
2026-06-11 21:54:22.810763,io2606,2026-06-22 00:00:00,11,P,io2606P3950,3950.0,0.4,0.6,0.4,1,8,225,0.5,True,2026-06-11
2026-06-11 21:54:22.810763,io2606,2026-06-22 00:00:00,11,C,io2606C4000,4000.0,687.6,705.2,690.6,1,1,142,696.4000000000001,True,2026-06-11
2026-06-11 21:54:22.810763,io2606,2026-06-22 00:00:00,11,P,io2606P4000,4000.0,0.4,0.6,0.6,17,3,1163,0.5,True,2026-06-11
2026-06-11 21:54:22.810763,io2606,2026-06-22 00:00:00,11,C,io2606C4050,4050.0,638.2,655.2,627.4,1,1,112,646.7,True,2026-06-11
2026-06-11 21:54:22.810763,io2606,2026-06-22 00:00:00,11,P,io2606P4050,4050.0,0.6,0.8,0.6,1,7,141,0.7,True,2026-06-11
2026-06-11 21:54:22.810763,io2606,2026-06-22 00:00:00,11,C,io2606C4100,4100.0,588.4,604.8,574.0,1,1,144,596.5999999999999,True,2026-06-11
2026-06-11 21:54:22.810763,io2606,2026-06-22 00:00:00,11,P,io2606P4100,4100.0,0.6,0.8,0.6,5,3,415,0.7,True,2026-06-11
2026-06-11 21:54:22.810763,io2606,2026-06-22 00:00:00,11,C,io2606C4150,4150.0,539.0,554.8,540.4,1,1,106,546.9,True,2026-06-11
2026-06-11 21:54:22.810763,io2606,2026-06-22 00:00:00,11,P,io2606P4150,4150.0,0.8,1.0,1.0,4,10,204,0.9,True,2026-06-11
2026-06-11 21:54:22.810763,io2606,2026-06-22 00:00:00,11,C,io2606C4200,4200.0,491.8,501.0,477.4,1,1,149,496.4,True,2026-06-11
2026-06-11 21:54:22.810763,io2606,2026-06-22 00:00:00,11,P,io2606P4200,4200.0,1.2,1.4,1.4,3,5,1154,1.2999999999999998,True,2026-06-11
2026-06-11 21:54:22.810763,io2606,2026-06-22 00:00:00,11,C,io2606C4250,4250.0,442.2,451.2,428.2,1,1,94,446.7,True,2026-06-11
2026-06-11 21:54:22.810763,io2606,2026-06-22 00:00:00,11,P,io2606P4250,4250.0,1.4,1.6,1.4,6,13,402,1.5,True,2026-06-11
2026-06-11 21:54:22.810763,io2606,2026-06-22 00:00:00,11,C,io2606C4300,4300.0,392.6,401.8,385.2,1,1,275,397.2000000000001,True,2026-06-11
2026-06-11 21:54:22.810763,io2606,2026-06-22 00:00:00,11,P,io2606P4300,4300.0,1.8,2.0,2.0,4,5,1165,1.9,True,2026-06-11
2026-06-11 21:54:22.810763,io2606,2026-06-22 00:00:00,11,C,io2606C4350,4350.0,343.2,352.4,330.0,1,1,86,347.79999999999995,True,2026-06-11
2026-06-11 21:54:22.810763,io2606,2026-06-22 00:00:00,11,P,io2606P4350,4350.0,2.4,2.6,2.6,4,5,1231,2.5,True,2026-06-11
2026-06-11 21:54:22.810763,io2606,2026-06-22 00:00:00,11,C,io2606C4400,4400.0,294.4,304.0,298.4,1,1,617,299.2,True,2026-06-11
2026-06-11 21:54:22.810763,io2606,2026-06-22 00:00:00,11,P,io2606P4400,4400.0,4.0,4.2,4.0,2,6,2438,4.1,True,2026-06-11
2026-06-11 21:54:22.810763,io2606,2026-06-22 00:00:00,11,C,io2606C4450,4450.0,250.0,253.2,245.0,2,2,293,251.6,True,2026-06-11
2026-06-11 21:54:22.810763,io2606,2026-06-22 00:00:00,11,P,io2606P4450,4450.0,6.0,6.2,6.0,8,1,2050,6.1,True,2026-06-11
2026-06-11 21:54:22.810763,io2606,2026-06-22 00:00:00,11,C,io2606C4500,4500.0,203.2,206.6,206.6,2,2,1084,204.9,True,2026-06-11
2026-06-11 21:54:22.810763,io2606,2026-06-22 00:00:00,11,P,io2606P4500,4500.0,9.4,9.6,9.4,5,1,4445,9.5,True,2026-06-11
2026-06-11 21:54:22.810763,io2606,2026-06-22 00:00:00,11,C,io2606C4550,4550.0,158.2,160.2,162.4,1,4,451,159.2,True,2026-06-11
2026-06-11 21:54:22.810763,io2606,2026-06-22 00:00:00,11,P,io2606P4550,4550.0,14.6,14.8,14.8,6,4,1978,14.7,True,2026-06-11
2026-06-11 21:54:22.810763,io2606,2026-06-22 00:00:00,11,C,io2606C4600,4600.0,119.0,120.0,119.6,1,1,2534,119.5,True,2026-06-11
2026-06-11 21:54:22.810763,io2606,2026-06-22 00:00:00,11,P,io2606P4600,4600.0,22.8,23.8,23.8,3,3,3684,23.3,True,2026-06-11
2026-06-11 21:54:22.810763,io2606,2026-06-22 00:00:00,11,C,io2606C4650,4650.0,82.2,82.4,82.4,2,1,1482,82.30000000000001,True,2026-06-11
2026-06-11 21:54:22.810763,io2606,2026-06-22 00:00:00,11,P,io2606P4650,4650.0,35.4,36.4,35.4,3,3,2780,35.9,True,2026-06-11
2026-06-11 21:54:22.810763,io2606,2026-06-22 00:00:00,11,C,io2606C4700,4700.0,52.8,53.0,53.0,1,7,6053,52.9,True,2026-06-11
2026-06-11 21:54:22.810763,io2606,2026-06-22 00:00:00,11,P,io2606P4700,4700.0,54.8,55.0,55.0,4,15,5143,54.9,True,2026-06-11
2026-06-11 21:54:22.810763,io2606,2026-06-22 00:00:00,11,C,io2606C4750,4750.0,30.8,31.0,31.0,4,6,4895,30.9,True,2026-06-11
2026-06-11 21:54:22.810763,io2606,2026-06-22 00:00:00,11,P,io2606P4750,4750.0,84.0,85.8,85.8,1,1,2538,84.9,True,2026-06-11
2026-06-11 21:54:22.810763,io2606,2026-06-22 00:00:00,11,C,io2606C4800,4800.0,17.0,17.2,17.2,13,21,7089,17.1,True,2026-06-11
2026-06-11 21:54:22.810763,io2606,2026-06-22 00:00:00,11,P,io2606P4800,4800.0,118.8,123.2,119.0,2,1,3463,121.0,True,2026-06-11
2026-06-11 21:54:22.810763,io2606,2026-06-22 00:00:00,11,C,io2606C4850,4850.0,9.0,9.4,9.4,10,14,4515,9.2,True,2026-06-11
2026-06-11 21:54:22.810763,io2606,2026-06-22 00:00:00,11,P,io2606P4850,4850.0,162.8,164.8,162.2,1,1,2881,163.8,True,2026-06-11
2026-06-11 21:54:22.810763,io2606,2026-06-22 00:00:00,11,C,io2606C4900,4900.0,5.4,5.6,5.4,9,7,7605,5.5,True,2026-06-11
2026-06-11 21:54:22.810763,io2606,2026-06-22 00:00:00,11,P,io2606P4900,4900.0,207.8,211.2,208.0,2,1,2515,209.5,True,2026-06-11
2026-06-11 21:54:22.810763,io2606,2026-06-22 00:00:00,11,C,io2606C4950,4950.0,3.0,3.2,3.2,14,2,4322,3.1,True,2026-06-11
2026-06-11 21:54:22.810763,io2606,2026-06-22 00:00:00,11,P,io2606P4950,4950.0,255.8,259.8,262.4,1,1,1441,257.8,True,2026-06-11
2026-06-11 21:54:22.810763,io2606,2026-06-22 00:00:00,11,C,io2606C5000,5000.0,2.2,2.4,2.2,64,57,10555,2.3,True,2026-06-11
2026-06-11 21:54:22.810763,io2606,2026-06-22 00:00:00,11,P,io2606P5000,5000.0,305.0,312.0,306.0,1,1,1283,308.5,True,2026-06-11
2026-06-11 21:54:22.810763,io2606,2026-06-22 00:00:00,11,C,io2606C5100,5100.0,1.2,1.4,1.2,8,22,4434,1.2999999999999998,True,2026-06-11
2026-06-11 21:54:22.810763,io2606,2026-06-22 00:00:00,11,P,io2606P5100,5100.0,404.0,410.8,415.8,1,2,515,407.4,True,2026-06-11
2026-06-11 21:54:22.810763,io2606,2026-06-22 00:00:00,11,C,io2606C5200,5200.0,1.0,1.2,1.0,3,66,4384,1.1,True,2026-06-11
2026-06-11 21:54:22.810763,io2606,2026-06-22 00:00:00,11,P,io2606P5200,5200.0,503.6,510.4,523.8,1,1,497,507.0,True,2026-06-11
2026-06-11 21:54:22.810763,io2606,2026-06-22 00:00:00,11,C,io2606C5300,5300.0,0.8,1.0,0.8,170,17,1609,0.9,True,2026-06-11
2026-06-11 21:54:22.810763,io2606,2026-06-22 00:00:00,11,P,io2606P5300,5300.0,595.8,612.2,616.6,1,1,94,604.0,True,2026-06-11
2026-06-11 21:54:22.810763,io2606,2026-06-22 00:00:00,11,C,io2606C5400,5400.0,0.8,1.0,0.8,35,29,5329,0.9,True,2026-06-11
2026-06-11 21:54:22.810763,io2606,2026-06-22 00:00:00,11,P,io2606P5400,5400.0,695.4,713.0,723.6,1,1,476,704.2,True,2026-06-11
2026-06-11 21:54:22.810763,io2606,2026-06-22 00:00:00,11,C,io2606C5500,5500.0,0.6,0.8,0.8,3,5,1998,0.7,True,2026-06-11
2026-06-11 21:54:22.810763,io2606,2026-06-22 00:00:00,11,P,io2606P5500,5500.0,794.2,813.2,823.0,1,1,154,803.7,True,2026-06-11
2026-06-11 21:54:22.810763,io2607,2026-07-17 00:00:00,36,C,io2607C4200,4200.0,458.8,473.4,466.0,1,1,16,466.1,True,2026-06-11
2026-06-11 21:54:22.810763,io2607,2026-07-17 00:00:00,36,P,io2607P4200,4200.0,11.6,13.2,12.4,5,3,378,12.4,True,2026-06-11
2026-06-11 21:54:22.810763,io2607,2026-07-17 00:00:00,36,C,io2607C4250,4250.0,412.2,427.0,416.6,1,1,57,419.6,True,2026-06-11
2026-06-11 21:54:22.810763,io2607,2026-07-17 00:00:00,36,P,io2607P4250,4250.0,15.2,16.2,15.8,2,2,1116,15.7,True,2026-06-11
2026-06-11 21:54:22.810763,io2607,2026-07-17 00:00:00,36,C,io2607C4300,4300.0,366.8,381.0,406.0,1,1,62,373.9,True,2026-06-11
2026-06-11 21:54:22.810763,io2607,2026-07-17 00:00:00,36,P,io2607P4300,4300.0,19.0,19.4,19.0,2,1,698,19.2,True,2026-06-11
2026-06-11 21:54:22.810763,io2607,2026-07-17 00:00:00,36,C,io2607C4350,4350.0,322.2,336.8,313.0,1,1,47,329.5,True,2026-06-11
2026-06-11 21:54:22.810763,io2607,2026-07-17 00:00:00,36,P,io2607P4350,4350.0,24.4,24.6,24.6,1,4,757,24.5,True,2026-06-11
2026-06-11 21:54:22.810763,io2607,2026-07-17 00:00:00,36,C,io2607C4400,4400.0,279.4,293.4,282.8,1,1,110,286.4,True,2026-06-11
2026-06-11 21:54:22.810763,io2607,2026-07-17 00:00:00,36,P,io2607P4400,4400.0,30.8,32.0,31.4,1,1,1353,31.4,True,2026-06-11
2026-06-11 21:54:22.810763,io2607,2026-07-17 00:00:00,36,C,io2607C4450,4450.0,240.8,248.8,238.2,2,1,65,244.8,True,2026-06-11
2026-06-11 21:54:22.810763,io2607,2026-07-17 00:00:00,36,P,io2607P4450,4450.0,38.6,39.2,39.4,2,1,1143,38.900000000000006,True,2026-06-11
2026-06-11 21:54:22.810763,io2607,2026-07-17 00:00:00,36,C,io2607C4500,4500.0,202.6,210.6,202.0,1,1,223,206.6,True,2026-06-11
2026-06-11 21:54:22.810763,io2607,2026-07-17 00:00:00,36,P,io2607P4500,4500.0,49.2,49.8,49.8,2,5,1396,49.5,True,2026-06-11
2026-06-11 21:54:22.810763,io2607,2026-07-17 00:00:00,36,C,io2607C4550,4550.0,166.6,174.6,167.0,1,1,151,170.6,True,2026-06-11
2026-06-11 21:54:22.810763,io2607,2026-07-17 00:00:00,36,P,io2607P4550,4550.0,62.6,67.6,65.2,1,1,867,65.1,True,2026-06-11
2026-06-11 21:54:22.810763,io2607,2026-07-17 00:00:00,36,C,io2607C4600,4600.0,134.8,140.4,139.8,1,1,594,137.60000000000002,True,2026-06-11
2026-06-11 21:54:22.810763,io2607,2026-07-17 00:00:00,36,P,io2607P4600,4600.0,80.6,85.2,81.0,1,1,881,82.9,True,2026-06-11
2026-06-11 21:54:22.810763,io2607,2026-07-17 00:00:00,36,C,io2607C4650,4650.0,111.0,113.4,111.0,1,1,479,112.2,True,2026-06-11
2026-06-11 21:54:22.810763,io2607,2026-07-17 00:00:00,36,P,io2607P4650,4650.0,103.2,106.6,103.8,1,1,856,104.9,True,2026-06-11
2026-06-11 21:54:22.810763,io2607,2026-07-17 00:00:00,36,C,io2607C4700,4700.0,88.0,89.0,89.0,1,7,1320,88.5,True,2026-06-11
2026-06-11 21:54:22.810763,io2607,2026-07-17 00:00:00,36,P,io2607P4700,4700.0,130.0,135.0,130.0,4,1,1396,132.5,True,2026-06-11
2026-06-11 21:54:22.810763,io2607,2026-07-17 00:00:00,36,C,io2607C4750,4750.0,67.6,67.8,67.6,3,1,1127,67.69999999999999,True,2026-06-11
2026-06-11 21:54:22.810763,io2607,2026-07-17 00:00:00,36,P,io2607P4750,4750.0,157.4,165.4,158.0,1,1,1081,161.4,True,2026-06-11
2026-06-11 21:54:22.810763,io2607,2026-07-17 00:00:00,36,C,io2607C4800,4800.0,51.4,51.8,51.8,1,4,1818,51.6,True,2026-06-11
2026-06-11 21:54:22.810763,io2607,2026-07-17 00:00:00,36,P,io2607P4800,4800.0,195.0,199.6,192.6,1,1,1407,197.3,True,2026-06-11
2026-06-11 21:54:22.810763,io2607,2026-07-17 00:00:00,36,C,io2607C4850,4850.0,39.8,41.0,40.8,1,4,949,40.4,True,2026-06-11
2026-06-11 21:54:22.810763,io2607,2026-07-17 00:00:00,36,P,io2607P4850,4850.0,229.4,237.4,252.6,1,1,675,233.4,True,2026-06-11
2026-06-11 21:54:22.810763,io2607,2026-07-17 00:00:00,36,C,io2607C4900,4900.0,31.6,31.8,31.6,4,1,3946,31.700000000000003,True,2026-06-11
2026-06-11 21:54:22.810763,io2607,2026-07-17 00:00:00,36,P,io2607P4900,4900.0,266.6,280.8,290.0,1,1,626,273.70000000000005,True,2026-06-11
2026-06-11 21:54:22.810763,io2607,2026-07-17 00:00:00,36,C,io2607C4950,4950.0,23.2,25.0,24.8,1,2,6180,24.1,True,2026-06-11
2026-06-11 21:54:22.810763,io2607,2026-07-17 00:00:00,36,P,io2607P4950,4950.0,310.0,324.4,318.8,1,1,640,317.2,True,2026-06-11
2026-06-11 21:54:22.810763,io2607,2026-07-17 00:00:00,36,C,io2607C5000,5000.0,18.8,19.4,18.8,1,5,3610,19.1,True,2026-06-11
2026-06-11 21:54:22.810763,io2607,2026-07-17 00:00:00,36,P,io2607P5000,5000.0,354.0,369.0,363.0,1,1,224,361.5,True,2026-06-11
2026-06-11 21:54:22.810763,io2607,2026-07-17 00:00:00,36,C,io2607C5100,5100.0,11.4,11.6,11.6,1,2,2869,11.5,True,2026-06-11
2026-06-11 21:54:22.810763,io2607,2026-07-17 00:00:00,36,P,io2607P5100,5100.0,447.0,462.0,471.4,1,1,158,454.5,True,2026-06-11
2026-06-11 21:54:22.810763,io2607,2026-07-17 00:00:00,36,C,io2607C5200,5200.0,7.8,8.0,7.8,1,1,1897,7.9,True,2026-06-11
2026-06-11 21:54:22.810763,io2607,2026-07-17 00:00:00,36,P,io2607P5200,5200.0,538.4,559.8,532.4,1,1,109,549.0999999999999,True,2026-06-11
2026-06-11 21:54:22.810763,io2607,2026-07-17 00:00:00,36,C,io2607C5300,5300.0,5.4,5.8,6.0,4,2,652,5.6,True,2026-06-11
2026-06-11 21:54:22.810763,io2607,2026-07-17 00:00:00,36,P,io2607P5300,5300.0,635.2,657.8,666.6,1,1,101,646.5,True,2026-06-11
2026-06-11 21:54:22.810763,io2607,2026-07-17 00:00:00,36,C,io2607C5400,5400.0,4.2,4.4,4.4,9,2,476,4.300000000000001,True,2026-06-11
2026-06-11 21:54:22.810763,io2607,2026-07-17 00:00:00,36,P,io2607P5400,5400.0,733.4,757.2,753.6,1,1,70,745.3,True,2026-06-11
2026-06-11 21:54:22.810763,io2607,2026-07-17 00:00:00,36,C,io2607C5500,5500.0,3.0,3.4,3.4,3,5,1069,3.2,True,2026-06-11
2026-06-11 21:54:22.810763,io2607,2026-07-17 00:00:00,36,P,io2607P5500,5500.0,831.6,856.8,853.8,1,1,106,844.2,True,2026-06-11
2026-06-11 21:54:22.810763,io2609,2026-09-18 00:00:00,99,C,io2609C3900,3900.0,712.8,736.0,705.0,1,1,159,724.4,True,2026-06-11
2026-06-11 21:54:22.810763,io2609,2026-09-18 00:00:00,99,P,io2609P3900,3900.0,22.4,24.4,22.8,1,1,559,23.4,True,2026-06-11
2026-06-11 21:54:22.810763,io2609,2026-09-18 00:00:00,99,C,io2609C4000,4000.0,622.4,644.6,614.0,1,1,310,633.5,True,2026-06-11
2026-06-11 21:54:22.810763,io2609,2026-09-18 00:00:00,99,P,io2609P4000,4000.0,30.0,32.6,31.0,1,1,1248,31.3,True,2026-06-11
2026-06-11 21:54:22.810763,io2609,2026-09-18 00:00:00,99,C,io2609C4100,4100.0,579.8,601.2,589.0,1,1,158,590.5,True,2026-06-11
2026-06-11 21:54:22.810763,io2609,2026-09-18 00:00:00,99,P,io2609P4100,4100.0,41.6,43.2,43.4,1,1,1015,42.400000000000006,True,2026-06-11
2026-06-11 21:54:22.810763,io2609,2026-09-18 00:00:00,99,C,io2609C4200,4200.0,451.0,468.2,459.8,1,2,369,459.6,True,2026-06-11
2026-06-11 21:54:22.810763,io2609,2026-09-18 00:00:00,99,P,io2609P4200,4200.0,54.6,60.4,58.8,1,1,743,57.5,True,2026-06-11
2026-06-11 21:54:22.810763,io2609,2026-09-18 00:00:00,99,C,io2609C4300,4300.0,371.6,389.2,368.2,1,1,237,380.4,True,2026-06-11
2026-06-11 21:54:22.810763,io2609,2026-09-18 00:00:00,99,P,io2609P4300,4300.0,75.4,80.0,77.4,1,1,871,77.7,True,2026-06-11
2026-06-11 21:54:22.810763,io2609,2026-09-18 00:00:00,99,C,io2609C4400,4400.0,300.8,317.8,306.0,1,2,569,309.3,True,2026-06-11
2026-06-11 21:54:22.810763,io2609,2026-09-18 00:00:00,99,P,io2609P4400,4400.0,103.8,105.0,105.0,1,1,978,104.4,True,2026-06-11
2026-06-11 21:54:22.810763,io2609,2026-09-18 00:00:00,99,C,io2609C4500,4500.0,248.8,251.6,248.8,3,2,1787,250.2,True,2026-06-11
2026-06-11 21:54:22.810763,io2609,2026-09-18 00:00:00,99,P,io2609P4500,4500.0,142.0,148.2,142.8,1,1,1130,145.1,True,2026-06-11
2026-06-11 21:54:22.810763,io2609,2026-09-18 00:00:00,99,C,io2609C4600,4600.0,186.4,195.2,194.8,2,1,1224,190.8,True,2026-06-11
2026-06-11 21:54:22.810763,io2609,2026-09-18 00:00:00,99,P,io2609P4600,4600.0,183.0,194.6,187.0,2,1,778,188.8,True,2026-06-11
2026-06-11 21:54:22.810763,io2609,2026-09-18 00:00:00,99,C,io2609C4700,4700.0,146.6,151.2,151.2,1,2,3162,148.89999999999998,True,2026-06-11
2026-06-11 21:54:22.810763,io2609,2026-09-18 00:00:00,99,P,io2609P4700,4700.0,239.2,250.8,249.8,2,1,694,245.0,True,2026-06-11
2026-06-11 21:54:22.810763,io2609,2026-09-18 00:00:00,99,C,io2609C4800,4800.0,115.2,117.0,113.6,1,1,1600,116.1,True,2026-06-11
2026-06-11 21:54:22.810763,io2609,2026-09-18 00:00:00,99,P,io2609P4800,4800.0,299.6,315.8,309.4,1,1,916,307.70000000000005,True,2026-06-11
2026-06-11 21:54:22.810763,io2609,2026-09-18 00:00:00,99,C,io2609C4900,4900.0,87.2,90.4,86.8,1,2,1328,88.80000000000001,True,2026-06-11
2026-06-11 21:54:22.810763,io2609,2026-09-18 00:00:00,99,P,io2609P4900,4900.0,372.4,389.8,388.4,2,1,579,381.1,True,2026-06-11
2026-06-11 21:54:22.810763,io2609,2026-09-18 00:00:00,99,C,io2609C5000,5000.0,65.0,69.4,67.2,4,1,2352,67.2,True,2026-06-11
2026-06-11 21:54:22.810763,io2609,2026-09-18 00:00:00,99,P,io2609P5000,5000.0,452.2,470.4,468.4,1,1,486,461.3,True,2026-06-11
2026-06-11 21:54:22.810763,io2609,2026-09-18 00:00:00,99,C,io2609C5200,5200.0,40.2,41.0,40.2,1,1,3688,40.6,True,2026-06-11
2026-06-11 21:54:22.810763,io2609,2026-09-18 00:00:00,99,P,io2609P5200,5200.0,620.6,642.2,652.0,1,1,239,631.4000000000001,True,2026-06-11
2026-06-11 21:54:22.810763,io2609,2026-09-18 00:00:00,99,C,io2609C5400,5400.0,26.0,26.4,26.4,9,6,4582,26.2,True,2026-06-11
2026-06-11 21:54:22.810763,io2609,2026-09-18 00:00:00,99,P,io2609P5400,5400.0,804.2,828.2,794.4,1,1,448,816.2,True,2026-06-11
2026-06-11 21:54:22.810763,io2609,2026-09-18 00:00:00,99,C,io2609C5600,5600.0,17.4,17.6,17.0,1,2,1074,17.5,True,2026-06-11
2026-06-11 21:54:22.810763,io2609,2026-09-18 00:00:00,99,P,io2609P5600,5600.0,1000.0,1018.8,1026.0,2,1,203,1009.4,True,2026-06-11
2026-06-11 21:54:22.810763,io2608,2026-08-21 00:00:00,71,C,io2608C4200,4200.0,489.0,503.0,460.4,1,1,9,496.0,True,2026-06-11
2026-06-11 21:54:22.810763,io2608,2026-08-21 00:00:00,71,P,io2608P4200,4200.0,44.4,44.8,44.4,6,6,215,44.6,True,2026-06-11
2026-06-11 21:54:22.810763,io2608,2026-08-21 00:00:00,71,C,io2608C4250,4250.0,444.4,459.4,418.0,1,1,9,451.9,True,2026-06-11
2026-06-11 21:54:22.810763,io2608,2026-08-21 00:00:00,71,P,io2608P4250,4250.0,50.0,51.2,48.0,1,1,215,50.6,True,2026-06-11
2026-06-11 21:54:22.810763,io2608,2026-08-21 00:00:00,71,C,io2608C4300,4300.0,401.6,416.6,377.0,1,1,45,409.1,True,2026-06-11
2026-06-11 21:54:22.810763,io2608,2026-08-21 00:00:00,71,P,io2608P4300,4300.0,54.8,59.6,59.6,1,1,1250,57.2,True,2026-06-11
2026-06-11 21:54:22.810763,io2608,2026-08-21 00:00:00,71,C,io2608C4350,4350.0,360.0,375.0,366.6,1,1,79,367.5,True,2026-06-11
2026-06-11 21:54:22.810763,io2608,2026-08-21 00:00:00,71,P,io2608P4350,4350.0,63.6,68.4,66.0,1,1,1484,66.0,True,2026-06-11
2026-06-11 21:54:22.810763,io2608,2026-08-21 00:00:00,71,C,io2608C4400,4400.0,296.0,310.6,298.6,1,1,36,303.3,True,2026-06-11
2026-06-11 21:54:22.810763,io2608,2026-08-21 00:00:00,71,P,io2608P4400,4400.0,74.2,79.2,77.0,2,1,306,76.7,True,2026-06-11
2026-06-11 21:54:22.810763,io2608,2026-08-21 00:00:00,71,C,io2608C4450,4450.0,282.2,297.2,285.0,1,1,35,289.7,True,2026-06-11
2026-06-11 21:54:22.810763,io2608,2026-08-21 00:00:00,71,P,io2608P4450,4450.0,87.2,92.2,91.2,1,1,160,89.7,True,2026-06-11
2026-06-11 21:54:22.810763,io2608,2026-08-21 00:00:00,71,C,io2608C4500,4500.0,250.0,258.4,255.6,2,1,36,254.2,True,2026-06-11
2026-06-11 21:54:22.810763,io2608,2026-08-21 00:00:00,71,P,io2608P4500,4500.0,102.0,107.4,107.2,2,1,157,104.7,True,2026-06-11
2026-06-11 21:54:22.810763,io2608,2026-08-21 00:00:00,71,C,io2608C4550,4550.0,197.2,204.0,197.0,1,1,22,200.6,True,2026-06-11
2026-06-11 21:54:22.810763,io2608,2026-08-21 00:00:00,71,P,io2608P4550,4550.0,119.2,127.2,136.0,1,1,126,123.2,True,2026-06-11
2026-06-11 21:54:22.810763,io2608,2026-08-21 00:00:00,71,C,io2608C4600,4600.0,167.6,175.4,172.4,1,1,36,171.5,True,2026-06-11
2026-06-11 21:54:22.810763,io2608,2026-08-21 00:00:00,71,P,io2608P4600,4600.0,140.2,148.2,152.2,1,1,76,144.2,True,2026-06-11
2026-06-11 21:54:22.810763,io2608,2026-08-21 00:00:00,71,C,io2608C4650,4650.0,141.6,149.6,141.8,1,1,34,145.6,True,2026-06-11
2026-06-11 21:54:22.810763,io2608,2026-08-21 00:00:00,71,P,io2608P4650,4650.0,164.4,172.4,176.0,1,1,64,168.4,True,2026-06-11
2026-06-11 21:54:22.810763,io2608,2026-08-21 00:00:00,71,C,io2608C4700,4700.0,118.8,126.8,120.0,1,1,66,122.8,True,2026-06-11
2026-06-11 21:54:22.810763,io2608,2026-08-21 00:00:00,71,P,io2608P4700,4700.0,191.4,199.4,204.4,1,1,116,195.4,True,2026-06-11
2026-06-11 21:54:22.810763,io2608,2026-08-21 00:00:00,71,C,io2608C4750,4750.0,101.6,106.0,100.8,1,1,47,103.8,True,2026-06-11
2026-06-11 21:54:22.810763,io2608,2026-08-21 00:00:00,71,P,io2608P4750,4750.0,221.2,229.2,246.6,1,1,62,225.2,True,2026-06-11
2026-06-11 21:54:22.810763,io2608,2026-08-21 00:00:00,71,C,io2608C4800,4800.0,87.0,88.6,86.8,1,1,105,87.8,True,2026-06-11
2026-06-11 21:54:22.810763,io2608,2026-08-21 00:00:00,71,P,io2608P4800,4800.0,251.2,262.2,267.2,1,1,74,256.7,True,2026-06-11
2026-06-11 21:54:22.810763,io2608,2026-08-21 00:00:00,71,C,io2608C4850,4850.0,70.0,74.2,73.2,1,1,172,72.1,True,2026-06-11
2026-06-11 21:54:22.810763,io2608,2026-08-21 00:00:00,71,P,io2608P4850,4850.0,264.2,277.8,288.0,1,1,59,271.0,True,2026-06-11
2026-06-11 21:54:22.810763,io2608,2026-08-21 00:00:00,71,C,io2608C4900,4900.0,58.2,62.0,61.0,1,1,385,60.1,True,2026-06-11
2026-06-11 21:54:22.810763,io2608,2026-08-21 00:00:00,71,P,io2608P4900,4900.0,323.4,338.4,350.0,1,1,90,330.9,True,2026-06-11
2026-06-11 21:54:22.810763,io2608,2026-08-21 00:00:00,71,C,io2608C4950,4950.0,50.0,50.8,51.4,2,1,138,50.4,True,2026-06-11
2026-06-11 21:54:22.810763,io2608,2026-08-21 00:00:00,71,P,io2608P4950,4950.0,338.8,353.8,374.2,1,1,29,346.3,True,2026-06-11
2026-06-11 21:54:22.810763,io2608,2026-08-21 00:00:00,71,C,io2608C5000,5000.0,41.8,42.6,43.8,1,1,283,42.2,True,2026-06-11
2026-06-11 21:54:22.810763,io2608,2026-08-21 00:00:00,71,P,io2608P5000,5000.0,404.8,419.8,413.2,1,1,48,412.3,True,2026-06-11
2026-06-11 21:54:22.810763,io2608,2026-08-21 00:00:00,71,C,io2608C5100,5100.0,29.6,30.4,29.8,3,1,294,30.0,True,2026-06-11
2026-06-11 21:54:22.810763,io2608,2026-08-21 00:00:00,71,P,io2608P5100,5100.0,464.8,479.6,502.0,1,1,47,472.2000000000001,True,2026-06-11
2026-06-11 21:54:22.810763,io2608,2026-08-21 00:00:00,71,C,io2608C5200,5200.0,21.6,22.6,22.8,1,4,406,22.1,True,2026-06-11
2026-06-11 21:54:22.810763,io2608,2026-08-21 00:00:00,71,P,io2608P5200,5200.0,547.4,577.4,597.4,1,1,18,562.4,True,2026-06-11
2026-06-11 21:54:22.810763,io2608,2026-08-21 00:00:00,71,C,io2608C5300,5300.0,16.4,16.6,17.4,1,1,131,16.5,True,2026-06-11
2026-06-11 21:54:22.810763,io2608,2026-08-21 00:00:00,71,P,io2608P5300,5300.0,670.6,700.6,672.0,1,1,61,685.6,True,2026-06-11
2026-06-11 21:54:22.810763,io2608,2026-08-21 00:00:00,71,C,io2608C5400,5400.0,12.4,13.4,13.6,2,2,108,12.9,True,2026-06-11
2026-06-11 21:54:22.810763,io2608,2026-08-21 00:00:00,71,P,io2608P5400,5400.0,736.6,766.6,780.4,1,1,53,751.6,True,2026-06-11
2026-06-11 21:54:22.810763,io2608,2026-08-21 00:00:00,71,C,io2608C5500,5500.0,10.2,10.4,10.2,1,9,175,10.3,True,2026-06-11
2026-06-11 21:54:22.810763,io2608,2026-08-21 00:00:00,71,P,io2608P5500,5500.0,832.8,862.8,883.0,1,1,24,847.8,True,2026-06-11
2026-06-11 21:54:22.810763,io2612,2026-12-18 00:00:00,190,C,io2612C3900,3900.0,668.0,705.8,689.4,1,1,197,686.9,True,2026-06-11
2026-06-11 21:54:22.810763,io2612,2026-12-18 00:00:00,190,P,io2612P3900,3900.0,54.6,57.2,55.0,1,1,899,55.900000000000006,True,2026-06-11
2026-06-11 21:54:22.810763,io2612,2026-12-18 00:00:00,190,C,io2612C4000,4000.0,584.4,623.0,599.8,1,1,148,603.7,True,2026-06-11
2026-06-11 21:54:22.810763,io2612,2026-12-18 00:00:00,190,P,io2612P4000,4000.0,70.6,74.2,70.8,1,1,341,72.4,True,2026-06-11
2026-06-11 21:54:22.810763,io2612,2026-12-18 00:00:00,190,C,io2612C4100,4100.0,515.2,533.2,523.0,1,1,240,524.2,True,2026-06-11
2026-06-11 21:54:22.810763,io2612,2026-12-18 00:00:00,190,P,io2612P4100,4100.0,90.0,93.8,93.2,1,2,1121,91.9,True,2026-06-11
2026-06-11 21:54:22.810763,io2612,2026-12-18 00:00:00,190,C,io2612C4200,4200.0,464.8,483.4,464.8,1,1,139,474.1,True,2026-06-11
2026-06-11 21:54:22.810763,io2612,2026-12-18 00:00:00,190,P,io2612P4200,4200.0,109.2,116.8,114.8,1,1,626,113.0,True,2026-06-11
2026-06-11 21:54:22.810763,io2612,2026-12-18 00:00:00,190,C,io2612C4300,4300.0,375.6,391.4,384.2,1,1,220,383.5,True,2026-06-11
2026-06-11 21:54:22.810763,io2612,2026-12-18 00:00:00,190,P,io2612P4300,4300.0,141.0,148.8,149.6,1,1,705,144.9,True,2026-06-11
2026-06-11 21:54:22.810763,io2612,2026-12-18 00:00:00,190,C,io2612C4400,4400.0,322.0,330.8,324.0,2,1,376,326.4,True,2026-06-11
2026-06-11 21:54:22.810763,io2612,2026-12-18 00:00:00,190,P,io2612P4400,4400.0,178.2,189.0,186.2,2,1,856,183.6,True,2026-06-11
2026-06-11 21:54:22.810763,io2612,2026-12-18 00:00:00,190,C,io2612C4500,4500.0,260.8,273.0,268.0,1,1,1086,266.9,True,2026-06-11
2026-06-11 21:54:22.810763,io2612,2026-12-18 00:00:00,190,P,io2612P4500,4500.0,223.4,230.6,227.2,3,1,972,227.0,True,2026-06-11
2026-06-11 21:54:22.810763,io2612,2026-12-18 00:00:00,190,C,io2612C4600,4600.0,218.8,227.4,222.2,1,1,1022,223.1,True,2026-06-11
2026-06-11 21:54:22.810763,io2612,2026-12-18 00:00:00,190,P,io2612P4600,4600.0,281.0,292.2,291.2,1,1,730,286.6,True,2026-06-11
2026-06-11 21:54:22.810763,io2612,2026-12-18 00:00:00,190,C,io2612C4700,4700.0,180.0,189.6,183.6,1,1,857,184.8,True,2026-06-11
2026-06-11 21:54:22.810763,io2612,2026-12-18 00:00:00,190,P,io2612P4700,4700.0,333.4,351.6,357.0,1,1,587,342.5,True,2026-06-11
2026-06-11 21:54:22.810763,io2612,2026-12-18 00:00:00,190,C,io2612C4800,4800.0,155.6,158.8,152.8,2,2,683,157.2,True,2026-06-11
2026-06-11 21:54:22.810763,io2612,2026-12-18 00:00:00,190,P,io2612P4800,4800.0,401.4,418.4,406.6,1,1,492,409.9,True,2026-06-11
2026-06-11 21:54:22.810763,io2612,2026-12-18 00:00:00,190,C,io2612C4900,4900.0,122.6,133.8,127.0,1,1,535,128.2,True,2026-06-11
2026-06-11 21:54:22.810763,io2612,2026-12-18 00:00:00,190,P,io2612P4900,4900.0,475.6,493.2,490.8,2,1,184,484.4,True,2026-06-11
2026-06-11 21:54:22.810763,io2612,2026-12-18 00:00:00,190,C,io2612C5000,5000.0,103.8,110.4,108.6,1,1,541,107.1,True,2026-06-11
2026-06-11 21:54:22.810763,io2612,2026-12-18 00:00:00,190,P,io2612P5000,5000.0,524.6,547.2,540.4,1,1,208,535.9000000000001,True,2026-06-11
2026-06-11 21:54:22.810763,io2612,2026-12-18 00:00:00,190,C,io2612C5200,5200.0,76.2,80.2,75.8,3,1,783,78.2,True,2026-06-11
2026-06-11 21:54:22.810763,io2612,2026-12-18 00:00:00,190,P,io2612P5200,5200.0,712.2,751.6,742.8,1,2,269,731.9000000000001,True,2026-06-11
2026-06-11 21:54:22.810763,io2612,2026-12-18 00:00:00,190,C,io2612C5400,5400.0,57.8,59.2,58.8,1,1,1470,58.5,True,2026-06-11
2026-06-11 21:54:22.810763,io2612,2026-12-18 00:00:00,190,P,io2612P5400,5400.0,889.8,929.2,887.0,1,2,477,909.5,True,2026-06-11
2026-06-11 21:54:22.810763,io2612,2026-12-18 00:00:00,190,C,io2612C5600,5600.0,42.2,43.6,42.6,1,1,609,42.900000000000006,True,2026-06-11
2026-06-11 21:54:22.810763,io2612,2026-12-18 00:00:00,190,P,io2612P5600,5600.0,1072.4,1112.8,1069.6,1,1,141,1092.6,True,2026-06-11
2026-06-11 21:54:22.810763,io2703,2027-03-19 00:00:00,281,C,io2703C3900,3900.0,680.0,715.0,701.0,1,1,270,697.5,True,2026-06-11
2026-06-11 21:54:22.810763,io2703,2027-03-19 00:00:00,281,P,io2703P3900,3900.0,86.4,86.8,87.0,1,1,850,86.6,True,2026-06-11
2026-06-11 21:54:22.810763,io2703,2027-03-19 00:00:00,281,C,io2703C4000,4000.0,628.2,668.4,648.4,1,1,179,648.3,True,2026-06-11
2026-06-11 21:54:22.810763,io2703,2027-03-19 00:00:00,281,P,io2703P4000,4000.0,105.8,112.0,106.6,1,1,332,108.9,True,2026-06-11
2026-06-11 21:54:22.810763,io2703,2027-03-19 00:00:00,281,C,io2703C4100,4100.0,533.6,556.2,557.4,1,1,115,544.9000000000001,True,2026-06-11
2026-06-11 21:54:22.810763,io2703,2027-03-19 00:00:00,281,P,io2703P4100,4100.0,127.6,138.8,134.0,1,1,1071,133.2,True,2026-06-11
2026-06-11 21:54:22.810763,io2703,2027-03-19 00:00:00,281,C,io2703C4200,4200.0,471.4,485.4,471.2,1,1,120,478.4,True,2026-06-11
2026-06-11 21:54:22.810763,io2703,2027-03-19 00:00:00,281,P,io2703P4200,4200.0,157.4,169.0,163.4,1,1,344,163.2,True,2026-06-11
2026-06-11 21:54:22.810763,io2703,2027-03-19 00:00:00,281,C,io2703C4300,4300.0,408.0,422.6,409.4,1,1,113,415.3,True,2026-06-11
2026-06-11 21:54:22.810763,io2703,2027-03-19 00:00:00,281,P,io2703P4300,4300.0,192.8,204.4,197.0,1,1,194,198.6,True,2026-06-11
2026-06-11 21:54:22.810763,io2703,2027-03-19 00:00:00,281,C,io2703C4400,4400.0,355.0,366.4,349.2,1,1,251,360.7,True,2026-06-11
2026-06-11 21:54:22.810763,io2703,2027-03-19 00:00:00,281,P,io2703P4400,4400.0,234.4,246.0,240.6,2,1,385,240.2,True,2026-06-11
2026-06-11 21:54:22.810763,io2703,2027-03-19 00:00:00,281,C,io2703C4500,4500.0,299.4,316.2,321.0,1,1,269,307.79999999999995,True,2026-06-11
2026-06-11 21:54:22.810763,io2703,2027-03-19 00:00:00,281,P,io2703P4500,4500.0,277.6,298.6,289.4,2,1,226,288.1,True,2026-06-11
2026-06-11 21:54:22.810763,io2703,2027-03-19 00:00:00,281,C,io2703C4600,4600.0,258.6,268.2,253.0,1,1,157,263.4,True,2026-06-11
2026-06-11 21:54:22.810763,io2703,2027-03-19 00:00:00,281,P,io2703P4600,4600.0,332.0,352.4,351.8,1,1,185,342.2,True,2026-06-11
2026-06-11 21:54:22.810763,io2703,2027-03-19 00:00:00,281,C,io2703C4700,4700.0,220.8,230.4,222.4,1,2,162,225.6,True,2026-06-11
2026-06-11 21:54:22.810763,io2703,2027-03-19 00:00:00,281,P,io2703P4700,4700.0,392.6,411.2,405.0,1,1,113,401.9,True,2026-06-11
2026-06-11 21:54:22.810763,io2703,2027-03-19 00:00:00,281,C,io2703C4800,4800.0,188.0,198.2,186.0,2,1,201,193.1,True,2026-06-11
2026-06-11 21:54:22.810763,io2703,2027-03-19 00:00:00,281,P,io2703P4800,4800.0,459.0,476.6,475.0,2,1,170,467.8,True,2026-06-11
2026-06-11 21:54:22.810763,io2703,2027-03-19 00:00:00,281,C,io2703C4900,4900.0,160.6,171.6,161.4,1,2,128,166.1,True,2026-06-11
2026-06-11 21:54:22.810763,io2703,2027-03-19 00:00:00,281,P,io2703P4900,4900.0,530.6,551.6,546.2,1,1,198,541.1,True,2026-06-11
2026-06-11 21:54:22.810763,io2703,2027-03-19 00:00:00,281,C,io2703C5000,5000.0,146.8,156.4,152.4,1,1,210,151.60000000000002,True,2026-06-11
2026-06-11 21:54:22.810763,io2703,2027-03-19 00:00:00,281,P,io2703P5000,5000.0,572.4,612.6,596.0,1,1,113,592.5,True,2026-06-11
2026-06-11 21:54:22.810763,io2703,2027-03-19 00:00:00,281,C,io2703C5200,5200.0,105.0,111.4,106.0,1,1,332,108.2,True,2026-06-11
2026-06-11 21:54:22.810763,io2703,2027-03-19 00:00:00,281,P,io2703P5200,5200.0,758.0,796.4,779.2,1,1,170,777.2,True,2026-06-11
2026-06-11 21:54:22.810763,io2703,2027-03-19 00:00:00,281,C,io2703C5400,5400.0,80.0,86.4,88.0,2,3,233,83.2,True,2026-06-11
2026-06-11 21:54:22.810763,io2703,2027-03-19 00:00:00,281,P,io2703P5400,5400.0,930.2,968.4,971.2,1,1,179,949.3,True,2026-06-11
2026-06-11 21:54:22.810763,io2703,2027-03-19 00:00:00,281,C,io2703C5600,5600.0,63.0,68.8,66.6,1,3,499,65.9,True,2026-06-11
2026-06-11 21:54:22.810763,io2703,2027-03-19 00:00:00,281,P,io2703P5600,5600.0,1103.2,1151.8,1131.2,1,1,195,1127.5,True,2026-06-11
2026-06-12 23:57:16.330738,io2606,2026-06-22 00:00:00,10,C,io2606C3400,3400.0,1354.6,1380.6,1371.2,1,1,164,1367.6,True,2026-06-12
2026-06-12 23:57:16.330738,io2606,2026-06-22 00:00:00,10,P,io2606P3400,3400.0,0.2,0.6,0.4,30,22,1458,0.4,True,2026-06-12
2026-06-12 23:57:16.330738,io2606,2026-06-22 00:00:00,10,C,io2606C3500,3500.0,1253.4,1278.2,1271.0,1,1,150,1265.8000000000002,True,2026-06-12
2026-06-12 23:57:16.330738,io2606,2026-06-22 00:00:00,10,P,io2606P3500,3500.0,0.4,0.6,0.4,1,21,510,0.5,True,2026-06-12
2026-06-12 23:57:16.330738,io2606,2026-06-22 00:00:00,10,C,io2606C3600,3600.0,1155.2,1178.8,1183.2,1,1,160,1167.0,True,2026-06-12
2026-06-12 23:57:16.330738,io2606,2026-06-22 00:00:00,10,P,io2606P3600,3600.0,0.2,0.4,0.4,16,5,480,0.3,True,2026-06-12
2026-06-12 23:57:16.330738,io2606,2026-06-22 00:00:00,10,C,io2606C3700,3700.0,1054.6,1077.2,1074.6,1,1,185,1065.9,True,2026-06-12
2026-06-12 23:57:16.330738,io2606,2026-06-22 00:00:00,10,P,io2606P3700,3700.0,0.2,0.4,0.4,16,1,320,0.3,True,2026-06-12
2026-06-12 23:57:16.330738,io2606,2026-06-22 00:00:00,10,C,io2606C3800,3800.0,957.6,978.8,979.4,1,1,145,968.2,True,2026-06-12
2026-06-12 23:57:16.330738,io2606,2026-06-22 00:00:00,10,P,io2606P3800,3800.0,0.2,0.4,0.2,17,29,830,0.3,True,2026-06-12
2026-06-12 23:57:16.330738,io2606,2026-06-22 00:00:00,10,C,io2606C3900,3900.0,787.2,805.8,785.8,1,1,153,796.5,True,2026-06-12
2026-06-12 23:57:16.330738,io2606,2026-06-22 00:00:00,10,P,io2606P3900,3900.0,0.2,0.4,0.4,42,2,376,0.3,True,2026-06-12
2026-06-12 23:57:16.330738,io2606,2026-06-22 00:00:00,10,C,io2606C3950,3950.0,737.8,756.0,727.0,1,1,119,746.9,True,2026-06-12
2026-06-12 23:57:16.330738,io2606,2026-06-22 00:00:00,10,P,io2606P3950,3950.0,0.2,0.4,0.2,19,2,223,0.3,True,2026-06-12
2026-06-12 23:57:16.330738,io2606,2026-06-22 00:00:00,10,C,io2606C4000,4000.0,757.4,775.8,782.4,1,1,139,766.5999999999999,True,2026-06-12
2026-06-12 23:57:16.330738,io2606,2026-06-22 00:00:00,10,P,io2606P4000,4000.0,0.2,0.6,0.6,47,5,1180,0.4,True,2026-06-12
2026-06-12 23:57:16.330738,io2606,2026-06-22 00:00:00,10,C,io2606C4050,4050.0,707.8,725.6,727.2,1,1,106,716.7,True,2026-06-12
2026-06-12 23:57:16.330738,io2606,2026-06-22 00:00:00,10,P,io2606P4050,4050.0,0.4,0.6,0.4,1,5,141,0.5,True,2026-06-12
2026-06-12 23:57:16.330738,io2606,2026-06-22 00:00:00,10,C,io2606C4100,4100.0,658.4,675.6,664.0,1,1,136,667.0,True,2026-06-12
2026-06-12 23:57:16.330738,io2606,2026-06-22 00:00:00,10,P,io2606P4100,4100.0,0.2,0.4,0.4,28,1,426,0.3,True,2026-06-12
2026-06-12 23:57:16.330738,io2606,2026-06-22 00:00:00,10,C,io2606C4150,4150.0,609.2,625.8,630.8,1,1,101,617.5,True,2026-06-12
2026-06-12 23:57:16.330738,io2606,2026-06-22 00:00:00,10,P,io2606P4150,4150.0,0.4,0.6,0.4,31,16,226,0.5,True,2026-06-12
2026-06-12 23:57:16.330738,io2606,2026-06-22 00:00:00,10,C,io2606C4200,4200.0,559.8,576.0,582.8,1,1,137,567.9,True,2026-06-12
2026-06-12 23:57:16.330738,io2606,2026-06-22 00:00:00,10,P,io2606P4200,4200.0,0.6,0.8,0.8,41,41,1165,0.7,True,2026-06-12
2026-06-12 23:57:16.330738,io2606,2026-06-22 00:00:00,10,C,io2606C4250,4250.0,511.6,524.0,514.2,1,1,84,517.8,True,2026-06-12
2026-06-12 23:57:16.330738,io2606,2026-06-22 00:00:00,10,P,io2606P4250,4250.0,0.6,0.8,0.6,20,9,397,0.7,True,2026-06-12
2026-06-12 23:57:16.330738,io2606,2026-06-22 00:00:00,10,C,io2606C4300,4300.0,461.8,474.0,463.0,1,2,272,467.9,True,2026-06-12
2026-06-12 23:57:16.330738,io2606,2026-06-22 00:00:00,10,P,io2606P4300,4300.0,0.6,0.8,0.8,1,8,1162,0.7,True,2026-06-12
2026-06-12 23:57:16.330738,io2606,2026-06-22 00:00:00,10,C,io2606C4350,4350.0,413.2,423.8,416.0,1,1,89,418.5,True,2026-06-12
2026-06-12 23:57:16.330738,io2606,2026-06-22 00:00:00,10,P,io2606P4350,4350.0,0.6,0.8,0.6,4,6,1161,0.7,True,2026-06-12
2026-06-12 23:57:16.330738,io2606,2026-06-22 00:00:00,10,C,io2606C4400,4400.0,365.8,374.0,366.6,2,1,617,369.9,True,2026-06-12
2026-06-12 23:57:16.330738,io2606,2026-06-22 00:00:00,10,P,io2606P4400,4400.0,1.2,1.4,1.4,80,2,2441,1.2999999999999998,True,2026-06-12
2026-06-12 23:57:16.330738,io2606,2026-06-22 00:00:00,10,C,io2606C4450,4450.0,314.4,324.0,319.0,1,1,277,319.2,True,2026-06-12
2026-06-12 23:57:16.330738,io2606,2026-06-22 00:00:00,10,P,io2606P4450,4450.0,2.0,2.2,2.0,1,14,1897,2.1,True,2026-06-12
2026-06-12 23:57:16.330738,io2606,2026-06-22 00:00:00,10,C,io2606C4500,4500.0,270.0,274.6,268.8,1,1,1026,272.3,True,2026-06-12
2026-06-12 23:57:16.330738,io2606,2026-06-22 00:00:00,10,P,io2606P4500,4500.0,3.2,3.4,3.4,23,5,4207,3.3,True,2026-06-12
2026-06-12 23:57:16.330738,io2606,2026-06-22 00:00:00,10,C,io2606C4550,4550.0,219.2,224.4,218.8,1,1,478,221.8,True,2026-06-12
2026-06-12 23:57:16.330738,io2606,2026-06-22 00:00:00,10,P,io2606P4550,4550.0,4.4,4.6,4.6,9,1,1872,4.5,True,2026-06-12
2026-06-12 23:57:16.330738,io2606,2026-06-22 00:00:00,10,C,io2606C4600,4600.0,175.4,177.4,176.0,1,1,2151,176.4,True,2026-06-12
2026-06-12 23:57:16.330738,io2606,2026-06-22 00:00:00,10,P,io2606P4600,4600.0,7.6,7.8,7.6,2,14,3726,7.699999999999999,True,2026-06-12
2026-06-12 23:57:16.330738,io2606,2026-06-22 00:00:00,10,C,io2606C4650,4650.0,129.8,130.0,128.8,1,1,885,129.9,True,2026-06-12
2026-06-12 23:57:16.330738,io2606,2026-06-22 00:00:00,10,P,io2606P4650,4650.0,12.0,12.2,12.2,5,7,2361,12.1,True,2026-06-12
2026-06-12 23:57:16.330738,io2606,2026-06-22 00:00:00,10,C,io2606C4700,4700.0,88.8,89.2,89.0,1,2,3309,89.0,True,2026-06-12
2026-06-12 23:57:16.330738,io2606,2026-06-22 00:00:00,10,P,io2606P4700,4700.0,19.4,20.0,20.0,2,13,4609,19.7,True,2026-06-12
2026-06-12 23:57:16.330738,io2606,2026-06-22 00:00:00,10,C,io2606C4750,4750.0,54.2,54.4,54.2,1,2,2681,54.3,True,2026-06-12
2026-06-12 23:57:16.330738,io2606,2026-06-22 00:00:00,10,P,io2606P4750,4750.0,38.0,38.2,38.0,5,1,3046,38.1,True,2026-06-12
2026-06-12 23:57:16.330738,io2606,2026-06-22 00:00:00,10,C,io2606C4800,4800.0,29.8,30.0,29.8,2,5,5964,29.9,True,2026-06-12
2026-06-12 23:57:16.330738,io2606,2026-06-22 00:00:00,10,P,io2606P4800,4800.0,62.0,63.0,62.0,2,3,3443,62.5,True,2026-06-12
2026-06-12 23:57:16.330738,io2606,2026-06-22 00:00:00,10,C,io2606C4850,4850.0,15.2,15.4,15.2,2,19,4052,15.3,True,2026-06-12
2026-06-12 23:57:16.330738,io2606,2026-06-22 00:00:00,10,P,io2606P4850,4850.0,97.2,98.6,97.8,1,1,2599,97.9,True,2026-06-12
2026-06-12 23:57:16.330738,io2606,2026-06-22 00:00:00,10,C,io2606C4900,4900.0,7.6,7.8,7.8,11,10,6743,7.699999999999999,True,2026-06-12
2026-06-12 23:57:16.330738,io2606,2026-06-22 00:00:00,10,P,io2606P4900,4900.0,138.0,140.0,141.4,1,8,2170,139.0,True,2026-06-12
2026-06-12 23:57:16.330738,io2606,2026-06-22 00:00:00,10,C,io2606C4950,4950.0,3.2,3.4,3.2,1,1,4151,3.3,True,2026-06-12
2026-06-12 23:57:16.330738,io2606,2026-06-22 00:00:00,10,P,io2606P4950,4950.0,183.2,188.6,186.2,2,1,1269,185.9,True,2026-06-12
2026-06-12 23:57:16.330738,io2606,2026-06-22 00:00:00,10,C,io2606C5000,5000.0,2.0,2.2,2.0,1,11,9258,2.1,True,2026-06-12
2026-06-12 23:57:16.330738,io2606,2026-06-22 00:00:00,10,P,io2606P5000,5000.0,235.0,237.2,236.2,1,2,1102,236.1,True,2026-06-12
2026-06-12 23:57:16.330738,io2606,2026-06-22 00:00:00,10,C,io2606C5100,5100.0,1.0,1.2,1.0,71,4,4114,1.1,True,2026-06-12
2026-06-12 23:57:16.330738,io2606,2026-06-22 00:00:00,10,P,io2606P5100,5100.0,327.6,339.2,341.8,1,1,499,333.4,True,2026-06-12
2026-06-12 23:57:16.330738,io2606,2026-06-22 00:00:00,10,C,io2606C5200,5200.0,0.6,0.8,0.8,33,4,4197,0.7,True,2026-06-12
2026-06-12 23:57:16.330738,io2606,2026-06-22 00:00:00,10,P,io2606P5200,5200.0,427.6,438.8,422.0,1,1,498,433.2000000000001,True,2026-06-12
2026-06-12 23:57:16.330738,io2606,2026-06-22 00:00:00,10,C,io2606C5300,5300.0,0.6,0.8,0.8,273,3,1648,0.7,True,2026-06-12
2026-06-12 23:57:16.330738,io2606,2026-06-22 00:00:00,10,P,io2606P5300,5300.0,533.0,541.4,539.0,1,1,84,537.2,True,2026-06-12
2026-06-12 23:57:16.330738,io2606,2026-06-22 00:00:00,10,C,io2606C5400,5400.0,0.6,0.8,0.6,143,2,5244,0.7,True,2026-06-12
2026-06-12 23:57:16.330738,io2606,2026-06-22 00:00:00,10,P,io2606P5400,5400.0,625.6,642.6,626.4,1,1,473,634.1,True,2026-06-12
2026-06-12 23:57:16.330738,io2606,2026-06-22 00:00:00,10,C,io2606C5500,5500.0,0.4,0.6,0.4,9,11,1945,0.5,True,2026-06-12
2026-06-12 23:57:16.330738,io2606,2026-06-22 00:00:00,10,P,io2606P5500,5500.0,724.4,742.4,733.0,1,1,147,733.4,True,2026-06-12
2026-06-12 23:57:16.330738,io2607,2026-07-17 00:00:00,35,C,io2607C4200,4200.0,525.6,543.0,539.0,1,1,21,534.3,True,2026-06-12
2026-06-12 23:57:16.330738,io2607,2026-07-17 00:00:00,35,P,io2607P4200,4200.0,6.8,7.2,7.0,8,2,404,7.0,True,2026-06-12
2026-06-12 23:57:16.330738,io2607,2026-07-17 00:00:00,35,C,io2607C4250,4250.0,477.6,492.6,483.8,1,1,52,485.1,True,2026-06-12
2026-06-12 23:57:16.330738,io2607,2026-07-17 00:00:00,35,P,io2607P4250,4250.0,8.8,9.0,8.8,2,2,1062,8.9,True,2026-06-12
2026-06-12 23:57:16.330738,io2607,2026-07-17 00:00:00,35,C,io2607C4300,4300.0,430.0,445.0,449.2,1,1,87,437.5,True,2026-06-12
2026-06-12 23:57:16.330738,io2607,2026-07-17 00:00:00,35,P,io2607P4300,4300.0,10.8,11.2,11.2,3,11,728,11.0,True,2026-06-12
2026-06-12 23:57:16.330738,io2607,2026-07-17 00:00:00,35,C,io2607C4350,4350.0,383.6,398.6,379.8,1,1,44,391.1,True,2026-06-12
2026-06-12 23:57:16.330738,io2607,2026-07-17 00:00:00,35,P,io2607P4350,4350.0,15.0,15.2,15.0,1,1,778,15.1,True,2026-06-12
2026-06-12 23:57:16.330738,io2607,2026-07-17 00:00:00,35,C,io2607C4400,4400.0,338.0,353.0,341.2,1,1,189,345.5,True,2026-06-12
2026-06-12 23:57:16.330738,io2607,2026-07-17 00:00:00,35,P,io2607P4400,4400.0,20.0,20.2,20.0,6,1,1467,20.1,True,2026-06-12
2026-06-12 23:57:16.330738,io2607,2026-07-17 00:00:00,35,C,io2607C4450,4450.0,293.4,308.4,291.4,1,1,68,300.9,True,2026-06-12
2026-06-12 23:57:16.330738,io2607,2026-07-17 00:00:00,35,P,io2607P4450,4450.0,23.4,24.8,24.8,4,2,1109,24.1,True,2026-06-12
2026-06-12 23:57:16.330738,io2607,2026-07-17 00:00:00,35,C,io2607C4500,4500.0,254.2,265.4,254.6,1,2,258,259.79999999999995,True,2026-06-12
2026-06-12 23:57:16.330738,io2607,2026-07-17 00:00:00,35,P,io2607P4500,4500.0,33.4,33.8,33.4,10,2,1555,33.599999999999994,True,2026-06-12
2026-06-12 23:57:16.330738,io2607,2026-07-17 00:00:00,35,C,io2607C4550,4550.0,214.4,222.4,214.6,1,1,261,218.4,True,2026-06-12
2026-06-12 23:57:16.330738,io2607,2026-07-17 00:00:00,35,P,io2607P4550,4550.0,40.6,42.0,42.2,3,1,938,41.3,True,2026-06-12
2026-06-12 23:57:16.330738,io2607,2026-07-17 00:00:00,35,C,io2607C4600,4600.0,177.6,180.4,180.2,1,3,593,179.0,True,2026-06-12
2026-06-12 23:57:16.330738,io2607,2026-07-17 00:00:00,35,P,io2607P4600,4600.0,55.0,55.8,55.0,1,1,1080,55.4,True,2026-06-12
2026-06-12 23:57:16.330738,io2607,2026-07-17 00:00:00,35,C,io2607C4650,4650.0,146.2,152.2,141.0,1,1,437,149.2,True,2026-06-12
2026-06-12 23:57:16.330738,io2607,2026-07-17 00:00:00,35,P,io2607P4650,4650.0,68.0,72.2,72.2,1,8,994,70.1,True,2026-06-12
2026-06-12 23:57:16.330738,io2607,2026-07-17 00:00:00,35,C,io2607C4700,4700.0,118.2,119.8,118.4,1,1,1247,119.0,True,2026-06-12
2026-06-12 23:57:16.330738,io2607,2026-07-17 00:00:00,35,P,io2607P4700,4700.0,91.0,93.6,93.0,1,1,1494,92.3,True,2026-06-12
2026-06-12 23:57:16.330738,io2607,2026-07-17 00:00:00,35,C,io2607C4750,4750.0,93.4,94.0,93.8,1,1,1066,93.7,True,2026-06-12
2026-06-12 23:57:16.330738,io2607,2026-07-17 00:00:00,35,P,io2607P4750,4750.0,116.4,120.2,116.6,1,1,1069,118.3,True,2026-06-12
2026-06-12 23:57:16.330738,io2607,2026-07-17 00:00:00,35,C,io2607C4800,4800.0,71.0,75.8,72.6,1,2,2231,73.4,True,2026-06-12
2026-06-12 23:57:16.330738,io2607,2026-07-17 00:00:00,35,P,io2607P4800,4800.0,146.8,149.0,146.6,3,1,1438,147.9,True,2026-06-12
2026-06-12 23:57:16.330738,io2607,2026-07-17 00:00:00,35,C,io2607C4850,4850.0,56.8,59.0,56.8,1,1,1002,57.9,True,2026-06-12
2026-06-12 23:57:16.330738,io2607,2026-07-17 00:00:00,35,P,io2607P4850,4850.0,174.4,182.4,179.0,1,1,687,178.4,True,2026-06-12
2026-06-12 23:57:16.330738,io2607,2026-07-17 00:00:00,35,C,io2607C4900,4900.0,45.4,45.6,45.4,3,4,4005,45.5,True,2026-06-12
2026-06-12 23:57:16.330738,io2607,2026-07-17 00:00:00,35,P,io2607P4900,4900.0,215.8,219.0,217.2,3,1,670,217.4,True,2026-06-12
2026-06-12 23:57:16.330738,io2607,2026-07-17 00:00:00,35,C,io2607C4950,4950.0,34.0,34.2,34.2,3,2,6297,34.1,True,2026-06-12
2026-06-12 23:57:16.330738,io2607,2026-07-17 00:00:00,35,P,io2607P4950,4950.0,250.2,260.2,258.6,2,1,637,255.2,True,2026-06-12
2026-06-12 23:57:16.330738,io2607,2026-07-17 00:00:00,35,C,io2607C5000,5000.0,25.2,25.8,25.2,7,6,3932,25.5,True,2026-06-12
2026-06-12 23:57:16.330738,io2607,2026-07-17 00:00:00,35,P,io2607P5000,5000.0,290.4,304.4,300.6,1,1,225,297.4,True,2026-06-12
2026-06-12 23:57:16.330738,io2607,2026-07-17 00:00:00,35,C,io2607C5100,5100.0,15.6,16.0,15.8,1,2,2863,15.8,True,2026-06-12
2026-06-12 23:57:16.330738,io2607,2026-07-17 00:00:00,35,P,io2607P5100,5100.0,380.6,393.6,390.8,1,1,159,387.1,True,2026-06-12
2026-06-12 23:57:16.330738,io2607,2026-07-17 00:00:00,35,C,io2607C5200,5200.0,10.2,10.4,10.2,2,7,1973,10.3,True,2026-06-12
2026-06-12 23:57:16.330738,io2607,2026-07-17 00:00:00,35,P,io2607P5200,5200.0,473.6,487.8,485.0,1,1,116,480.7000000000001,True,2026-06-12
2026-06-12 23:57:16.330738,io2607,2026-07-17 00:00:00,35,C,io2607C5300,5300.0,6.6,6.8,6.6,1,14,835,6.699999999999999,True,2026-06-12
2026-06-12 23:57:16.330738,io2607,2026-07-17 00:00:00,35,P,io2607P5300,5300.0,569.2,590.2,584.0,1,1,98,579.7,True,2026-06-12
2026-06-12 23:57:16.330738,io2607,2026-07-17 00:00:00,35,C,io2607C5400,5400.0,4.8,5.0,4.8,4,2,482,4.9,True,2026-06-12
2026-06-12 23:57:16.330738,io2607,2026-07-17 00:00:00,35,P,io2607P5400,5400.0,665.6,687.8,680.6,1,1,81,676.7,True,2026-06-12
2026-06-12 23:57:16.330738,io2607,2026-07-17 00:00:00,35,C,io2607C5500,5500.0,3.4,3.6,3.6,10,18,1084,3.5,True,2026-06-12
2026-06-12 23:57:16.330738,io2607,2026-07-17 00:00:00,35,P,io2607P5500,5500.0,762.4,786.0,768.0,1,1,117,774.2,True,2026-06-12
2026-06-12 23:57:16.330738,io2609,2026-09-18 00:00:00,98,C,io2609C3900,3900.0,776.6,803.4,783.0,1,1,156,790.0,True,2026-06-12
2026-06-12 23:57:16.330738,io2609,2026-09-18 00:00:00,98,P,io2609P3900,3900.0,17.8,18.2,17.8,1,1,538,18.0,True,2026-06-12
2026-06-12 23:57:16.330738,io2609,2026-09-18 00:00:00,98,C,io2609C4000,4000.0,684.6,710.4,705.0,1,1,305,697.5,True,2026-06-12
2026-06-12 23:57:16.330738,io2609,2026-09-18 00:00:00,98,P,io2609P4000,4000.0,23.0,24.8,23.6,1,1,1264,23.9,True,2026-06-12
2026-06-12 23:57:16.330738,io2609,2026-09-18 00:00:00,98,C,io2609C4100,4100.0,608.6,621.0,600.0,1,1,158,614.8,True,2026-06-12
2026-06-12 23:57:16.330738,io2609,2026-09-18 00:00:00,98,P,io2609P4100,4100.0,31.6,33.8,33.0,3,1,1025,32.7,True,2026-06-12
2026-06-12 23:57:16.330738,io2609,2026-09-18 00:00:00,98,C,io2609C4200,4200.0,511.2,529.8,513.0,1,2,369,520.5,True,2026-06-12
2026-06-12 23:57:16.330738,io2609,2026-09-18 00:00:00,98,P,io2609P4200,4200.0,43.8,45.6,45.2,1,1,802,44.7,True,2026-06-12
2026-06-12 23:57:16.330738,io2609,2026-09-18 00:00:00,98,C,io2609C4300,4300.0,428.4,447.0,431.2,1,2,233,437.7,True,2026-06-12
2026-06-12 23:57:16.330738,io2609,2026-09-18 00:00:00,98,P,io2609P4300,4300.0,58.2,61.2,61.4,3,1,880,59.7,True,2026-06-12
2026-06-12 23:57:16.330738,io2609,2026-09-18 00:00:00,98,C,io2609C4400,4400.0,352.0,370.4,358.8,1,1,570,361.2,True,2026-06-12
2026-06-12 23:57:16.330738,io2609,2026-09-18 00:00:00,98,P,io2609P4400,4400.0,85.2,87.2,85.0,1,2,931,86.2,True,2026-06-12
2026-06-12 23:57:16.330738,io2609,2026-09-18 00:00:00,98,C,io2609C4500,4500.0,291.6,300.2,291.6,1,1,1749,295.9,True,2026-06-12
2026-06-12 23:57:16.330738,io2609,2026-09-18 00:00:00,98,P,io2609P4500,4500.0,110.6,117.8,116.2,1,1,1116,114.2,True,2026-06-12
2026-06-12 23:57:16.330738,io2609,2026-09-18 00:00:00,98,C,io2609C4600,4600.0,232.0,237.2,228.0,1,2,1212,234.6,True,2026-06-12
2026-06-12 23:57:16.330738,io2609,2026-09-18 00:00:00,98,P,io2609P4600,4600.0,148.6,160.2,155.2,1,1,837,154.39999999999998,True,2026-06-12
2026-06-12 23:57:16.330738,io2609,2026-09-18 00:00:00,98,C,io2609C4700,4700.0,178.0,188.4,183.0,1,2,3390,183.2,True,2026-06-12
2026-06-12 23:57:16.330738,io2609,2026-09-18 00:00:00,98,P,io2609P4700,4700.0,198.4,208.8,206.0,1,1,740,203.6,True,2026-06-12
2026-06-12 23:57:16.330738,io2609,2026-09-18 00:00:00,98,C,io2609C4800,4800.0,139.8,140.0,135.2,1,2,1655,139.9,True,2026-06-12
2026-06-12 23:57:16.330738,io2609,2026-09-18 00:00:00,98,P,io2609P4800,4800.0,254.6,266.6,262.4,1,1,949,260.6,True,2026-06-12
2026-06-12 23:57:16.330738,io2609,2026-09-18 00:00:00,98,C,io2609C4900,4900.0,105.6,107.8,107.0,1,1,1400,106.7,True,2026-06-12
2026-06-12 23:57:16.330738,io2609,2026-09-18 00:00:00,98,P,io2609P4900,4900.0,320.0,338.2,330.2,1,1,664,329.1,True,2026-06-12
2026-06-12 23:57:16.330738,io2609,2026-09-18 00:00:00,98,C,io2609C5000,5000.0,81.6,85.6,83.0,4,1,2452,83.6,True,2026-06-12
2026-06-12 23:57:16.330738,io2609,2026-09-18 00:00:00,98,P,io2609P5000,5000.0,399.8,412.6,409.8,1,2,528,406.2000000000001,True,2026-06-12
2026-06-12 23:57:16.330738,io2609,2026-09-18 00:00:00,98,C,io2609C5200,5200.0,47.8,48.4,48.0,1,2,3707,48.1,True,2026-06-12
2026-06-12 23:57:16.330738,io2609,2026-09-18 00:00:00,98,P,io2609P5200,5200.0,558.0,581.4,569.4,1,1,231,569.7,True,2026-06-12
2026-06-12 23:57:16.330738,io2609,2026-09-18 00:00:00,98,C,io2609C5400,5400.0,30.0,31.0,31.0,12,2,4565,30.5,True,2026-06-12
2026-06-12 23:57:16.330738,io2609,2026-09-18 00:00:00,98,P,io2609P5400,5400.0,737.0,763.2,748.2,1,1,449,750.1,True,2026-06-12
2026-06-12 23:57:16.330738,io2609,2026-09-18 00:00:00,98,C,io2609C5600,5600.0,20.0,20.6,20.0,3,1,1136,20.3,True,2026-06-12
2026-06-12 23:57:16.330738,io2609,2026-09-18 00:00:00,98,P,io2609P5600,5600.0,921.8,950.0,944.0,1,1,211,935.9,True,2026-06-12
2026-06-12 23:57:16.330738,io2608,2026-08-21 00:00:00,70,C,io2608C4200,4200.0,489.0,503.0,460.4,1,1,9,496.0,True,2026-06-12
2026-06-12 23:57:16.330738,io2608,2026-08-21 00:00:00,70,P,io2608P4200,4200.0,30.6,32.6,31.0,2,1,381,31.6,True,2026-06-12
2026-06-12 23:57:16.330738,io2608,2026-08-21 00:00:00,70,C,io2608C4250,4250.0,444.4,459.4,418.0,1,1,9,451.9,True,2026-06-12
2026-06-12 23:57:16.330738,io2608,2026-08-21 00:00:00,70,P,io2608P4250,4250.0,36.2,37.6,32.6,1,4,209,36.900000000000006,True,2026-06-12
2026-06-12 23:57:16.330738,io2608,2026-08-21 00:00:00,70,C,io2608C4300,4300.0,401.6,416.6,377.0,1,1,45,409.1,True,2026-06-12
2026-06-12 23:57:16.330738,io2608,2026-08-21 00:00:00,70,P,io2608P4300,4300.0,41.8,43.0,41.4,1,1,1242,42.4,True,2026-06-12
2026-06-12 23:57:16.330738,io2608,2026-08-21 00:00:00,70,C,io2608C4350,4350.0,360.0,375.0,366.6,1,1,79,367.5,True,2026-06-12
2026-06-12 23:57:16.330738,io2608,2026-08-21 00:00:00,70,P,io2608P4350,4350.0,48.6,49.8,49.8,1,1,1483,49.2,True,2026-06-12
2026-06-12 23:57:16.330738,io2608,2026-08-21 00:00:00,70,C,io2608C4400,4400.0,350.8,365.8,352.0,1,2,34,358.3,True,2026-06-12
2026-06-12 23:57:16.330738,io2608,2026-08-21 00:00:00,70,P,io2608P4400,4400.0,55.8,58.2,56.2,1,1,486,57.0,True,2026-06-12
2026-06-12 23:57:16.330738,io2608,2026-08-21 00:00:00,70,C,io2608C4450,4450.0,311.2,326.2,308.4,1,1,36,318.7,True,2026-06-12
2026-06-12 23:57:16.330738,io2608,2026-08-21 00:00:00,70,P,io2608P4450,4450.0,66.2,70.2,66.8,1,1,211,68.2,True,2026-06-12
2026-06-12 23:57:16.330738,io2608,2026-08-21 00:00:00,70,C,io2608C4500,4500.0,273.8,288.8,271.8,1,1,27,281.3,True,2026-06-12
2026-06-12 23:57:16.330738,io2608,2026-08-21 00:00:00,70,P,io2608P4500,4500.0,78.4,82.6,79.4,1,1,165,80.5,True,2026-06-12
2026-06-12 23:57:16.330738,io2608,2026-08-21 00:00:00,70,C,io2608C4550,4550.0,241.8,249.8,250.6,1,1,26,245.8,True,2026-06-12
2026-06-12 23:57:16.330738,io2608,2026-08-21 00:00:00,70,P,io2608P4550,4550.0,93.2,97.4,96.4,1,1,138,95.3,True,2026-06-12
2026-06-12 23:57:16.330738,io2608,2026-08-21 00:00:00,70,C,io2608C4600,4600.0,209.2,217.2,217.8,1,1,41,213.2,True,2026-06-12
2026-06-12 23:57:16.330738,io2608,2026-08-21 00:00:00,70,P,io2608P4600,4600.0,108.8,114.6,115.2,1,1,87,111.7,True,2026-06-12
2026-06-12 23:57:16.330738,io2608,2026-08-21 00:00:00,70,C,io2608C4650,4650.0,179.6,187.6,181.4,1,1,35,183.6,True,2026-06-12
2026-06-12 23:57:16.330738,io2608,2026-08-21 00:00:00,70,P,io2608P4650,4650.0,129.0,137.0,127.0,1,1,84,133.0,True,2026-06-12
2026-06-12 23:57:16.330738,io2608,2026-08-21 00:00:00,70,C,io2608C4700,4700.0,152.8,160.8,155.2,1,1,57,156.8,True,2026-06-12
2026-06-12 23:57:16.330738,io2608,2026-08-21 00:00:00,70,P,io2608P4700,4700.0,151.8,159.8,158.4,1,1,100,155.8,True,2026-06-12
2026-06-12 23:57:16.330738,io2608,2026-08-21 00:00:00,70,C,io2608C4750,4750.0,129.0,137.0,132.0,1,1,47,133.0,True,2026-06-12
2026-06-12 23:57:16.330738,io2608,2026-08-21 00:00:00,70,P,io2608P4750,4750.0,177.8,185.8,187.2,1,1,70,181.8,True,2026-06-12
2026-06-12 23:57:16.330738,io2608,2026-08-21 00:00:00,70,C,io2608C4800,4800.0,110.4,115.8,110.0,2,1,155,113.1,True,2026-06-12
2026-06-12 23:57:16.330738,io2608,2026-08-21 00:00:00,70,P,io2608P4800,4800.0,206.6,214.6,210.2,1,1,76,210.6,True,2026-06-12
2026-06-12 23:57:16.330738,io2608,2026-08-21 00:00:00,70,C,io2608C4850,4850.0,91.8,96.4,94.2,2,1,173,94.1,True,2026-06-12
2026-06-12 23:57:16.330738,io2608,2026-08-21 00:00:00,70,P,io2608P4850,4850.0,264.2,277.8,288.0,1,1,59,271.0,True,2026-06-12
2026-06-12 23:57:16.330738,io2608,2026-08-21 00:00:00,70,C,io2608C4900,4900.0,77.0,79.8,79.8,1,1,420,78.4,True,2026-06-12
2026-06-12 23:57:16.330738,io2608,2026-08-21 00:00:00,70,P,io2608P4900,4900.0,271.0,284.2,261.0,1,1,90,277.6,True,2026-06-12
2026-06-12 23:57:16.330738,io2608,2026-08-21 00:00:00,70,C,io2608C4950,4950.0,63.8,68.0,64.8,1,1,153,65.9,True,2026-06-12
2026-06-12 23:57:16.330738,io2608,2026-08-21 00:00:00,70,P,io2608P4950,4950.0,306.0,321.0,317.6,1,1,28,313.5,True,2026-06-12
2026-06-12 23:57:16.330738,io2608,2026-08-21 00:00:00,70,C,io2608C5000,5000.0,54.8,55.8,55.8,2,1,326,55.3,True,2026-06-12
2026-06-12 23:57:16.330738,io2608,2026-08-21 00:00:00,70,P,io2608P5000,5000.0,344.8,359.8,356.8,1,1,53,352.3,True,2026-06-12
2026-06-12 23:57:16.330738,io2608,2026-08-21 00:00:00,70,C,io2608C5100,5100.0,38.6,39.6,39.8,1,1,337,39.1,True,2026-06-12
2026-06-12 23:57:16.330738,io2608,2026-08-21 00:00:00,70,P,io2608P5100,5100.0,428.2,443.2,440.2,1,1,48,435.7,True,2026-06-12
2026-06-12 23:57:16.330738,io2608,2026-08-21 00:00:00,70,C,io2608C5200,5200.0,27.4,27.6,27.6,1,3,423,27.5,True,2026-06-12
2026-06-12 23:57:16.330738,io2608,2026-08-21 00:00:00,70,P,io2608P5200,5200.0,515.2,534.2,528.6,1,1,24,524.7,True,2026-06-12
2026-06-12 23:57:16.330738,io2608,2026-08-21 00:00:00,70,C,io2608C5300,5300.0,20.6,21.4,21.0,1,3,133,21.0,True,2026-06-12
2026-06-12 23:57:16.330738,io2608,2026-08-21 00:00:00,70,P,io2608P5300,5300.0,601.8,631.8,620.4,1,1,64,616.8,True,2026-06-12
2026-06-12 23:57:16.330738,io2608,2026-08-21 00:00:00,70,C,io2608C5400,5400.0,15.4,16.2,16.0,1,1,93,15.8,True,2026-06-12
2026-06-12 23:57:16.330738,io2608,2026-08-21 00:00:00,70,P,io2608P5400,5400.0,696.8,726.8,720.2,1,1,49,711.8,True,2026-06-12
2026-06-12 23:57:16.330738,io2608,2026-08-21 00:00:00,70,C,io2608C5500,5500.0,11.4,12.6,12.6,1,1,179,12.0,True,2026-06-12
2026-06-12 23:57:16.330738,io2608,2026-08-21 00:00:00,70,P,io2608P5500,5500.0,793.2,823.2,791.0,1,1,25,808.2,True,2026-06-12
2026-06-12 23:57:16.330738,io2612,2026-12-18 00:00:00,189,C,io2612C3900,3900.0,731.2,770.2,768.6,2,1,192,750.7,True,2026-06-12
2026-06-12 23:57:16.330738,io2612,2026-12-18 00:00:00,189,P,io2612P3900,3900.0,45.8,46.8,46.0,2,3,895,46.3,True,2026-06-12
2026-06-12 23:57:16.330738,io2612,2026-12-18 00:00:00,189,C,io2612C4000,4000.0,645.0,684.2,684.2,1,1,146,664.6,True,2026-06-12
2026-06-12 23:57:16.330738,io2612,2026-12-18 00:00:00,189,P,io2612P4000,4000.0,56.2,62.4,56.2,2,2,335,59.3,True,2026-06-12
2026-06-12 23:57:16.330738,io2612,2026-12-18 00:00:00,189,C,io2612C4100,4100.0,562.4,590.2,590.0,1,1,239,576.3,True,2026-06-12
2026-06-12 23:57:16.330738,io2612,2026-12-18 00:00:00,189,P,io2612P4100,4100.0,73.4,79.0,77.0,1,1,1115,76.2,True,2026-06-12
2026-06-12 23:57:16.330738,io2612,2026-12-18 00:00:00,189,C,io2612C4200,4200.0,464.8,483.4,464.8,1,1,139,474.1,True,2026-06-12
2026-06-12 23:57:16.330738,io2612,2026-12-18 00:00:00,189,P,io2612P4200,4200.0,94.8,97.2,95.0,1,3,627,96.0,True,2026-06-12
2026-06-12 23:57:16.330738,io2612,2026-12-18 00:00:00,189,C,io2612C4300,4300.0,423.8,443.4,431.0,2,1,228,433.6,True,2026-06-12
2026-06-12 23:57:16.330738,io2612,2026-12-18 00:00:00,189,P,io2612P4300,4300.0,119.2,126.2,124.2,1,3,709,122.7,True,2026-06-12
2026-06-12 23:57:16.330738,io2612,2026-12-18 00:00:00,189,C,io2612C4400,4400.0,358.2,377.2,369.0,2,1,372,367.7,True,2026-06-12
2026-06-12 23:57:16.330738,io2612,2026-12-18 00:00:00,189,P,io2612P4400,4400.0,153.6,163.0,156.0,2,1,853,158.3,True,2026-06-12
2026-06-12 23:57:16.330738,io2612,2026-12-18 00:00:00,189,C,io2612C4500,4500.0,299.8,318.8,310.0,1,1,1111,309.3,True,2026-06-12
2026-06-12 23:57:16.330738,io2612,2026-12-18 00:00:00,189,P,io2612P4500,4500.0,193.0,202.8,197.6,1,1,986,197.9,True,2026-06-12
2026-06-12 23:57:16.330738,io2612,2026-12-18 00:00:00,189,C,io2612C4600,4600.0,252.8,264.4,258.0,1,1,1044,258.6,True,2026-06-12
2026-06-12 23:57:16.330738,io2612,2026-12-18 00:00:00,189,P,io2612P4600,4600.0,242.0,250.6,250.0,1,1,751,246.3,True,2026-06-12
2026-06-12 23:57:16.330738,io2612,2026-12-18 00:00:00,189,C,io2612C4700,4700.0,210.4,221.0,215.8,1,1,961,215.7,True,2026-06-12
2026-06-12 23:57:16.330738,io2612,2026-12-18 00:00:00,189,P,io2612P4700,4700.0,292.4,310.8,301.6,1,1,588,301.6,True,2026-06-12
2026-06-12 23:57:16.330738,io2612,2026-12-18 00:00:00,189,C,io2612C4800,4800.0,173.6,181.0,178.0,1,6,707,177.3,True,2026-06-12
2026-06-12 23:57:16.330738,io2612,2026-12-18 00:00:00,189,P,io2612P4800,4800.0,353.6,373.0,365.0,1,1,492,363.3,True,2026-06-12
2026-06-12 23:57:16.330738,io2612,2026-12-18 00:00:00,189,C,io2612C4900,4900.0,143.2,155.6,150.6,2,1,537,149.39999999999998,True,2026-06-12
2026-06-12 23:57:16.330738,io2612,2026-12-18 00:00:00,189,P,io2612P4900,4900.0,423.8,441.4,434.4,1,1,188,432.6,True,2026-06-12
2026-06-12 23:57:16.330738,io2612,2026-12-18 00:00:00,189,C,io2612C5000,5000.0,122.4,130.2,124.0,1,1,546,126.3,True,2026-06-12
2026-06-12 23:57:16.330738,io2612,2026-12-18 00:00:00,189,P,io2612P5000,5000.0,500.0,518.2,508.8,2,1,208,509.1,True,2026-06-12
2026-06-12 23:57:16.330738,io2612,2026-12-18 00:00:00,189,C,io2612C5200,5200.0,86.4,92.6,91.2,1,3,782,89.5,True,2026-06-12
2026-06-12 23:57:16.330738,io2612,2026-12-18 00:00:00,189,P,io2612P5200,5200.0,648.8,689.6,669.2,1,1,264,669.2,True,2026-06-12
2026-06-12 23:57:16.330738,io2612,2026-12-18 00:00:00,189,C,io2612C5400,5400.0,63.6,69.0,68.2,1,1,1462,66.3,True,2026-06-12
2026-06-12 23:57:16.330738,io2612,2026-12-18 00:00:00,189,P,io2612P5400,5400.0,825.2,864.2,846.2,1,1,483,844.7,True,2026-06-12
2026-06-12 23:57:16.330738,io2612,2026-12-18 00:00:00,189,C,io2612C5600,5600.0,47.6,50.2,49.2,1,3,632,48.900000000000006,True,2026-06-12
2026-06-12 23:57:16.330738,io2612,2026-12-18 00:00:00,189,P,io2612P5600,5600.0,1005.0,1045.4,1026.2,1,1,156,1025.2,True,2026-06-12
2026-06-12 23:57:16.330738,io2703,2027-03-19 00:00:00,280,C,io2703C3900,3900.0,733.8,773.2,761.2,1,1,266,753.5,True,2026-06-12
2026-06-12 23:57:16.330738,io2703,2027-03-19 00:00:00,280,P,io2703P3900,3900.0,75.6,78.0,77.4,1,1,850,76.8,True,2026-06-12
2026-06-12 23:57:16.330738,io2703,2027-03-19 00:00:00,280,C,io2703C4000,4000.0,653.0,693.4,674.0,1,1,172,673.2,True,2026-06-12
2026-06-12 23:57:16.330738,io2703,2027-03-19 00:00:00,280,P,io2703P4000,4000.0,92.4,97.0,91.8,1,2,338,94.7,True,2026-06-12
2026-06-12 23:57:16.330738,io2703,2027-03-19 00:00:00,280,C,io2703C4100,4100.0,576.4,616.6,590.2,1,1,114,596.5,True,2026-06-12
2026-06-12 23:57:16.330738,io2703,2027-03-19 00:00:00,280,P,io2703P4100,4100.0,111.0,121.8,118.6,1,1,1066,116.4,True,2026-06-12
2026-06-12 23:57:16.330738,io2703,2027-03-19 00:00:00,280,C,io2703C4200,4200.0,471.4,485.4,471.2,1,1,120,478.4,True,2026-06-12
2026-06-12 23:57:16.330738,io2703,2027-03-19 00:00:00,280,P,io2703P4200,4200.0,138.6,148.2,143.2,1,1,345,143.39999999999998,True,2026-06-12
2026-06-12 23:57:16.330738,io2703,2027-03-19 00:00:00,280,C,io2703C4300,4300.0,449.4,468.8,454.4,1,1,112,459.1,True,2026-06-12
2026-06-12 23:57:16.330738,io2703,2027-03-19 00:00:00,280,P,io2703P4300,4300.0,169.8,180.2,175.4,1,1,173,175.0,True,2026-06-12
2026-06-12 23:57:16.330738,io2703,2027-03-19 00:00:00,280,C,io2703C4400,4400.0,388.8,407.8,405.4,1,1,249,398.3,True,2026-06-12
2026-06-12 23:57:16.330738,io2703,2027-03-19 00:00:00,280,P,io2703P4400,4400.0,207.4,218.2,208.0,2,1,369,212.8,True,2026-06-12
2026-06-12 23:57:16.330738,io2703,2027-03-19 00:00:00,280,C,io2703C4500,4500.0,334.4,353.4,342.0,1,1,264,343.9,True,2026-06-12
2026-06-12 23:57:16.330738,io2703,2027-03-19 00:00:00,280,P,io2703P4500,4500.0,251.4,262.8,253.0,1,1,221,257.1,True,2026-06-12
2026-06-12 23:57:16.330738,io2703,2027-03-19 00:00:00,280,C,io2703C4600,4600.0,286.8,306.0,306.2,1,1,153,296.4,True,2026-06-12
2026-06-12 23:57:16.330738,io2703,2027-03-19 00:00:00,280,P,io2703P4600,4600.0,297.6,317.8,300.0,2,1,185,307.70000000000005,True,2026-06-12
2026-06-12 23:57:16.330738,io2703,2027-03-19 00:00:00,280,C,io2703C4700,4700.0,250.0,260.2,255.6,2,1,174,255.1,True,2026-06-12
2026-06-12 23:57:16.330738,io2703,2027-03-19 00:00:00,280,P,io2703P4700,4700.0,353.4,374.4,359.6,2,1,116,363.9,True,2026-06-12
2026-06-12 23:57:16.330738,io2703,2027-03-19 00:00:00,280,C,io2703C4800,4800.0,214.2,223.8,221.4,1,1,201,219.0,True,2026-06-12
2026-06-12 23:57:16.330738,io2703,2027-03-19 00:00:00,280,P,io2703P4800,4800.0,415.8,436.8,426.6,2,2,164,426.3,True,2026-06-12
2026-06-12 23:57:16.330738,io2703,2027-03-19 00:00:00,280,C,io2703C4900,4900.0,183.2,193.4,194.4,1,1,122,188.3,True,2026-06-12
2026-06-12 23:57:16.330738,io2703,2027-03-19 00:00:00,280,P,io2703P4900,4900.0,484.2,504.0,487.2,1,1,196,494.1,True,2026-06-12
2026-06-12 23:57:16.330738,io2703,2027-03-19 00:00:00,280,C,io2703C5000,5000.0,156.8,168.2,162.8,3,1,209,162.5,True,2026-06-12
2026-06-12 23:57:16.330738,io2703,2027-03-19 00:00:00,280,P,io2703P5000,5000.0,546.0,588.2,557.0,1,2,112,567.1,True,2026-06-12
2026-06-12 23:57:16.330738,io2703,2027-03-19 00:00:00,280,C,io2703C5200,5200.0,120.0,127.6,129.8,1,1,328,123.8,True,2026-06-12
2026-06-12 23:57:16.330738,io2703,2027-03-19 00:00:00,280,P,io2703P5200,5200.0,703.4,743.4,712.2,1,1,172,723.4,True,2026-06-12
2026-06-12 23:57:16.330738,io2703,2027-03-19 00:00:00,280,C,io2703C5400,5400.0,90.0,95.8,95.2,3,1,239,92.9,True,2026-06-12
2026-06-12 23:57:16.330738,io2703,2027-03-19 00:00:00,280,P,io2703P5400,5400.0,872.0,911.0,893.4,1,1,180,891.5,True,2026-06-12
2026-06-12 23:57:16.330738,io2703,2027-03-19 00:00:00,280,C,io2703C5600,5600.0,70.0,74.6,70.8,1,1,507,72.3,True,2026-06-12
2026-06-12 23:57:16.330738,io2703,2027-03-19 00:00:00,280,P,io2703P5600,5600.0,1045.8,1087.4,1069.6,1,1,212,1066.6,True,2026-06-12
2026-06-15 23:47:47.791300,io2606,2026-06-22 00:00:00,7,C,io2606C3400,3400.0,1463.6,1491.2,1449.8,1,1,163,1477.4,True,2026-06-15
2026-06-15 23:47:47.791300,io2606,2026-06-22 00:00:00,7,P,io2606P3400,3400.0,0.2,0.4,0.4,39,33,1458,0.3,True,2026-06-15
2026-06-15 23:47:47.791300,io2606,2026-06-22 00:00:00,7,C,io2606C3500,3500.0,1364.2,1390.4,1345.6,1,1,148,1377.3000000000002,True,2026-06-15
2026-06-15 23:47:47.791300,io2606,2026-06-22 00:00:00,7,P,io2606P3500,3500.0,0.2,0.4,0.4,29,1,510,0.3,True,2026-06-15
2026-06-15 23:47:47.791300,io2606,2026-06-22 00:00:00,7,C,io2606C3600,3600.0,1264.8,1290.0,1250.0,1,1,156,1277.4,True,2026-06-15
2026-06-15 23:47:47.791300,io2606,2026-06-22 00:00:00,7,P,io2606P3600,3600.0,0.2,0.4,0.4,21,2,483,0.3,True,2026-06-15
2026-06-15 23:47:47.791300,io2606,2026-06-22 00:00:00,7,C,io2606C3700,3700.0,1054.6,1077.2,1074.6,1,1,185,1065.9,True,2026-06-15
2026-06-15 23:47:47.791300,io2606,2026-06-22 00:00:00,7,P,io2606P3700,3700.0,0.2,0.4,0.2,23,4,321,0.3,True,2026-06-15
2026-06-15 23:47:47.791300,io2606,2026-06-22 00:00:00,7,C,io2606C3800,3800.0,1066.0,1088.8,1051.0,1,1,145,1077.4,True,2026-06-15
2026-06-15 23:47:47.791300,io2606,2026-06-22 00:00:00,7,P,io2606P3800,3800.0,0.2,0.4,0.2,14,39,822,0.3,True,2026-06-15
2026-06-15 23:47:47.791300,io2606,2026-06-22 00:00:00,7,C,io2606C3900,3900.0,967.2,988.2,952.8,1,1,148,977.7,True,2026-06-15
2026-06-15 23:47:47.791300,io2606,2026-06-22 00:00:00,7,P,io2606P3900,3900.0,0.2,0.4,0.2,47,14,381,0.3,True,2026-06-15
2026-06-15 23:47:47.791300,io2606,2026-06-22 00:00:00,7,C,io2606C3950,3950.0,917.2,938.0,907.8,1,1,116,927.6,True,2026-06-15
2026-06-15 23:47:47.791300,io2606,2026-06-22 00:00:00,7,P,io2606P3950,3950.0,0.0,0.2,0.2,0,10,232,0.1,False,2026-06-15
2026-06-15 23:47:47.791300,io2606,2026-06-22 00:00:00,7,C,io2606C4000,4000.0,867.2,887.2,858.0,2,1,141,877.2,True,2026-06-15
2026-06-15 23:47:47.791300,io2606,2026-06-22 00:00:00,7,P,io2606P4000,4000.0,0.2,0.4,0.4,16,1,1170,0.3,True,2026-06-15
2026-06-15 23:47:47.791300,io2606,2026-06-22 00:00:00,7,C,io2606C4050,4050.0,817.8,835.8,791.2,1,1,112,826.8,True,2026-06-15
2026-06-15 23:47:47.791300,io2606,2026-06-22 00:00:00,7,P,io2606P4050,4050.0,0.2,0.4,0.4,17,3,136,0.3,True,2026-06-15
2026-06-15 23:47:47.791300,io2606,2026-06-22 00:00:00,7,C,io2606C4100,4100.0,768.0,786.6,766.6,1,1,132,777.3,True,2026-06-15
2026-06-15 23:47:47.791300,io2606,2026-06-22 00:00:00,7,P,io2606P4100,4100.0,0.2,0.4,0.2,17,6,397,0.3,True,2026-06-15
2026-06-15 23:47:47.791300,io2606,2026-06-22 00:00:00,7,C,io2606C4150,4150.0,609.2,625.8,630.8,1,1,101,617.5,True,2026-06-15
2026-06-15 23:47:47.791300,io2606,2026-06-22 00:00:00,7,P,io2606P4150,4150.0,0.2,0.4,0.2,73,3,209,0.3,True,2026-06-15
2026-06-15 23:47:47.791300,io2606,2026-06-22 00:00:00,7,C,io2606C4200,4200.0,668.6,686.0,658.0,1,1,129,677.3,True,2026-06-15
2026-06-15 23:47:47.791300,io2606,2026-06-22 00:00:00,7,P,io2606P4200,4200.0,0.2,0.4,0.4,105,21,1094,0.3,True,2026-06-15
2026-06-15 23:47:47.791300,io2606,2026-06-22 00:00:00,7,C,io2606C4250,4250.0,619.0,636.0,601.6,1,1,75,627.5,True,2026-06-15
2026-06-15 23:47:47.791300,io2606,2026-06-22 00:00:00,7,P,io2606P4250,4250.0,0.2,0.4,0.4,60,2,339,0.3,True,2026-06-15
2026-06-15 23:47:47.791300,io2606,2026-06-22 00:00:00,7,C,io2606C4300,4300.0,569.2,585.6,565.0,1,1,260,577.4000000000001,True,2026-06-15
2026-06-15 23:47:47.791300,io2606,2026-06-22 00:00:00,7,P,io2606P4300,4300.0,0.2,0.4,0.4,23,3,801,0.3,True,2026-06-15
2026-06-15 23:47:47.791300,io2606,2026-06-22 00:00:00,7,C,io2606C4350,4350.0,520.0,535.6,500.0,1,1,80,527.8,True,2026-06-15
2026-06-15 23:47:47.791300,io2606,2026-06-22 00:00:00,7,P,io2606P4350,4350.0,0.2,0.6,0.6,114,16,665,0.4,True,2026-06-15
2026-06-15 23:47:47.791300,io2606,2026-06-22 00:00:00,7,C,io2606C4400,4400.0,474.2,480.0,472.8,2,1,593,477.1,True,2026-06-15
2026-06-15 23:47:47.791300,io2606,2026-06-22 00:00:00,7,P,io2606P4400,4400.0,0.4,0.6,0.6,21,4,2207,0.5,True,2026-06-15
2026-06-15 23:47:47.791300,io2606,2026-06-22 00:00:00,7,C,io2606C4450,4450.0,424.2,430.4,418.0,2,1,263,427.3,True,2026-06-15
2026-06-15 23:47:47.791300,io2606,2026-06-22 00:00:00,7,P,io2606P4450,4450.0,0.6,0.8,0.6,28,15,1503,0.7,True,2026-06-15
2026-06-15 23:47:47.791300,io2606,2026-06-22 00:00:00,7,C,io2606C4500,4500.0,377.8,380.6,370.6,1,1,959,379.2000000000001,True,2026-06-15
2026-06-15 23:47:47.791300,io2606,2026-06-22 00:00:00,7,P,io2606P4500,4500.0,0.8,1.0,0.8,4,14,3909,0.9,True,2026-06-15
2026-06-15 23:47:47.791300,io2606,2026-06-22 00:00:00,7,C,io2606C4550,4550.0,328.2,330.8,320.6,1,1,353,329.5,True,2026-06-15
2026-06-15 23:47:47.791300,io2606,2026-06-22 00:00:00,7,P,io2606P4550,4550.0,0.8,1.0,0.8,1,6,1502,0.9,True,2026-06-15
2026-06-15 23:47:47.791300,io2606,2026-06-22 00:00:00,7,C,io2606C4600,4600.0,278.0,279.0,278.4,1,1,1835,278.5,True,2026-06-15
2026-06-15 23:47:47.791300,io2606,2026-06-22 00:00:00,7,P,io2606P4600,4600.0,1.2,1.4,1.4,20,18,3243,1.2999999999999998,True,2026-06-15
2026-06-15 23:47:47.791300,io2606,2026-06-22 00:00:00,7,C,io2606C4650,4650.0,229.6,232.6,229.6,2,1,619,231.1,True,2026-06-15
2026-06-15 23:47:47.791300,io2606,2026-06-22 00:00:00,7,P,io2606P4650,4650.0,2.0,2.2,2.2,29,1,1841,2.1,True,2026-06-15
2026-06-15 23:47:47.791300,io2606,2026-06-22 00:00:00,7,C,io2606C4700,4700.0,180.8,181.0,180.8,1,4,2602,180.9,True,2026-06-15
2026-06-15 23:47:47.791300,io2606,2026-06-22 00:00:00,7,P,io2606P4700,4700.0,3.6,3.8,3.8,20,31,4027,3.7,True,2026-06-15
2026-06-15 23:47:47.791300,io2606,2026-06-22 00:00:00,7,C,io2606C4750,4750.0,133.6,134.0,134.0,1,2,1533,133.8,True,2026-06-15
2026-06-15 23:47:47.791300,io2606,2026-06-22 00:00:00,7,P,io2606P4750,4750.0,7.2,7.4,7.2,7,5,2932,7.300000000000001,True,2026-06-15
2026-06-15 23:47:47.791300,io2606,2026-06-22 00:00:00,7,C,io2606C4800,4800.0,95.0,95.2,95.0,4,1,4009,95.1,True,2026-06-15
2026-06-15 23:47:47.791300,io2606,2026-06-22 00:00:00,7,P,io2606P4800,4800.0,14.8,15.2,15.2,19,1,4109,15.0,True,2026-06-15
2026-06-15 23:47:47.791300,io2606,2026-06-22 00:00:00,7,C,io2606C4850,4850.0,58.6,59.4,59.2,1,1,3604,59.0,True,2026-06-15
2026-06-15 23:47:47.791300,io2606,2026-06-22 00:00:00,7,P,io2606P4850,4850.0,29.8,30.0,30.0,20,8,3112,29.9,True,2026-06-15
2026-06-15 23:47:47.791300,io2606,2026-06-22 00:00:00,7,C,io2606C4900,4900.0,31.4,31.6,31.4,2,21,5611,31.5,True,2026-06-15
2026-06-15 23:47:47.791300,io2606,2026-06-22 00:00:00,7,P,io2606P4900,4900.0,53.4,54.0,53.8,1,6,2269,53.7,True,2026-06-15
2026-06-15 23:47:47.791300,io2606,2026-06-22 00:00:00,7,C,io2606C4950,4950.0,16.4,16.6,16.4,10,1,4135,16.5,True,2026-06-15
2026-06-15 23:47:47.791300,io2606,2026-06-22 00:00:00,7,P,io2606P4950,4950.0,87.2,88.8,88.8,1,1,1353,88.0,True,2026-06-15
2026-06-15 23:47:47.791300,io2606,2026-06-22 00:00:00,7,C,io2606C5000,5000.0,8.4,8.6,8.4,18,13,7394,8.5,True,2026-06-15
2026-06-15 23:47:47.791300,io2606,2026-06-22 00:00:00,7,P,io2606P5000,5000.0,127.8,130.8,127.8,1,1,989,129.3,True,2026-06-15
2026-06-15 23:47:47.791300,io2606,2026-06-22 00:00:00,7,C,io2606C5100,5100.0,2.6,2.8,2.6,3,1,3942,2.7,True,2026-06-15
2026-06-15 23:47:47.791300,io2606,2026-06-22 00:00:00,7,P,io2606P5100,5100.0,222.8,225.4,225.4,1,1,472,224.1,True,2026-06-15
2026-06-15 23:47:47.791300,io2606,2026-06-22 00:00:00,7,C,io2606C5200,5200.0,1.2,1.4,1.4,5,10,3819,1.2999999999999998,True,2026-06-15
2026-06-15 23:47:47.791300,io2606,2026-06-22 00:00:00,7,P,io2606P5200,5200.0,320.6,323.6,329.8,1,1,486,322.1,True,2026-06-15
2026-06-15 23:47:47.791300,io2606,2026-06-22 00:00:00,7,C,io2606C5300,5300.0,0.6,0.8,0.8,15,29,1489,0.7,True,2026-06-15
2026-06-15 23:47:47.791300,io2606,2026-06-22 00:00:00,7,P,io2606P5300,5300.0,420.8,426.4,439.4,1,1,86,423.6,True,2026-06-15
2026-06-15 23:47:47.791300,io2606,2026-06-22 00:00:00,7,C,io2606C5400,5400.0,0.4,0.6,0.6,88,9,4787,0.5,True,2026-06-15
2026-06-15 23:47:47.791300,io2606,2026-06-22 00:00:00,7,P,io2606P5400,5400.0,514.8,526.0,528.2,1,1,405,520.4,True,2026-06-15
2026-06-15 23:47:47.791300,io2606,2026-06-22 00:00:00,7,C,io2606C5500,5500.0,0.2,0.4,0.2,101,29,1778,0.3,True,2026-06-15
2026-06-15 23:47:47.791300,io2606,2026-06-22 00:00:00,7,P,io2606P5500,5500.0,614.0,630.8,644.4,1,1,133,622.4,True,2026-06-15
2026-06-15 23:47:47.791300,io2607,2026-07-17 00:00:00,32,C,io2607C4200,4200.0,631.2,652.8,625.2,1,1,35,642.0,True,2026-06-15
2026-06-15 23:47:47.791300,io2607,2026-07-17 00:00:00,32,P,io2607P4200,4200.0,3.0,3.2,3.2,1,1,403,3.1,True,2026-06-15
2026-06-15 23:47:47.791300,io2607,2026-07-17 00:00:00,32,C,io2607C4250,4250.0,477.6,492.6,483.8,1,1,52,485.1,True,2026-06-15
2026-06-15 23:47:47.791300,io2607,2026-07-17 00:00:00,32,P,io2607P4250,4250.0,3.8,4.0,4.0,2,1,918,3.9,True,2026-06-15
2026-06-15 23:47:47.791300,io2607,2026-07-17 00:00:00,32,C,io2607C4300,4300.0,534.0,554.6,506.8,1,1,92,544.3,True,2026-06-15
2026-06-15 23:47:47.791300,io2607,2026-07-17 00:00:00,32,P,io2607P4300,4300.0,5.0,5.4,5.2,5,2,732,5.2,True,2026-06-15
2026-06-15 23:47:47.791300,io2607,2026-07-17 00:00:00,32,C,io2607C4350,4350.0,488.8,496.0,493.0,1,1,42,492.4,True,2026-06-15
2026-06-15 23:47:47.791300,io2607,2026-07-17 00:00:00,32,P,io2607P4350,4350.0,6.6,6.8,6.6,1,1,809,6.699999999999999,True,2026-06-15
2026-06-15 23:47:47.791300,io2607,2026-07-17 00:00:00,32,C,io2607C4400,4400.0,440.8,455.8,427.2,1,1,190,448.3,True,2026-06-15
2026-06-15 23:47:47.791300,io2607,2026-07-17 00:00:00,32,P,io2607P4400,4400.0,8.8,9.4,8.8,3,7,1381,9.1,True,2026-06-15
2026-06-15 23:47:47.791300,io2607,2026-07-17 00:00:00,32,C,io2607C4450,4450.0,393.2,408.2,389.2,1,1,58,400.7,True,2026-06-15
2026-06-15 23:47:47.791300,io2607,2026-07-17 00:00:00,32,P,io2607P4450,4450.0,10.8,11.4,10.8,7,1,1111,11.1,True,2026-06-15
2026-06-15 23:47:47.791300,io2607,2026-07-17 00:00:00,32,C,io2607C4500,4500.0,348.0,362.4,349.0,1,1,238,355.2,True,2026-06-15
2026-06-15 23:47:47.791300,io2607,2026-07-17 00:00:00,32,P,io2607P4500,4500.0,15.4,16.0,15.4,8,4,1669,15.7,True,2026-06-15
2026-06-15 23:47:47.791300,io2607,2026-07-17 00:00:00,32,C,io2607C4550,4550.0,301.8,316.8,309.0,1,1,181,309.3,True,2026-06-15
2026-06-15 23:47:47.791300,io2607,2026-07-17 00:00:00,32,P,io2607P4550,4550.0,20.2,20.8,20.2,5,2,1162,20.5,True,2026-06-15
2026-06-15 23:47:47.791300,io2607,2026-07-17 00:00:00,32,C,io2607C4600,4600.0,264.6,266.0,266.0,2,1,497,265.3,True,2026-06-15
2026-06-15 23:47:47.791300,io2607,2026-07-17 00:00:00,32,P,io2607P4600,4600.0,26.8,27.6,27.0,1,1,1303,27.200000000000003,True,2026-06-15
2026-06-15 23:47:47.791300,io2607,2026-07-17 00:00:00,32,C,io2607C4650,4650.0,221.4,229.4,223.4,1,1,441,225.4,True,2026-06-15
2026-06-15 23:47:47.791300,io2607,2026-07-17 00:00:00,32,P,io2607P4650,4650.0,34.4,36.0,34.4,2,1,1304,35.2,True,2026-06-15
2026-06-15 23:47:47.791300,io2607,2026-07-17 00:00:00,32,C,io2607C4700,4700.0,187.0,188.2,187.2,1,1,1190,187.6,True,2026-06-15
2026-06-15 23:47:47.791300,io2607,2026-07-17 00:00:00,32,P,io2607P4700,4700.0,47.6,48.0,48.2,1,1,1902,47.8,True,2026-06-15
2026-06-15 23:47:47.791300,io2607,2026-07-17 00:00:00,32,C,io2607C4750,4750.0,150.0,154.0,152.0,1,1,1090,152.0,True,2026-06-15
2026-06-15 23:47:47.791300,io2607,2026-07-17 00:00:00,32,P,io2607P4750,4750.0,65.2,65.6,65.2,1,12,1194,65.4,True,2026-06-15
2026-06-15 23:47:47.791300,io2607,2026-07-17 00:00:00,32,C,io2607C4800,4800.0,123.4,124.0,123.6,2,1,2310,123.7,True,2026-06-15
2026-06-15 23:47:47.791300,io2607,2026-07-17 00:00:00,32,P,io2607P4800,4800.0,82.6,84.4,84.2,1,5,1785,83.5,True,2026-06-15
2026-06-15 23:47:47.791300,io2607,2026-07-17 00:00:00,32,C,io2607C4850,4850.0,97.8,98.6,97.8,1,1,1432,98.2,True,2026-06-15
2026-06-15 23:47:47.791300,io2607,2026-07-17 00:00:00,32,P,io2607P4850,4850.0,109.6,111.0,109.6,1,1,1243,110.3,True,2026-06-15
2026-06-15 23:47:47.791300,io2607,2026-07-17 00:00:00,32,C,io2607C4900,4900.0,74.8,76.8,76.6,6,2,3934,75.8,True,2026-06-15
2026-06-15 23:47:47.791300,io2607,2026-07-17 00:00:00,32,P,io2607P4900,4900.0,131.0,140.4,132.4,1,1,909,135.7,True,2026-06-15
2026-06-15 23:47:47.791300,io2607,2026-07-17 00:00:00,32,C,io2607C4950,4950.0,59.4,59.8,59.6,2,1,6290,59.6,True,2026-06-15
2026-06-15 23:47:47.791300,io2607,2026-07-17 00:00:00,32,P,io2607P4950,4950.0,165.0,173.0,170.8,1,1,692,169.0,True,2026-06-15
2026-06-15 23:47:47.791300,io2607,2026-07-17 00:00:00,32,C,io2607C5000,5000.0,45.2,45.8,45.8,14,19,3847,45.5,True,2026-06-15
2026-06-15 23:47:47.791300,io2607,2026-07-17 00:00:00,32,P,io2607P5000,5000.0,206.0,208.6,220.4,1,1,280,207.3,True,2026-06-15
2026-06-15 23:47:47.791300,io2607,2026-07-17 00:00:00,32,C,io2607C5100,5100.0,25.4,26.2,26.2,2,8,3143,25.8,True,2026-06-15
2026-06-15 23:47:47.791300,io2607,2026-07-17 00:00:00,32,P,io2607P5100,5100.0,278.6,293.2,292.0,1,1,162,285.9,True,2026-06-15
2026-06-15 23:47:47.791300,io2607,2026-07-17 00:00:00,32,C,io2607C5200,5200.0,15.4,15.8,15.8,1,9,2009,15.6,True,2026-06-15
2026-06-15 23:47:47.791300,io2607,2026-07-17 00:00:00,32,P,io2607P5200,5200.0,367.2,382.2,397.4,1,1,113,374.7,True,2026-06-15
2026-06-15 23:47:47.791300,io2607,2026-07-17 00:00:00,32,C,io2607C5300,5300.0,9.8,10.0,9.8,3,3,993,9.9,True,2026-06-15
2026-06-15 23:47:47.791300,io2607,2026-07-17 00:00:00,32,P,io2607P5300,5300.0,461.0,476.0,513.0,1,1,114,468.5,True,2026-06-15
2026-06-15 23:47:47.791300,io2607,2026-07-17 00:00:00,32,C,io2607C5400,5400.0,6.2,6.6,6.4,3,1,620,6.4,True,2026-06-15
2026-06-15 23:47:47.791300,io2607,2026-07-17 00:00:00,32,P,io2607P5400,5400.0,555.4,576.2,582.2,1,1,70,565.8,True,2026-06-15
2026-06-15 23:47:47.791300,io2607,2026-07-17 00:00:00,32,C,io2607C5500,5500.0,4.0,4.4,4.2,4,3,1151,4.2,True,2026-06-15
2026-06-15 23:47:47.791300,io2607,2026-07-17 00:00:00,32,P,io2607P5500,5500.0,652.8,674.8,716.0,1,1,117,663.8,True,2026-06-15
2026-06-15 23:47:47.791300,io2609,2026-09-18 00:00:00,95,C,io2609C3900,3900.0,886.2,912.4,872.2,1,1,161,899.3,True,2026-06-15
2026-06-15 23:47:47.791300,io2609,2026-09-18 00:00:00,95,P,io2609P3900,3900.0,11.8,13.0,12.0,1,5,540,12.4,True,2026-06-15
2026-06-15 23:47:47.791300,io2609,2026-09-18 00:00:00,95,C,io2609C4000,4000.0,792.4,817.4,784.0,1,1,282,804.9,True,2026-06-15
2026-06-15 23:47:47.791300,io2609,2026-09-18 00:00:00,95,P,io2609P4000,4000.0,16.6,17.2,16.8,1,2,1320,16.9,True,2026-06-15
2026-06-15 23:47:47.791300,io2609,2026-09-18 00:00:00,95,C,io2609C4100,4100.0,700.0,712.8,703.8,1,1,159,706.4,True,2026-06-15
2026-06-15 23:47:47.791300,io2609,2026-09-18 00:00:00,95,P,io2609P4100,4100.0,22.2,24.8,23.8,5,1,1024,23.5,True,2026-06-15
2026-06-15 23:47:47.791300,io2609,2026-09-18 00:00:00,95,C,io2609C4200,4200.0,609.8,619.8,609.8,1,1,365,614.8,True,2026-06-15
2026-06-15 23:47:47.791300,io2609,2026-09-18 00:00:00,95,P,io2609P4200,4200.0,31.0,33.0,31.0,2,2,842,32.0,True,2026-06-15
2026-06-15 23:47:47.791300,io2609,2026-09-18 00:00:00,95,C,io2609C4300,4300.0,522.6,540.6,530.0,1,1,233,531.6,True,2026-06-15
2026-06-15 23:47:47.791300,io2609,2026-09-18 00:00:00,95,P,io2609P4300,4300.0,43.2,45.8,43.2,3,1,859,44.5,True,2026-06-15
2026-06-15 23:47:47.791300,io2609,2026-09-18 00:00:00,95,C,io2609C4400,4400.0,444.6,456.0,447.4,1,1,564,450.3,True,2026-06-15
2026-06-15 23:47:47.791300,io2609,2026-09-18 00:00:00,95,P,io2609P4400,4400.0,58.8,62.6,59.2,1,2,868,60.7,True,2026-06-15
2026-06-15 23:47:47.791300,io2609,2026-09-18 00:00:00,95,C,io2609C4500,4500.0,372.8,380.0,372.0,3,1,1724,376.4,True,2026-06-15
2026-06-15 23:47:47.791300,io2609,2026-09-18 00:00:00,95,P,io2609P4500,4500.0,82.2,82.8,86.2,2,1,1151,82.5,True,2026-06-15
2026-06-15 23:47:47.791300,io2609,2026-09-18 00:00:00,95,C,io2609C4600,4600.0,299.6,313.0,306.4,1,1,1248,306.3,True,2026-06-15
2026-06-15 23:47:47.791300,io2609,2026-09-18 00:00:00,95,P,io2609P4600,4600.0,111.4,115.6,115.4,1,1,882,113.5,True,2026-06-15
2026-06-15 23:47:47.791300,io2609,2026-09-18 00:00:00,95,C,io2609C4700,4700.0,246.0,248.8,247.8,1,1,3772,247.4,True,2026-06-15
2026-06-15 23:47:47.791300,io2609,2026-09-18 00:00:00,95,P,io2609P4700,4700.0,150.6,156.2,155.6,1,1,1093,153.39999999999998,True,2026-06-15
2026-06-15 23:47:47.791300,io2609,2026-09-18 00:00:00,95,C,io2609C4800,4800.0,191.4,197.2,197.2,1,2,1809,194.3,True,2026-06-15
2026-06-15 23:47:47.791300,io2609,2026-09-18 00:00:00,95,P,io2609P4800,4800.0,198.4,205.2,204.6,1,1,968,201.8,True,2026-06-15
2026-06-15 23:47:47.791300,io2609,2026-09-18 00:00:00,95,C,io2609C4900,4900.0,150.0,151.6,151.6,3,20,1405,150.8,True,2026-06-15
2026-06-15 23:47:47.791300,io2609,2026-09-18 00:00:00,95,P,io2609P4900,4900.0,254.8,263.8,260.6,1,1,729,259.3,True,2026-06-15
2026-06-15 23:47:47.791300,io2609,2026-09-18 00:00:00,95,C,io2609C5000,5000.0,119.6,120.0,120.0,2,7,2428,119.8,True,2026-06-15
2026-06-15 23:47:47.791300,io2609,2026-09-18 00:00:00,95,P,io2609P5000,5000.0,319.0,332.8,334.6,1,1,516,325.9,True,2026-06-15
2026-06-15 23:47:47.791300,io2609,2026-09-18 00:00:00,95,C,io2609C5200,5200.0,72.4,73.2,72.4,4,1,3813,72.80000000000001,True,2026-06-15
2026-06-15 23:47:47.791300,io2609,2026-09-18 00:00:00,95,P,io2609P5200,5200.0,468.6,483.6,513.0,1,1,230,476.1,True,2026-06-15
2026-06-15 23:47:47.791300,io2609,2026-09-18 00:00:00,95,C,io2609C5400,5400.0,43.8,44.4,44.2,3,2,4685,44.1,True,2026-06-15
2026-06-15 23:47:47.791300,io2609,2026-09-18 00:00:00,95,P,io2609P5400,5400.0,639.2,662.0,708.0,1,1,448,650.6,True,2026-06-15
2026-06-15 23:47:47.791300,io2609,2026-09-18 00:00:00,95,C,io2609C5600,5600.0,27.6,29.0,28.0,1,1,1114,28.3,True,2026-06-15
2026-06-15 23:47:47.791300,io2609,2026-09-18 00:00:00,95,P,io2609P5600,5600.0,820.0,826.0,882.0,1,1,267,823.0,True,2026-06-15
2026-06-15 23:47:47.791300,io2608,2026-08-21 00:00:00,67,C,io2608C4200,4200.0,489.0,503.0,460.4,1,1,9,496.0,True,2026-06-15
2026-06-15 23:47:47.791300,io2608,2026-08-21 00:00:00,67,P,io2608P4200,4200.0,18.2,19.0,18.8,1,1,391,18.6,True,2026-06-15
2026-06-15 23:47:47.791300,io2608,2026-08-21 00:00:00,67,C,io2608C4250,4250.0,562.2,592.2,541.8,1,1,12,577.2,True,2026-06-15
2026-06-15 23:47:47.791300,io2608,2026-08-21 00:00:00,67,P,io2608P4250,4250.0,21.4,22.0,22.0,1,1,407,21.7,True,2026-06-15
2026-06-15 23:47:47.791300,io2608,2026-08-21 00:00:00,67,C,io2608C4300,4300.0,524.8,546.2,513.4,1,1,44,535.5,True,2026-06-15
2026-06-15 23:47:47.791300,io2608,2026-08-21 00:00:00,67,P,io2608P4300,4300.0,25.2,26.2,26.8,1,1,1212,25.7,True,2026-06-15
2026-06-15 23:47:47.791300,io2608,2026-08-21 00:00:00,67,C,io2608C4350,4350.0,479.4,494.0,451.2,1,1,72,486.7,True,2026-06-15
2026-06-15 23:47:47.791300,io2608,2026-08-21 00:00:00,67,P,io2608P4350,4350.0,29.8,30.4,30.6,1,1,1455,30.1,True,2026-06-15
2026-06-15 23:47:47.791300,io2608,2026-08-21 00:00:00,67,C,io2608C4400,4400.0,435.0,450.0,432.6,2,1,32,442.5,True,2026-06-15
2026-06-15 23:47:47.791300,io2608,2026-08-21 00:00:00,67,P,io2608P4400,4400.0,35.6,35.8,36.6,1,1,475,35.7,True,2026-06-15
2026-06-15 23:47:47.791300,io2608,2026-08-21 00:00:00,67,C,io2608C4450,4450.0,392.4,407.4,367.6,1,1,42,399.9,True,2026-06-15
2026-06-15 23:47:47.791300,io2608,2026-08-21 00:00:00,67,P,io2608P4450,4450.0,42.4,45.4,42.8,1,4,251,43.9,True,2026-06-15
2026-06-15 23:47:47.791300,io2608,2026-08-21 00:00:00,67,C,io2608C4500,4500.0,351.0,366.0,336.6,1,1,39,358.5,True,2026-06-15
2026-06-15 23:47:47.791300,io2608,2026-08-21 00:00:00,67,P,io2608P4500,4500.0,51.2,54.0,51.2,1,1,185,52.6,True,2026-06-15
2026-06-15 23:47:47.791300,io2608,2026-08-21 00:00:00,67,C,io2608C4550,4550.0,312.0,327.0,300.2,1,1,22,319.5,True,2026-06-15
2026-06-15 23:47:47.791300,io2608,2026-08-21 00:00:00,67,P,io2608P4550,4550.0,61.0,63.0,63.4,1,1,203,62.0,True,2026-06-15
2026-06-15 23:47:47.791300,io2608,2026-08-21 00:00:00,67,C,io2608C4600,4600.0,275.6,290.0,266.2,1,1,38,282.8,True,2026-06-15
2026-06-15 23:47:47.791300,io2608,2026-08-21 00:00:00,67,P,io2608P4600,4600.0,73.8,78.8,76.0,1,1,120,76.3,True,2026-06-15
2026-06-15 23:47:47.791300,io2608,2026-08-21 00:00:00,67,C,io2608C4650,4650.0,244.8,251.8,229.4,1,1,43,248.3,True,2026-06-15
2026-06-15 23:47:47.791300,io2608,2026-08-21 00:00:00,67,P,io2608P4650,4650.0,89.0,90.4,90.8,1,1,118,89.7,True,2026-06-15
2026-06-15 23:47:47.791300,io2608,2026-08-21 00:00:00,67,C,io2608C4700,4700.0,212.4,219.8,198.6,1,1,46,216.1,True,2026-06-15
2026-06-15 23:47:47.791300,io2608,2026-08-21 00:00:00,67,P,io2608P4700,4700.0,110.0,113.2,110.0,9,1,114,111.6,True,2026-06-15
2026-06-15 23:47:47.791300,io2608,2026-08-21 00:00:00,67,C,io2608C4750,4750.0,182.8,189.6,173.4,1,2,40,186.2,True,2026-06-15
2026-06-15 23:47:47.791300,io2608,2026-08-21 00:00:00,67,P,io2608P4750,4750.0,125.8,131.6,137.2,1,1,72,128.7,True,2026-06-15
2026-06-15 23:47:47.791300,io2608,2026-08-21 00:00:00,67,C,io2608C4800,4800.0,156.2,164.2,160.0,1,1,146,160.2,True,2026-06-15
2026-06-15 23:47:47.791300,io2608,2026-08-21 00:00:00,67,P,io2608P4800,4800.0,149.2,155.2,155.0,1,1,106,152.2,True,2026-06-15
2026-06-15 23:47:47.791300,io2608,2026-08-21 00:00:00,67,C,io2608C4850,4850.0,132.6,140.6,132.6,1,1,175,136.6,True,2026-06-15
2026-06-15 23:47:47.791300,io2608,2026-08-21 00:00:00,67,P,io2608P4850,4850.0,175.4,181.6,190.2,1,1,59,178.5,True,2026-06-15
2026-06-15 23:47:47.791300,io2608,2026-08-21 00:00:00,67,C,io2608C4900,4900.0,112.0,120.0,107.8,2,1,423,116.0,True,2026-06-15
2026-06-15 23:47:47.791300,io2608,2026-08-21 00:00:00,67,P,io2608P4900,4900.0,204.4,211.0,216.2,1,1,86,207.7,True,2026-06-15
2026-06-15 23:47:47.791300,io2608,2026-08-21 00:00:00,67,C,io2608C4950,4950.0,97.4,100.4,94.6,1,1,201,98.9,True,2026-06-15
2026-06-15 23:47:47.791300,io2608,2026-08-21 00:00:00,67,P,io2608P4950,4950.0,236.0,243.2,246.2,1,1,32,239.6,True,2026-06-15
2026-06-15 23:47:47.791300,io2608,2026-08-21 00:00:00,67,C,io2608C5000,5000.0,82.4,84.8,84.0,1,1,485,83.6,True,2026-06-15
2026-06-15 23:47:47.791300,io2608,2026-08-21 00:00:00,67,P,io2608P5000,5000.0,266.8,277.8,275.0,1,1,62,272.3,True,2026-06-15
2026-06-15 23:47:47.791300,io2608,2026-08-21 00:00:00,67,C,io2608C5100,5100.0,58.8,60.2,58.4,1,1,392,59.5,True,2026-06-15
2026-06-15 23:47:47.791300,io2608,2026-08-21 00:00:00,67,P,io2608P5100,5100.0,341.8,356.8,350.6,1,1,53,349.3,True,2026-06-15
2026-06-15 23:47:47.791300,io2608,2026-08-21 00:00:00,67,C,io2608C5200,5200.0,41.4,41.8,41.8,1,1,482,41.6,True,2026-06-15
2026-06-15 23:47:47.791300,io2608,2026-08-21 00:00:00,67,P,io2608P5200,5200.0,424.0,439.0,432.6,1,1,53,431.5,True,2026-06-15
2026-06-15 23:47:47.791300,io2608,2026-08-21 00:00:00,67,C,io2608C5300,5300.0,27.4,30.0,29.0,1,1,176,28.7,True,2026-06-15
2026-06-15 23:47:47.791300,io2608,2026-08-21 00:00:00,67,P,io2608P5300,5300.0,509.8,527.4,557.0,1,1,73,518.6,True,2026-06-15
2026-06-15 23:47:47.791300,io2608,2026-08-21 00:00:00,67,C,io2608C5400,5400.0,20.0,20.6,20.4,2,4,122,20.3,True,2026-06-15
2026-06-15 23:47:47.791300,io2608,2026-08-21 00:00:00,67,P,io2608P5400,5400.0,595.8,625.8,652.2,1,1,57,610.8,True,2026-06-15
2026-06-15 23:47:47.791300,io2608,2026-08-21 00:00:00,67,C,io2608C5500,5500.0,14.6,15.2,14.8,3,2,212,14.9,True,2026-06-15
2026-06-15 23:47:47.791300,io2608,2026-08-21 00:00:00,67,P,io2608P5500,5500.0,690.0,720.0,745.8,1,1,33,705.0,True,2026-06-15
2026-06-15 23:47:47.791300,io2612,2026-12-18 00:00:00,186,C,io2612C3900,3900.0,825.4,868.2,826.0,2,1,186,846.8,True,2026-06-15
2026-06-15 23:47:47.791300,io2612,2026-12-18 00:00:00,186,P,io2612P3900,3900.0,35.6,37.2,35.8,1,1,892,36.400000000000006,True,2026-06-15
2026-06-15 23:47:47.791300,io2612,2026-12-18 00:00:00,186,C,io2612C4000,4000.0,737.6,779.8,750.2,1,1,144,758.7,True,2026-06-15
2026-06-15 23:47:47.791300,io2612,2026-12-18 00:00:00,186,P,io2612P4000,4000.0,46.0,48.4,46.2,2,1,329,47.2,True,2026-06-15
2026-06-15 23:47:47.791300,io2612,2026-12-18 00:00:00,186,C,io2612C4100,4100.0,652.8,693.8,655.0,1,1,236,673.3,True,2026-06-15
2026-06-15 23:47:47.791300,io2612,2026-12-18 00:00:00,186,P,io2612P4100,4100.0,59.8,63.2,60.0,1,1,1120,61.5,True,2026-06-15
2026-06-15 23:47:47.791300,io2612,2026-12-18 00:00:00,186,C,io2612C4200,4200.0,572.6,611.8,581.0,1,1,132,592.2,True,2026-06-15
2026-06-15 23:47:47.791300,io2612,2026-12-18 00:00:00,186,P,io2612P4200,4200.0,76.4,76.6,80.4,1,1,635,76.5,True,2026-06-15
2026-06-15 23:47:47.791300,io2612,2026-12-18 00:00:00,186,C,io2612C4300,4300.0,506.2,523.4,493.0,1,1,220,514.8,True,2026-06-15
2026-06-15 23:47:47.791300,io2612,2026-12-18 00:00:00,186,P,io2612P4300,4300.0,100.0,101.6,100.0,1,1,721,100.8,True,2026-06-15
2026-06-15 23:47:47.791300,io2612,2026-12-18 00:00:00,186,C,io2612C4400,4400.0,434.2,452.2,436.8,1,1,371,443.2,True,2026-06-15
2026-06-15 23:47:47.791300,io2612,2026-12-18 00:00:00,186,P,io2612P4400,4400.0,123.0,129.6,129.0,1,1,857,126.3,True,2026-06-15
2026-06-15 23:47:47.791300,io2612,2026-12-18 00:00:00,186,C,io2612C4500,4500.0,368.8,387.4,378.2,1,1,1138,378.1,True,2026-06-15
2026-06-15 23:47:47.791300,io2612,2026-12-18 00:00:00,186,P,io2612P4500,4500.0,155.6,163.8,167.6,1,1,1005,159.7,True,2026-06-15
2026-06-15 23:47:47.791300,io2612,2026-12-18 00:00:00,186,C,io2612C4600,4600.0,310.8,329.6,321.8,1,1,1014,320.20000000000005,True,2026-06-15
2026-06-15 23:47:47.791300,io2612,2026-12-18 00:00:00,186,P,io2612P4600,4600.0,197.2,205.0,203.2,1,1,743,201.1,True,2026-06-15
2026-06-15 23:47:47.791300,io2612,2026-12-18 00:00:00,186,C,io2612C4700,4700.0,261.4,275.0,264.4,1,1,931,268.2,True,2026-06-15
2026-06-15 23:47:47.791300,io2612,2026-12-18 00:00:00,186,P,io2612P4700,4700.0,245.8,253.6,253.4,1,1,600,249.7,True,2026-06-15
2026-06-15 23:47:47.791300,io2612,2026-12-18 00:00:00,186,C,io2612C4800,4800.0,220.4,231.2,222.4,1,1,693,225.8,True,2026-06-15
2026-06-15 23:47:47.791300,io2612,2026-12-18 00:00:00,186,P,io2612P4800,4800.0,295.0,314.6,309.0,2,1,459,304.8,True,2026-06-15
2026-06-15 23:47:47.791300,io2612,2026-12-18 00:00:00,186,C,io2612C4900,4900.0,185.2,189.4,189.0,1,3,597,187.3,True,2026-06-15
2026-06-15 23:47:47.791300,io2612,2026-12-18 00:00:00,186,P,io2612P4900,4900.0,358.0,378.0,391.2,1,2,191,368.0,True,2026-06-15
2026-06-15 23:47:47.791300,io2612,2026-12-18 00:00:00,186,C,io2612C5000,5000.0,154.8,165.6,155.2,1,3,540,160.2,True,2026-06-15
2026-06-15 23:47:47.791300,io2612,2026-12-18 00:00:00,186,P,io2612P5000,5000.0,426.6,445.8,443.0,1,1,192,436.2000000000001,True,2026-06-15
2026-06-15 23:47:47.791300,io2612,2026-12-18 00:00:00,186,C,io2612C5200,5200.0,109.2,120.6,113.0,1,1,785,114.9,True,2026-06-15
2026-06-15 23:47:47.791300,io2612,2026-12-18 00:00:00,186,P,io2612P5200,5200.0,570.6,609.4,606.4,1,1,267,590.0,True,2026-06-15
2026-06-15 23:47:47.791300,io2612,2026-12-18 00:00:00,186,C,io2612C5400,5400.0,82.0,85.0,81.0,2,2,1447,83.5,True,2026-06-15
2026-06-15 23:47:47.791300,io2612,2026-12-18 00:00:00,186,P,io2612P5400,5400.0,736.4,776.4,771.6,1,1,481,756.4,True,2026-06-15
2026-06-15 23:47:47.791300,io2612,2026-12-18 00:00:00,186,C,io2612C5600,5600.0,62.0,66.2,62.2,1,1,645,64.1,True,2026-06-15
2026-06-15 23:47:47.791300,io2612,2026-12-18 00:00:00,186,P,io2612P5600,5600.0,915.4,953.2,957.8,1,1,158,934.3,True,2026-06-15
2026-06-15 23:47:47.791300,io2703,2027-03-19 00:00:00,277,C,io2703C3900,3900.0,823.8,865.4,845.6,1,1,271,844.5999999999999,True,2026-06-15
2026-06-15 23:47:47.791300,io2703,2027-03-19 00:00:00,277,P,io2703P3900,3900.0,63.0,63.4,62.8,1,1,842,63.2,True,2026-06-15
2026-06-15 23:47:47.791300,io2703,2027-03-19 00:00:00,277,C,io2703C4000,4000.0,740.2,782.2,762.6,1,1,172,761.2,True,2026-06-15
2026-06-15 23:47:47.791300,io2703,2027-03-19 00:00:00,277,P,io2703P4000,4000.0,76.6,78.0,77.6,1,1,394,77.3,True,2026-06-15
2026-06-15 23:47:47.791300,io2703,2027-03-19 00:00:00,277,C,io2703C4100,4100.0,661.0,702.8,649.0,1,2,110,681.9,True,2026-06-15
2026-06-15 23:47:47.791300,io2703,2027-03-19 00:00:00,277,P,io2703P4100,4100.0,94.8,96.2,102.2,1,1,1064,95.5,True,2026-06-15
2026-06-15 23:47:47.791300,io2703,2027-03-19 00:00:00,277,C,io2703C4200,4200.0,586.4,626.8,594.0,1,1,192,606.5999999999999,True,2026-06-15
2026-06-15 23:47:47.791300,io2703,2027-03-19 00:00:00,277,P,io2703P4200,4200.0,116.0,122.2,127.0,1,1,350,119.1,True,2026-06-15
2026-06-15 23:47:47.791300,io2703,2027-03-19 00:00:00,277,C,io2703C4300,4300.0,522.0,544.6,512.6,1,1,151,533.3,True,2026-06-15
2026-06-15 23:47:47.791300,io2703,2027-03-19 00:00:00,277,P,io2703P4300,4300.0,144.8,149.6,156.4,1,1,169,147.2,True,2026-06-15
2026-06-15 23:47:47.791300,io2703,2027-03-19 00:00:00,277,C,io2703C4400,4400.0,462.8,479.0,453.6,1,1,248,470.9,True,2026-06-15
2026-06-15 23:47:47.791300,io2703,2027-03-19 00:00:00,277,P,io2703P4400,4400.0,178.0,182.6,186.8,1,1,378,180.3,True,2026-06-15
2026-06-15 23:47:47.791300,io2703,2027-03-19 00:00:00,277,C,io2703C4500,4500.0,404.2,419.4,384.8,1,1,258,411.8,True,2026-06-15
2026-06-15 23:47:47.791300,io2703,2027-03-19 00:00:00,277,P,io2703P4500,4500.0,216.4,221.2,231.6,1,1,221,218.8,True,2026-06-15
2026-06-15 23:47:47.791300,io2703,2027-03-19 00:00:00,277,C,io2703C4600,4600.0,350.6,366.0,344.6,1,1,150,358.3,True,2026-06-15
2026-06-15 23:47:47.791300,io2703,2027-03-19 00:00:00,277,P,io2703P4600,4600.0,259.0,265.8,272.2,1,1,186,262.4,True,2026-06-15
2026-06-15 23:47:47.791300,io2703,2027-03-19 00:00:00,277,C,io2703C4700,4700.0,303.4,318.8,296.0,1,1,161,311.1,True,2026-06-15
2026-06-15 23:47:47.791300,io2703,2027-03-19 00:00:00,277,P,io2703P4700,4700.0,307.0,321.2,336.6,2,1,128,314.1,True,2026-06-15
2026-06-15 23:47:47.791300,io2703,2027-03-19 00:00:00,277,C,io2703C4800,4800.0,263.2,273.0,252.6,1,1,212,268.1,True,2026-06-15
2026-06-15 23:47:47.791300,io2703,2027-03-19 00:00:00,277,P,io2703P4800,4800.0,364.8,378.4,381.0,1,1,163,371.6,True,2026-06-15
2026-06-15 23:47:47.791300,io2703,2027-03-19 00:00:00,277,C,io2703C4900,4900.0,230.0,236.0,221.0,1,1,124,233.0,True,2026-06-15
2026-06-15 23:47:47.791300,io2703,2027-03-19 00:00:00,277,P,io2703P4900,4900.0,427.0,441.4,436.4,1,1,198,434.2,True,2026-06-15
2026-06-15 23:47:47.791300,io2703,2027-03-19 00:00:00,277,C,io2703C5000,5000.0,199.2,207.0,193.4,2,1,207,203.1,True,2026-06-15
2026-06-15 23:47:47.791300,io2703,2027-03-19 00:00:00,277,P,io2703P5000,5000.0,500.0,509.4,530.0,2,1,112,504.7,True,2026-06-15
2026-06-15 23:47:47.791300,io2703,2027-03-19 00:00:00,277,C,io2703C5200,5200.0,150.0,155.0,150.0,2,1,327,152.5,True,2026-06-15
2026-06-15 23:47:47.791300,io2703,2027-03-19 00:00:00,277,P,io2703P5200,5200.0,631.4,669.8,668.6,1,1,173,650.5999999999999,True,2026-06-15
2026-06-15 23:47:47.791300,io2703,2027-03-19 00:00:00,277,C,io2703C5400,5400.0,113.8,123.8,112.8,1,1,252,118.8,True,2026-06-15
2026-06-15 23:47:47.791300,io2703,2027-03-19 00:00:00,277,P,io2703P5400,5400.0,800.0,831.8,847.0,1,1,183,815.9,True,2026-06-15
2026-06-15 23:47:47.791300,io2703,2027-03-19 00:00:00,277,C,io2703C5600,5600.0,91.6,92.2,92.4,1,1,561,91.9,True,2026-06-15
2026-06-15 23:47:47.791300,io2703,2027-03-19 00:00:00,277,P,io2703P5600,5600.0,965.2,1001.8,1002.8,1,1,215,983.5,True,2026-06-15
2026-06-16 14:08:02.092945,io2607,2026-07-17 00:00:00,31,C,io2607C4200,4200.0,631.2,652.8,625.2,1,1,35,642.0,True,2026-06-16
2026-06-16 14:08:02.092945,io2607,2026-07-17 00:00:00,31,P,io2607P4200,4200.0,3.4,3.6,3.6,7,21,406,3.5,True,2026-06-16
2026-06-16 14:08:02.092945,io2607,2026-07-17 00:00:00,31,C,io2607C4250,4250.0,591.0,595.0,601.4,6,6,53,593.0,True,2026-06-16
2026-06-16 14:08:02.092945,io2607,2026-07-17 00:00:00,31,P,io2607P4250,4250.0,4.2,4.4,4.2,2,25,871,4.300000000000001,True,2026-06-16
2026-06-16 14:08:02.092945,io2607,2026-07-17 00:00:00,31,C,io2607C4300,4300.0,542.6,546.6,537.4,6,6,86,544.6,True,2026-06-16
2026-06-16 14:08:02.092945,io2607,2026-07-17 00:00:00,31,P,io2607P4300,4300.0,5.4,5.8,5.4,13,41,689,5.6,True,2026-06-16
2026-06-16 14:08:02.092945,io2607,2026-07-17 00:00:00,31,C,io2607C4350,4350.0,495.0,498.2,490.0,6,6,41,496.6,True,2026-06-16
2026-06-16 14:08:02.092945,io2607,2026-07-17 00:00:00,31,P,io2607P4350,4350.0,7.4,7.6,7.6,10,27,632,7.5,True,2026-06-16
2026-06-16 14:08:02.092945,io2607,2026-07-17 00:00:00,31,C,io2607C4400,4400.0,447.6,451.0,445.0,6,6,197,449.3,True,2026-06-16
2026-06-16 14:08:02.092945,io2607,2026-07-17 00:00:00,31,P,io2607P4400,4400.0,9.6,10.0,10.0,13,35,1327,9.8,True,2026-06-16
2026-06-16 14:08:02.092945,io2607,2026-07-17 00:00:00,31,C,io2607C4450,4450.0,399.8,403.2,407.2,6,6,56,401.5,True,2026-06-16
2026-06-16 14:08:02.092945,io2607,2026-07-17 00:00:00,31,P,io2607P4450,4450.0,12.0,12.4,12.6,25,12,991,12.2,True,2026-06-16
2026-06-16 14:08:02.092945,io2607,2026-07-17 00:00:00,31,C,io2607C4500,4500.0,354.0,356.6,352.0,6,6,219,355.3,True,2026-06-16
2026-06-16 14:08:02.092945,io2607,2026-07-17 00:00:00,31,P,io2607P4500,4500.0,16.0,16.4,16.8,2,7,1656,16.2,True,2026-06-16
2026-06-16 14:08:02.092945,io2607,2026-07-17 00:00:00,31,C,io2607C4550,4550.0,309.4,311.8,306.2,12,6,157,310.6,True,2026-06-16
2026-06-16 14:08:02.092945,io2607,2026-07-17 00:00:00,31,P,io2607P4550,4550.0,21.2,21.8,22.0,6,22,1216,21.5,True,2026-06-16
2026-06-16 14:08:02.092945,io2607,2026-07-17 00:00:00,31,C,io2607C4600,4600.0,266.8,269.0,269.6,12,6,484,267.9,True,2026-06-16
2026-06-16 14:08:02.092945,io2607,2026-07-17 00:00:00,31,P,io2607P4600,4600.0,28.2,28.8,28.0,23,15,1382,28.5,True,2026-06-16
2026-06-16 14:08:02.092945,io2607,2026-07-17 00:00:00,31,C,io2607C4650,4650.0,226.0,228.2,229.8,6,6,442,227.1,True,2026-06-16
2026-06-16 14:08:02.092945,io2607,2026-07-17 00:00:00,31,P,io2607P4650,4650.0,37.4,38.2,38.0,27,34,1427,37.8,True,2026-06-16
2026-06-16 14:08:02.092945,io2607,2026-07-17 00:00:00,31,C,io2607C4700,4700.0,189.2,190.8,192.8,6,6,1317,190.0,True,2026-06-16
2026-06-16 14:08:02.092945,io2607,2026-07-17 00:00:00,31,P,io2607P4700,4700.0,50.0,50.6,50.0,15,16,2172,50.3,True,2026-06-16
2026-06-16 14:08:02.092945,io2607,2026-07-17 00:00:00,31,C,io2607C4750,4750.0,154.8,156.6,157.4,12,10,1052,155.7,True,2026-06-16
2026-06-16 14:08:02.092945,io2607,2026-07-17 00:00:00,31,P,io2607P4750,4750.0,65.8,66.6,65.8,9,24,1246,66.19999999999999,True,2026-06-16
2026-06-16 14:08:02.092945,io2607,2026-07-17 00:00:00,31,C,io2607C4800,4800.0,125.2,126.4,126.2,6,10,2830,125.80000000000001,True,2026-06-16
2026-06-16 14:08:02.092945,io2607,2026-07-17 00:00:00,31,P,io2607P4800,4800.0,85.6,86.4,85.8,7,6,2230,86.0,True,2026-06-16
2026-06-16 14:08:02.092945,io2607,2026-07-17 00:00:00,31,C,io2607C4850,4850.0,99.2,100.4,100.8,12,6,1888,99.80000000000001,True,2026-06-16
2026-06-16 14:08:02.092945,io2607,2026-07-17 00:00:00,31,P,io2607P4850,4850.0,109.2,110.4,108.6,12,6,1879,109.80000000000001,True,2026-06-16
2026-06-16 14:08:02.092945,io2607,2026-07-17 00:00:00,31,C,io2607C4900,4900.0,78.2,79.0,79.2,3,6,4582,78.6,True,2026-06-16
2026-06-16 14:08:02.092945,io2607,2026-07-17 00:00:00,31,P,io2607P4900,4900.0,138.0,139.0,137.8,1,6,1455,138.5,True,2026-06-16
2026-06-16 14:08:02.092945,io2607,2026-07-17 00:00:00,31,C,io2607C4950,4950.0,61.0,61.8,60.2,8,18,6536,61.4,True,2026-06-16
2026-06-16 14:08:02.092945,io2607,2026-07-17 00:00:00,31,P,io2607P4950,4950.0,170.4,172.0,170.8,9,6,869,171.2,True,2026-06-16
2026-06-16 14:08:02.092945,io2607,2026-07-17 00:00:00,31,C,io2607C5000,5000.0,45.8,46.4,46.4,23,6,4024,46.099999999999994,True,2026-06-16
2026-06-16 14:08:02.092945,io2607,2026-07-17 00:00:00,31,P,io2607P5000,5000.0,205.2,207.2,205.6,6,12,395,206.2,True,2026-06-16
2026-06-16 14:08:02.092945,io2607,2026-07-17 00:00:00,31,C,io2607C5100,5100.0,26.2,26.8,27.2,47,6,3321,26.5,True,2026-06-16
2026-06-16 14:08:02.092945,io2607,2026-07-17 00:00:00,31,P,io2607P5100,5100.0,284.8,288.0,284.0,6,12,177,286.4,True,2026-06-16
2026-06-16 14:08:02.092945,io2607,2026-07-17 00:00:00,31,C,io2607C5200,5200.0,15.2,16.0,16.0,30,27,2047,15.6,True,2026-06-16
2026-06-16 14:08:02.092945,io2607,2026-07-17 00:00:00,31,P,io2607P5200,5200.0,373.4,376.6,379.0,6,6,133,375.0,True,2026-06-16
2026-06-16 14:08:02.092945,io2607,2026-07-17 00:00:00,31,C,io2607C5300,5300.0,9.4,9.6,9.4,11,41,1049,9.5,True,2026-06-16
2026-06-16 14:08:02.092945,io2607,2026-07-17 00:00:00,31,P,io2607P5300,5300.0,466.2,470.0,459.6,6,6,114,468.1,True,2026-06-16
2026-06-16 14:08:02.092945,io2607,2026-07-17 00:00:00,31,C,io2607C5400,5400.0,5.6,6.0,5.0,15,40,701,5.8,True,2026-06-16
2026-06-16 14:08:02.092945,io2607,2026-07-17 00:00:00,31,P,io2607P5400,5400.0,562.2,566.0,555.4,6,6,75,564.1,True,2026-06-16
2026-06-16 14:08:02.092945,io2607,2026-07-17 00:00:00,31,C,io2607C5500,5500.0,3.6,4.0,4.0,55,2,1239,3.8,True,2026-06-16
2026-06-16 14:08:02.092945,io2607,2026-07-17 00:00:00,31,P,io2607P5500,5500.0,660.2,664.0,655.6,6,6,118,662.1,True,2026-06-16
2026-06-16 14:08:02.092945,io2609,2026-09-18 00:00:00,94,C,io2609C3900,3900.0,893.6,897.6,894.0,11,3,162,895.6,True,2026-06-16
2026-06-16 14:08:02.092945,io2609,2026-09-18 00:00:00,94,P,io2609P3900,3900.0,13.0,13.6,13.0,6,9,522,13.3,True,2026-06-16
2026-06-16 14:08:02.092945,io2609,2026-09-18 00:00:00,94,C,io2609C4000,4000.0,799.4,803.4,804.6,6,3,276,801.4,True,2026-06-16
2026-06-16 14:08:02.092945,io2609,2026-09-18 00:00:00,94,P,io2609P4000,4000.0,18.2,18.6,17.8,3,7,1316,18.4,True,2026-06-16
2026-06-16 14:08:02.092945,io2609,2026-09-18 00:00:00,94,C,io2609C4100,4100.0,700.0,712.8,703.8,1,1,159,706.4,True,2026-06-16
2026-06-16 14:08:02.092945,io2609,2026-09-18 00:00:00,94,P,io2609P4100,4100.0,25.0,25.6,23.8,12,11,1033,25.3,True,2026-06-16
2026-06-16 14:08:02.092945,io2609,2026-09-18 00:00:00,94,C,io2609C4200,4200.0,616.4,620.8,620.0,3,3,378,618.5999999999999,True,2026-06-16
2026-06-16 14:08:02.092945,io2609,2026-09-18 00:00:00,94,P,io2609P4200,4200.0,34.0,34.4,34.0,9,10,840,34.2,True,2026-06-16
2026-06-16 14:08:02.092945,io2609,2026-09-18 00:00:00,94,C,io2609C4300,4300.0,529.6,533.8,527.0,3,3,229,531.7,True,2026-06-16
2026-06-16 14:08:02.092945,io2609,2026-09-18 00:00:00,94,P,io2609P4300,4300.0,46.8,47.0,46.8,6,7,877,46.9,True,2026-06-16
2026-06-16 14:08:02.092945,io2609,2026-09-18 00:00:00,94,C,io2609C4400,4400.0,447.6,451.6,451.4,6,6,563,449.6,True,2026-06-16
2026-06-16 14:08:02.092945,io2609,2026-09-18 00:00:00,94,P,io2609P4400,4400.0,64.2,64.6,65.4,6,7,876,64.4,True,2026-06-16
2026-06-16 14:08:02.092945,io2609,2026-09-18 00:00:00,94,C,io2609C4500,4500.0,372.2,375.6,373.6,3,3,1729,373.9,True,2026-06-16
2026-06-16 14:08:02.092945,io2609,2026-09-18 00:00:00,94,P,io2609P4500,4500.0,87.6,88.6,90.0,5,1,1091,88.1,True,2026-06-16
2026-06-16 14:08:02.092945,io2609,2026-09-18 00:00:00,94,C,io2609C4600,4600.0,303.4,306.8,307.4,9,8,1231,305.1,True,2026-06-16
2026-06-16 14:08:02.092945,io2609,2026-09-18 00:00:00,94,P,io2609P4600,4600.0,118.6,119.8,121.4,3,5,939,119.19999999999999,True,2026-06-16
2026-06-16 14:08:02.092945,io2609,2026-09-18 00:00:00,94,C,io2609C4700,4700.0,246.0,248.2,247.0,3,3,3949,247.1,True,2026-06-16
2026-06-16 14:08:02.092945,io2609,2026-09-18 00:00:00,94,P,io2609P4700,4700.0,159.0,160.4,162.4,3,8,1149,159.7,True,2026-06-16
2026-06-16 14:08:02.092945,io2609,2026-09-18 00:00:00,94,C,io2609C4800,4800.0,193.2,195.6,190.4,10,12,1885,194.39999999999998,True,2026-06-16
2026-06-16 14:08:02.092945,io2609,2026-09-18 00:00:00,94,P,io2609P4800,4800.0,206.4,208.4,210.8,2,5,977,207.4,True,2026-06-16
2026-06-16 14:08:02.092945,io2609,2026-09-18 00:00:00,94,C,io2609C4900,4900.0,151.6,153.6,150.8,3,9,1322,152.6,True,2026-06-16
2026-06-16 14:08:02.092945,io2609,2026-09-18 00:00:00,94,P,io2609P4900,4900.0,264.0,266.2,266.2,2,9,750,265.1,True,2026-06-16
2026-06-16 14:08:02.092945,io2609,2026-09-18 00:00:00,94,C,io2609C5000,5000.0,119.8,120.0,119.6,6,1,2512,119.9,True,2026-06-16
2026-06-16 14:08:02.092945,io2609,2026-09-18 00:00:00,94,P,io2609P5000,5000.0,330.4,333.0,332.4,2,3,515,331.7,True,2026-06-16
2026-06-16 14:08:02.092945,io2609,2026-09-18 00:00:00,94,C,io2609C5200,5200.0,71.4,72.4,69.6,6,12,3815,71.9,True,2026-06-16
2026-06-16 14:08:02.092945,io2609,2026-09-18 00:00:00,94,P,io2609P5200,5200.0,481.2,484.2,490.6,8,3,239,482.7,True,2026-06-16
2026-06-16 14:08:02.092945,io2609,2026-09-18 00:00:00,94,C,io2609C5400,5400.0,45.4,46.2,45.4,17,17,4746,45.8,True,2026-06-16
2026-06-16 14:08:02.092945,io2609,2026-09-18 00:00:00,94,P,io2609P5400,5400.0,653.6,657.4,657.2,5,3,459,655.5,True,2026-06-16
2026-06-16 14:08:02.092945,io2609,2026-09-18 00:00:00,94,C,io2609C5600,5600.0,28.8,29.8,29.6,9,6,1187,29.3,True,2026-06-16
2026-06-16 14:08:02.092945,io2609,2026-09-18 00:00:00,94,P,io2609P5600,5600.0,834.2,839.8,845.8,3,3,285,837.0,True,2026-06-16
2026-06-16 14:08:02.092945,io2608,2026-08-21 00:00:00,66,C,io2608C4200,4200.0,489.0,503.0,460.4,1,1,9,496.0,True,2026-06-16
2026-06-16 14:08:02.092945,io2608,2026-08-21 00:00:00,66,P,io2608P4200,4200.0,21.2,22.2,21.4,3,11,390,21.7,True,2026-06-16
2026-06-16 14:08:02.092945,io2608,2026-08-21 00:00:00,66,C,io2608C4250,4250.0,562.2,592.2,541.8,1,1,12,577.2,True,2026-06-16
2026-06-16 14:08:02.092945,io2608,2026-08-21 00:00:00,66,P,io2608P4250,4250.0,25.2,26.4,23.2,12,15,394,25.799999999999997,True,2026-06-16
2026-06-16 14:08:02.092945,io2608,2026-08-21 00:00:00,66,C,io2608C4300,4300.0,524.8,546.2,513.4,1,1,44,535.5,True,2026-06-16
2026-06-16 14:08:02.092945,io2608,2026-08-21 00:00:00,66,P,io2608P4300,4300.0,29.4,30.6,28.4,9,3,1214,30.0,True,2026-06-16
2026-06-16 14:08:02.092945,io2608,2026-08-21 00:00:00,66,C,io2608C4350,4350.0,479.4,494.0,451.2,1,1,72,486.7,True,2026-06-16
2026-06-16 14:08:02.092945,io2608,2026-08-21 00:00:00,66,P,io2608P4350,4350.0,34.6,35.2,34.8,9,4,1450,34.900000000000006,True,2026-06-16
2026-06-16 14:08:02.092945,io2608,2026-08-21 00:00:00,66,C,io2608C4400,4400.0,445.4,451.2,450.0,9,6,29,448.29999999999995,True,2026-06-16
2026-06-16 14:08:02.092945,io2608,2026-08-21 00:00:00,66,P,io2608P4400,4400.0,41.8,42.0,41.8,15,4,455,41.9,True,2026-06-16
2026-06-16 14:08:02.092945,io2608,2026-08-21 00:00:00,66,C,io2608C4450,4450.0,403.4,409.0,407.8,6,14,30,406.2,True,2026-06-16
2026-06-16 14:08:02.092945,io2608,2026-08-21 00:00:00,66,P,io2608P4450,4450.0,48.2,49.8,49.6,3,9,237,49.0,True,2026-06-16
2026-06-16 14:08:02.092945,io2608,2026-08-21 00:00:00,66,C,io2608C4500,4500.0,362.8,368.2,360.0,3,12,33,365.5,True,2026-06-16
2026-06-16 14:08:02.092945,io2608,2026-08-21 00:00:00,66,P,io2608P4500,4500.0,57.0,58.8,57.8,3,4,207,57.9,True,2026-06-16
2026-06-16 14:08:02.092945,io2608,2026-08-21 00:00:00,66,C,io2608C4550,4550.0,323.4,328.4,327.0,3,12,26,325.9,True,2026-06-16
2026-06-16 14:08:02.092945,io2608,2026-08-21 00:00:00,66,P,io2608P4550,4550.0,67.4,68.8,68.2,9,2,283,68.1,True,2026-06-16
2026-06-16 14:08:02.092945,io2608,2026-08-21 00:00:00,66,C,io2608C4600,4600.0,287.4,291.0,291.0,3,6,40,289.2,True,2026-06-16
2026-06-16 14:08:02.092945,io2608,2026-08-21 00:00:00,66,P,io2608P4600,4600.0,80.4,82.6,80.4,3,9,186,81.5,True,2026-06-16
2026-06-16 14:08:02.092945,io2608,2026-08-21 00:00:00,66,C,io2608C4650,4650.0,252.6,256.2,244.0,2,6,39,254.39999999999998,True,2026-06-16
2026-06-16 14:08:02.092945,io2608,2026-08-21 00:00:00,66,P,io2608P4650,4650.0,95.4,97.8,96.4,6,5,136,96.6,True,2026-06-16
2026-06-16 14:08:02.092945,io2608,2026-08-21 00:00:00,66,C,io2608C4700,4700.0,220.4,223.6,214.0,3,6,46,222.0,True,2026-06-16
2026-06-16 14:08:02.092945,io2608,2026-08-21 00:00:00,66,P,io2608P4700,4700.0,113.0,115.6,115.6,6,8,130,114.3,True,2026-06-16
2026-06-16 14:08:02.092945,io2608,2026-08-21 00:00:00,66,C,io2608C4750,4750.0,191.0,194.6,193.4,3,11,44,192.8,True,2026-06-16
2026-06-16 14:08:02.092945,io2608,2026-08-21 00:00:00,66,P,io2608P4750,4750.0,133.0,135.4,135.4,3,2,64,134.2,True,2026-06-16
2026-06-16 14:08:02.092945,io2608,2026-08-21 00:00:00,66,C,io2608C4800,4800.0,164.6,167.2,157.0,3,6,162,165.89999999999998,True,2026-06-16
2026-06-16 14:08:02.092945,io2608,2026-08-21 00:00:00,66,P,io2608P4800,4800.0,156.0,158.4,158.6,3,2,134,157.2,True,2026-06-16
2026-06-16 14:08:02.092945,io2608,2026-08-21 00:00:00,66,C,io2608C4850,4850.0,140.6,143.4,135.8,9,6,193,142.0,True,2026-06-16
2026-06-16 14:08:02.092945,io2608,2026-08-21 00:00:00,66,P,io2608P4850,4850.0,181.6,184.8,187.8,3,10,55,183.2,True,2026-06-16
2026-06-16 14:08:02.092945,io2608,2026-08-21 00:00:00,66,C,io2608C4900,4900.0,119.8,122.0,118.0,3,3,505,120.9,True,2026-06-16
2026-06-16 14:08:02.092945,io2608,2026-08-21 00:00:00,66,P,io2608P4900,4900.0,209.4,213.4,205.0,3,2,83,211.4,True,2026-06-16
2026-06-16 14:08:02.092945,io2608,2026-08-21 00:00:00,66,C,io2608C4950,4950.0,100.4,103.2,95.8,9,11,256,101.80000000000001,True,2026-06-16
2026-06-16 14:08:02.092945,io2608,2026-08-21 00:00:00,66,P,io2608P4950,4950.0,240.6,245.0,238.8,3,3,29,242.8,True,2026-06-16
2026-06-16 14:08:02.092945,io2608,2026-08-21 00:00:00,66,C,io2608C5000,5000.0,84.6,87.0,82.8,3,3,475,85.8,True,2026-06-16
2026-06-16 14:08:02.092945,io2608,2026-08-21 00:00:00,66,P,io2608P5000,5000.0,274.4,279.2,281.6,6,3,71,276.79999999999995,True,2026-06-16
2026-06-16 14:08:02.092945,io2608,2026-08-21 00:00:00,66,C,io2608C5100,5100.0,59.4,61.2,60.6,5,3,428,60.3,True,2026-06-16
2026-06-16 14:08:02.092945,io2608,2026-08-21 00:00:00,66,P,io2608P5100,5100.0,349.2,354.2,356.4,6,3,51,351.7,True,2026-06-16
2026-06-16 14:08:02.092945,io2608,2026-08-21 00:00:00,66,C,io2608C5200,5200.0,41.6,43.2,42.6,19,15,519,42.400000000000006,True,2026-06-16
2026-06-16 14:08:02.092945,io2608,2026-08-21 00:00:00,66,P,io2608P5200,5200.0,430.6,435.6,431.0,9,3,45,433.1,True,2026-06-16
2026-06-16 14:08:02.092945,io2608,2026-08-21 00:00:00,66,C,io2608C5300,5300.0,29.2,30.4,28.2,9,3,221,29.799999999999997,True,2026-06-16
2026-06-16 14:08:02.092945,io2608,2026-08-21 00:00:00,66,P,io2608P5300,5300.0,517.2,522.6,536.8,27,5,70,519.9000000000001,True,2026-06-16
2026-06-16 14:08:02.092945,io2608,2026-08-21 00:00:00,66,C,io2608C5400,5400.0,21.0,21.8,20.8,6,5,120,21.4,True,2026-06-16
2026-06-16 14:08:02.092945,io2608,2026-08-21 00:00:00,66,P,io2608P5400,5400.0,607.8,614.0,616.0,6,3,55,610.9,True,2026-06-16
2026-06-16 14:08:02.092945,io2608,2026-08-21 00:00:00,66,C,io2608C5500,5500.0,14.8,15.4,15.0,6,3,267,15.100000000000001,True,2026-06-16
2026-06-16 14:08:02.092945,io2608,2026-08-21 00:00:00,66,P,io2608P5500,5500.0,690.0,720.0,745.8,1,1,33,705.0,True,2026-06-16
2026-06-16 14:08:02.092945,io2612,2026-12-18 00:00:00,185,C,io2612C3900,3900.0,840.8,847.8,847.0,6,3,182,844.3,True,2026-06-16
2026-06-16 14:08:02.092945,io2612,2026-12-18 00:00:00,185,P,io2612P3900,3900.0,35.6,37.0,36.0,3,9,873,36.3,True,2026-06-16
2026-06-16 14:08:02.092945,io2612,2026-12-18 00:00:00,185,C,io2612C4000,4000.0,737.6,779.8,750.2,1,1,144,758.7,True,2026-06-16
2026-06-16 14:08:02.092945,io2612,2026-12-18 00:00:00,185,P,io2612P4000,4000.0,47.0,48.2,46.4,3,5,307,47.6,True,2026-06-16
2026-06-16 14:08:02.092945,io2612,2026-12-18 00:00:00,185,C,io2612C4100,4100.0,668.0,674.2,684.0,3,6,235,671.1,True,2026-06-16
2026-06-16 14:08:02.092945,io2612,2026-12-18 00:00:00,185,P,io2612P4100,4100.0,60.6,62.4,62.8,3,2,1103,61.5,True,2026-06-16
2026-06-16 14:08:02.092945,io2612,2026-12-18 00:00:00,185,C,io2612C4200,4200.0,585.6,591.6,586.0,3,3,130,588.6,True,2026-06-16
2026-06-16 14:08:02.092945,io2612,2026-12-18 00:00:00,185,P,io2612P4200,4200.0,77.8,79.8,77.8,3,1,627,78.8,True,2026-06-16
2026-06-16 14:08:02.092945,io2612,2026-12-18 00:00:00,185,C,io2612C4300,4300.0,509.8,516.0,503.0,3,3,216,512.9,True,2026-06-16
2026-06-16 14:08:02.092945,io2612,2026-12-18 00:00:00,185,P,io2612P4300,4300.0,100.2,102.4,104.4,3,1,761,101.30000000000001,True,2026-06-16
2026-06-16 14:08:02.092945,io2612,2026-12-18 00:00:00,185,C,io2612C4400,4400.0,437.6,443.8,430.0,3,3,371,440.70000000000005,True,2026-06-16
2026-06-16 14:08:02.092945,io2612,2026-12-18 00:00:00,185,P,io2612P4400,4400.0,127.2,129.8,129.6,3,2,897,128.5,True,2026-06-16
2026-06-16 14:08:02.092945,io2612,2026-12-18 00:00:00,185,C,io2612C4500,4500.0,374.4,379.2,380.4,3,3,1144,376.79999999999995,True,2026-06-16
2026-06-16 14:08:02.092945,io2612,2026-12-18 00:00:00,185,P,io2612P4500,4500.0,160.6,163.0,160.2,3,6,989,161.8,True,2026-06-16
2026-06-16 14:08:02.092945,io2612,2026-12-18 00:00:00,185,C,io2612C4600,4600.0,316.8,321.0,315.6,3,9,1012,318.9,True,2026-06-16
2026-06-16 14:08:02.092945,io2612,2026-12-18 00:00:00,185,P,io2612P4600,4600.0,202.2,205.4,205.2,3,1,741,203.8,True,2026-06-16
2026-06-16 14:08:02.092945,io2612,2026-12-18 00:00:00,185,C,io2612C4700,4700.0,265.6,269.6,266.4,3,9,924,267.6,True,2026-06-16
2026-06-16 14:08:02.092945,io2612,2026-12-18 00:00:00,185,P,io2612P4700,4700.0,250.2,253.8,254.4,3,11,660,252.0,True,2026-06-16
2026-06-16 14:08:02.092945,io2612,2026-12-18 00:00:00,185,C,io2612C4800,4800.0,223.2,226.8,219.4,3,3,700,225.0,True,2026-06-16
2026-06-16 14:08:02.092945,io2612,2026-12-18 00:00:00,185,P,io2612P4800,4800.0,304.8,310.6,310.6,3,3,448,307.70000000000005,True,2026-06-16
2026-06-16 14:08:02.092945,io2612,2026-12-18 00:00:00,185,C,io2612C4900,4900.0,188.6,191.8,186.6,3,9,582,190.2,True,2026-06-16
2026-06-16 14:08:02.092945,io2612,2026-12-18 00:00:00,185,P,io2612P4900,4900.0,369.2,374.6,374.0,3,3,198,371.9,True,2026-06-16
2026-06-16 14:08:02.092945,io2612,2026-12-18 00:00:00,185,C,io2612C5000,5000.0,159.0,161.6,158.8,1,3,522,160.3,True,2026-06-16
2026-06-16 14:08:02.092945,io2612,2026-12-18 00:00:00,185,P,io2612P5000,5000.0,426.6,445.8,443.0,1,1,192,436.20000000000005,True,2026-06-16
2026-06-16 14:08:02.092945,io2612,2026-12-18 00:00:00,185,C,io2612C5200,5200.0,114.2,117.0,114.0,3,9,811,115.6,True,2026-06-16
2026-06-16 14:08:02.092945,io2612,2026-12-18 00:00:00,185,P,io2612P5200,5200.0,570.6,609.4,606.4,1,1,267,590.0,True,2026-06-16
2026-06-16 14:08:02.092945,io2612,2026-12-18 00:00:00,185,C,io2612C5400,5400.0,85.6,87.2,86.8,3,7,1438,86.4,True,2026-06-16
2026-06-16 14:08:02.092945,io2612,2026-12-18 00:00:00,185,P,io2612P5400,5400.0,760.0,766.4,758.2,3,3,478,763.2,True,2026-06-16
2026-06-16 14:08:02.092945,io2612,2026-12-18 00:00:00,185,C,io2612C5600,5600.0,64.0,65.4,65.4,3,3,639,64.7,True,2026-06-16
2026-06-16 14:08:02.092945,io2612,2026-12-18 00:00:00,185,P,io2612P5600,5600.0,936.6,943.2,955.8,3,11,158,939.9000000000001,True,2026-06-16
2026-06-16 14:08:02.092945,io2703,2027-03-19 00:00:00,276,C,io2703C3900,3900.0,837.8,846.0,850.4,3,3,266,841.9,True,2026-06-16
2026-06-16 14:08:02.092945,io2703,2027-03-19 00:00:00,276,P,io2703P3900,3900.0,64.8,66.0,65.2,3,1,842,65.4,True,2026-06-16
2026-06-16 14:08:02.092945,io2703,2027-03-19 00:00:00,276,C,io2703C4000,4000.0,755.4,763.0,766.0,9,3,171,759.2,True,2026-06-16
2026-06-16 14:08:02.092945,io2703,2027-03-19 00:00:00,276,P,io2703P4000,4000.0,80.6,83.2,77.0,6,5,402,81.9,True,2026-06-16
2026-06-16 14:08:02.092945,io2703,2027-03-19 00:00:00,276,C,io2703C4100,4100.0,676.8,683.8,677.8,3,3,109,680.3,True,2026-06-16
2026-06-16 14:08:02.092945,io2703,2027-03-19 00:00:00,276,P,io2703P4100,4100.0,99.4,102.6,101.0,9,3,1087,101.0,True,2026-06-16
2026-06-16 14:08:02.092945,io2703,2027-03-19 00:00:00,276,C,io2703C4200,4200.0,603.4,609.8,615.0,6,3,194,606.5999999999999,True,2026-06-16
2026-06-16 14:08:02.092945,io2703,2027-03-19 00:00:00,276,P,io2703P4200,4200.0,116.0,122.2,127.0,1,1,350,119.1,True,2026-06-16
2026-06-16 14:08:02.092945,io2703,2027-03-19 00:00:00,276,C,io2703C4300,4300.0,533.6,540.0,545.0,6,3,147,536.8,True,2026-06-16
2026-06-16 14:08:02.092945,io2703,2027-03-19 00:00:00,276,P,io2703P4300,4300.0,153.0,156.8,143.2,6,3,168,154.9,True,2026-06-16
2026-06-16 14:08:02.092945,io2703,2027-03-19 00:00:00,276,C,io2703C4400,4400.0,469.0,475.6,473.6,3,3,247,472.3,True,2026-06-16
2026-06-16 14:08:02.092945,io2703,2027-03-19 00:00:00,276,P,io2703P4400,4400.0,186.6,190.8,176.4,3,3,378,188.7,True,2026-06-16
2026-06-16 14:08:02.092945,io2703,2027-03-19 00:00:00,276,C,io2703C4500,4500.0,410.2,417.0,409.4,3,3,253,413.6,True,2026-06-16
2026-06-16 14:08:02.092945,io2703,2027-03-19 00:00:00,276,P,io2703P4500,4500.0,216.4,221.2,231.6,1,1,221,218.8,True,2026-06-16
2026-06-16 14:08:02.092945,io2703,2027-03-19 00:00:00,276,C,io2703C4600,4600.0,357.0,363.4,355.4,3,3,144,360.2,True,2026-06-16
2026-06-16 14:08:02.092945,io2703,2027-03-19 00:00:00,276,P,io2703P4600,4600.0,271.6,276.2,274.8,3,3,200,273.9,True,2026-06-16
2026-06-16 14:08:02.092945,io2703,2027-03-19 00:00:00,276,C,io2703C4700,4700.0,310.0,316.2,313.2,3,3,154,313.1,True,2026-06-16
2026-06-16 14:08:02.092945,io2703,2027-03-19 00:00:00,276,P,io2703P4700,4700.0,307.0,321.2,336.6,2,1,128,314.1,True,2026-06-16
2026-06-16 14:08:02.092945,io2703,2027-03-19 00:00:00,276,C,io2703C4800,4800.0,268.6,273.8,268.2,3,3,207,271.20000000000005,True,2026-06-16
2026-06-16 14:08:02.092945,io2703,2027-03-19 00:00:00,276,P,io2703P4800,4800.0,378.0,384.8,369.6,3,12,162,381.4,True,2026-06-16
2026-06-16 14:08:02.092945,io2703,2027-03-19 00:00:00,276,C,io2703C4900,4900.0,232.8,237.2,242.0,3,3,122,235.0,True,2026-06-16
2026-06-16 14:08:02.092945,io2703,2027-03-19 00:00:00,276,P,io2703P4900,4900.0,427.0,441.4,436.4,1,1,198,434.2,True,2026-06-16
2026-06-16 14:08:02.092945,io2703,2027-03-19 00:00:00,276,C,io2703C5000,5000.0,202.6,207.2,207.6,3,3,210,204.89999999999998,True,2026-06-16
2026-06-16 14:08:02.092945,io2703,2027-03-19 00:00:00,276,P,io2703P5000,5000.0,507.4,514.4,500.8,3,3,112,510.9,True,2026-06-16
2026-06-16 14:08:02.092945,io2703,2027-03-19 00:00:00,276,C,io2703C5200,5200.0,152.2,156.4,153.6,3,12,328,154.3,True,2026-06-16
2026-06-16 14:08:02.092945,io2703,2027-03-19 00:00:00,276,P,io2703P5200,5200.0,653.2,661.8,658.4,3,3,171,657.5,True,2026-06-16
2026-06-16 14:08:02.092945,io2703,2027-03-19 00:00:00,276,C,io2703C5400,5400.0,115.4,119.0,118.2,3,9,251,117.2,True,2026-06-16
2026-06-16 14:08:02.092945,io2703,2027-03-19 00:00:00,276,P,io2703P5400,5400.0,800.0,831.8,847.0,1,1,183,815.9,True,2026-06-16
2026-06-16 14:08:02.092945,io2703,2027-03-19 00:00:00,276,C,io2703C5600,5600.0,88.6,91.8,91.6,3,3,556,90.19999999999999,True,2026-06-16
2026-06-16 14:08:02.092945,io2703,2027-03-19 00:00:00,276,P,io2703P5600,5600.0,982.8,991.8,994.8,3,3,232,987.3,True,2026-06-16
