板块名称,对应ETF,指数代码,最新价,涨跌幅,20日涨幅,成交量,成交额,换手率,阶段标签,信号状态,假突破风险,派发风险,第1层_真实趋势,第2层_真假资金,第3层_异动干预,第4层_诱多诱空,第5层_博弈反身,时间确认,市场环境,市场广度,时间确认系数,市场环境系数,政策利好打分,综合博弈得分,snapshot_date,snapshot_time,动态水位,上影线诱多率,情绪过热,中位涨幅,上涨占比,微观标签,趋势加速度,资金流向,出货初期,micro_factor,trend_raw,fund_raw,abnormal_raw,trap_raw,efficiency_raw,基础综合分,高换手占比,异动量比,爆量滞涨,med_trend_raw,micro_raw,第6层_中期确认,第7层_微观结构,dyn_pos,exit_score_raw,逃顶风险分,逃顶信号,开盘价,最高价,最低价,收盘价,vol_mean,vol_std,price_std,last_amount,amplitude,buy_power,入场共振分,三维共振信号,终极信号,行情数据源,行情日期,历史最新日期,数据日期
石油石化,,,,-1.9442668019200136,,,,,,,,,,,,,,,,,,,,44.9,,2026-06-05 17:50,,,,,,,,,,,,1.506451612903226,,,,,,,,,,,,,,42.3,,,,,,,,,,,,62.9,⚪ 安全持仓,☕ 稳健持有,,,,
电子,,,,2.26498210788928,,,,,,,,,,,,,,,,,,,,42.3,,2026-06-05 17:50,,,,,,,,,,,,2.2612903225806456,,,,,,,,,,,,,,58.4,,,,,,,,,,,,0.0,🟡 预警（观察减持）,🦊 诱多陷阱,,,,
房地产,,,,-0.92942760079483,,,,,,,,,,,,,,,,,,,,42.2,,2026-06-05 17:50,,,,,,,,,,,,1.570967741935484,,,,,,,,,,,,,,100.0,,,,,,,,,,,,68.7,🔴 终极逃顶（高风险）,🛑 崩盘前夕,,,,
汽车,,,,-0.1562506346835745,,,,,,,,,,,,,,,,,,,,41.5,,2026-06-05 17:50,,,,,,,,,,,,1.4161290322580646,,,,,,,,,,,,,,47.9,,,,,,,,,,,,100.0,🟢 低位共振（可重仓潜伏）,🌱 底仓潜伏,,,,
公用事业,,,,-1.0899655179591128,,,,,,,,,,,,,,,,,,,,41.5,,2026-06-05 17:50,,,,,,,,,,,,1.3,,,,,,,,,,,,,,100.0,,,,,,,,,,,,92.0,🔴 终极逃顶（高风险）,🛑 崩盘前夕,,,,
轻工制造,,,,-1.5117762830633374,,,,,,,,,,,,,,,,,,,,41.1,,2026-06-05 17:50,,,,,,,,,,,,1.532258064516129,,,,,,,,,,,,,,0.0,,,,,,,,,,,,74.3,⚪ 安全持仓,☕ 稳健持有,,,,
医药生物,,,,-1.367327121340467,,,,,,,,,,,,,,,,,,,,40.1,,2026-06-05 17:50,,,,,,,,,,,,1.5580645161290323,,,,,,,,,,,,,,29.9,,,,,,,,,,,,100.0,🟢 低位共振（可重仓潜伏）,🌱 底仓潜伏,,,,
传媒,,,,-1.886378591796456,,,,,,,,,,,,,,,,,,,,39.0,,2026-06-05 17:50,,,,,,,,,,,,1.635483870967742,,,,,,,,,,,,,,32.1,,,,,,,,,,,,14.8,⚪ 安全持仓,☕ 稳健持有,,,,
计算机,,,,-1.788454061646905,,,,,,,,,,,,,,,,,,,,38.5,,2026-06-05 17:50,,,,,,,,,,,,1.6225806451612903,,,,,,,,,,,,,,68.0,,,,,,,,,,,,0.0,🟡 预警（观察减持）,⚖️ 控仓观望,,,,
建筑装饰,,,,-0.8868843449752806,,,,,,,,,,,,,,,,,,,,37.3,,2026-06-05 17:50,,,,,,,,,,,,1.3258064516129031,,,,,,,,,,,,,,19.2,,,,,,,,,,,,100.0,🟢 低位共振（可重仓潜伏）,🌱 底仓潜伏,,,,
商贸零售,,,,-2.411497824096453,,,,,,,,,,,,,,,,,,,,36.4,,2026-06-05 17:50,,,,,,,,,,,,1.5580645161290323,,,,,,,,,,,,,,42.8,,,,,,,,,,,,78.0,🟢 低位共振（可重仓潜伏）,🌱 底仓潜伏,,,,
美容护理,,,,-1.729310040585852,,,,,,,,,,,,,,,,,,,,35.8,,2026-06-05 17:50,,,,,,,,,,,,1.338709677419355,,,,,,,,,,,,,,32.0,,,,,,,,,,,,71.4,⚪ 安全持仓,☕ 稳健持有,,,,
交通运输,,,,-1.2202637741895783,,,,,,,,,,,,,,,,,,,,35.7,,2026-06-05 17:50,,,,,,,,,,,,1.3129032258064517,,,,,,,,,,,,,,0.0,,,,,,,,,,,,100.0,🟢 低位共振（可重仓潜伏）,🌱 底仓潜伏,,,,
环保,,,,-0.9042469608445458,,,,,,,,,,,,,,,,,,,,33.8,,2026-06-05 17:50,,,,,,,,,,,,1.261290322580645,,,,,,,,,,,,,,44.1,,,,,,,,,,,,50.3,⚪ 安全持仓,☕ 稳健持有,,,,
非银金融,,,,-1.1251362469674064,,,,,,,,,,,,,,,,,,,,32.9,,2026-06-05 17:50,,,,,,,,,,,,1.7,,,,,,,,,,,,,,35.3,,,,,,,,,,,,87.7,🟢 低位共振（可重仓潜伏）,🌱 底仓潜伏,,,,
煤炭,,,,1.1834403430360574,,,,,,,,,,,,,,,,,,,,31.0,,2026-06-05 17:50,,,,,,,,,,,,2.17741935483871,,,,,,,,,,,,,,100.0,,,,,,,,,,,,33.4,🔴 终极逃顶（高风险）,🦊 诱多陷阱,,,,
纺织服饰,,,,-1.5837518557124342,,,,,,,,,,,,,,,,,,,,30.6,,2026-06-05 17:50,,,,,,,,,,,,1.3903225806451611,,,,,,,,,,,,,,2.6,,,,,,,,,,,,50.0,⚪ 安全持仓,☕ 稳健持有,,,,
社会服务,,,,-1.6127815269949997,,,,,,,,,,,,,,,,,,,,30.3,,2026-06-05 17:50,,,,,,,,,,,,1.532258064516129,,,,,,,,,,,,,,47.5,,,,,,,,,,,,86.3,🟢 低位共振（可重仓潜伏）,🌱 底仓潜伏,,,,
银行,,,,-1.0964306442987404,,,,,,,,,,,,,,,,,,,,28.3,,2026-06-05 17:50,,,,,,,,,,,,1.035483870967742,,,,,,,,,,,,,,12.5,,,,,,,,,,,,100.0,🟢 低位共振（可重仓潜伏）,🌱 底仓潜伏,,,,
家用电器,,,,-0.3309128502619551,,,,,,,,,,,,,,,,,,,,28.2,,2026-06-05 17:50,,,,,,,,,,,,1.035483870967742,,,,,,,,,,,,,,100.0,,,,,,,,,,,,87.3,🔴 终极逃顶（高风险）,🛑 崩盘前夕,,,,
农林牧渔,,,,-2.3511798848952603,,,,,,,,,,,,,,,,,,,,27.1,,2026-06-05 17:50,,,,,,,,,,,,1.3645161290322585,,,,,,,,,,,,,,39.5,,,,,,,,,,,,75.2,🟢 低位共振（可重仓潜伏）,🌱 底仓潜伏,,,,
钢铁,,,,-1.0078207567110642,,,,,,,,,,,,,,,,,,,,23.6,,2026-06-05 17:50,,,,,,,,,,,,1.261290322580645,,,,,,,,,,,,,,0.0,,,,,,,,,,,,79.8,🟢 低位共振（可重仓潜伏）,🌱 底仓潜伏,,,,
综合,,,,-3.201806770089388,,,,,,,,,,,,,,,,,,,,20.7,,2026-06-05 17:50,,,,,,,,,,,,1.3516129032258064,,,,,,,,,,,,,,73.7,,,,,,,,,,,,0.0,🟠 高位能量耗尽（大幅减仓）,⚠️ 强弩之末,,,,
食品饮料,,,,-1.5880777332905494,,,,,,,,,,,,,,,,,,,,19.2,,2026-06-05 17:50,,,,,,,,,,,,1.0419354838709678,,,,,,,,,,,,,,70.6,,,,,,,,,,,,55.9,🟠 高位能量耗尽（大幅减仓）,⚠️ 强弩之末,,,,
机械设备,,,,1.0970430322942315,,,,,,,,,,,,,,,,,,,,67.4,,2026-06-05 17:51,,,,,,,,,,,,2.2612903225806456,,,,,,,,,,,,,,44.0,,,,,,,,,,,,0.0,⚪ 安全持仓,📈 顺势加仓,,,,
通信,,,,0.0711626828984401,,,,,,,,,,,,,,,,,,,,63.5,,2026-06-05 17:51,,,,,,,,,,,,2.241935483870968,,,,,,,,,,,,,,54.1,,,,,,,,,,,,0.0,⚪ 安全持仓,🚨 强制清仓,,,,
基础化工,,,,-1.0790453346646856,,,,,,,,,,,,,,,,,,,,57.4,,2026-06-05 17:51,,,,,,,,,,,,1.4806451612903226,,,,,,,,,,,,,,0.0,,,,,,,,,,,,71.4,⚪ 安全持仓,☕ 稳健持有,,,,
建筑材料,,,,-0.4106871075673757,,,,,,,,,,,,,,,,,,,,53.6,,2026-06-05 17:51,,,,,,,,,,,,1.6225806451612903,,,,,,,,,,,,,,56.7,,,,,,,,,,,,0.0,🟡 预警（观察减持）,⚖️ 控仓观望,,,,
有色金属,,,,-2.838566515033847,,,,,,,,,,,,,,,,,,,,50.8,,2026-06-05 17:51,,,,,,,,,,,,1.596774193548387,,,,,,,,,,,,,,100.0,,,,,,,,,,,,1.1,🔴 终极逃顶（高风险）,🛑 崩盘前夕,,,,
国防军工,,,,0.1301388510754231,,,,,,,,,,,,,,,,,,,,49.2,,2026-06-05 17:51,,,,,,,,,,,,1.6741935483870969,,,,,,,,,,,,,,38.6,,,,,,,,,,,,0.0,⚪ 安全持仓,☕ 稳健持有,,,,
电力设备,,,,-1.9575373276843773,,,,,,,,,,,,,,,,,,,,46.5,,2026-06-05 17:51,,,,,,,,,,,,1.3258064516129031,,,,,,,,,,,,,,0.0,,,,,,,,,,,,36.8,⚪ 安全持仓,☕ 稳健持有,,,,
石油石化,,,,-1.9442668019200136,,,,,,,,,,,,,,,,,,,,44.9,,2026-06-05 17:51,,,,,,,,,,,,1.506451612903226,,,,,,,,,,,,,,42.3,,,,,,,,,,,,62.9,⚪ 安全持仓,☕ 稳健持有,,,,
电子,,,,2.26498210788928,,,,,,,,,,,,,,,,,,,,42.3,,2026-06-05 17:51,,,,,,,,,,,,2.2612903225806456,,,,,,,,,,,,,,58.4,,,,,,,,,,,,0.0,🟡 预警（观察减持）,🦊 诱多陷阱,,,,
房地产,,,,-0.92942760079483,,,,,,,,,,,,,,,,,,,,42.2,,2026-06-05 17:51,,,,,,,,,,,,1.570967741935484,,,,,,,,,,,,,,100.0,,,,,,,,,,,,68.7,🔴 终极逃顶（高风险）,🛑 崩盘前夕,,,,
汽车,,,,-0.1562506346835745,,,,,,,,,,,,,,,,,,,,41.5,,2026-06-05 17:51,,,,,,,,,,,,1.4161290322580646,,,,,,,,,,,,,,47.9,,,,,,,,,,,,100.0,🟢 低位共振（可重仓潜伏）,🌱 底仓潜伏,,,,
公用事业,,,,-1.0899655179591128,,,,,,,,,,,,,,,,,,,,41.5,,2026-06-05 17:51,,,,,,,,,,,,1.3,,,,,,,,,,,,,,100.0,,,,,,,,,,,,92.0,🔴 终极逃顶（高风险）,🛑 崩盘前夕,,,,
轻工制造,,,,-1.5117762830633374,,,,,,,,,,,,,,,,,,,,41.1,,2026-06-05 17:51,,,,,,,,,,,,1.532258064516129,,,,,,,,,,,,,,0.0,,,,,,,,,,,,74.3,⚪ 安全持仓,☕ 稳健持有,,,,
医药生物,,,,-1.367327121340467,,,,,,,,,,,,,,,,,,,,40.1,,2026-06-05 17:51,,,,,,,,,,,,1.5580645161290323,,,,,,,,,,,,,,29.9,,,,,,,,,,,,100.0,🟢 低位共振（可重仓潜伏）,🌱 底仓潜伏,,,,
传媒,,,,-1.886378591796456,,,,,,,,,,,,,,,,,,,,39.0,,2026-06-05 17:51,,,,,,,,,,,,1.635483870967742,,,,,,,,,,,,,,32.1,,,,,,,,,,,,14.8,⚪ 安全持仓,☕ 稳健持有,,,,
计算机,,,,-1.788454061646905,,,,,,,,,,,,,,,,,,,,38.5,,2026-06-05 17:51,,,,,,,,,,,,1.6225806451612903,,,,,,,,,,,,,,68.0,,,,,,,,,,,,0.0,🟡 预警（观察减持）,⚖️ 控仓观望,,,,
建筑装饰,,,,-0.8868843449752806,,,,,,,,,,,,,,,,,,,,37.3,,2026-06-05 17:51,,,,,,,,,,,,1.3258064516129031,,,,,,,,,,,,,,19.2,,,,,,,,,,,,100.0,🟢 低位共振（可重仓潜伏）,🌱 底仓潜伏,,,,
商贸零售,,,,-2.411497824096453,,,,,,,,,,,,,,,,,,,,36.4,,2026-06-05 17:51,,,,,,,,,,,,1.5580645161290323,,,,,,,,,,,,,,42.8,,,,,,,,,,,,78.0,🟢 低位共振（可重仓潜伏）,🌱 底仓潜伏,,,,
美容护理,,,,-1.729310040585852,,,,,,,,,,,,,,,,,,,,35.8,,2026-06-05 17:51,,,,,,,,,,,,1.338709677419355,,,,,,,,,,,,,,32.0,,,,,,,,,,,,71.4,⚪ 安全持仓,☕ 稳健持有,,,,
交通运输,,,,-1.2202637741895783,,,,,,,,,,,,,,,,,,,,35.7,,2026-06-05 17:51,,,,,,,,,,,,1.3129032258064517,,,,,,,,,,,,,,0.0,,,,,,,,,,,,100.0,🟢 低位共振（可重仓潜伏）,🌱 底仓潜伏,,,,
环保,,,,-0.9042469608445458,,,,,,,,,,,,,,,,,,,,33.8,,2026-06-05 17:51,,,,,,,,,,,,1.261290322580645,,,,,,,,,,,,,,44.1,,,,,,,,,,,,50.3,⚪ 安全持仓,☕ 稳健持有,,,,
非银金融,,,,-1.1251362469674064,,,,,,,,,,,,,,,,,,,,32.9,,2026-06-05 17:51,,,,,,,,,,,,1.7,,,,,,,,,,,,,,35.3,,,,,,,,,,,,87.7,🟢 低位共振（可重仓潜伏）,🌱 底仓潜伏,,,,
煤炭,,,,1.1834403430360574,,,,,,,,,,,,,,,,,,,,31.0,,2026-06-05 17:51,,,,,,,,,,,,2.17741935483871,,,,,,,,,,,,,,100.0,,,,,,,,,,,,33.4,🔴 终极逃顶（高风险）,🦊 诱多陷阱,,,,
纺织服饰,,,,-1.5837518557124342,,,,,,,,,,,,,,,,,,,,30.6,,2026-06-05 17:51,,,,,,,,,,,,1.3903225806451611,,,,,,,,,,,,,,2.6,,,,,,,,,,,,50.0,⚪ 安全持仓,☕ 稳健持有,,,,
社会服务,,,,-1.6127815269949997,,,,,,,,,,,,,,,,,,,,30.3,,2026-06-05 17:51,,,,,,,,,,,,1.532258064516129,,,,,,,,,,,,,,47.5,,,,,,,,,,,,86.3,🟢 低位共振（可重仓潜伏）,🌱 底仓潜伏,,,,
银行,,,,-1.0964306442987404,,,,,,,,,,,,,,,,,,,,28.3,,2026-06-05 17:51,,,,,,,,,,,,1.035483870967742,,,,,,,,,,,,,,12.5,,,,,,,,,,,,100.0,🟢 低位共振（可重仓潜伏）,🌱 底仓潜伏,,,,
家用电器,,,,-0.3309128502619551,,,,,,,,,,,,,,,,,,,,28.2,,2026-06-05 17:51,,,,,,,,,,,,1.035483870967742,,,,,,,,,,,,,,100.0,,,,,,,,,,,,87.3,🔴 终极逃顶（高风险）,🛑 崩盘前夕,,,,
农林牧渔,,,,-2.3511798848952603,,,,,,,,,,,,,,,,,,,,27.1,,2026-06-05 17:51,,,,,,,,,,,,1.3645161290322585,,,,,,,,,,,,,,39.5,,,,,,,,,,,,75.2,🟢 低位共振（可重仓潜伏）,🌱 底仓潜伏,,,,
钢铁,,,,-1.0078207567110642,,,,,,,,,,,,,,,,,,,,23.6,,2026-06-05 17:51,,,,,,,,,,,,1.261290322580645,,,,,,,,,,,,,,0.0,,,,,,,,,,,,79.8,🟢 低位共振（可重仓潜伏）,🌱 底仓潜伏,,,,
综合,,,,-3.201806770089388,,,,,,,,,,,,,,,,,,,,20.7,,2026-06-05 17:51,,,,,,,,,,,,1.3516129032258064,,,,,,,,,,,,,,73.7,,,,,,,,,,,,0.0,🟠 高位能量耗尽（大幅减仓）,⚠️ 强弩之末,,,,
食品饮料,,,,-1.5880777332905494,,,,,,,,,,,,,,,,,,,,19.2,,2026-06-05 17:51,,,,,,,,,,,,1.0419354838709678,,,,,,,,,,,,,,70.6,,,,,,,,,,,,55.9,🟠 高位能量耗尽（大幅减仓）,⚠️ 强弩之末,,,,
机械设备,,,,1.0970430322942315,,,,,,,,,,,,,,,,,,,,67.4,,2026-06-05 17:52,,,,,,,,,,,,2.2612903225806456,,,,,,,,,,,,,,44.0,,,,,,,,,,,,0.0,⚪ 安全持仓,📈 顺势加仓,,,,
通信,,,,0.0711626828984401,,,,,,,,,,,,,,,,,,,,63.5,,2026-06-05 17:52,,,,,,,,,,,,2.241935483870968,,,,,,,,,,,,,,54.1,,,,,,,,,,,,0.0,⚪ 安全持仓,🚨 强制清仓,,,,
基础化工,,,,-1.0790453346646856,,,,,,,,,,,,,,,,,,,,57.4,,2026-06-05 17:52,,,,,,,,,,,,1.4806451612903226,,,,,,,,,,,,,,0.0,,,,,,,,,,,,71.4,⚪ 安全持仓,☕ 稳健持有,,,,
建筑材料,,,,-0.4106871075673757,,,,,,,,,,,,,,,,,,,,53.6,,2026-06-05 17:52,,,,,,,,,,,,1.6225806451612903,,,,,,,,,,,,,,56.7,,,,,,,,,,,,0.0,🟡 预警（观察减持）,⚖️ 控仓观望,,,,
有色金属,,,,-2.838566515033847,,,,,,,,,,,,,,,,,,,,50.8,,2026-06-05 17:52,,,,,,,,,,,,1.596774193548387,,,,,,,,,,,,,,100.0,,,,,,,,,,,,1.1,🔴 终极逃顶（高风险）,🛑 崩盘前夕,,,,
国防军工,,,,0.1301388510754231,,,,,,,,,,,,,,,,,,,,49.2,,2026-06-05 17:52,,,,,,,,,,,,1.6741935483870969,,,,,,,,,,,,,,38.6,,,,,,,,,,,,0.0,⚪ 安全持仓,☕ 稳健持有,,,,
电力设备,,,,-1.9575373276843773,,,,,,,,,,,,,,,,,,,,46.5,,2026-06-05 17:52,,,,,,,,,,,,1.3258064516129031,,,,,,,,,,,,,,0.0,,,,,,,,,,,,36.8,⚪ 安全持仓,☕ 稳健持有,,,,
石油石化,,,,-1.9442668019200136,,,,,,,,,,,,,,,,,,,,44.9,,2026-06-05 17:52,,,,,,,,,,,,1.506451612903226,,,,,,,,,,,,,,42.3,,,,,,,,,,,,62.9,⚪ 安全持仓,☕ 稳健持有,,,,
电子,,,,2.26498210788928,,,,,,,,,,,,,,,,,,,,42.3,,2026-06-05 17:52,,,,,,,,,,,,2.2612903225806456,,,,,,,,,,,,,,58.4,,,,,,,,,,,,0.0,🟡 预警（观察减持）,🦊 诱多陷阱,,,,
房地产,,,,-0.92942760079483,,,,,,,,,,,,,,,,,,,,42.2,,2026-06-05 17:52,,,,,,,,,,,,1.570967741935484,,,,,,,,,,,,,,100.0,,,,,,,,,,,,68.7,🔴 终极逃顶（高风险）,🛑 崩盘前夕,,,,
汽车,,,,-0.1562506346835745,,,,,,,,,,,,,,,,,,,,41.5,,2026-06-05 17:52,,,,,,,,,,,,1.4161290322580646,,,,,,,,,,,,,,47.9,,,,,,,,,,,,100.0,🟢 低位共振（可重仓潜伏）,🌱 底仓潜伏,,,,
公用事业,,,,-1.0899655179591128,,,,,,,,,,,,,,,,,,,,41.5,,2026-06-05 17:52,,,,,,,,,,,,1.3,,,,,,,,,,,,,,100.0,,,,,,,,,,,,92.0,🔴 终极逃顶（高风险）,🛑 崩盘前夕,,,,
轻工制造,,,,-1.5117762830633374,,,,,,,,,,,,,,,,,,,,41.1,,2026-06-05 17:52,,,,,,,,,,,,1.532258064516129,,,,,,,,,,,,,,0.0,,,,,,,,,,,,74.3,⚪ 安全持仓,☕ 稳健持有,,,,
医药生物,,,,-1.367327121340467,,,,,,,,,,,,,,,,,,,,40.1,,2026-06-05 17:52,,,,,,,,,,,,1.5580645161290323,,,,,,,,,,,,,,29.9,,,,,,,,,,,,100.0,🟢 低位共振（可重仓潜伏）,🌱 底仓潜伏,,,,
传媒,,,,-1.886378591796456,,,,,,,,,,,,,,,,,,,,39.0,,2026-06-05 17:52,,,,,,,,,,,,1.635483870967742,,,,,,,,,,,,,,32.1,,,,,,,,,,,,14.8,⚪ 安全持仓,☕ 稳健持有,,,,
计算机,,,,-1.788454061646905,,,,,,,,,,,,,,,,,,,,38.5,,2026-06-05 17:52,,,,,,,,,,,,1.6225806451612903,,,,,,,,,,,,,,68.0,,,,,,,,,,,,0.0,🟡 预警（观察减持）,⚖️ 控仓观望,,,,
建筑装饰,,,,-0.8868843449752806,,,,,,,,,,,,,,,,,,,,37.3,,2026-06-05 17:52,,,,,,,,,,,,1.3258064516129031,,,,,,,,,,,,,,19.2,,,,,,,,,,,,100.0,🟢 低位共振（可重仓潜伏）,🌱 底仓潜伏,,,,
商贸零售,,,,-2.411497824096453,,,,,,,,,,,,,,,,,,,,36.4,,2026-06-05 17:52,,,,,,,,,,,,1.5580645161290323,,,,,,,,,,,,,,42.8,,,,,,,,,,,,78.0,🟢 低位共振（可重仓潜伏）,🌱 底仓潜伏,,,,
美容护理,,,,-1.729310040585852,,,,,,,,,,,,,,,,,,,,35.8,,2026-06-05 17:52,,,,,,,,,,,,1.338709677419355,,,,,,,,,,,,,,32.0,,,,,,,,,,,,71.4,⚪ 安全持仓,☕ 稳健持有,,,,
交通运输,,,,-1.2202637741895783,,,,,,,,,,,,,,,,,,,,35.7,,2026-06-05 17:52,,,,,,,,,,,,1.3129032258064517,,,,,,,,,,,,,,0.0,,,,,,,,,,,,100.0,🟢 低位共振（可重仓潜伏）,🌱 底仓潜伏,,,,
环保,,,,-0.9042469608445458,,,,,,,,,,,,,,,,,,,,33.8,,2026-06-05 17:52,,,,,,,,,,,,1.261290322580645,,,,,,,,,,,,,,44.1,,,,,,,,,,,,50.3,⚪ 安全持仓,☕ 稳健持有,,,,
非银金融,,,,-1.1251362469674064,,,,,,,,,,,,,,,,,,,,32.9,,2026-06-05 17:52,,,,,,,,,,,,1.7,,,,,,,,,,,,,,35.3,,,,,,,,,,,,87.7,🟢 低位共振（可重仓潜伏）,🌱 底仓潜伏,,,,
煤炭,,,,1.1834403430360574,,,,,,,,,,,,,,,,,,,,31.0,,2026-06-05 17:52,,,,,,,,,,,,2.17741935483871,,,,,,,,,,,,,,100.0,,,,,,,,,,,,33.4,🔴 终极逃顶（高风险）,🦊 诱多陷阱,,,,
纺织服饰,,,,-1.5837518557124342,,,,,,,,,,,,,,,,,,,,30.6,,2026-06-05 17:52,,,,,,,,,,,,1.3903225806451611,,,,,,,,,,,,,,2.6,,,,,,,,,,,,50.0,⚪ 安全持仓,☕ 稳健持有,,,,
社会服务,,,,-1.6127815269949997,,,,,,,,,,,,,,,,,,,,30.3,,2026-06-05 17:52,,,,,,,,,,,,1.532258064516129,,,,,,,,,,,,,,47.5,,,,,,,,,,,,86.3,🟢 低位共振（可重仓潜伏）,🌱 底仓潜伏,,,,
银行,,,,-1.0964306442987404,,,,,,,,,,,,,,,,,,,,28.3,,2026-06-05 17:52,,,,,,,,,,,,1.035483870967742,,,,,,,,,,,,,,12.5,,,,,,,,,,,,100.0,🟢 低位共振（可重仓潜伏）,🌱 底仓潜伏,,,,
家用电器,,,,-0.3309128502619551,,,,,,,,,,,,,,,,,,,,28.2,,2026-06-05 17:52,,,,,,,,,,,,1.035483870967742,,,,,,,,,,,,,,100.0,,,,,,,,,,,,87.3,🔴 终极逃顶（高风险）,🛑 崩盘前夕,,,,
农林牧渔,,,,-2.3511798848952603,,,,,,,,,,,,,,,,,,,,27.1,,2026-06-05 17:52,,,,,,,,,,,,1.3645161290322585,,,,,,,,,,,,,,39.5,,,,,,,,,,,,75.2,🟢 低位共振（可重仓潜伏）,🌱 底仓潜伏,,,,
钢铁,,,,-1.0078207567110642,,,,,,,,,,,,,,,,,,,,23.6,,2026-06-05 17:52,,,,,,,,,,,,1.261290322580645,,,,,,,,,,,,,,0.0,,,,,,,,,,,,79.8,🟢 低位共振（可重仓潜伏）,🌱 底仓潜伏,,,,
综合,,,,-3.201806770089388,,,,,,,,,,,,,,,,,,,,20.7,,2026-06-05 17:52,,,,,,,,,,,,1.3516129032258064,,,,,,,,,,,,,,73.7,,,,,,,,,,,,0.0,🟠 高位能量耗尽（大幅减仓）,⚠️ 强弩之末,,,,
食品饮料,,,,-1.5880777332905494,,,,,,,,,,,,,,,,,,,,19.2,,2026-06-05 17:52,,,,,,,,,,,,1.0419354838709678,,,,,,,,,,,,,,70.6,,,,,,,,,,,,55.9,🟠 高位能量耗尽（大幅减仓）,⚠️ 强弩之末,,,,
机械设备,,,,1.0970430322942315,,,,,,,,,,,,,,,,,,,,67.4,,2026-06-05 17:53,,,,,,,,,,,,2.2612903225806456,,,,,,,,,,,,,,44.0,,,,,,,,,,,,0.0,⚪ 安全持仓,📈 顺势加仓,,,,
通信,,,,0.0711626828984401,,,,,,,,,,,,,,,,,,,,63.5,,2026-06-05 17:53,,,,,,,,,,,,2.241935483870968,,,,,,,,,,,,,,54.1,,,,,,,,,,,,0.0,⚪ 安全持仓,🚨 强制清仓,,,,
基础化工,,,,-1.0790453346646856,,,,,,,,,,,,,,,,,,,,57.4,,2026-06-05 17:53,,,,,,,,,,,,1.4806451612903226,,,,,,,,,,,,,,0.0,,,,,,,,,,,,71.4,⚪ 安全持仓,☕ 稳健持有,,,,
建筑材料,,,,-0.4106871075673757,,,,,,,,,,,,,,,,,,,,53.6,,2026-06-05 17:53,,,,,,,,,,,,1.6225806451612903,,,,,,,,,,,,,,56.7,,,,,,,,,,,,0.0,🟡 预警（观察减持）,⚖️ 控仓观望,,,,
有色金属,,,,-2.838566515033847,,,,,,,,,,,,,,,,,,,,50.8,,2026-06-05 17:53,,,,,,,,,,,,1.596774193548387,,,,,,,,,,,,,,100.0,,,,,,,,,,,,1.1,🔴 终极逃顶（高风险）,🛑 崩盘前夕,,,,
国防军工,,,,0.1301388510754231,,,,,,,,,,,,,,,,,,,,49.2,,2026-06-05 17:53,,,,,,,,,,,,1.6741935483870969,,,,,,,,,,,,,,38.6,,,,,,,,,,,,0.0,⚪ 安全持仓,☕ 稳健持有,,,,
电力设备,,,,-1.9575373276843773,,,,,,,,,,,,,,,,,,,,46.5,,2026-06-05 17:53,,,,,,,,,,,,1.3258064516129031,,,,,,,,,,,,,,0.0,,,,,,,,,,,,36.8,⚪ 安全持仓,☕ 稳健持有,,,,
石油石化,,,,-1.9442668019200136,,,,,,,,,,,,,,,,,,,,44.9,,2026-06-05 17:53,,,,,,,,,,,,1.506451612903226,,,,,,,,,,,,,,42.3,,,,,,,,,,,,62.9,⚪ 安全持仓,☕ 稳健持有,,,,
电子,,,,2.26498210788928,,,,,,,,,,,,,,,,,,,,42.3,,2026-06-05 17:53,,,,,,,,,,,,2.2612903225806456,,,,,,,,,,,,,,58.4,,,,,,,,,,,,0.0,🟡 预警（观察减持）,🦊 诱多陷阱,,,,
房地产,,,,-0.92942760079483,,,,,,,,,,,,,,,,,,,,42.2,,2026-06-05 17:53,,,,,,,,,,,,1.570967741935484,,,,,,,,,,,,,,100.0,,,,,,,,,,,,68.7,🔴 终极逃顶（高风险）,🛑 崩盘前夕,,,,
汽车,,,,-0.1562506346835745,,,,,,,,,,,,,,,,,,,,41.5,,2026-06-05 17:53,,,,,,,,,,,,1.4161290322580646,,,,,,,,,,,,,,47.9,,,,,,,,,,,,100.0,🟢 低位共振（可重仓潜伏）,🌱 底仓潜伏,,,,
公用事业,,,,-1.0899655179591128,,,,,,,,,,,,,,,,,,,,41.5,,2026-06-05 17:53,,,,,,,,,,,,1.3,,,,,,,,,,,,,,100.0,,,,,,,,,,,,92.0,🔴 终极逃顶（高风险）,🛑 崩盘前夕,,,,
轻工制造,,,,-1.5117762830633374,,,,,,,,,,,,,,,,,,,,41.1,,2026-06-05 17:53,,,,,,,,,,,,1.532258064516129,,,,,,,,,,,,,,0.0,,,,,,,,,,,,74.3,⚪ 安全持仓,☕ 稳健持有,,,,
医药生物,,,,-1.367327121340467,,,,,,,,,,,,,,,,,,,,40.1,,2026-06-05 17:53,,,,,,,,,,,,1.5580645161290323,,,,,,,,,,,,,,29.9,,,,,,,,,,,,100.0,🟢 低位共振（可重仓潜伏）,🌱 底仓潜伏,,,,
传媒,,,,-1.886378591796456,,,,,,,,,,,,,,,,,,,,39.0,,2026-06-05 17:53,,,,,,,,,,,,1.635483870967742,,,,,,,,,,,,,,32.1,,,,,,,,,,,,14.8,⚪ 安全持仓,☕ 稳健持有,,,,
计算机,,,,-1.788454061646905,,,,,,,,,,,,,,,,,,,,38.5,,2026-06-05 17:53,,,,,,,,,,,,1.6225806451612903,,,,,,,,,,,,,,68.0,,,,,,,,,,,,0.0,🟡 预警（观察减持）,⚖️ 控仓观望,,,,
建筑装饰,,,,-0.8868843449752806,,,,,,,,,,,,,,,,,,,,37.3,,2026-06-05 17:53,,,,,,,,,,,,1.3258064516129031,,,,,,,,,,,,,,19.2,,,,,,,,,,,,100.0,🟢 低位共振（可重仓潜伏）,🌱 底仓潜伏,,,,
商贸零售,,,,-2.411497824096453,,,,,,,,,,,,,,,,,,,,36.4,,2026-06-05 17:53,,,,,,,,,,,,1.5580645161290323,,,,,,,,,,,,,,42.8,,,,,,,,,,,,78.0,🟢 低位共振（可重仓潜伏）,🌱 底仓潜伏,,,,
美容护理,,,,-1.729310040585852,,,,,,,,,,,,,,,,,,,,35.8,,2026-06-05 17:53,,,,,,,,,,,,1.338709677419355,,,,,,,,,,,,,,32.0,,,,,,,,,,,,71.4,⚪ 安全持仓,☕ 稳健持有,,,,
交通运输,,,,-1.2202637741895783,,,,,,,,,,,,,,,,,,,,35.7,,2026-06-05 17:53,,,,,,,,,,,,1.3129032258064517,,,,,,,,,,,,,,0.0,,,,,,,,,,,,100.0,🟢 低位共振（可重仓潜伏）,🌱 底仓潜伏,,,,
环保,,,,-0.9042469608445458,,,,,,,,,,,,,,,,,,,,33.8,,2026-06-05 17:53,,,,,,,,,,,,1.261290322580645,,,,,,,,,,,,,,44.1,,,,,,,,,,,,50.3,⚪ 安全持仓,☕ 稳健持有,,,,
非银金融,,,,-1.1251362469674064,,,,,,,,,,,,,,,,,,,,32.9,,2026-06-05 17:53,,,,,,,,,,,,1.7,,,,,,,,,,,,,,35.3,,,,,,,,,,,,87.7,🟢 低位共振（可重仓潜伏）,🌱 底仓潜伏,,,,
煤炭,,,,1.1834403430360574,,,,,,,,,,,,,,,,,,,,31.0,,2026-06-05 17:53,,,,,,,,,,,,2.17741935483871,,,,,,,,,,,,,,100.0,,,,,,,,,,,,33.4,🔴 终极逃顶（高风险）,🦊 诱多陷阱,,,,
纺织服饰,,,,-1.5837518557124342,,,,,,,,,,,,,,,,,,,,30.6,,2026-06-05 17:53,,,,,,,,,,,,1.3903225806451611,,,,,,,,,,,,,,2.6,,,,,,,,,,,,50.0,⚪ 安全持仓,☕ 稳健持有,,,,
社会服务,,,,-1.6127815269949997,,,,,,,,,,,,,,,,,,,,30.3,,2026-06-05 17:53,,,,,,,,,,,,1.532258064516129,,,,,,,,,,,,,,47.5,,,,,,,,,,,,86.3,🟢 低位共振（可重仓潜伏）,🌱 底仓潜伏,,,,
银行,,,,-1.0964306442987404,,,,,,,,,,,,,,,,,,,,28.3,,2026-06-05 17:53,,,,,,,,,,,,1.035483870967742,,,,,,,,,,,,,,12.5,,,,,,,,,,,,100.0,🟢 低位共振（可重仓潜伏）,🌱 底仓潜伏,,,,
家用电器,,,,-0.3309128502619551,,,,,,,,,,,,,,,,,,,,28.2,,2026-06-05 17:53,,,,,,,,,,,,1.035483870967742,,,,,,,,,,,,,,100.0,,,,,,,,,,,,87.3,🔴 终极逃顶（高风险）,🛑 崩盘前夕,,,,
农林牧渔,,,,-2.3511798848952603,,,,,,,,,,,,,,,,,,,,27.1,,2026-06-05 17:53,,,,,,,,,,,,1.3645161290322585,,,,,,,,,,,,,,39.5,,,,,,,,,,,,75.2,🟢 低位共振（可重仓潜伏）,🌱 底仓潜伏,,,,
钢铁,,,,-1.0078207567110642,,,,,,,,,,,,,,,,,,,,23.6,,2026-06-05 17:53,,,,,,,,,,,,1.261290322580645,,,,,,,,,,,,,,0.0,,,,,,,,,,,,79.8,🟢 低位共振（可重仓潜伏）,🌱 底仓潜伏,,,,
综合,,,,-3.201806770089388,,,,,,,,,,,,,,,,,,,,20.7,,2026-06-05 17:53,,,,,,,,,,,,1.3516129032258064,,,,,,,,,,,,,,73.7,,,,,,,,,,,,0.0,🟠 高位能量耗尽（大幅减仓）,⚠️ 强弩之末,,,,
食品饮料,,,,-1.5880777332905494,,,,,,,,,,,,,,,,,,,,19.2,,2026-06-05 17:53,,,,,,,,,,,,1.0419354838709678,,,,,,,,,,,,,,70.6,,,,,,,,,,,,55.9,🟠 高位能量耗尽（大幅减仓）,⚠️ 强弩之末,,,,
机械设备,,,,1.0970430322942315,,,,,,,,,,,,,,,,,,,,67.4,,2026-06-05 19:13,,,,,,,,,,,,2.2612903225806456,,,,,,,,,,,,,,44.0,,,,,,,,,,,,0.0,⚪ 安全持仓,📈 顺势加仓,,,,
通信,,,,0.0711626828984401,,,,,,,,,,,,,,,,,,,,63.5,,2026-06-05 19:13,,,,,,,,,,,,2.241935483870968,,,,,,,,,,,,,,54.1,,,,,,,,,,,,0.0,⚪ 安全持仓,🚨 强制清仓,,,,
基础化工,,,,-1.0790453346646856,,,,,,,,,,,,,,,,,,,,57.4,,2026-06-05 19:13,,,,,,,,,,,,1.4806451612903226,,,,,,,,,,,,,,0.0,,,,,,,,,,,,71.4,⚪ 安全持仓,☕ 稳健持有,,,,
建筑材料,,,,-0.4106871075673757,,,,,,,,,,,,,,,,,,,,53.6,,2026-06-05 19:13,,,,,,,,,,,,1.6225806451612903,,,,,,,,,,,,,,56.7,,,,,,,,,,,,0.0,🟡 预警（观察减持）,⚖️ 控仓观望,,,,
有色金属,,,,-2.838566515033847,,,,,,,,,,,,,,,,,,,,50.8,,2026-06-05 19:13,,,,,,,,,,,,1.596774193548387,,,,,,,,,,,,,,100.0,,,,,,,,,,,,1.1,🔴 终极逃顶（高风险）,🛑 崩盘前夕,,,,
国防军工,,,,0.1301388510754231,,,,,,,,,,,,,,,,,,,,49.2,,2026-06-05 19:13,,,,,,,,,,,,1.6741935483870969,,,,,,,,,,,,,,38.6,,,,,,,,,,,,0.0,⚪ 安全持仓,☕ 稳健持有,,,,
电力设备,,,,-1.9575373276843773,,,,,,,,,,,,,,,,,,,,46.5,,2026-06-05 19:13,,,,,,,,,,,,1.3258064516129031,,,,,,,,,,,,,,0.0,,,,,,,,,,,,36.8,⚪ 安全持仓,☕ 稳健持有,,,,
石油石化,,,,-1.9442668019200136,,,,,,,,,,,,,,,,,,,,44.9,,2026-06-05 19:13,,,,,,,,,,,,1.506451612903226,,,,,,,,,,,,,,42.3,,,,,,,,,,,,62.9,⚪ 安全持仓,☕ 稳健持有,,,,
电子,,,,2.26498210788928,,,,,,,,,,,,,,,,,,,,42.3,,2026-06-05 19:13,,,,,,,,,,,,2.2612903225806456,,,,,,,,,,,,,,58.4,,,,,,,,,,,,0.0,🟡 预警（观察减持）,🦊 诱多陷阱,,,,
房地产,,,,-0.92942760079483,,,,,,,,,,,,,,,,,,,,42.2,,2026-06-05 19:13,,,,,,,,,,,,1.570967741935484,,,,,,,,,,,,,,100.0,,,,,,,,,,,,68.7,🔴 终极逃顶（高风险）,🛑 崩盘前夕,,,,
汽车,,,,-0.1562506346835745,,,,,,,,,,,,,,,,,,,,41.5,,2026-06-05 19:13,,,,,,,,,,,,1.4161290322580646,,,,,,,,,,,,,,47.9,,,,,,,,,,,,100.0,🟢 低位共振（可重仓潜伏）,🌱 底仓潜伏,,,,
公用事业,,,,-1.0899655179591128,,,,,,,,,,,,,,,,,,,,41.5,,2026-06-05 19:13,,,,,,,,,,,,1.3,,,,,,,,,,,,,,100.0,,,,,,,,,,,,92.0,🔴 终极逃顶（高风险）,🛑 崩盘前夕,,,,
轻工制造,,,,-1.5117762830633374,,,,,,,,,,,,,,,,,,,,41.1,,2026-06-05 19:13,,,,,,,,,,,,1.532258064516129,,,,,,,,,,,,,,0.0,,,,,,,,,,,,74.3,⚪ 安全持仓,☕ 稳健持有,,,,
医药生物,,,,-1.367327121340467,,,,,,,,,,,,,,,,,,,,40.1,,2026-06-05 19:13,,,,,,,,,,,,1.5580645161290323,,,,,,,,,,,,,,29.9,,,,,,,,,,,,100.0,🟢 低位共振（可重仓潜伏）,🌱 底仓潜伏,,,,
传媒,,,,-1.886378591796456,,,,,,,,,,,,,,,,,,,,39.0,,2026-06-05 19:13,,,,,,,,,,,,1.635483870967742,,,,,,,,,,,,,,32.1,,,,,,,,,,,,14.8,⚪ 安全持仓,☕ 稳健持有,,,,
计算机,,,,-1.788454061646905,,,,,,,,,,,,,,,,,,,,38.5,,2026-06-05 19:13,,,,,,,,,,,,1.6225806451612903,,,,,,,,,,,,,,68.0,,,,,,,,,,,,0.0,🟡 预警（观察减持）,⚖️ 控仓观望,,,,
建筑装饰,,,,-0.8868843449752806,,,,,,,,,,,,,,,,,,,,37.3,,2026-06-05 19:13,,,,,,,,,,,,1.3258064516129031,,,,,,,,,,,,,,19.2,,,,,,,,,,,,100.0,🟢 低位共振（可重仓潜伏）,🌱 底仓潜伏,,,,
商贸零售,,,,-2.411497824096453,,,,,,,,,,,,,,,,,,,,36.4,,2026-06-05 19:13,,,,,,,,,,,,1.5580645161290323,,,,,,,,,,,,,,42.8,,,,,,,,,,,,78.0,🟢 低位共振（可重仓潜伏）,🌱 底仓潜伏,,,,
美容护理,,,,-1.729310040585852,,,,,,,,,,,,,,,,,,,,35.8,,2026-06-05 19:13,,,,,,,,,,,,1.338709677419355,,,,,,,,,,,,,,32.0,,,,,,,,,,,,71.4,⚪ 安全持仓,☕ 稳健持有,,,,
交通运输,,,,-1.2202637741895783,,,,,,,,,,,,,,,,,,,,35.7,,2026-06-05 19:13,,,,,,,,,,,,1.3129032258064517,,,,,,,,,,,,,,0.0,,,,,,,,,,,,100.0,🟢 低位共振（可重仓潜伏）,🌱 底仓潜伏,,,,
环保,,,,-0.9042469608445458,,,,,,,,,,,,,,,,,,,,33.8,,2026-06-05 19:13,,,,,,,,,,,,1.261290322580645,,,,,,,,,,,,,,44.1,,,,,,,,,,,,50.3,⚪ 安全持仓,☕ 稳健持有,,,,
非银金融,,,,-1.1251362469674064,,,,,,,,,,,,,,,,,,,,32.9,,2026-06-05 19:13,,,,,,,,,,,,1.7,,,,,,,,,,,,,,35.3,,,,,,,,,,,,87.7,🟢 低位共振（可重仓潜伏）,🌱 底仓潜伏,,,,
煤炭,,,,1.1834403430360574,,,,,,,,,,,,,,,,,,,,31.0,,2026-06-05 19:13,,,,,,,,,,,,2.17741935483871,,,,,,,,,,,,,,100.0,,,,,,,,,,,,33.4,🔴 终极逃顶（高风险）,🦊 诱多陷阱,,,,
纺织服饰,,,,-1.5837518557124342,,,,,,,,,,,,,,,,,,,,30.6,,2026-06-05 19:13,,,,,,,,,,,,1.3903225806451611,,,,,,,,,,,,,,2.6,,,,,,,,,,,,50.0,⚪ 安全持仓,☕ 稳健持有,,,,
社会服务,,,,-1.6127815269949997,,,,,,,,,,,,,,,,,,,,30.3,,2026-06-05 19:13,,,,,,,,,,,,1.532258064516129,,,,,,,,,,,,,,47.5,,,,,,,,,,,,86.3,🟢 低位共振（可重仓潜伏）,🌱 底仓潜伏,,,,
银行,,,,-1.0964306442987404,,,,,,,,,,,,,,,,,,,,28.3,,2026-06-05 19:13,,,,,,,,,,,,1.035483870967742,,,,,,,,,,,,,,12.5,,,,,,,,,,,,100.0,🟢 低位共振（可重仓潜伏）,🌱 底仓潜伏,,,,
家用电器,,,,-0.3309128502619551,,,,,,,,,,,,,,,,,,,,28.2,,2026-06-05 19:13,,,,,,,,,,,,1.035483870967742,,,,,,,,,,,,,,100.0,,,,,,,,,,,,87.3,🔴 终极逃顶（高风险）,🛑 崩盘前夕,,,,
农林牧渔,,,,-2.3511798848952603,,,,,,,,,,,,,,,,,,,,27.1,,2026-06-05 19:13,,,,,,,,,,,,1.3645161290322585,,,,,,,,,,,,,,39.5,,,,,,,,,,,,75.2,🟢 低位共振（可重仓潜伏）,🌱 底仓潜伏,,,,
钢铁,,,,-1.0078207567110642,,,,,,,,,,,,,,,,,,,,23.6,,2026-06-05 19:13,,,,,,,,,,,,1.261290322580645,,,,,,,,,,,,,,0.0,,,,,,,,,,,,79.8,🟢 低位共振（可重仓潜伏）,🌱 底仓潜伏,,,,
综合,,,,-3.201806770089388,,,,,,,,,,,,,,,,,,,,20.7,,2026-06-05 19:13,,,,,,,,,,,,1.3516129032258064,,,,,,,,,,,,,,73.7,,,,,,,,,,,,0.0,🟠 高位能量耗尽（大幅减仓）,⚠️ 强弩之末,,,,
食品饮料,,,,-1.5880777332905494,,,,,,,,,,,,,,,,,,,,19.2,,2026-06-05 19:13,,,,,,,,,,,,1.0419354838709678,,,,,,,,,,,,,,70.6,,,,,,,,,,,,55.9,🟠 高位能量耗尽（大幅减仓）,⚠️ 强弩之末,,,,
机械设备,,,,1.0970430322942315,,,,,,,,,,,,,,,,,,,,67.4,,2026-06-05 19:17,,,,,,,,,,,,2.2612903225806456,,,,,,,,,,,,,,44.0,,,,,,,,,,,,0.0,⚪ 安全持仓,📈 顺势加仓,,,,
通信,,,,0.0711626828984401,,,,,,,,,,,,,,,,,,,,63.5,,2026-06-05 19:17,,,,,,,,,,,,2.241935483870968,,,,,,,,,,,,,,54.1,,,,,,,,,,,,0.0,⚪ 安全持仓,🚨 强制清仓,,,,
基础化工,,,,-1.0790453346646856,,,,,,,,,,,,,,,,,,,,57.4,,2026-06-05 19:17,,,,,,,,,,,,1.4806451612903226,,,,,,,,,,,,,,0.0,,,,,,,,,,,,71.4,⚪ 安全持仓,☕ 稳健持有,,,,
建筑材料,,,,-0.4106871075673757,,,,,,,,,,,,,,,,,,,,53.6,,2026-06-05 19:17,,,,,,,,,,,,1.6225806451612903,,,,,,,,,,,,,,56.7,,,,,,,,,,,,0.0,🟡 预警（观察减持）,⚖️ 控仓观望,,,,
有色金属,,,,-2.838566515033847,,,,,,,,,,,,,,,,,,,,50.8,,2026-06-05 19:17,,,,,,,,,,,,1.596774193548387,,,,,,,,,,,,,,100.0,,,,,,,,,,,,1.1,🔴 终极逃顶（高风险）,🛑 崩盘前夕,,,,
国防军工,,,,0.1301388510754231,,,,,,,,,,,,,,,,,,,,49.2,,2026-06-05 19:17,,,,,,,,,,,,1.6741935483870969,,,,,,,,,,,,,,38.6,,,,,,,,,,,,0.0,⚪ 安全持仓,☕ 稳健持有,,,,
电力设备,,,,-1.9575373276843773,,,,,,,,,,,,,,,,,,,,46.5,,2026-06-05 19:17,,,,,,,,,,,,1.3258064516129031,,,,,,,,,,,,,,0.0,,,,,,,,,,,,36.8,⚪ 安全持仓,☕ 稳健持有,,,,
石油石化,,,,-1.9442668019200136,,,,,,,,,,,,,,,,,,,,44.9,,2026-06-05 19:17,,,,,,,,,,,,1.506451612903226,,,,,,,,,,,,,,42.3,,,,,,,,,,,,62.9,⚪ 安全持仓,☕ 稳健持有,,,,
电子,,,,2.26498210788928,,,,,,,,,,,,,,,,,,,,42.3,,2026-06-05 19:17,,,,,,,,,,,,2.2612903225806456,,,,,,,,,,,,,,58.4,,,,,,,,,,,,0.0,🟡 预警（观察减持）,🦊 诱多陷阱,,,,
房地产,,,,-0.92942760079483,,,,,,,,,,,,,,,,,,,,42.2,,2026-06-05 19:17,,,,,,,,,,,,1.570967741935484,,,,,,,,,,,,,,100.0,,,,,,,,,,,,68.7,🔴 终极逃顶（高风险）,🛑 崩盘前夕,,,,
汽车,,,,-0.1562506346835745,,,,,,,,,,,,,,,,,,,,41.5,,2026-06-05 19:17,,,,,,,,,,,,1.4161290322580646,,,,,,,,,,,,,,47.9,,,,,,,,,,,,100.0,🟢 低位共振（可重仓潜伏）,🌱 底仓潜伏,,,,
公用事业,,,,-1.0899655179591128,,,,,,,,,,,,,,,,,,,,41.5,,2026-06-05 19:17,,,,,,,,,,,,1.3,,,,,,,,,,,,,,100.0,,,,,,,,,,,,92.0,🔴 终极逃顶（高风险）,🛑 崩盘前夕,,,,
轻工制造,,,,-1.5117762830633374,,,,,,,,,,,,,,,,,,,,41.1,,2026-06-05 19:17,,,,,,,,,,,,1.532258064516129,,,,,,,,,,,,,,0.0,,,,,,,,,,,,74.3,⚪ 安全持仓,☕ 稳健持有,,,,
医药生物,,,,-1.367327121340467,,,,,,,,,,,,,,,,,,,,40.1,,2026-06-05 19:17,,,,,,,,,,,,1.5580645161290323,,,,,,,,,,,,,,29.9,,,,,,,,,,,,100.0,🟢 低位共振（可重仓潜伏）,🌱 底仓潜伏,,,,
传媒,,,,-1.886378591796456,,,,,,,,,,,,,,,,,,,,39.0,,2026-06-05 19:17,,,,,,,,,,,,1.635483870967742,,,,,,,,,,,,,,32.1,,,,,,,,,,,,14.8,⚪ 安全持仓,☕ 稳健持有,,,,
计算机,,,,-1.788454061646905,,,,,,,,,,,,,,,,,,,,38.5,,2026-06-05 19:17,,,,,,,,,,,,1.6225806451612903,,,,,,,,,,,,,,68.0,,,,,,,,,,,,0.0,🟡 预警（观察减持）,⚖️ 控仓观望,,,,
建筑装饰,,,,-0.8868843449752806,,,,,,,,,,,,,,,,,,,,37.3,,2026-06-05 19:17,,,,,,,,,,,,1.3258064516129031,,,,,,,,,,,,,,19.2,,,,,,,,,,,,100.0,🟢 低位共振（可重仓潜伏）,🌱 底仓潜伏,,,,
商贸零售,,,,-2.411497824096453,,,,,,,,,,,,,,,,,,,,36.4,,2026-06-05 19:17,,,,,,,,,,,,1.5580645161290323,,,,,,,,,,,,,,42.8,,,,,,,,,,,,78.0,🟢 低位共振（可重仓潜伏）,🌱 底仓潜伏,,,,
美容护理,,,,-1.729310040585852,,,,,,,,,,,,,,,,,,,,35.8,,2026-06-05 19:17,,,,,,,,,,,,1.338709677419355,,,,,,,,,,,,,,32.0,,,,,,,,,,,,71.4,⚪ 安全持仓,☕ 稳健持有,,,,
交通运输,,,,-1.2202637741895783,,,,,,,,,,,,,,,,,,,,35.7,,2026-06-05 19:17,,,,,,,,,,,,1.3129032258064517,,,,,,,,,,,,,,0.0,,,,,,,,,,,,100.0,🟢 低位共振（可重仓潜伏）,🌱 底仓潜伏,,,,
环保,,,,-0.9042469608445458,,,,,,,,,,,,,,,,,,,,33.8,,2026-06-05 19:17,,,,,,,,,,,,1.261290322580645,,,,,,,,,,,,,,44.1,,,,,,,,,,,,50.3,⚪ 安全持仓,☕ 稳健持有,,,,
非银金融,,,,-1.1251362469674064,,,,,,,,,,,,,,,,,,,,32.9,,2026-06-05 19:17,,,,,,,,,,,,1.7,,,,,,,,,,,,,,35.3,,,,,,,,,,,,87.7,🟢 低位共振（可重仓潜伏）,🌱 底仓潜伏,,,,
煤炭,,,,1.1834403430360574,,,,,,,,,,,,,,,,,,,,31.0,,2026-06-05 19:17,,,,,,,,,,,,2.17741935483871,,,,,,,,,,,,,,100.0,,,,,,,,,,,,33.4,🔴 终极逃顶（高风险）,🦊 诱多陷阱,,,,
纺织服饰,,,,-1.5837518557124342,,,,,,,,,,,,,,,,,,,,30.6,,2026-06-05 19:17,,,,,,,,,,,,1.3903225806451611,,,,,,,,,,,,,,2.6,,,,,,,,,,,,50.0,⚪ 安全持仓,☕ 稳健持有,,,,
社会服务,,,,-1.6127815269949997,,,,,,,,,,,,,,,,,,,,30.3,,2026-06-05 19:17,,,,,,,,,,,,1.532258064516129,,,,,,,,,,,,,,47.5,,,,,,,,,,,,86.3,🟢 低位共振（可重仓潜伏）,🌱 底仓潜伏,,,,
银行,,,,-1.0964306442987404,,,,,,,,,,,,,,,,,,,,28.3,,2026-06-05 19:17,,,,,,,,,,,,1.035483870967742,,,,,,,,,,,,,,12.5,,,,,,,,,,,,100.0,🟢 低位共振（可重仓潜伏）,🌱 底仓潜伏,,,,
家用电器,,,,-0.3309128502619551,,,,,,,,,,,,,,,,,,,,28.2,,2026-06-05 19:17,,,,,,,,,,,,1.035483870967742,,,,,,,,,,,,,,100.0,,,,,,,,,,,,87.3,🔴 终极逃顶（高风险）,🛑 崩盘前夕,,,,
农林牧渔,,,,-2.3511798848952603,,,,,,,,,,,,,,,,,,,,27.1,,2026-06-05 19:17,,,,,,,,,,,,1.3645161290322585,,,,,,,,,,,,,,39.5,,,,,,,,,,,,75.2,🟢 低位共振（可重仓潜伏）,🌱 底仓潜伏,,,,
钢铁,,,,-1.0078207567110642,,,,,,,,,,,,,,,,,,,,23.6,,2026-06-05 19:17,,,,,,,,,,,,1.261290322580645,,,,,,,,,,,,,,0.0,,,,,,,,,,,,79.8,🟢 低位共振（可重仓潜伏）,🌱 底仓潜伏,,,,
综合,,,,-3.201806770089388,,,,,,,,,,,,,,,,,,,,20.7,,2026-06-05 19:17,,,,,,,,,,,,1.3516129032258064,,,,,,,,,,,,,,73.7,,,,,,,,,,,,0.0,🟠 高位能量耗尽（大幅减仓）,⚠️ 强弩之末,,,,
食品饮料,,,,-1.5880777332905494,,,,,,,,,,,,,,,,,,,,19.2,,2026-06-05 19:17,,,,,,,,,,,,1.0419354838709678,,,,,,,,,,,,,,70.6,,,,,,,,,,,,55.9,🟠 高位能量耗尽（大幅减仓）,⚠️ 强弩之末,,,,
机械设备,,,,1.0970430322942315,,,,,,,,,,,,,,,,,,,,67.4,,2026-06-05 19:18,,,,,,,,,,,,2.2612903225806456,,,,,,,,,,,,,,44.0,,,,,,,,,,,,0.0,⚪ 安全持仓,📈 顺势加仓,,,,
通信,,,,0.0711626828984401,,,,,,,,,,,,,,,,,,,,63.5,,2026-06-05 19:18,,,,,,,,,,,,2.241935483870968,,,,,,,,,,,,,,54.1,,,,,,,,,,,,0.0,⚪ 安全持仓,🚨 强制清仓,,,,
基础化工,,,,-1.0790453346646856,,,,,,,,,,,,,,,,,,,,57.4,,2026-06-05 19:18,,,,,,,,,,,,1.4806451612903226,,,,,,,,,,,,,,0.0,,,,,,,,,,,,71.4,⚪ 安全持仓,☕ 稳健持有,,,,
建筑材料,,,,-0.4106871075673757,,,,,,,,,,,,,,,,,,,,53.6,,2026-06-05 19:18,,,,,,,,,,,,1.6225806451612903,,,,,,,,,,,,,,56.7,,,,,,,,,,,,0.0,🟡 预警（观察减持）,⚖️ 控仓观望,,,,
有色金属,,,,-2.838566515033847,,,,,,,,,,,,,,,,,,,,50.8,,2026-06-05 19:18,,,,,,,,,,,,1.596774193548387,,,,,,,,,,,,,,100.0,,,,,,,,,,,,1.1,🔴 终极逃顶（高风险）,🛑 崩盘前夕,,,,
国防军工,,,,0.1301388510754231,,,,,,,,,,,,,,,,,,,,49.2,,2026-06-05 19:18,,,,,,,,,,,,1.6741935483870969,,,,,,,,,,,,,,38.6,,,,,,,,,,,,0.0,⚪ 安全持仓,☕ 稳健持有,,,,
电力设备,,,,-1.9575373276843773,,,,,,,,,,,,,,,,,,,,46.5,,2026-06-05 19:18,,,,,,,,,,,,1.3258064516129031,,,,,,,,,,,,,,0.0,,,,,,,,,,,,36.8,⚪ 安全持仓,☕ 稳健持有,,,,
石油石化,,,,-1.9442668019200136,,,,,,,,,,,,,,,,,,,,44.9,,2026-06-05 19:18,,,,,,,,,,,,1.506451612903226,,,,,,,,,,,,,,42.3,,,,,,,,,,,,62.9,⚪ 安全持仓,☕ 稳健持有,,,,
电子,,,,2.26498210788928,,,,,,,,,,,,,,,,,,,,42.3,,2026-06-05 19:18,,,,,,,,,,,,2.2612903225806456,,,,,,,,,,,,,,58.4,,,,,,,,,,,,0.0,🟡 预警（观察减持）,🦊 诱多陷阱,,,,
房地产,,,,-0.92942760079483,,,,,,,,,,,,,,,,,,,,42.2,,2026-06-05 19:18,,,,,,,,,,,,1.570967741935484,,,,,,,,,,,,,,100.0,,,,,,,,,,,,68.7,🔴 终极逃顶（高风险）,🛑 崩盘前夕,,,,
汽车,,,,-0.1562506346835745,,,,,,,,,,,,,,,,,,,,41.5,,2026-06-05 19:18,,,,,,,,,,,,1.4161290322580646,,,,,,,,,,,,,,47.9,,,,,,,,,,,,100.0,🟢 低位共振（可重仓潜伏）,🌱 底仓潜伏,,,,
公用事业,,,,-1.0899655179591128,,,,,,,,,,,,,,,,,,,,41.5,,2026-06-05 19:18,,,,,,,,,,,,1.3,,,,,,,,,,,,,,100.0,,,,,,,,,,,,92.0,🔴 终极逃顶（高风险）,🛑 崩盘前夕,,,,
轻工制造,,,,-1.5117762830633374,,,,,,,,,,,,,,,,,,,,41.1,,2026-06-05 19:18,,,,,,,,,,,,1.532258064516129,,,,,,,,,,,,,,0.0,,,,,,,,,,,,74.3,⚪ 安全持仓,☕ 稳健持有,,,,
医药生物,,,,-1.367327121340467,,,,,,,,,,,,,,,,,,,,40.1,,2026-06-05 19:18,,,,,,,,,,,,1.5580645161290323,,,,,,,,,,,,,,29.9,,,,,,,,,,,,100.0,🟢 低位共振（可重仓潜伏）,🌱 底仓潜伏,,,,
传媒,,,,-1.886378591796456,,,,,,,,,,,,,,,,,,,,39.0,,2026-06-05 19:18,,,,,,,,,,,,1.635483870967742,,,,,,,,,,,,,,32.1,,,,,,,,,,,,14.8,⚪ 安全持仓,☕ 稳健持有,,,,
计算机,,,,-1.788454061646905,,,,,,,,,,,,,,,,,,,,38.5,,2026-06-05 19:18,,,,,,,,,,,,1.6225806451612903,,,,,,,,,,,,,,68.0,,,,,,,,,,,,0.0,🟡 预警（观察减持）,⚖️ 控仓观望,,,,
建筑装饰,,,,-0.8868843449752806,,,,,,,,,,,,,,,,,,,,37.3,,2026-06-05 19:18,,,,,,,,,,,,1.3258064516129031,,,,,,,,,,,,,,19.2,,,,,,,,,,,,100.0,🟢 低位共振（可重仓潜伏）,🌱 底仓潜伏,,,,
商贸零售,,,,-2.411497824096453,,,,,,,,,,,,,,,,,,,,36.4,,2026-06-05 19:18,,,,,,,,,,,,1.5580645161290323,,,,,,,,,,,,,,42.8,,,,,,,,,,,,78.0,🟢 低位共振（可重仓潜伏）,🌱 底仓潜伏,,,,
美容护理,,,,-1.729310040585852,,,,,,,,,,,,,,,,,,,,35.8,,2026-06-05 19:18,,,,,,,,,,,,1.338709677419355,,,,,,,,,,,,,,32.0,,,,,,,,,,,,71.4,⚪ 安全持仓,☕ 稳健持有,,,,
交通运输,,,,-1.2202637741895783,,,,,,,,,,,,,,,,,,,,35.7,,2026-06-05 19:18,,,,,,,,,,,,1.3129032258064517,,,,,,,,,,,,,,0.0,,,,,,,,,,,,100.0,🟢 低位共振（可重仓潜伏）,🌱 底仓潜伏,,,,
环保,,,,-0.9042469608445458,,,,,,,,,,,,,,,,,,,,33.8,,2026-06-05 19:18,,,,,,,,,,,,1.261290322580645,,,,,,,,,,,,,,44.1,,,,,,,,,,,,50.3,⚪ 安全持仓,☕ 稳健持有,,,,
非银金融,,,,-1.1251362469674064,,,,,,,,,,,,,,,,,,,,32.9,,2026-06-05 19:18,,,,,,,,,,,,1.7,,,,,,,,,,,,,,35.3,,,,,,,,,,,,87.7,🟢 低位共振（可重仓潜伏）,🌱 底仓潜伏,,,,
煤炭,,,,1.1834403430360574,,,,,,,,,,,,,,,,,,,,31.0,,2026-06-05 19:18,,,,,,,,,,,,2.17741935483871,,,,,,,,,,,,,,100.0,,,,,,,,,,,,33.4,🔴 终极逃顶（高风险）,🦊 诱多陷阱,,,,
纺织服饰,,,,-1.5837518557124342,,,,,,,,,,,,,,,,,,,,30.6,,2026-06-05 19:18,,,,,,,,,,,,1.3903225806451611,,,,,,,,,,,,,,2.6,,,,,,,,,,,,50.0,⚪ 安全持仓,☕ 稳健持有,,,,
社会服务,,,,-1.6127815269949997,,,,,,,,,,,,,,,,,,,,30.3,,2026-06-05 19:18,,,,,,,,,,,,1.532258064516129,,,,,,,,,,,,,,47.5,,,,,,,,,,,,86.3,🟢 低位共振（可重仓潜伏）,🌱 底仓潜伏,,,,
银行,,,,-1.0964306442987404,,,,,,,,,,,,,,,,,,,,28.3,,2026-06-05 19:18,,,,,,,,,,,,1.035483870967742,,,,,,,,,,,,,,12.5,,,,,,,,,,,,100.0,🟢 低位共振（可重仓潜伏）,🌱 底仓潜伏,,,,
家用电器,,,,-0.3309128502619551,,,,,,,,,,,,,,,,,,,,28.2,,2026-06-05 19:18,,,,,,,,,,,,1.035483870967742,,,,,,,,,,,,,,100.0,,,,,,,,,,,,87.3,🔴 终极逃顶（高风险）,🛑 崩盘前夕,,,,
农林牧渔,,,,-2.3511798848952603,,,,,,,,,,,,,,,,,,,,27.1,,2026-06-05 19:18,,,,,,,,,,,,1.3645161290322585,,,,,,,,,,,,,,39.5,,,,,,,,,,,,75.2,🟢 低位共振（可重仓潜伏）,🌱 底仓潜伏,,,,
钢铁,,,,-1.0078207567110642,,,,,,,,,,,,,,,,,,,,23.6,,2026-06-05 19:18,,,,,,,,,,,,1.261290322580645,,,,,,,,,,,,,,0.0,,,,,,,,,,,,79.8,🟢 低位共振（可重仓潜伏）,🌱 底仓潜伏,,,,
综合,,,,-3.201806770089388,,,,,,,,,,,,,,,,,,,,20.7,,2026-06-05 19:18,,,,,,,,,,,,1.3516129032258064,,,,,,,,,,,,,,73.7,,,,,,,,,,,,0.0,🟠 高位能量耗尽（大幅减仓）,⚠️ 强弩之末,,,,
食品饮料,,,,-1.5880777332905494,,,,,,,,,,,,,,,,,,,,19.2,,2026-06-05 19:18,,,,,,,,,,,,1.0419354838709678,,,,,,,,,,,,,,70.6,,,,,,,,,,,,55.9,🟠 高位能量耗尽（大幅减仓）,⚠️ 强弩之末,,,,
机械设备,,,,1.0970430322942315,,,,,,,,,,,,,,,,,,,,67.4,,2026-06-05 19:21,,,,,,,,,,,,2.2612903225806456,,,,,,,,,,,,,,44.0,,,,,,,,,,,,0.0,⚪ 安全持仓,📈 顺势加仓,,,,
通信,,,,0.0711626828984401,,,,,,,,,,,,,,,,,,,,63.5,,2026-06-05 19:21,,,,,,,,,,,,2.241935483870968,,,,,,,,,,,,,,54.1,,,,,,,,,,,,0.0,⚪ 安全持仓,🚨 强制清仓,,,,
基础化工,,,,-1.0790453346646856,,,,,,,,,,,,,,,,,,,,57.4,,2026-06-05 19:21,,,,,,,,,,,,1.4806451612903226,,,,,,,,,,,,,,0.0,,,,,,,,,,,,71.4,⚪ 安全持仓,☕ 稳健持有,,,,
建筑材料,,,,-0.4106871075673757,,,,,,,,,,,,,,,,,,,,53.6,,2026-06-05 19:21,,,,,,,,,,,,1.6225806451612903,,,,,,,,,,,,,,56.7,,,,,,,,,,,,0.0,🟡 预警（观察减持）,⚖️ 控仓观望,,,,
有色金属,,,,-2.838566515033847,,,,,,,,,,,,,,,,,,,,50.8,,2026-06-05 19:21,,,,,,,,,,,,1.596774193548387,,,,,,,,,,,,,,100.0,,,,,,,,,,,,1.1,🔴 终极逃顶（高风险）,🛑 崩盘前夕,,,,
国防军工,,,,0.1301388510754231,,,,,,,,,,,,,,,,,,,,49.2,,2026-06-05 19:21,,,,,,,,,,,,1.6741935483870969,,,,,,,,,,,,,,38.6,,,,,,,,,,,,0.0,⚪ 安全持仓,☕ 稳健持有,,,,
电力设备,,,,-1.9575373276843773,,,,,,,,,,,,,,,,,,,,46.5,,2026-06-05 19:21,,,,,,,,,,,,1.3258064516129031,,,,,,,,,,,,,,0.0,,,,,,,,,,,,36.8,⚪ 安全持仓,☕ 稳健持有,,,,
石油石化,,,,-1.9442668019200136,,,,,,,,,,,,,,,,,,,,44.9,,2026-06-05 19:21,,,,,,,,,,,,1.506451612903226,,,,,,,,,,,,,,42.3,,,,,,,,,,,,62.9,⚪ 安全持仓,☕ 稳健持有,,,,
电子,,,,2.26498210788928,,,,,,,,,,,,,,,,,,,,42.3,,2026-06-05 19:21,,,,,,,,,,,,2.2612903225806456,,,,,,,,,,,,,,58.4,,,,,,,,,,,,0.0,🟡 预警（观察减持）,🦊 诱多陷阱,,,,
房地产,,,,-0.92942760079483,,,,,,,,,,,,,,,,,,,,42.2,,2026-06-05 19:21,,,,,,,,,,,,1.570967741935484,,,,,,,,,,,,,,100.0,,,,,,,,,,,,68.7,🔴 终极逃顶（高风险）,🛑 崩盘前夕,,,,
汽车,,,,-0.1562506346835745,,,,,,,,,,,,,,,,,,,,41.5,,2026-06-05 19:21,,,,,,,,,,,,1.4161290322580646,,,,,,,,,,,,,,47.9,,,,,,,,,,,,100.0,🟢 低位共振（可重仓潜伏）,🌱 底仓潜伏,,,,
公用事业,,,,-1.0899655179591128,,,,,,,,,,,,,,,,,,,,41.5,,2026-06-05 19:21,,,,,,,,,,,,1.3,,,,,,,,,,,,,,100.0,,,,,,,,,,,,92.0,🔴 终极逃顶（高风险）,🛑 崩盘前夕,,,,
轻工制造,,,,-1.5117762830633374,,,,,,,,,,,,,,,,,,,,41.1,,2026-06-05 19:21,,,,,,,,,,,,1.532258064516129,,,,,,,,,,,,,,0.0,,,,,,,,,,,,74.3,⚪ 安全持仓,☕ 稳健持有,,,,
医药生物,,,,-1.367327121340467,,,,,,,,,,,,,,,,,,,,40.1,,2026-06-05 19:21,,,,,,,,,,,,1.5580645161290323,,,,,,,,,,,,,,29.9,,,,,,,,,,,,100.0,🟢 低位共振（可重仓潜伏）,🌱 底仓潜伏,,,,
传媒,,,,-1.886378591796456,,,,,,,,,,,,,,,,,,,,39.0,,2026-06-05 19:21,,,,,,,,,,,,1.635483870967742,,,,,,,,,,,,,,32.1,,,,,,,,,,,,14.8,⚪ 安全持仓,☕ 稳健持有,,,,
计算机,,,,-1.788454061646905,,,,,,,,,,,,,,,,,,,,38.5,,2026-06-05 19:21,,,,,,,,,,,,1.6225806451612903,,,,,,,,,,,,,,68.0,,,,,,,,,,,,0.0,🟡 预警（观察减持）,⚖️ 控仓观望,,,,
建筑装饰,,,,-0.8868843449752806,,,,,,,,,,,,,,,,,,,,37.3,,2026-06-05 19:21,,,,,,,,,,,,1.3258064516129031,,,,,,,,,,,,,,19.2,,,,,,,,,,,,100.0,🟢 低位共振（可重仓潜伏）,🌱 底仓潜伏,,,,
商贸零售,,,,-2.411497824096453,,,,,,,,,,,,,,,,,,,,36.4,,2026-06-05 19:21,,,,,,,,,,,,1.5580645161290323,,,,,,,,,,,,,,42.8,,,,,,,,,,,,78.0,🟢 低位共振（可重仓潜伏）,🌱 底仓潜伏,,,,
美容护理,,,,-1.729310040585852,,,,,,,,,,,,,,,,,,,,35.8,,2026-06-05 19:21,,,,,,,,,,,,1.338709677419355,,,,,,,,,,,,,,32.0,,,,,,,,,,,,71.4,⚪ 安全持仓,☕ 稳健持有,,,,
交通运输,,,,-1.2202637741895783,,,,,,,,,,,,,,,,,,,,35.7,,2026-06-05 19:21,,,,,,,,,,,,1.3129032258064517,,,,,,,,,,,,,,0.0,,,,,,,,,,,,100.0,🟢 低位共振（可重仓潜伏）,🌱 底仓潜伏,,,,
环保,,,,-0.9042469608445458,,,,,,,,,,,,,,,,,,,,33.8,,2026-06-05 19:21,,,,,,,,,,,,1.261290322580645,,,,,,,,,,,,,,44.1,,,,,,,,,,,,50.3,⚪ 安全持仓,☕ 稳健持有,,,,
非银金融,,,,-1.1251362469674064,,,,,,,,,,,,,,,,,,,,32.9,,2026-06-05 19:21,,,,,,,,,,,,1.7,,,,,,,,,,,,,,35.3,,,,,,,,,,,,87.7,🟢 低位共振（可重仓潜伏）,🌱 底仓潜伏,,,,
煤炭,,,,1.1834403430360574,,,,,,,,,,,,,,,,,,,,31.0,,2026-06-05 19:21,,,,,,,,,,,,2.17741935483871,,,,,,,,,,,,,,100.0,,,,,,,,,,,,33.4,🔴 终极逃顶（高风险）,🦊 诱多陷阱,,,,
纺织服饰,,,,-1.5837518557124342,,,,,,,,,,,,,,,,,,,,30.6,,2026-06-05 19:21,,,,,,,,,,,,1.3903225806451611,,,,,,,,,,,,,,2.6,,,,,,,,,,,,50.0,⚪ 安全持仓,☕ 稳健持有,,,,
社会服务,,,,-1.6127815269949997,,,,,,,,,,,,,,,,,,,,30.3,,2026-06-05 19:21,,,,,,,,,,,,1.532258064516129,,,,,,,,,,,,,,47.5,,,,,,,,,,,,86.3,🟢 低位共振（可重仓潜伏）,🌱 底仓潜伏,,,,
银行,,,,-1.0964306442987404,,,,,,,,,,,,,,,,,,,,28.3,,2026-06-05 19:21,,,,,,,,,,,,1.035483870967742,,,,,,,,,,,,,,12.5,,,,,,,,,,,,100.0,🟢 低位共振（可重仓潜伏）,🌱 底仓潜伏,,,,
家用电器,,,,-0.3309128502619551,,,,,,,,,,,,,,,,,,,,28.2,,2026-06-05 19:21,,,,,,,,,,,,1.035483870967742,,,,,,,,,,,,,,100.0,,,,,,,,,,,,87.3,🔴 终极逃顶（高风险）,🛑 崩盘前夕,,,,
农林牧渔,,,,-2.3511798848952603,,,,,,,,,,,,,,,,,,,,27.1,,2026-06-05 19:21,,,,,,,,,,,,1.3645161290322585,,,,,,,,,,,,,,39.5,,,,,,,,,,,,75.2,🟢 低位共振（可重仓潜伏）,🌱 底仓潜伏,,,,
钢铁,,,,-1.0078207567110642,,,,,,,,,,,,,,,,,,,,23.6,,2026-06-05 19:21,,,,,,,,,,,,1.261290322580645,,,,,,,,,,,,,,0.0,,,,,,,,,,,,79.8,🟢 低位共振（可重仓潜伏）,🌱 底仓潜伏,,,,
综合,,,,-3.201806770089388,,,,,,,,,,,,,,,,,,,,20.7,,2026-06-05 19:21,,,,,,,,,,,,1.3516129032258064,,,,,,,,,,,,,,73.7,,,,,,,,,,,,0.0,🟠 高位能量耗尽（大幅减仓）,⚠️ 强弩之末,,,,
食品饮料,,,,-1.5880777332905494,,,,,,,,,,,,,,,,,,,,19.2,,2026-06-05 19:21,,,,,,,,,,,,1.0419354838709678,,,,,,,,,,,,,,70.6,,,,,,,,,,,,55.9,🟠 高位能量耗尽（大幅减仓）,⚠️ 强弩之末,,,,
机械设备,,,,1.0970430322942315,,,,,,,,,,,,,,,,,,,,67.4,,2026-06-05 19:22,,,,,,,,,,,,2.2612903225806456,,,,,,,,,,,,,,44.0,,,,,,,,,,,,0.0,⚪ 安全持仓,📈 顺势加仓,,,,
通信,,,,0.0711626828984401,,,,,,,,,,,,,,,,,,,,63.5,,2026-06-05 19:22,,,,,,,,,,,,2.241935483870968,,,,,,,,,,,,,,54.1,,,,,,,,,,,,0.0,⚪ 安全持仓,🚨 强制清仓,,,,
基础化工,,,,-1.0790453346646856,,,,,,,,,,,,,,,,,,,,57.4,,2026-06-05 19:22,,,,,,,,,,,,1.4806451612903226,,,,,,,,,,,,,,0.0,,,,,,,,,,,,71.4,⚪ 安全持仓,☕ 稳健持有,,,,
建筑材料,,,,-0.4106871075673757,,,,,,,,,,,,,,,,,,,,53.6,,2026-06-05 19:22,,,,,,,,,,,,1.6225806451612903,,,,,,,,,,,,,,56.7,,,,,,,,,,,,0.0,🟡 预警（观察减持）,⚖️ 控仓观望,,,,
有色金属,,,,-2.838566515033847,,,,,,,,,,,,,,,,,,,,50.8,,2026-06-05 19:22,,,,,,,,,,,,1.596774193548387,,,,,,,,,,,,,,100.0,,,,,,,,,,,,1.1,🔴 终极逃顶（高风险）,🛑 崩盘前夕,,,,
国防军工,,,,0.1301388510754231,,,,,,,,,,,,,,,,,,,,49.2,,2026-06-05 19:22,,,,,,,,,,,,1.6741935483870969,,,,,,,,,,,,,,38.6,,,,,,,,,,,,0.0,⚪ 安全持仓,☕ 稳健持有,,,,
电力设备,,,,-1.9575373276843773,,,,,,,,,,,,,,,,,,,,46.5,,2026-06-05 19:22,,,,,,,,,,,,1.3258064516129031,,,,,,,,,,,,,,0.0,,,,,,,,,,,,36.8,⚪ 安全持仓,☕ 稳健持有,,,,
石油石化,,,,-1.9442668019200136,,,,,,,,,,,,,,,,,,,,44.9,,2026-06-05 19:22,,,,,,,,,,,,1.506451612903226,,,,,,,,,,,,,,42.3,,,,,,,,,,,,62.9,⚪ 安全持仓,☕ 稳健持有,,,,
电子,,,,2.26498210788928,,,,,,,,,,,,,,,,,,,,42.3,,2026-06-05 19:22,,,,,,,,,,,,2.2612903225806456,,,,,,,,,,,,,,58.4,,,,,,,,,,,,0.0,🟡 预警（观察减持）,🦊 诱多陷阱,,,,
房地产,,,,-0.92942760079483,,,,,,,,,,,,,,,,,,,,42.2,,2026-06-05 19:22,,,,,,,,,,,,1.570967741935484,,,,,,,,,,,,,,100.0,,,,,,,,,,,,68.7,🔴 终极逃顶（高风险）,🛑 崩盘前夕,,,,
汽车,,,,-0.1562506346835745,,,,,,,,,,,,,,,,,,,,41.5,,2026-06-05 19:22,,,,,,,,,,,,1.4161290322580646,,,,,,,,,,,,,,47.9,,,,,,,,,,,,100.0,🟢 低位共振（可重仓潜伏）,🌱 底仓潜伏,,,,
公用事业,,,,-1.0899655179591128,,,,,,,,,,,,,,,,,,,,41.5,,2026-06-05 19:22,,,,,,,,,,,,1.3,,,,,,,,,,,,,,100.0,,,,,,,,,,,,92.0,🔴 终极逃顶（高风险）,🛑 崩盘前夕,,,,
轻工制造,,,,-1.5117762830633374,,,,,,,,,,,,,,,,,,,,41.1,,2026-06-05 19:22,,,,,,,,,,,,1.532258064516129,,,,,,,,,,,,,,0.0,,,,,,,,,,,,74.3,⚪ 安全持仓,☕ 稳健持有,,,,
医药生物,,,,-1.367327121340467,,,,,,,,,,,,,,,,,,,,40.1,,2026-06-05 19:22,,,,,,,,,,,,1.5580645161290323,,,,,,,,,,,,,,29.9,,,,,,,,,,,,100.0,🟢 低位共振（可重仓潜伏）,🌱 底仓潜伏,,,,
传媒,,,,-1.886378591796456,,,,,,,,,,,,,,,,,,,,39.0,,2026-06-05 19:22,,,,,,,,,,,,1.635483870967742,,,,,,,,,,,,,,32.1,,,,,,,,,,,,14.8,⚪ 安全持仓,☕ 稳健持有,,,,
计算机,,,,-1.788454061646905,,,,,,,,,,,,,,,,,,,,38.5,,2026-06-05 19:22,,,,,,,,,,,,1.6225806451612903,,,,,,,,,,,,,,68.0,,,,,,,,,,,,0.0,🟡 预警（观察减持）,⚖️ 控仓观望,,,,
建筑装饰,,,,-0.8868843449752806,,,,,,,,,,,,,,,,,,,,37.3,,2026-06-05 19:22,,,,,,,,,,,,1.3258064516129031,,,,,,,,,,,,,,19.2,,,,,,,,,,,,100.0,🟢 低位共振（可重仓潜伏）,🌱 底仓潜伏,,,,
商贸零售,,,,-2.411497824096453,,,,,,,,,,,,,,,,,,,,36.4,,2026-06-05 19:22,,,,,,,,,,,,1.5580645161290323,,,,,,,,,,,,,,42.8,,,,,,,,,,,,78.0,🟢 低位共振（可重仓潜伏）,🌱 底仓潜伏,,,,
美容护理,,,,-1.729310040585852,,,,,,,,,,,,,,,,,,,,35.8,,2026-06-05 19:22,,,,,,,,,,,,1.338709677419355,,,,,,,,,,,,,,32.0,,,,,,,,,,,,71.4,⚪ 安全持仓,☕ 稳健持有,,,,
交通运输,,,,-1.2202637741895783,,,,,,,,,,,,,,,,,,,,35.7,,2026-06-05 19:22,,,,,,,,,,,,1.3129032258064517,,,,,,,,,,,,,,0.0,,,,,,,,,,,,100.0,🟢 低位共振（可重仓潜伏）,🌱 底仓潜伏,,,,
环保,,,,-0.9042469608445458,,,,,,,,,,,,,,,,,,,,33.8,,2026-06-05 19:22,,,,,,,,,,,,1.261290322580645,,,,,,,,,,,,,,44.1,,,,,,,,,,,,50.3,⚪ 安全持仓,☕ 稳健持有,,,,
非银金融,,,,-1.1251362469674064,,,,,,,,,,,,,,,,,,,,32.9,,2026-06-05 19:22,,,,,,,,,,,,1.7,,,,,,,,,,,,,,35.3,,,,,,,,,,,,87.7,🟢 低位共振（可重仓潜伏）,🌱 底仓潜伏,,,,
煤炭,,,,1.1834403430360574,,,,,,,,,,,,,,,,,,,,31.0,,2026-06-05 19:22,,,,,,,,,,,,2.17741935483871,,,,,,,,,,,,,,100.0,,,,,,,,,,,,33.4,🔴 终极逃顶（高风险）,🦊 诱多陷阱,,,,
纺织服饰,,,,-1.5837518557124342,,,,,,,,,,,,,,,,,,,,30.6,,2026-06-05 19:22,,,,,,,,,,,,1.3903225806451611,,,,,,,,,,,,,,2.6,,,,,,,,,,,,50.0,⚪ 安全持仓,☕ 稳健持有,,,,
社会服务,,,,-1.6127815269949997,,,,,,,,,,,,,,,,,,,,30.3,,2026-06-05 19:22,,,,,,,,,,,,1.532258064516129,,,,,,,,,,,,,,47.5,,,,,,,,,,,,86.3,🟢 低位共振（可重仓潜伏）,🌱 底仓潜伏,,,,
银行,,,,-1.0964306442987404,,,,,,,,,,,,,,,,,,,,28.3,,2026-06-05 19:22,,,,,,,,,,,,1.035483870967742,,,,,,,,,,,,,,12.5,,,,,,,,,,,,100.0,🟢 低位共振（可重仓潜伏）,🌱 底仓潜伏,,,,
家用电器,,,,-0.3309128502619551,,,,,,,,,,,,,,,,,,,,28.2,,2026-06-05 19:22,,,,,,,,,,,,1.035483870967742,,,,,,,,,,,,,,100.0,,,,,,,,,,,,87.3,🔴 终极逃顶（高风险）,🛑 崩盘前夕,,,,
农林牧渔,,,,-2.3511798848952603,,,,,,,,,,,,,,,,,,,,27.1,,2026-06-05 19:22,,,,,,,,,,,,1.3645161290322585,,,,,,,,,,,,,,39.5,,,,,,,,,,,,75.2,🟢 低位共振（可重仓潜伏）,🌱 底仓潜伏,,,,
钢铁,,,,-1.0078207567110642,,,,,,,,,,,,,,,,,,,,23.6,,2026-06-05 19:22,,,,,,,,,,,,1.261290322580645,,,,,,,,,,,,,,0.0,,,,,,,,,,,,79.8,🟢 低位共振（可重仓潜伏）,🌱 底仓潜伏,,,,
综合,,,,-3.201806770089388,,,,,,,,,,,,,,,,,,,,20.7,,2026-06-05 19:22,,,,,,,,,,,,1.3516129032258064,,,,,,,,,,,,,,73.7,,,,,,,,,,,,0.0,🟠 高位能量耗尽（大幅减仓）,⚠️ 强弩之末,,,,
食品饮料,,,,-1.5880777332905494,,,,,,,,,,,,,,,,,,,,19.2,,2026-06-05 19:22,,,,,,,,,,,,1.0419354838709678,,,,,,,,,,,,,,70.6,,,,,,,,,,,,55.9,🟠 高位能量耗尽（大幅减仓）,⚠️ 强弩之末,,,,
机械设备,,,,1.0970430322942315,,,,,,,,,,,,,,,,,,,,67.4,,2026-06-05 19:23,,,,,,,,,,,,2.2612903225806456,,,,,,,,,,,,,,44.0,,,,,,,,,,,,0.0,⚪ 安全持仓,📈 顺势加仓,,,,
通信,,,,0.0711626828984401,,,,,,,,,,,,,,,,,,,,63.5,,2026-06-05 19:23,,,,,,,,,,,,2.241935483870968,,,,,,,,,,,,,,54.1,,,,,,,,,,,,0.0,⚪ 安全持仓,🚨 强制清仓,,,,
基础化工,,,,-1.0790453346646856,,,,,,,,,,,,,,,,,,,,57.4,,2026-06-05 19:23,,,,,,,,,,,,1.4806451612903226,,,,,,,,,,,,,,0.0,,,,,,,,,,,,71.4,⚪ 安全持仓,☕ 稳健持有,,,,
建筑材料,,,,-0.4106871075673757,,,,,,,,,,,,,,,,,,,,53.6,,2026-06-05 19:23,,,,,,,,,,,,1.6225806451612903,,,,,,,,,,,,,,56.7,,,,,,,,,,,,0.0,🟡 预警（观察减持）,⚖️ 控仓观望,,,,
有色金属,,,,-2.838566515033847,,,,,,,,,,,,,,,,,,,,50.8,,2026-06-05 19:23,,,,,,,,,,,,1.596774193548387,,,,,,,,,,,,,,100.0,,,,,,,,,,,,1.1,🔴 终极逃顶（高风险）,🛑 崩盘前夕,,,,
国防军工,,,,0.1301388510754231,,,,,,,,,,,,,,,,,,,,49.2,,2026-06-05 19:23,,,,,,,,,,,,1.6741935483870969,,,,,,,,,,,,,,38.6,,,,,,,,,,,,0.0,⚪ 安全持仓,☕ 稳健持有,,,,
电力设备,,,,-1.9575373276843773,,,,,,,,,,,,,,,,,,,,46.5,,2026-06-05 19:23,,,,,,,,,,,,1.3258064516129031,,,,,,,,,,,,,,0.0,,,,,,,,,,,,36.8,⚪ 安全持仓,☕ 稳健持有,,,,
石油石化,,,,-1.9442668019200136,,,,,,,,,,,,,,,,,,,,44.9,,2026-06-05 19:23,,,,,,,,,,,,1.506451612903226,,,,,,,,,,,,,,42.3,,,,,,,,,,,,62.9,⚪ 安全持仓,☕ 稳健持有,,,,
电子,,,,2.26498210788928,,,,,,,,,,,,,,,,,,,,42.3,,2026-06-05 19:23,,,,,,,,,,,,2.2612903225806456,,,,,,,,,,,,,,58.4,,,,,,,,,,,,0.0,🟡 预警（观察减持）,🦊 诱多陷阱,,,,
房地产,,,,-0.92942760079483,,,,,,,,,,,,,,,,,,,,42.2,,2026-06-05 19:23,,,,,,,,,,,,1.570967741935484,,,,,,,,,,,,,,100.0,,,,,,,,,,,,68.7,🔴 终极逃顶（高风险）,🛑 崩盘前夕,,,,
汽车,,,,-0.1562506346835745,,,,,,,,,,,,,,,,,,,,41.5,,2026-06-05 19:23,,,,,,,,,,,,1.4161290322580646,,,,,,,,,,,,,,47.9,,,,,,,,,,,,100.0,🟢 低位共振（可重仓潜伏）,🌱 底仓潜伏,,,,
公用事业,,,,-1.0899655179591128,,,,,,,,,,,,,,,,,,,,41.5,,2026-06-05 19:23,,,,,,,,,,,,1.3,,,,,,,,,,,,,,100.0,,,,,,,,,,,,92.0,🔴 终极逃顶（高风险）,🛑 崩盘前夕,,,,
轻工制造,,,,-1.5117762830633374,,,,,,,,,,,,,,,,,,,,41.1,,2026-06-05 19:23,,,,,,,,,,,,1.532258064516129,,,,,,,,,,,,,,0.0,,,,,,,,,,,,74.3,⚪ 安全持仓,☕ 稳健持有,,,,
医药生物,,,,-1.367327121340467,,,,,,,,,,,,,,,,,,,,40.1,,2026-06-05 19:23,,,,,,,,,,,,1.5580645161290323,,,,,,,,,,,,,,29.9,,,,,,,,,,,,100.0,🟢 低位共振（可重仓潜伏）,🌱 底仓潜伏,,,,
传媒,,,,-1.886378591796456,,,,,,,,,,,,,,,,,,,,39.0,,2026-06-05 19:23,,,,,,,,,,,,1.635483870967742,,,,,,,,,,,,,,32.1,,,,,,,,,,,,14.8,⚪ 安全持仓,☕ 稳健持有,,,,
计算机,,,,-1.788454061646905,,,,,,,,,,,,,,,,,,,,38.5,,2026-06-05 19:23,,,,,,,,,,,,1.6225806451612903,,,,,,,,,,,,,,68.0,,,,,,,,,,,,0.0,🟡 预警（观察减持）,⚖️ 控仓观望,,,,
建筑装饰,,,,-0.8868843449752806,,,,,,,,,,,,,,,,,,,,37.3,,2026-06-05 19:23,,,,,,,,,,,,1.3258064516129031,,,,,,,,,,,,,,19.2,,,,,,,,,,,,100.0,🟢 低位共振（可重仓潜伏）,🌱 底仓潜伏,,,,
商贸零售,,,,-2.411497824096453,,,,,,,,,,,,,,,,,,,,36.4,,2026-06-05 19:23,,,,,,,,,,,,1.5580645161290323,,,,,,,,,,,,,,42.8,,,,,,,,,,,,78.0,🟢 低位共振（可重仓潜伏）,🌱 底仓潜伏,,,,
美容护理,,,,-1.729310040585852,,,,,,,,,,,,,,,,,,,,35.8,,2026-06-05 19:23,,,,,,,,,,,,1.338709677419355,,,,,,,,,,,,,,32.0,,,,,,,,,,,,71.4,⚪ 安全持仓,☕ 稳健持有,,,,
交通运输,,,,-1.2202637741895783,,,,,,,,,,,,,,,,,,,,35.7,,2026-06-05 19:23,,,,,,,,,,,,1.3129032258064517,,,,,,,,,,,,,,0.0,,,,,,,,,,,,100.0,🟢 低位共振（可重仓潜伏）,🌱 底仓潜伏,,,,
环保,,,,-0.9042469608445458,,,,,,,,,,,,,,,,,,,,33.8,,2026-06-05 19:23,,,,,,,,,,,,1.261290322580645,,,,,,,,,,,,,,44.1,,,,,,,,,,,,50.3,⚪ 安全持仓,☕ 稳健持有,,,,
非银金融,,,,-1.1251362469674064,,,,,,,,,,,,,,,,,,,,32.9,,2026-06-05 19:23,,,,,,,,,,,,1.7,,,,,,,,,,,,,,35.3,,,,,,,,,,,,87.7,🟢 低位共振（可重仓潜伏）,🌱 底仓潜伏,,,,
煤炭,,,,1.1834403430360574,,,,,,,,,,,,,,,,,,,,31.0,,2026-06-05 19:23,,,,,,,,,,,,2.17741935483871,,,,,,,,,,,,,,100.0,,,,,,,,,,,,33.4,🔴 终极逃顶（高风险）,🦊 诱多陷阱,,,,
纺织服饰,,,,-1.5837518557124342,,,,,,,,,,,,,,,,,,,,30.6,,2026-06-05 19:23,,,,,,,,,,,,1.3903225806451611,,,,,,,,,,,,,,2.6,,,,,,,,,,,,50.0,⚪ 安全持仓,☕ 稳健持有,,,,
社会服务,,,,-1.6127815269949997,,,,,,,,,,,,,,,,,,,,30.3,,2026-06-05 19:23,,,,,,,,,,,,1.532258064516129,,,,,,,,,,,,,,47.5,,,,,,,,,,,,86.3,🟢 低位共振（可重仓潜伏）,🌱 底仓潜伏,,,,
银行,,,,-1.0964306442987404,,,,,,,,,,,,,,,,,,,,28.3,,2026-06-05 19:23,,,,,,,,,,,,1.035483870967742,,,,,,,,,,,,,,12.5,,,,,,,,,,,,100.0,🟢 低位共振（可重仓潜伏）,🌱 底仓潜伏,,,,
家用电器,,,,-0.3309128502619551,,,,,,,,,,,,,,,,,,,,28.2,,2026-06-05 19:23,,,,,,,,,,,,1.035483870967742,,,,,,,,,,,,,,100.0,,,,,,,,,,,,87.3,🔴 终极逃顶（高风险）,🛑 崩盘前夕,,,,
农林牧渔,,,,-2.3511798848952603,,,,,,,,,,,,,,,,,,,,27.1,,2026-06-05 19:23,,,,,,,,,,,,1.3645161290322585,,,,,,,,,,,,,,39.5,,,,,,,,,,,,75.2,🟢 低位共振（可重仓潜伏）,🌱 底仓潜伏,,,,
钢铁,,,,-1.0078207567110642,,,,,,,,,,,,,,,,,,,,23.6,,2026-06-05 19:23,,,,,,,,,,,,1.261290322580645,,,,,,,,,,,,,,0.0,,,,,,,,,,,,79.8,🟢 低位共振（可重仓潜伏）,🌱 底仓潜伏,,,,
综合,,,,-3.201806770089388,,,,,,,,,,,,,,,,,,,,20.7,,2026-06-05 19:23,,,,,,,,,,,,1.3516129032258064,,,,,,,,,,,,,,73.7,,,,,,,,,,,,0.0,🟠 高位能量耗尽（大幅减仓）,⚠️ 强弩之末,,,,
食品饮料,,,,-1.5880777332905494,,,,,,,,,,,,,,,,,,,,19.2,,2026-06-05 19:23,,,,,,,,,,,,1.0419354838709678,,,,,,,,,,,,,,70.6,,,,,,,,,,,,55.9,🟠 高位能量耗尽（大幅减仓）,⚠️ 强弩之末,,,,
机械设备,,,,1.0970430322942315,,,,,,,,,,,,,,,,,,,,67.4,,2026-06-05 19:25,,,,,,,,,,,,2.2612903225806456,,,,,,,,,,,,,,44.0,,,,,,,,,,,,0.0,⚪ 安全持仓,📈 顺势加仓,,,,
通信,,,,0.0711626828984401,,,,,,,,,,,,,,,,,,,,63.5,,2026-06-05 19:25,,,,,,,,,,,,2.241935483870968,,,,,,,,,,,,,,54.1,,,,,,,,,,,,0.0,⚪ 安全持仓,🚨 强制清仓,,,,
基础化工,,,,-1.0790453346646856,,,,,,,,,,,,,,,,,,,,57.4,,2026-06-05 19:25,,,,,,,,,,,,1.4806451612903226,,,,,,,,,,,,,,0.0,,,,,,,,,,,,71.4,⚪ 安全持仓,☕ 稳健持有,,,,
建筑材料,,,,-0.4106871075673757,,,,,,,,,,,,,,,,,,,,53.6,,2026-06-05 19:25,,,,,,,,,,,,1.6225806451612903,,,,,,,,,,,,,,56.7,,,,,,,,,,,,0.0,🟡 预警（观察减持）,⚖️ 控仓观望,,,,
有色金属,,,,-2.838566515033847,,,,,,,,,,,,,,,,,,,,50.8,,2026-06-05 19:25,,,,,,,,,,,,1.596774193548387,,,,,,,,,,,,,,100.0,,,,,,,,,,,,1.1,🔴 终极逃顶（高风险）,🛑 崩盘前夕,,,,
国防军工,,,,0.1301388510754231,,,,,,,,,,,,,,,,,,,,49.2,,2026-06-05 19:25,,,,,,,,,,,,1.6741935483870969,,,,,,,,,,,,,,38.6,,,,,,,,,,,,0.0,⚪ 安全持仓,☕ 稳健持有,,,,
电力设备,,,,-1.9575373276843773,,,,,,,,,,,,,,,,,,,,46.5,,2026-06-05 19:25,,,,,,,,,,,,1.3258064516129031,,,,,,,,,,,,,,0.0,,,,,,,,,,,,36.8,⚪ 安全持仓,☕ 稳健持有,,,,
石油石化,,,,-1.9442668019200136,,,,,,,,,,,,,,,,,,,,44.9,,2026-06-05 19:25,,,,,,,,,,,,1.506451612903226,,,,,,,,,,,,,,42.3,,,,,,,,,,,,62.9,⚪ 安全持仓,☕ 稳健持有,,,,
电子,,,,2.26498210788928,,,,,,,,,,,,,,,,,,,,42.3,,2026-06-05 19:25,,,,,,,,,,,,2.2612903225806456,,,,,,,,,,,,,,58.4,,,,,,,,,,,,0.0,🟡 预警（观察减持）,🦊 诱多陷阱,,,,
房地产,,,,-0.92942760079483,,,,,,,,,,,,,,,,,,,,42.2,,2026-06-05 19:25,,,,,,,,,,,,1.570967741935484,,,,,,,,,,,,,,100.0,,,,,,,,,,,,68.7,🔴 终极逃顶（高风险）,🛑 崩盘前夕,,,,
汽车,,,,-0.1562506346835745,,,,,,,,,,,,,,,,,,,,41.5,,2026-06-05 19:25,,,,,,,,,,,,1.4161290322580646,,,,,,,,,,,,,,47.9,,,,,,,,,,,,100.0,🟢 低位共振（可重仓潜伏）,🌱 底仓潜伏,,,,
公用事业,,,,-1.0899655179591128,,,,,,,,,,,,,,,,,,,,41.5,,2026-06-05 19:25,,,,,,,,,,,,1.3,,,,,,,,,,,,,,100.0,,,,,,,,,,,,92.0,🔴 终极逃顶（高风险）,🛑 崩盘前夕,,,,
轻工制造,,,,-1.5117762830633374,,,,,,,,,,,,,,,,,,,,41.1,,2026-06-05 19:25,,,,,,,,,,,,1.532258064516129,,,,,,,,,,,,,,0.0,,,,,,,,,,,,74.3,⚪ 安全持仓,☕ 稳健持有,,,,
医药生物,,,,-1.367327121340467,,,,,,,,,,,,,,,,,,,,40.1,,2026-06-05 19:25,,,,,,,,,,,,1.5580645161290323,,,,,,,,,,,,,,29.9,,,,,,,,,,,,100.0,🟢 低位共振（可重仓潜伏）,🌱 底仓潜伏,,,,
传媒,,,,-1.886378591796456,,,,,,,,,,,,,,,,,,,,39.0,,2026-06-05 19:25,,,,,,,,,,,,1.635483870967742,,,,,,,,,,,,,,32.1,,,,,,,,,,,,14.8,⚪ 安全持仓,☕ 稳健持有,,,,
计算机,,,,-1.788454061646905,,,,,,,,,,,,,,,,,,,,38.5,,2026-06-05 19:25,,,,,,,,,,,,1.6225806451612903,,,,,,,,,,,,,,68.0,,,,,,,,,,,,0.0,🟡 预警（观察减持）,⚖️ 控仓观望,,,,
建筑装饰,,,,-0.8868843449752806,,,,,,,,,,,,,,,,,,,,37.3,,2026-06-05 19:25,,,,,,,,,,,,1.3258064516129031,,,,,,,,,,,,,,19.2,,,,,,,,,,,,100.0,🟢 低位共振（可重仓潜伏）,🌱 底仓潜伏,,,,
商贸零售,,,,-2.411497824096453,,,,,,,,,,,,,,,,,,,,36.4,,2026-06-05 19:25,,,,,,,,,,,,1.5580645161290323,,,,,,,,,,,,,,42.8,,,,,,,,,,,,78.0,🟢 低位共振（可重仓潜伏）,🌱 底仓潜伏,,,,
美容护理,,,,-1.729310040585852,,,,,,,,,,,,,,,,,,,,35.8,,2026-06-05 19:25,,,,,,,,,,,,1.338709677419355,,,,,,,,,,,,,,32.0,,,,,,,,,,,,71.4,⚪ 安全持仓,☕ 稳健持有,,,,
交通运输,,,,-1.2202637741895783,,,,,,,,,,,,,,,,,,,,35.7,,2026-06-05 19:25,,,,,,,,,,,,1.3129032258064517,,,,,,,,,,,,,,0.0,,,,,,,,,,,,100.0,🟢 低位共振（可重仓潜伏）,🌱 底仓潜伏,,,,
环保,,,,-0.9042469608445458,,,,,,,,,,,,,,,,,,,,33.8,,2026-06-05 19:25,,,,,,,,,,,,1.261290322580645,,,,,,,,,,,,,,44.1,,,,,,,,,,,,50.3,⚪ 安全持仓,☕ 稳健持有,,,,
非银金融,,,,-1.1251362469674064,,,,,,,,,,,,,,,,,,,,32.9,,2026-06-05 19:25,,,,,,,,,,,,1.7,,,,,,,,,,,,,,35.3,,,,,,,,,,,,87.7,🟢 低位共振（可重仓潜伏）,🌱 底仓潜伏,,,,
煤炭,,,,1.1834403430360574,,,,,,,,,,,,,,,,,,,,31.0,,2026-06-05 19:25,,,,,,,,,,,,2.17741935483871,,,,,,,,,,,,,,100.0,,,,,,,,,,,,33.4,🔴 终极逃顶（高风险）,🦊 诱多陷阱,,,,
纺织服饰,,,,-1.5837518557124342,,,,,,,,,,,,,,,,,,,,30.6,,2026-06-05 19:25,,,,,,,,,,,,1.3903225806451611,,,,,,,,,,,,,,2.6,,,,,,,,,,,,50.0,⚪ 安全持仓,☕ 稳健持有,,,,
社会服务,,,,-1.6127815269949997,,,,,,,,,,,,,,,,,,,,30.3,,2026-06-05 19:25,,,,,,,,,,,,1.532258064516129,,,,,,,,,,,,,,47.5,,,,,,,,,,,,86.3,🟢 低位共振（可重仓潜伏）,🌱 底仓潜伏,,,,
银行,,,,-1.0964306442987404,,,,,,,,,,,,,,,,,,,,28.3,,2026-06-05 19:25,,,,,,,,,,,,1.035483870967742,,,,,,,,,,,,,,12.5,,,,,,,,,,,,100.0,🟢 低位共振（可重仓潜伏）,🌱 底仓潜伏,,,,
家用电器,,,,-0.3309128502619551,,,,,,,,,,,,,,,,,,,,28.2,,2026-06-05 19:25,,,,,,,,,,,,1.035483870967742,,,,,,,,,,,,,,100.0,,,,,,,,,,,,87.3,🔴 终极逃顶（高风险）,🛑 崩盘前夕,,,,
农林牧渔,,,,-2.3511798848952603,,,,,,,,,,,,,,,,,,,,27.1,,2026-06-05 19:25,,,,,,,,,,,,1.3645161290322585,,,,,,,,,,,,,,39.5,,,,,,,,,,,,75.2,🟢 低位共振（可重仓潜伏）,🌱 底仓潜伏,,,,
钢铁,,,,-1.0078207567110642,,,,,,,,,,,,,,,,,,,,23.6,,2026-06-05 19:25,,,,,,,,,,,,1.261290322580645,,,,,,,,,,,,,,0.0,,,,,,,,,,,,79.8,🟢 低位共振（可重仓潜伏）,🌱 底仓潜伏,,,,
综合,,,,-3.201806770089388,,,,,,,,,,,,,,,,,,,,20.7,,2026-06-05 19:25,,,,,,,,,,,,1.3516129032258064,,,,,,,,,,,,,,73.7,,,,,,,,,,,,0.0,🟠 高位能量耗尽（大幅减仓）,⚠️ 强弩之末,,,,
食品饮料,,,,-1.5880777332905494,,,,,,,,,,,,,,,,,,,,19.2,,2026-06-05 19:25,,,,,,,,,,,,1.0419354838709678,,,,,,,,,,,,,,70.6,,,,,,,,,,,,55.9,🟠 高位能量耗尽（大幅减仓）,⚠️ 强弩之末,,,,
机械设备,,,,1.0970430322942315,,,,,,,,,,,,,,,,,,,,67.4,,2026-06-05 19:26,,,,,,,,,,,,2.2612903225806456,,,,,,,,,,,,,,44.0,,,,,,,,,,,,0.0,⚪ 安全持仓,📈 顺势加仓,,,,
通信,,,,0.0711626828984401,,,,,,,,,,,,,,,,,,,,63.5,,2026-06-05 19:26,,,,,,,,,,,,2.241935483870968,,,,,,,,,,,,,,54.1,,,,,,,,,,,,0.0,⚪ 安全持仓,🚨 强制清仓,,,,
基础化工,,,,-1.0790453346646856,,,,,,,,,,,,,,,,,,,,57.4,,2026-06-05 19:26,,,,,,,,,,,,1.4806451612903226,,,,,,,,,,,,,,0.0,,,,,,,,,,,,71.4,⚪ 安全持仓,☕ 稳健持有,,,,
建筑材料,,,,-0.4106871075673757,,,,,,,,,,,,,,,,,,,,53.6,,2026-06-05 19:26,,,,,,,,,,,,1.6225806451612903,,,,,,,,,,,,,,56.7,,,,,,,,,,,,0.0,🟡 预警（观察减持）,⚖️ 控仓观望,,,,
有色金属,,,,-2.838566515033847,,,,,,,,,,,,,,,,,,,,50.8,,2026-06-05 19:26,,,,,,,,,,,,1.596774193548387,,,,,,,,,,,,,,100.0,,,,,,,,,,,,1.1,🔴 终极逃顶（高风险）,🛑 崩盘前夕,,,,
国防军工,,,,0.1301388510754231,,,,,,,,,,,,,,,,,,,,49.2,,2026-06-05 19:26,,,,,,,,,,,,1.6741935483870969,,,,,,,,,,,,,,38.6,,,,,,,,,,,,0.0,⚪ 安全持仓,☕ 稳健持有,,,,
电力设备,,,,-1.9575373276843773,,,,,,,,,,,,,,,,,,,,46.5,,2026-06-05 19:26,,,,,,,,,,,,1.3258064516129031,,,,,,,,,,,,,,0.0,,,,,,,,,,,,36.8,⚪ 安全持仓,☕ 稳健持有,,,,
石油石化,,,,-1.9442668019200136,,,,,,,,,,,,,,,,,,,,44.9,,2026-06-05 19:26,,,,,,,,,,,,1.506451612903226,,,,,,,,,,,,,,42.3,,,,,,,,,,,,62.9,⚪ 安全持仓,☕ 稳健持有,,,,
电子,,,,2.26498210788928,,,,,,,,,,,,,,,,,,,,42.3,,2026-06-05 19:26,,,,,,,,,,,,2.2612903225806456,,,,,,,,,,,,,,58.4,,,,,,,,,,,,0.0,🟡 预警（观察减持）,🦊 诱多陷阱,,,,
房地产,,,,-0.92942760079483,,,,,,,,,,,,,,,,,,,,42.2,,2026-06-05 19:26,,,,,,,,,,,,1.570967741935484,,,,,,,,,,,,,,100.0,,,,,,,,,,,,68.7,🔴 终极逃顶（高风险）,🛑 崩盘前夕,,,,
汽车,,,,-0.1562506346835745,,,,,,,,,,,,,,,,,,,,41.5,,2026-06-05 19:26,,,,,,,,,,,,1.4161290322580646,,,,,,,,,,,,,,47.9,,,,,,,,,,,,100.0,🟢 低位共振（可重仓潜伏）,🌱 底仓潜伏,,,,
公用事业,,,,-1.0899655179591128,,,,,,,,,,,,,,,,,,,,41.5,,2026-06-05 19:26,,,,,,,,,,,,1.3,,,,,,,,,,,,,,100.0,,,,,,,,,,,,92.0,🔴 终极逃顶（高风险）,🛑 崩盘前夕,,,,
轻工制造,,,,-1.5117762830633374,,,,,,,,,,,,,,,,,,,,41.1,,2026-06-05 19:26,,,,,,,,,,,,1.532258064516129,,,,,,,,,,,,,,0.0,,,,,,,,,,,,74.3,⚪ 安全持仓,☕ 稳健持有,,,,
医药生物,,,,-1.367327121340467,,,,,,,,,,,,,,,,,,,,40.1,,2026-06-05 19:26,,,,,,,,,,,,1.5580645161290323,,,,,,,,,,,,,,29.9,,,,,,,,,,,,100.0,🟢 低位共振（可重仓潜伏）,🌱 底仓潜伏,,,,
传媒,,,,-1.886378591796456,,,,,,,,,,,,,,,,,,,,39.0,,2026-06-05 19:26,,,,,,,,,,,,1.635483870967742,,,,,,,,,,,,,,32.1,,,,,,,,,,,,14.8,⚪ 安全持仓,☕ 稳健持有,,,,
计算机,,,,-1.788454061646905,,,,,,,,,,,,,,,,,,,,38.5,,2026-06-05 19:26,,,,,,,,,,,,1.6225806451612903,,,,,,,,,,,,,,68.0,,,,,,,,,,,,0.0,🟡 预警（观察减持）,⚖️ 控仓观望,,,,
建筑装饰,,,,-0.8868843449752806,,,,,,,,,,,,,,,,,,,,37.3,,2026-06-05 19:26,,,,,,,,,,,,1.3258064516129031,,,,,,,,,,,,,,19.2,,,,,,,,,,,,100.0,🟢 低位共振（可重仓潜伏）,🌱 底仓潜伏,,,,
商贸零售,,,,-2.411497824096453,,,,,,,,,,,,,,,,,,,,36.4,,2026-06-05 19:26,,,,,,,,,,,,1.5580645161290323,,,,,,,,,,,,,,42.8,,,,,,,,,,,,78.0,🟢 低位共振（可重仓潜伏）,🌱 底仓潜伏,,,,
美容护理,,,,-1.729310040585852,,,,,,,,,,,,,,,,,,,,35.8,,2026-06-05 19:26,,,,,,,,,,,,1.338709677419355,,,,,,,,,,,,,,32.0,,,,,,,,,,,,71.4,⚪ 安全持仓,☕ 稳健持有,,,,
交通运输,,,,-1.2202637741895783,,,,,,,,,,,,,,,,,,,,35.7,,2026-06-05 19:26,,,,,,,,,,,,1.3129032258064517,,,,,,,,,,,,,,0.0,,,,,,,,,,,,100.0,🟢 低位共振（可重仓潜伏）,🌱 底仓潜伏,,,,
环保,,,,-0.9042469608445458,,,,,,,,,,,,,,,,,,,,33.8,,2026-06-05 19:26,,,,,,,,,,,,1.261290322580645,,,,,,,,,,,,,,44.1,,,,,,,,,,,,50.3,⚪ 安全持仓,☕ 稳健持有,,,,
非银金融,,,,-1.1251362469674064,,,,,,,,,,,,,,,,,,,,32.9,,2026-06-05 19:26,,,,,,,,,,,,1.7,,,,,,,,,,,,,,35.3,,,,,,,,,,,,87.7,🟢 低位共振（可重仓潜伏）,🌱 底仓潜伏,,,,
煤炭,,,,1.1834403430360574,,,,,,,,,,,,,,,,,,,,31.0,,2026-06-05 19:26,,,,,,,,,,,,2.17741935483871,,,,,,,,,,,,,,100.0,,,,,,,,,,,,33.4,🔴 终极逃顶（高风险）,🦊 诱多陷阱,,,,
纺织服饰,,,,-1.5837518557124342,,,,,,,,,,,,,,,,,,,,30.6,,2026-06-05 19:26,,,,,,,,,,,,1.3903225806451611,,,,,,,,,,,,,,2.6,,,,,,,,,,,,50.0,⚪ 安全持仓,☕ 稳健持有,,,,
社会服务,,,,-1.6127815269949997,,,,,,,,,,,,,,,,,,,,30.3,,2026-06-05 19:26,,,,,,,,,,,,1.532258064516129,,,,,,,,,,,,,,47.5,,,,,,,,,,,,86.3,🟢 低位共振（可重仓潜伏）,🌱 底仓潜伏,,,,
银行,,,,-1.0964306442987404,,,,,,,,,,,,,,,,,,,,28.3,,2026-06-05 19:26,,,,,,,,,,,,1.035483870967742,,,,,,,,,,,,,,12.5,,,,,,,,,,,,100.0,🟢 低位共振（可重仓潜伏）,🌱 底仓潜伏,,,,
家用电器,,,,-0.3309128502619551,,,,,,,,,,,,,,,,,,,,28.2,,2026-06-05 19:26,,,,,,,,,,,,1.035483870967742,,,,,,,,,,,,,,100.0,,,,,,,,,,,,87.3,🔴 终极逃顶（高风险）,🛑 崩盘前夕,,,,
农林牧渔,,,,-2.3511798848952603,,,,,,,,,,,,,,,,,,,,27.1,,2026-06-05 19:26,,,,,,,,,,,,1.3645161290322585,,,,,,,,,,,,,,39.5,,,,,,,,,,,,75.2,🟢 低位共振（可重仓潜伏）,🌱 底仓潜伏,,,,
钢铁,,,,-1.0078207567110642,,,,,,,,,,,,,,,,,,,,23.6,,2026-06-05 19:26,,,,,,,,,,,,1.261290322580645,,,,,,,,,,,,,,0.0,,,,,,,,,,,,79.8,🟢 低位共振（可重仓潜伏）,🌱 底仓潜伏,,,,
综合,,,,-3.201806770089388,,,,,,,,,,,,,,,,,,,,20.7,,2026-06-05 19:26,,,,,,,,,,,,1.3516129032258064,,,,,,,,,,,,,,73.7,,,,,,,,,,,,0.0,🟠 高位能量耗尽（大幅减仓）,⚠️ 强弩之末,,,,
食品饮料,,,,-1.5880777332905494,,,,,,,,,,,,,,,,,,,,19.2,,2026-06-05 19:26,,,,,,,,,,,,1.0419354838709678,,,,,,,,,,,,,,70.6,,,,,,,,,,,,55.9,🟠 高位能量耗尽（大幅减仓）,⚠️ 强弩之末,,,,
机械设备,,,,1.0970430322942315,,,,,,,,,,,,,,,,,,,,67.4,,2026-06-05 19:28,,,,,,,,,,,,2.2612903225806456,,,,,,,,,,,,,,44.0,,,,,,,,,,,,0.0,⚪ 安全持仓,📈 顺势加仓,,,,
通信,,,,0.0711626828984401,,,,,,,,,,,,,,,,,,,,63.5,,2026-06-05 19:28,,,,,,,,,,,,2.241935483870968,,,,,,,,,,,,,,54.1,,,,,,,,,,,,0.0,⚪ 安全持仓,🚨 强制清仓,,,,
基础化工,,,,-1.0790453346646856,,,,,,,,,,,,,,,,,,,,57.4,,2026-06-05 19:28,,,,,,,,,,,,1.4806451612903226,,,,,,,,,,,,,,0.0,,,,,,,,,,,,71.4,⚪ 安全持仓,☕ 稳健持有,,,,
建筑材料,,,,-0.4106871075673757,,,,,,,,,,,,,,,,,,,,53.6,,2026-06-05 19:28,,,,,,,,,,,,1.6225806451612903,,,,,,,,,,,,,,56.7,,,,,,,,,,,,0.0,🟡 预警（观察减持）,⚖️ 控仓观望,,,,
有色金属,,,,-2.838566515033847,,,,,,,,,,,,,,,,,,,,50.8,,2026-06-05 19:28,,,,,,,,,,,,1.596774193548387,,,,,,,,,,,,,,100.0,,,,,,,,,,,,1.1,🔴 终极逃顶（高风险）,🛑 崩盘前夕,,,,
国防军工,,,,0.1301388510754231,,,,,,,,,,,,,,,,,,,,49.2,,2026-06-05 19:28,,,,,,,,,,,,1.6741935483870969,,,,,,,,,,,,,,38.6,,,,,,,,,,,,0.0,⚪ 安全持仓,☕ 稳健持有,,,,
电力设备,,,,-1.9575373276843773,,,,,,,,,,,,,,,,,,,,46.5,,2026-06-05 19:28,,,,,,,,,,,,1.3258064516129031,,,,,,,,,,,,,,0.0,,,,,,,,,,,,36.8,⚪ 安全持仓,☕ 稳健持有,,,,
石油石化,,,,-1.9442668019200136,,,,,,,,,,,,,,,,,,,,44.9,,2026-06-05 19:28,,,,,,,,,,,,1.506451612903226,,,,,,,,,,,,,,42.3,,,,,,,,,,,,62.9,⚪ 安全持仓,☕ 稳健持有,,,,
电子,,,,2.26498210788928,,,,,,,,,,,,,,,,,,,,42.3,,2026-06-05 19:28,,,,,,,,,,,,2.2612903225806456,,,,,,,,,,,,,,58.4,,,,,,,,,,,,0.0,🟡 预警（观察减持）,🦊 诱多陷阱,,,,
房地产,,,,-0.92942760079483,,,,,,,,,,,,,,,,,,,,42.2,,2026-06-05 19:28,,,,,,,,,,,,1.570967741935484,,,,,,,,,,,,,,100.0,,,,,,,,,,,,68.7,🔴 终极逃顶（高风险）,🛑 崩盘前夕,,,,
汽车,,,,-0.1562506346835745,,,,,,,,,,,,,,,,,,,,41.5,,2026-06-05 19:28,,,,,,,,,,,,1.4161290322580646,,,,,,,,,,,,,,47.9,,,,,,,,,,,,100.0,🟢 低位共振（可重仓潜伏）,🌱 底仓潜伏,,,,
公用事业,,,,-1.0899655179591128,,,,,,,,,,,,,,,,,,,,41.5,,2026-06-05 19:28,,,,,,,,,,,,1.3,,,,,,,,,,,,,,100.0,,,,,,,,,,,,92.0,🔴 终极逃顶（高风险）,🛑 崩盘前夕,,,,
轻工制造,,,,-1.5117762830633374,,,,,,,,,,,,,,,,,,,,41.1,,2026-06-05 19:28,,,,,,,,,,,,1.532258064516129,,,,,,,,,,,,,,0.0,,,,,,,,,,,,74.3,⚪ 安全持仓,☕ 稳健持有,,,,
医药生物,,,,-1.367327121340467,,,,,,,,,,,,,,,,,,,,40.1,,2026-06-05 19:28,,,,,,,,,,,,1.5580645161290323,,,,,,,,,,,,,,29.9,,,,,,,,,,,,100.0,🟢 低位共振（可重仓潜伏）,🌱 底仓潜伏,,,,
传媒,,,,-1.886378591796456,,,,,,,,,,,,,,,,,,,,39.0,,2026-06-05 19:28,,,,,,,,,,,,1.635483870967742,,,,,,,,,,,,,,32.1,,,,,,,,,,,,14.8,⚪ 安全持仓,☕ 稳健持有,,,,
计算机,,,,-1.788454061646905,,,,,,,,,,,,,,,,,,,,38.5,,2026-06-05 19:28,,,,,,,,,,,,1.6225806451612903,,,,,,,,,,,,,,68.0,,,,,,,,,,,,0.0,🟡 预警（观察减持）,⚖️ 控仓观望,,,,
建筑装饰,,,,-0.8868843449752806,,,,,,,,,,,,,,,,,,,,37.3,,2026-06-05 19:28,,,,,,,,,,,,1.3258064516129031,,,,,,,,,,,,,,19.2,,,,,,,,,,,,100.0,🟢 低位共振（可重仓潜伏）,🌱 底仓潜伏,,,,
商贸零售,,,,-2.411497824096453,,,,,,,,,,,,,,,,,,,,36.4,,2026-06-05 19:28,,,,,,,,,,,,1.5580645161290323,,,,,,,,,,,,,,42.8,,,,,,,,,,,,78.0,🟢 低位共振（可重仓潜伏）,🌱 底仓潜伏,,,,
美容护理,,,,-1.729310040585852,,,,,,,,,,,,,,,,,,,,35.8,,2026-06-05 19:28,,,,,,,,,,,,1.338709677419355,,,,,,,,,,,,,,32.0,,,,,,,,,,,,71.4,⚪ 安全持仓,☕ 稳健持有,,,,
交通运输,,,,-1.2202637741895783,,,,,,,,,,,,,,,,,,,,35.7,,2026-06-05 19:28,,,,,,,,,,,,1.3129032258064517,,,,,,,,,,,,,,0.0,,,,,,,,,,,,100.0,🟢 低位共振（可重仓潜伏）,🌱 底仓潜伏,,,,
环保,,,,-0.9042469608445458,,,,,,,,,,,,,,,,,,,,33.8,,2026-06-05 19:28,,,,,,,,,,,,1.261290322580645,,,,,,,,,,,,,,44.1,,,,,,,,,,,,50.3,⚪ 安全持仓,☕ 稳健持有,,,,
非银金融,,,,-1.1251362469674064,,,,,,,,,,,,,,,,,,,,32.9,,2026-06-05 19:28,,,,,,,,,,,,1.7,,,,,,,,,,,,,,35.3,,,,,,,,,,,,87.7,🟢 低位共振（可重仓潜伏）,🌱 底仓潜伏,,,,
煤炭,,,,1.1834403430360574,,,,,,,,,,,,,,,,,,,,31.0,,2026-06-05 19:28,,,,,,,,,,,,2.17741935483871,,,,,,,,,,,,,,100.0,,,,,,,,,,,,33.4,🔴 终极逃顶（高风险）,🦊 诱多陷阱,,,,
纺织服饰,,,,-1.5837518557124342,,,,,,,,,,,,,,,,,,,,30.6,,2026-06-05 19:28,,,,,,,,,,,,1.3903225806451611,,,,,,,,,,,,,,2.6,,,,,,,,,,,,50.0,⚪ 安全持仓,☕ 稳健持有,,,,
社会服务,,,,-1.6127815269949997,,,,,,,,,,,,,,,,,,,,30.3,,2026-06-05 19:28,,,,,,,,,,,,1.532258064516129,,,,,,,,,,,,,,47.5,,,,,,,,,,,,86.3,🟢 低位共振（可重仓潜伏）,🌱 底仓潜伏,,,,
银行,,,,-1.0964306442987404,,,,,,,,,,,,,,,,,,,,28.3,,2026-06-05 19:28,,,,,,,,,,,,1.035483870967742,,,,,,,,,,,,,,12.5,,,,,,,,,,,,100.0,🟢 低位共振（可重仓潜伏）,🌱 底仓潜伏,,,,
家用电器,,,,-0.3309128502619551,,,,,,,,,,,,,,,,,,,,28.2,,2026-06-05 19:28,,,,,,,,,,,,1.035483870967742,,,,,,,,,,,,,,100.0,,,,,,,,,,,,87.3,🔴 终极逃顶（高风险）,🛑 崩盘前夕,,,,
农林牧渔,,,,-2.3511798848952603,,,,,,,,,,,,,,,,,,,,27.1,,2026-06-05 19:28,,,,,,,,,,,,1.3645161290322585,,,,,,,,,,,,,,39.5,,,,,,,,,,,,75.2,🟢 低位共振（可重仓潜伏）,🌱 底仓潜伏,,,,
钢铁,,,,-1.0078207567110642,,,,,,,,,,,,,,,,,,,,23.6,,2026-06-05 19:28,,,,,,,,,,,,1.261290322580645,,,,,,,,,,,,,,0.0,,,,,,,,,,,,79.8,🟢 低位共振（可重仓潜伏）,🌱 底仓潜伏,,,,
综合,,,,-3.201806770089388,,,,,,,,,,,,,,,,,,,,20.7,,2026-06-05 19:28,,,,,,,,,,,,1.3516129032258064,,,,,,,,,,,,,,73.7,,,,,,,,,,,,0.0,🟠 高位能量耗尽（大幅减仓）,⚠️ 强弩之末,,,,
食品饮料,,,,-1.5880777332905494,,,,,,,,,,,,,,,,,,,,19.2,,2026-06-05 19:28,,,,,,,,,,,,1.0419354838709678,,,,,,,,,,,,,,70.6,,,,,,,,,,,,55.9,🟠 高位能量耗尽（大幅减仓）,⚠️ 强弩之末,,,,
机械设备,,,,1.0970430322942315,,,,,,,,,,,,,,,,,,,,67.4,,2026-06-05 19:40,,,,,,,,,,,,2.2612903225806456,,,,,,,,,,,,,,44.0,,,,,,,,,,,,0.0,⚪ 安全持仓,📈 顺势加仓,,,,
通信,,,,0.0711626828984401,,,,,,,,,,,,,,,,,,,,63.5,,2026-06-05 19:40,,,,,,,,,,,,2.241935483870968,,,,,,,,,,,,,,54.1,,,,,,,,,,,,0.0,⚪ 安全持仓,🚨 强制清仓,,,,
基础化工,,,,-1.0790453346646856,,,,,,,,,,,,,,,,,,,,57.4,,2026-06-05 19:40,,,,,,,,,,,,1.4806451612903226,,,,,,,,,,,,,,0.0,,,,,,,,,,,,71.4,⚪ 安全持仓,☕ 稳健持有,,,,
建筑材料,,,,-0.4106871075673757,,,,,,,,,,,,,,,,,,,,53.6,,2026-06-05 19:40,,,,,,,,,,,,1.6225806451612903,,,,,,,,,,,,,,56.7,,,,,,,,,,,,0.0,🟡 预警（观察减持）,⚖️ 控仓观望,,,,
有色金属,,,,-2.838566515033847,,,,,,,,,,,,,,,,,,,,50.8,,2026-06-05 19:40,,,,,,,,,,,,1.596774193548387,,,,,,,,,,,,,,100.0,,,,,,,,,,,,1.1,🔴 终极逃顶（高风险）,🛑 崩盘前夕,,,,
国防军工,,,,0.1301388510754231,,,,,,,,,,,,,,,,,,,,49.2,,2026-06-05 19:40,,,,,,,,,,,,1.6741935483870969,,,,,,,,,,,,,,38.6,,,,,,,,,,,,0.0,⚪ 安全持仓,☕ 稳健持有,,,,
电力设备,,,,-1.9575373276843773,,,,,,,,,,,,,,,,,,,,46.5,,2026-06-05 19:40,,,,,,,,,,,,1.3258064516129031,,,,,,,,,,,,,,0.0,,,,,,,,,,,,36.8,⚪ 安全持仓,☕ 稳健持有,,,,
石油石化,,,,-1.9442668019200136,,,,,,,,,,,,,,,,,,,,44.9,,2026-06-05 19:40,,,,,,,,,,,,1.506451612903226,,,,,,,,,,,,,,42.3,,,,,,,,,,,,62.9,⚪ 安全持仓,☕ 稳健持有,,,,
电子,,,,2.26498210788928,,,,,,,,,,,,,,,,,,,,42.3,,2026-06-05 19:40,,,,,,,,,,,,2.2612903225806456,,,,,,,,,,,,,,58.4,,,,,,,,,,,,0.0,🟡 预警（观察减持）,🦊 诱多陷阱,,,,
房地产,,,,-0.92942760079483,,,,,,,,,,,,,,,,,,,,42.2,,2026-06-05 19:40,,,,,,,,,,,,1.570967741935484,,,,,,,,,,,,,,100.0,,,,,,,,,,,,68.7,🔴 终极逃顶（高风险）,🛑 崩盘前夕,,,,
汽车,,,,-0.1562506346835745,,,,,,,,,,,,,,,,,,,,41.5,,2026-06-05 19:40,,,,,,,,,,,,1.4161290322580646,,,,,,,,,,,,,,47.9,,,,,,,,,,,,100.0,🟢 低位共振（可重仓潜伏）,🌱 底仓潜伏,,,,
公用事业,,,,-1.0899655179591128,,,,,,,,,,,,,,,,,,,,41.5,,2026-06-05 19:40,,,,,,,,,,,,1.3,,,,,,,,,,,,,,100.0,,,,,,,,,,,,92.0,🔴 终极逃顶（高风险）,🛑 崩盘前夕,,,,
轻工制造,,,,-1.5117762830633374,,,,,,,,,,,,,,,,,,,,41.1,,2026-06-05 19:40,,,,,,,,,,,,1.532258064516129,,,,,,,,,,,,,,0.0,,,,,,,,,,,,74.3,⚪ 安全持仓,☕ 稳健持有,,,,
医药生物,,,,-1.367327121340467,,,,,,,,,,,,,,,,,,,,40.1,,2026-06-05 19:40,,,,,,,,,,,,1.5580645161290323,,,,,,,,,,,,,,29.9,,,,,,,,,,,,100.0,🟢 低位共振（可重仓潜伏）,🌱 底仓潜伏,,,,
传媒,,,,-1.886378591796456,,,,,,,,,,,,,,,,,,,,39.0,,2026-06-05 19:40,,,,,,,,,,,,1.635483870967742,,,,,,,,,,,,,,32.1,,,,,,,,,,,,14.8,⚪ 安全持仓,☕ 稳健持有,,,,
计算机,,,,-1.788454061646905,,,,,,,,,,,,,,,,,,,,38.5,,2026-06-05 19:40,,,,,,,,,,,,1.6225806451612903,,,,,,,,,,,,,,68.0,,,,,,,,,,,,0.0,🟡 预警（观察减持）,⚖️ 控仓观望,,,,
建筑装饰,,,,-0.8868843449752806,,,,,,,,,,,,,,,,,,,,37.3,,2026-06-05 19:40,,,,,,,,,,,,1.3258064516129031,,,,,,,,,,,,,,19.2,,,,,,,,,,,,100.0,🟢 低位共振（可重仓潜伏）,🌱 底仓潜伏,,,,
商贸零售,,,,-2.411497824096453,,,,,,,,,,,,,,,,,,,,36.4,,2026-06-05 19:40,,,,,,,,,,,,1.5580645161290323,,,,,,,,,,,,,,42.8,,,,,,,,,,,,78.0,🟢 低位共振（可重仓潜伏）,🌱 底仓潜伏,,,,
美容护理,,,,-1.729310040585852,,,,,,,,,,,,,,,,,,,,35.8,,2026-06-05 19:40,,,,,,,,,,,,1.338709677419355,,,,,,,,,,,,,,32.0,,,,,,,,,,,,71.4,⚪ 安全持仓,☕ 稳健持有,,,,
交通运输,,,,-1.2202637741895783,,,,,,,,,,,,,,,,,,,,35.7,,2026-06-05 19:40,,,,,,,,,,,,1.3129032258064517,,,,,,,,,,,,,,0.0,,,,,,,,,,,,100.0,🟢 低位共振（可重仓潜伏）,🌱 底仓潜伏,,,,
环保,,,,-0.9042469608445458,,,,,,,,,,,,,,,,,,,,33.8,,2026-06-05 19:40,,,,,,,,,,,,1.261290322580645,,,,,,,,,,,,,,44.1,,,,,,,,,,,,50.3,⚪ 安全持仓,☕ 稳健持有,,,,
非银金融,,,,-1.1251362469674064,,,,,,,,,,,,,,,,,,,,32.9,,2026-06-05 19:40,,,,,,,,,,,,1.7,,,,,,,,,,,,,,35.3,,,,,,,,,,,,87.7,🟢 低位共振（可重仓潜伏）,🌱 底仓潜伏,,,,
煤炭,,,,1.1834403430360574,,,,,,,,,,,,,,,,,,,,31.0,,2026-06-05 19:40,,,,,,,,,,,,2.17741935483871,,,,,,,,,,,,,,100.0,,,,,,,,,,,,33.4,🔴 终极逃顶（高风险）,🦊 诱多陷阱,,,,
纺织服饰,,,,-1.5837518557124342,,,,,,,,,,,,,,,,,,,,30.6,,2026-06-05 19:40,,,,,,,,,,,,1.3903225806451611,,,,,,,,,,,,,,2.6,,,,,,,,,,,,50.0,⚪ 安全持仓,☕ 稳健持有,,,,
社会服务,,,,-1.6127815269949997,,,,,,,,,,,,,,,,,,,,30.3,,2026-06-05 19:40,,,,,,,,,,,,1.532258064516129,,,,,,,,,,,,,,47.5,,,,,,,,,,,,86.3,🟢 低位共振（可重仓潜伏）,🌱 底仓潜伏,,,,
银行,,,,-1.0964306442987404,,,,,,,,,,,,,,,,,,,,28.3,,2026-06-05 19:40,,,,,,,,,,,,1.035483870967742,,,,,,,,,,,,,,12.5,,,,,,,,,,,,100.0,🟢 低位共振（可重仓潜伏）,🌱 底仓潜伏,,,,
家用电器,,,,-0.3309128502619551,,,,,,,,,,,,,,,,,,,,28.2,,2026-06-05 19:40,,,,,,,,,,,,1.035483870967742,,,,,,,,,,,,,,100.0,,,,,,,,,,,,87.3,🔴 终极逃顶（高风险）,🛑 崩盘前夕,,,,
农林牧渔,,,,-2.3511798848952603,,,,,,,,,,,,,,,,,,,,27.1,,2026-06-05 19:40,,,,,,,,,,,,1.3645161290322585,,,,,,,,,,,,,,39.5,,,,,,,,,,,,75.2,🟢 低位共振（可重仓潜伏）,🌱 底仓潜伏,,,,
钢铁,,,,-1.0078207567110642,,,,,,,,,,,,,,,,,,,,23.6,,2026-06-05 19:40,,,,,,,,,,,,1.261290322580645,,,,,,,,,,,,,,0.0,,,,,,,,,,,,79.8,🟢 低位共振（可重仓潜伏）,🌱 底仓潜伏,,,,
综合,,,,-3.201806770089388,,,,,,,,,,,,,,,,,,,,20.7,,2026-06-05 19:40,,,,,,,,,,,,1.3516129032258064,,,,,,,,,,,,,,73.7,,,,,,,,,,,,0.0,🟠 高位能量耗尽（大幅减仓）,⚠️ 强弩之末,,,,
食品饮料,,,,-1.5880777332905494,,,,,,,,,,,,,,,,,,,,19.2,,2026-06-05 19:40,,,,,,,,,,,,1.0419354838709678,,,,,,,,,,,,,,70.6,,,,,,,,,,,,55.9,🟠 高位能量耗尽（大幅减仓）,⚠️ 强弩之末,,,,
机械设备,,,,1.0970430322942315,,,,,,,,,,,,,,,,,,,,67.4,,2026-06-05 19:44,,,,,,,,,,,,2.2612903225806456,,,,,,,,,,,,,,44.0,,,,,,,,,,,,0.0,⚪ 安全持仓,📈 顺势加仓,,,,
通信,,,,0.0711626828984401,,,,,,,,,,,,,,,,,,,,63.5,,2026-06-05 19:44,,,,,,,,,,,,2.241935483870968,,,,,,,,,,,,,,54.1,,,,,,,,,,,,0.0,⚪ 安全持仓,🚨 强制清仓,,,,
基础化工,,,,-1.0790453346646856,,,,,,,,,,,,,,,,,,,,57.4,,2026-06-05 19:44,,,,,,,,,,,,1.4806451612903226,,,,,,,,,,,,,,0.0,,,,,,,,,,,,71.4,⚪ 安全持仓,☕ 稳健持有,,,,
建筑材料,,,,-0.4106871075673757,,,,,,,,,,,,,,,,,,,,53.6,,2026-06-05 19:44,,,,,,,,,,,,1.6225806451612903,,,,,,,,,,,,,,56.7,,,,,,,,,,,,0.0,🟡 预警（观察减持）,⚖️ 控仓观望,,,,
有色金属,,,,-2.838566515033847,,,,,,,,,,,,,,,,,,,,50.8,,2026-06-05 19:44,,,,,,,,,,,,1.596774193548387,,,,,,,,,,,,,,100.0,,,,,,,,,,,,1.1,🔴 终极逃顶（高风险）,🛑 崩盘前夕,,,,
国防军工,,,,0.1301388510754231,,,,,,,,,,,,,,,,,,,,49.2,,2026-06-05 19:44,,,,,,,,,,,,1.6741935483870969,,,,,,,,,,,,,,38.6,,,,,,,,,,,,0.0,⚪ 安全持仓,☕ 稳健持有,,,,
电力设备,,,,-1.9575373276843773,,,,,,,,,,,,,,,,,,,,46.5,,2026-06-05 19:44,,,,,,,,,,,,1.3258064516129031,,,,,,,,,,,,,,0.0,,,,,,,,,,,,36.8,⚪ 安全持仓,☕ 稳健持有,,,,
石油石化,,,,-1.9442668019200136,,,,,,,,,,,,,,,,,,,,44.9,,2026-06-05 19:44,,,,,,,,,,,,1.506451612903226,,,,,,,,,,,,,,42.3,,,,,,,,,,,,62.9,⚪ 安全持仓,☕ 稳健持有,,,,
电子,,,,2.26498210788928,,,,,,,,,,,,,,,,,,,,42.3,,2026-06-05 19:44,,,,,,,,,,,,2.2612903225806456,,,,,,,,,,,,,,58.4,,,,,,,,,,,,0.0,🟡 预警（观察减持）,🦊 诱多陷阱,,,,
房地产,,,,-0.92942760079483,,,,,,,,,,,,,,,,,,,,42.2,,2026-06-05 19:44,,,,,,,,,,,,1.570967741935484,,,,,,,,,,,,,,100.0,,,,,,,,,,,,68.7,🔴 终极逃顶（高风险）,🛑 崩盘前夕,,,,
汽车,,,,-0.1562506346835745,,,,,,,,,,,,,,,,,,,,41.5,,2026-06-05 19:44,,,,,,,,,,,,1.4161290322580646,,,,,,,,,,,,,,47.9,,,,,,,,,,,,100.0,🟢 低位共振（可重仓潜伏）,🌱 底仓潜伏,,,,
公用事业,,,,-1.0899655179591128,,,,,,,,,,,,,,,,,,,,41.5,,2026-06-05 19:44,,,,,,,,,,,,1.3,,,,,,,,,,,,,,100.0,,,,,,,,,,,,92.0,🔴 终极逃顶（高风险）,🛑 崩盘前夕,,,,
轻工制造,,,,-1.5117762830633374,,,,,,,,,,,,,,,,,,,,41.1,,2026-06-05 19:44,,,,,,,,,,,,1.532258064516129,,,,,,,,,,,,,,0.0,,,,,,,,,,,,74.3,⚪ 安全持仓,☕ 稳健持有,,,,
医药生物,,,,-1.367327121340467,,,,,,,,,,,,,,,,,,,,40.1,,2026-06-05 19:44,,,,,,,,,,,,1.5580645161290323,,,,,,,,,,,,,,29.9,,,,,,,,,,,,100.0,🟢 低位共振（可重仓潜伏）,🌱 底仓潜伏,,,,
传媒,,,,-1.886378591796456,,,,,,,,,,,,,,,,,,,,39.0,,2026-06-05 19:44,,,,,,,,,,,,1.635483870967742,,,,,,,,,,,,,,32.1,,,,,,,,,,,,14.8,⚪ 安全持仓,☕ 稳健持有,,,,
计算机,,,,-1.788454061646905,,,,,,,,,,,,,,,,,,,,38.5,,2026-06-05 19:44,,,,,,,,,,,,1.6225806451612903,,,,,,,,,,,,,,68.0,,,,,,,,,,,,0.0,🟡 预警（观察减持）,⚖️ 控仓观望,,,,
建筑装饰,,,,-0.8868843449752806,,,,,,,,,,,,,,,,,,,,37.3,,2026-06-05 19:44,,,,,,,,,,,,1.3258064516129031,,,,,,,,,,,,,,19.2,,,,,,,,,,,,100.0,🟢 低位共振（可重仓潜伏）,🌱 底仓潜伏,,,,
商贸零售,,,,-2.411497824096453,,,,,,,,,,,,,,,,,,,,36.4,,2026-06-05 19:44,,,,,,,,,,,,1.5580645161290323,,,,,,,,,,,,,,42.8,,,,,,,,,,,,78.0,🟢 低位共振（可重仓潜伏）,🌱 底仓潜伏,,,,
美容护理,,,,-1.729310040585852,,,,,,,,,,,,,,,,,,,,35.8,,2026-06-05 19:44,,,,,,,,,,,,1.338709677419355,,,,,,,,,,,,,,32.0,,,,,,,,,,,,71.4,⚪ 安全持仓,☕ 稳健持有,,,,
交通运输,,,,-1.2202637741895783,,,,,,,,,,,,,,,,,,,,35.7,,2026-06-05 19:44,,,,,,,,,,,,1.3129032258064517,,,,,,,,,,,,,,0.0,,,,,,,,,,,,100.0,🟢 低位共振（可重仓潜伏）,🌱 底仓潜伏,,,,
环保,,,,-0.9042469608445458,,,,,,,,,,,,,,,,,,,,33.8,,2026-06-05 19:44,,,,,,,,,,,,1.261290322580645,,,,,,,,,,,,,,44.1,,,,,,,,,,,,50.3,⚪ 安全持仓,☕ 稳健持有,,,,
非银金融,,,,-1.1251362469674064,,,,,,,,,,,,,,,,,,,,32.9,,2026-06-05 19:44,,,,,,,,,,,,1.7,,,,,,,,,,,,,,35.3,,,,,,,,,,,,87.7,🟢 低位共振（可重仓潜伏）,🌱 底仓潜伏,,,,
煤炭,,,,1.1834403430360574,,,,,,,,,,,,,,,,,,,,31.0,,2026-06-05 19:44,,,,,,,,,,,,2.17741935483871,,,,,,,,,,,,,,100.0,,,,,,,,,,,,33.4,🔴 终极逃顶（高风险）,🦊 诱多陷阱,,,,
纺织服饰,,,,-1.5837518557124342,,,,,,,,,,,,,,,,,,,,30.6,,2026-06-05 19:44,,,,,,,,,,,,1.3903225806451611,,,,,,,,,,,,,,2.6,,,,,,,,,,,,50.0,⚪ 安全持仓,☕ 稳健持有,,,,
社会服务,,,,-1.6127815269949997,,,,,,,,,,,,,,,,,,,,30.3,,2026-06-05 19:44,,,,,,,,,,,,1.532258064516129,,,,,,,,,,,,,,47.5,,,,,,,,,,,,86.3,🟢 低位共振（可重仓潜伏）,🌱 底仓潜伏,,,,
银行,,,,-1.0964306442987404,,,,,,,,,,,,,,,,,,,,28.3,,2026-06-05 19:44,,,,,,,,,,,,1.035483870967742,,,,,,,,,,,,,,12.5,,,,,,,,,,,,100.0,🟢 低位共振（可重仓潜伏）,🌱 底仓潜伏,,,,
家用电器,,,,-0.3309128502619551,,,,,,,,,,,,,,,,,,,,28.2,,2026-06-05 19:44,,,,,,,,,,,,1.035483870967742,,,,,,,,,,,,,,100.0,,,,,,,,,,,,87.3,🔴 终极逃顶（高风险）,🛑 崩盘前夕,,,,
农林牧渔,,,,-2.3511798848952603,,,,,,,,,,,,,,,,,,,,27.1,,2026-06-05 19:44,,,,,,,,,,,,1.3645161290322585,,,,,,,,,,,,,,39.5,,,,,,,,,,,,75.2,🟢 低位共振（可重仓潜伏）,🌱 底仓潜伏,,,,
钢铁,,,,-1.0078207567110642,,,,,,,,,,,,,,,,,,,,23.6,,2026-06-05 19:44,,,,,,,,,,,,1.261290322580645,,,,,,,,,,,,,,0.0,,,,,,,,,,,,79.8,🟢 低位共振（可重仓潜伏）,🌱 底仓潜伏,,,,
综合,,,,-3.201806770089388,,,,,,,,,,,,,,,,,,,,20.7,,2026-06-05 19:44,,,,,,,,,,,,1.3516129032258064,,,,,,,,,,,,,,73.7,,,,,,,,,,,,0.0,🟠 高位能量耗尽（大幅减仓）,⚠️ 强弩之末,,,,
食品饮料,,,,-1.5880777332905494,,,,,,,,,,,,,,,,,,,,19.2,,2026-06-05 19:44,,,,,,,,,,,,1.0419354838709678,,,,,,,,,,,,,,70.6,,,,,,,,,,,,55.9,🟠 高位能量耗尽（大幅减仓）,⚠️ 强弩之末,,,,
机械设备,,,,1.0970430322942315,,,,,,,,,,,,,,,,,,,,67.4,,2026-06-05 19:52,,,,,,,,,,,,2.2612903225806456,,,,,,,,,,,,,,44.0,,,,,,,,,,,,0.0,⚪ 安全持仓,📈 顺势加仓,,,,
通信,,,,0.0711626828984401,,,,,,,,,,,,,,,,,,,,63.5,,2026-06-05 19:52,,,,,,,,,,,,2.241935483870968,,,,,,,,,,,,,,54.1,,,,,,,,,,,,0.0,⚪ 安全持仓,🚨 强制清仓,,,,
基础化工,,,,-1.0790453346646856,,,,,,,,,,,,,,,,,,,,57.4,,2026-06-05 19:52,,,,,,,,,,,,1.4806451612903226,,,,,,,,,,,,,,0.0,,,,,,,,,,,,71.4,⚪ 安全持仓,☕ 稳健持有,,,,
建筑材料,,,,-0.4106871075673757,,,,,,,,,,,,,,,,,,,,53.6,,2026-06-05 19:52,,,,,,,,,,,,1.6225806451612903,,,,,,,,,,,,,,56.7,,,,,,,,,,,,0.0,🟡 预警（观察减持）,⚖️ 控仓观望,,,,
有色金属,,,,-2.838566515033847,,,,,,,,,,,,,,,,,,,,50.8,,2026-06-05 19:52,,,,,,,,,,,,1.596774193548387,,,,,,,,,,,,,,100.0,,,,,,,,,,,,1.1,🔴 终极逃顶（高风险）,🛑 崩盘前夕,,,,
国防军工,,,,0.1301388510754231,,,,,,,,,,,,,,,,,,,,49.2,,2026-06-05 19:52,,,,,,,,,,,,1.6741935483870969,,,,,,,,,,,,,,38.6,,,,,,,,,,,,0.0,⚪ 安全持仓,☕ 稳健持有,,,,
电力设备,,,,-1.9575373276843773,,,,,,,,,,,,,,,,,,,,46.5,,2026-06-05 19:52,,,,,,,,,,,,1.3258064516129031,,,,,,,,,,,,,,0.0,,,,,,,,,,,,36.8,⚪ 安全持仓,☕ 稳健持有,,,,
石油石化,,,,-1.9442668019200136,,,,,,,,,,,,,,,,,,,,44.9,,2026-06-05 19:52,,,,,,,,,,,,1.506451612903226,,,,,,,,,,,,,,42.3,,,,,,,,,,,,62.9,⚪ 安全持仓,☕ 稳健持有,,,,
电子,,,,2.26498210788928,,,,,,,,,,,,,,,,,,,,42.3,,2026-06-05 19:52,,,,,,,,,,,,2.2612903225806456,,,,,,,,,,,,,,58.4,,,,,,,,,,,,0.0,🟡 预警（观察减持）,🦊 诱多陷阱,,,,
房地产,,,,-0.92942760079483,,,,,,,,,,,,,,,,,,,,42.2,,2026-06-05 19:52,,,,,,,,,,,,1.570967741935484,,,,,,,,,,,,,,100.0,,,,,,,,,,,,68.7,🔴 终极逃顶（高风险）,🛑 崩盘前夕,,,,
汽车,,,,-0.1562506346835745,,,,,,,,,,,,,,,,,,,,41.5,,2026-06-05 19:52,,,,,,,,,,,,1.4161290322580646,,,,,,,,,,,,,,47.9,,,,,,,,,,,,100.0,🟢 低位共振（可重仓潜伏）,🌱 底仓潜伏,,,,
公用事业,,,,-1.0899655179591128,,,,,,,,,,,,,,,,,,,,41.5,,2026-06-05 19:52,,,,,,,,,,,,1.3,,,,,,,,,,,,,,100.0,,,,,,,,,,,,92.0,🔴 终极逃顶（高风险）,🛑 崩盘前夕,,,,
轻工制造,,,,-1.5117762830633374,,,,,,,,,,,,,,,,,,,,41.1,,2026-06-05 19:52,,,,,,,,,,,,1.532258064516129,,,,,,,,,,,,,,0.0,,,,,,,,,,,,74.3,⚪ 安全持仓,☕ 稳健持有,,,,
医药生物,,,,-1.367327121340467,,,,,,,,,,,,,,,,,,,,40.1,,2026-06-05 19:52,,,,,,,,,,,,1.5580645161290323,,,,,,,,,,,,,,29.9,,,,,,,,,,,,100.0,🟢 低位共振（可重仓潜伏）,🌱 底仓潜伏,,,,
传媒,,,,-1.886378591796456,,,,,,,,,,,,,,,,,,,,39.0,,2026-06-05 19:52,,,,,,,,,,,,1.635483870967742,,,,,,,,,,,,,,32.1,,,,,,,,,,,,14.8,⚪ 安全持仓,☕ 稳健持有,,,,
计算机,,,,-1.788454061646905,,,,,,,,,,,,,,,,,,,,38.5,,2026-06-05 19:52,,,,,,,,,,,,1.6225806451612903,,,,,,,,,,,,,,68.0,,,,,,,,,,,,0.0,🟡 预警（观察减持）,⚖️ 控仓观望,,,,
建筑装饰,,,,-0.8868843449752806,,,,,,,,,,,,,,,,,,,,37.3,,2026-06-05 19:52,,,,,,,,,,,,1.3258064516129031,,,,,,,,,,,,,,19.2,,,,,,,,,,,,100.0,🟢 低位共振（可重仓潜伏）,🌱 底仓潜伏,,,,
商贸零售,,,,-2.411497824096453,,,,,,,,,,,,,,,,,,,,36.4,,2026-06-05 19:52,,,,,,,,,,,,1.5580645161290323,,,,,,,,,,,,,,42.8,,,,,,,,,,,,78.0,🟢 低位共振（可重仓潜伏）,🌱 底仓潜伏,,,,
美容护理,,,,-1.729310040585852,,,,,,,,,,,,,,,,,,,,35.8,,2026-06-05 19:52,,,,,,,,,,,,1.338709677419355,,,,,,,,,,,,,,32.0,,,,,,,,,,,,71.4,⚪ 安全持仓,☕ 稳健持有,,,,
交通运输,,,,-1.2202637741895783,,,,,,,,,,,,,,,,,,,,35.7,,2026-06-05 19:52,,,,,,,,,,,,1.3129032258064517,,,,,,,,,,,,,,0.0,,,,,,,,,,,,100.0,🟢 低位共振（可重仓潜伏）,🌱 底仓潜伏,,,,
环保,,,,-0.9042469608445458,,,,,,,,,,,,,,,,,,,,33.8,,2026-06-05 19:52,,,,,,,,,,,,1.261290322580645,,,,,,,,,,,,,,44.1,,,,,,,,,,,,50.3,⚪ 安全持仓,☕ 稳健持有,,,,
非银金融,,,,-1.1251362469674064,,,,,,,,,,,,,,,,,,,,32.9,,2026-06-05 19:52,,,,,,,,,,,,1.7,,,,,,,,,,,,,,35.3,,,,,,,,,,,,87.7,🟢 低位共振（可重仓潜伏）,🌱 底仓潜伏,,,,
煤炭,,,,1.1834403430360574,,,,,,,,,,,,,,,,,,,,31.0,,2026-06-05 19:52,,,,,,,,,,,,2.17741935483871,,,,,,,,,,,,,,100.0,,,,,,,,,,,,33.4,🔴 终极逃顶（高风险）,🦊 诱多陷阱,,,,
纺织服饰,,,,-1.5837518557124342,,,,,,,,,,,,,,,,,,,,30.6,,2026-06-05 19:52,,,,,,,,,,,,1.3903225806451611,,,,,,,,,,,,,,2.6,,,,,,,,,,,,50.0,⚪ 安全持仓,☕ 稳健持有,,,,
社会服务,,,,-1.6127815269949997,,,,,,,,,,,,,,,,,,,,30.3,,2026-06-05 19:52,,,,,,,,,,,,1.532258064516129,,,,,,,,,,,,,,47.5,,,,,,,,,,,,86.3,🟢 低位共振（可重仓潜伏）,🌱 底仓潜伏,,,,
银行,,,,-1.0964306442987404,,,,,,,,,,,,,,,,,,,,28.3,,2026-06-05 19:52,,,,,,,,,,,,1.035483870967742,,,,,,,,,,,,,,12.5,,,,,,,,,,,,100.0,🟢 低位共振（可重仓潜伏）,🌱 底仓潜伏,,,,
家用电器,,,,-0.3309128502619551,,,,,,,,,,,,,,,,,,,,28.2,,2026-06-05 19:52,,,,,,,,,,,,1.035483870967742,,,,,,,,,,,,,,100.0,,,,,,,,,,,,87.3,🔴 终极逃顶（高风险）,🛑 崩盘前夕,,,,
农林牧渔,,,,-2.3511798848952603,,,,,,,,,,,,,,,,,,,,27.1,,2026-06-05 19:52,,,,,,,,,,,,1.3645161290322585,,,,,,,,,,,,,,39.5,,,,,,,,,,,,75.2,🟢 低位共振（可重仓潜伏）,🌱 底仓潜伏,,,,
钢铁,,,,-1.0078207567110642,,,,,,,,,,,,,,,,,,,,23.6,,2026-06-05 19:52,,,,,,,,,,,,1.261290322580645,,,,,,,,,,,,,,0.0,,,,,,,,,,,,79.8,🟢 低位共振（可重仓潜伏）,🌱 底仓潜伏,,,,
综合,,,,-3.201806770089388,,,,,,,,,,,,,,,,,,,,20.7,,2026-06-05 19:52,,,,,,,,,,,,1.3516129032258064,,,,,,,,,,,,,,73.7,,,,,,,,,,,,0.0,🟠 高位能量耗尽（大幅减仓）,⚠️ 强弩之末,,,,
食品饮料,,,,-1.5880777332905494,,,,,,,,,,,,,,,,,,,,19.2,,2026-06-05 19:52,,,,,,,,,,,,1.0419354838709678,,,,,,,,,,,,,,70.6,,,,,,,,,,,,55.9,🟠 高位能量耗尽（大幅减仓）,⚠️ 强弩之末,,,,
机械设备,,,,1.0970430322942315,,,,,,,,,,,,,,,,,,,,67.4,,2026-06-05 19:55,,,,,,,,,,,,2.2612903225806456,,,,,,,,,,,,,,44.0,,,,,,,,,,,,0.0,⚪ 安全持仓,📈 顺势加仓,,,,
通信,,,,0.0711626828984401,,,,,,,,,,,,,,,,,,,,63.5,,2026-06-05 19:55,,,,,,,,,,,,2.241935483870968,,,,,,,,,,,,,,54.1,,,,,,,,,,,,0.0,⚪ 安全持仓,🚨 强制清仓,,,,
基础化工,,,,-1.0790453346646856,,,,,,,,,,,,,,,,,,,,57.4,,2026-06-05 19:55,,,,,,,,,,,,1.4806451612903226,,,,,,,,,,,,,,0.0,,,,,,,,,,,,71.4,⚪ 安全持仓,☕ 稳健持有,,,,
建筑材料,,,,-0.4106871075673757,,,,,,,,,,,,,,,,,,,,53.6,,2026-06-05 19:55,,,,,,,,,,,,1.6225806451612903,,,,,,,,,,,,,,56.7,,,,,,,,,,,,0.0,🟡 预警（观察减持）,⚖️ 控仓观望,,,,
有色金属,,,,-2.838566515033847,,,,,,,,,,,,,,,,,,,,50.8,,2026-06-05 19:55,,,,,,,,,,,,1.596774193548387,,,,,,,,,,,,,,100.0,,,,,,,,,,,,1.1,🔴 终极逃顶（高风险）,🛑 崩盘前夕,,,,
国防军工,,,,0.1301388510754231,,,,,,,,,,,,,,,,,,,,49.2,,2026-06-05 19:55,,,,,,,,,,,,1.6741935483870969,,,,,,,,,,,,,,38.6,,,,,,,,,,,,0.0,⚪ 安全持仓,☕ 稳健持有,,,,
电力设备,,,,-1.9575373276843773,,,,,,,,,,,,,,,,,,,,46.5,,2026-06-05 19:55,,,,,,,,,,,,1.3258064516129031,,,,,,,,,,,,,,0.0,,,,,,,,,,,,36.8,⚪ 安全持仓,☕ 稳健持有,,,,
石油石化,,,,-1.9442668019200136,,,,,,,,,,,,,,,,,,,,44.9,,2026-06-05 19:55,,,,,,,,,,,,1.506451612903226,,,,,,,,,,,,,,42.3,,,,,,,,,,,,62.9,⚪ 安全持仓,☕ 稳健持有,,,,
电子,,,,2.26498210788928,,,,,,,,,,,,,,,,,,,,42.3,,2026-06-05 19:55,,,,,,,,,,,,2.2612903225806456,,,,,,,,,,,,,,58.4,,,,,,,,,,,,0.0,🟡 预警（观察减持）,🦊 诱多陷阱,,,,
房地产,,,,-0.92942760079483,,,,,,,,,,,,,,,,,,,,42.2,,2026-06-05 19:55,,,,,,,,,,,,1.570967741935484,,,,,,,,,,,,,,100.0,,,,,,,,,,,,68.7,🔴 终极逃顶（高风险）,🛑 崩盘前夕,,,,
汽车,,,,-0.1562506346835745,,,,,,,,,,,,,,,,,,,,41.5,,2026-06-05 19:55,,,,,,,,,,,,1.4161290322580646,,,,,,,,,,,,,,47.9,,,,,,,,,,,,100.0,🟢 低位共振（可重仓潜伏）,🌱 底仓潜伏,,,,
公用事业,,,,-1.0899655179591128,,,,,,,,,,,,,,,,,,,,41.5,,2026-06-05 19:55,,,,,,,,,,,,1.3,,,,,,,,,,,,,,100.0,,,,,,,,,,,,92.0,🔴 终极逃顶（高风险）,🛑 崩盘前夕,,,,
轻工制造,,,,-1.5117762830633374,,,,,,,,,,,,,,,,,,,,41.1,,2026-06-05 19:55,,,,,,,,,,,,1.532258064516129,,,,,,,,,,,,,,0.0,,,,,,,,,,,,74.3,⚪ 安全持仓,☕ 稳健持有,,,,
医药生物,,,,-1.367327121340467,,,,,,,,,,,,,,,,,,,,40.1,,2026-06-05 19:55,,,,,,,,,,,,1.5580645161290323,,,,,,,,,,,,,,29.9,,,,,,,,,,,,100.0,🟢 低位共振（可重仓潜伏）,🌱 底仓潜伏,,,,
传媒,,,,-1.886378591796456,,,,,,,,,,,,,,,,,,,,39.0,,2026-06-05 19:55,,,,,,,,,,,,1.635483870967742,,,,,,,,,,,,,,32.1,,,,,,,,,,,,14.8,⚪ 安全持仓,☕ 稳健持有,,,,
计算机,,,,-1.788454061646905,,,,,,,,,,,,,,,,,,,,38.5,,2026-06-05 19:55,,,,,,,,,,,,1.6225806451612903,,,,,,,,,,,,,,68.0,,,,,,,,,,,,0.0,🟡 预警（观察减持）,⚖️ 控仓观望,,,,
建筑装饰,,,,-0.8868843449752806,,,,,,,,,,,,,,,,,,,,37.3,,2026-06-05 19:55,,,,,,,,,,,,1.3258064516129031,,,,,,,,,,,,,,19.2,,,,,,,,,,,,100.0,🟢 低位共振（可重仓潜伏）,🌱 底仓潜伏,,,,
商贸零售,,,,-2.411497824096453,,,,,,,,,,,,,,,,,,,,36.4,,2026-06-05 19:55,,,,,,,,,,,,1.5580645161290323,,,,,,,,,,,,,,42.8,,,,,,,,,,,,78.0,🟢 低位共振（可重仓潜伏）,🌱 底仓潜伏,,,,
美容护理,,,,-1.729310040585852,,,,,,,,,,,,,,,,,,,,35.8,,2026-06-05 19:55,,,,,,,,,,,,1.338709677419355,,,,,,,,,,,,,,32.0,,,,,,,,,,,,71.4,⚪ 安全持仓,☕ 稳健持有,,,,
交通运输,,,,-1.2202637741895783,,,,,,,,,,,,,,,,,,,,35.7,,2026-06-05 19:55,,,,,,,,,,,,1.3129032258064517,,,,,,,,,,,,,,0.0,,,,,,,,,,,,100.0,🟢 低位共振（可重仓潜伏）,🌱 底仓潜伏,,,,
环保,,,,-0.9042469608445458,,,,,,,,,,,,,,,,,,,,33.8,,2026-06-05 19:55,,,,,,,,,,,,1.261290322580645,,,,,,,,,,,,,,44.1,,,,,,,,,,,,50.3,⚪ 安全持仓,☕ 稳健持有,,,,
非银金融,,,,-1.1251362469674064,,,,,,,,,,,,,,,,,,,,32.9,,2026-06-05 19:55,,,,,,,,,,,,1.7,,,,,,,,,,,,,,35.3,,,,,,,,,,,,87.7,🟢 低位共振（可重仓潜伏）,🌱 底仓潜伏,,,,
煤炭,,,,1.1834403430360574,,,,,,,,,,,,,,,,,,,,31.0,,2026-06-05 19:55,,,,,,,,,,,,2.17741935483871,,,,,,,,,,,,,,100.0,,,,,,,,,,,,33.4,🔴 终极逃顶（高风险）,🦊 诱多陷阱,,,,
纺织服饰,,,,-1.5837518557124342,,,,,,,,,,,,,,,,,,,,30.6,,2026-06-05 19:55,,,,,,,,,,,,1.3903225806451611,,,,,,,,,,,,,,2.6,,,,,,,,,,,,50.0,⚪ 安全持仓,☕ 稳健持有,,,,
社会服务,,,,-1.6127815269949997,,,,,,,,,,,,,,,,,,,,30.3,,2026-06-05 19:55,,,,,,,,,,,,1.532258064516129,,,,,,,,,,,,,,47.5,,,,,,,,,,,,86.3,🟢 低位共振（可重仓潜伏）,🌱 底仓潜伏,,,,
银行,,,,-1.0964306442987404,,,,,,,,,,,,,,,,,,,,28.3,,2026-06-05 19:55,,,,,,,,,,,,1.035483870967742,,,,,,,,,,,,,,12.5,,,,,,,,,,,,100.0,🟢 低位共振（可重仓潜伏）,🌱 底仓潜伏,,,,
家用电器,,,,-0.3309128502619551,,,,,,,,,,,,,,,,,,,,28.2,,2026-06-05 19:55,,,,,,,,,,,,1.035483870967742,,,,,,,,,,,,,,100.0,,,,,,,,,,,,87.3,🔴 终极逃顶（高风险）,🛑 崩盘前夕,,,,
农林牧渔,,,,-2.3511798848952603,,,,,,,,,,,,,,,,,,,,27.1,,2026-06-05 19:55,,,,,,,,,,,,1.3645161290322585,,,,,,,,,,,,,,39.5,,,,,,,,,,,,75.2,🟢 低位共振（可重仓潜伏）,🌱 底仓潜伏,,,,
钢铁,,,,-1.0078207567110642,,,,,,,,,,,,,,,,,,,,23.6,,2026-06-05 19:55,,,,,,,,,,,,1.261290322580645,,,,,,,,,,,,,,0.0,,,,,,,,,,,,79.8,🟢 低位共振（可重仓潜伏）,🌱 底仓潜伏,,,,
综合,,,,-3.201806770089388,,,,,,,,,,,,,,,,,,,,20.7,,2026-06-05 19:55,,,,,,,,,,,,1.3516129032258064,,,,,,,,,,,,,,73.7,,,,,,,,,,,,0.0,🟠 高位能量耗尽（大幅减仓）,⚠️ 强弩之末,,,,
食品饮料,,,,-1.5880777332905494,,,,,,,,,,,,,,,,,,,,19.2,,2026-06-05 19:55,,,,,,,,,,,,1.0419354838709678,,,,,,,,,,,,,,70.6,,,,,,,,,,,,55.9,🟠 高位能量耗尽（大幅减仓）,⚠️ 强弩之末,,,,
电子,,,,2.26498210788928,,,,,,,,,,,,,,,,,,,,70.5,,2026-06-05 20:29,,,,,,,,,,,,2.2612903225806456,,,,,,,,,,,,,,58.4,,,,,,,,,,,,0.0,🟡 预警（观察减持）,🔥 冲顶阶段,,,,
机械设备,,,,1.0970430322942315,,,,,,,,,,,,,,,,,,,,67.4,,2026-06-05 20:29,,,,,,,,,,,,2.2612903225806456,,,,,,,,,,,,,,44.0,,,,,,,,,,,,0.0,⚪ 安全持仓,📈 顺势加仓,,,,
通信,,,,0.0711626828984401,,,,,,,,,,,,,,,,,,,,63.5,,2026-06-05 20:29,,,,,,,,,,,,2.241935483870968,,,,,,,,,,,,,,54.1,,,,,,,,,,,,0.0,⚪ 安全持仓,🚨 强制清仓,,,,
基础化工,,,,-1.0790453346646856,,,,,,,,,,,,,,,,,,,,57.4,,2026-06-05 20:29,,,,,,,,,,,,1.4806451612903226,,,,,,,,,,,,,,0.0,,,,,,,,,,,,71.4,⚪ 安全持仓,☕ 稳健持有,,,,
建筑材料,,,,-0.4106871075673757,,,,,,,,,,,,,,,,,,,,53.6,,2026-06-05 20:29,,,,,,,,,,,,1.6225806451612903,,,,,,,,,,,,,,56.7,,,,,,,,,,,,0.0,🟡 预警（观察减持）,⚖️ 控仓观望,,,,
煤炭,,,,1.1834403430360574,,,,,,,,,,,,,,,,,,,,51.7,,2026-06-05 20:29,,,,,,,,,,,,2.17741935483871,,,,,,,,,,,,,,100.0,,,,,,,,,,,,33.4,🔴 终极逃顶（高风险）,🚨 强制清仓,,,,
有色金属,,,,-2.838566515033847,,,,,,,,,,,,,,,,,,,,50.8,,2026-06-05 20:29,,,,,,,,,,,,1.596774193548387,,,,,,,,,,,,,,100.0,,,,,,,,,,,,1.1,🔴 终极逃顶（高风险）,🛑 崩盘前夕,,,,
国防军工,,,,0.1301388510754231,,,,,,,,,,,,,,,,,,,,49.2,,2026-06-05 20:29,,,,,,,,,,,,1.6741935483870969,,,,,,,,,,,,,,38.6,,,,,,,,,,,,0.0,⚪ 安全持仓,☕ 稳健持有,,,,
电力设备,,,,-1.9575373276843773,,,,,,,,,,,,,,,,,,,,46.5,,2026-06-05 20:29,,,,,,,,,,,,1.3258064516129031,,,,,,,,,,,,,,0.0,,,,,,,,,,,,36.8,⚪ 安全持仓,☕ 稳健持有,,,,
石油石化,,,,-1.9442668019200136,,,,,,,,,,,,,,,,,,,,44.9,,2026-06-05 20:29,,,,,,,,,,,,1.506451612903226,,,,,,,,,,,,,,42.3,,,,,,,,,,,,62.9,⚪ 安全持仓,☕ 稳健持有,,,,
房地产,,,,-0.92942760079483,,,,,,,,,,,,,,,,,,,,42.2,,2026-06-05 20:29,,,,,,,,,,,,1.570967741935484,,,,,,,,,,,,,,100.0,,,,,,,,,,,,68.7,🔴 终极逃顶（高风险）,🛑 崩盘前夕,,,,
汽车,,,,-0.1562506346835745,,,,,,,,,,,,,,,,,,,,41.5,,2026-06-05 20:29,,,,,,,,,,,,1.4161290322580646,,,,,,,,,,,,,,47.9,,,,,,,,,,,,100.0,🟢 低位共振（可重仓潜伏）,🌱 底仓潜伏,,,,
公用事业,,,,-1.0899655179591128,,,,,,,,,,,,,,,,,,,,41.5,,2026-06-05 20:29,,,,,,,,,,,,1.3,,,,,,,,,,,,,,100.0,,,,,,,,,,,,92.0,🔴 终极逃顶（高风险）,🛑 崩盘前夕,,,,
轻工制造,,,,-1.5117762830633374,,,,,,,,,,,,,,,,,,,,41.1,,2026-06-05 20:29,,,,,,,,,,,,1.532258064516129,,,,,,,,,,,,,,0.0,,,,,,,,,,,,74.3,⚪ 安全持仓,☕ 稳健持有,,,,
医药生物,,,,-1.367327121340467,,,,,,,,,,,,,,,,,,,,40.1,,2026-06-05 20:29,,,,,,,,,,,,1.5580645161290323,,,,,,,,,,,,,,29.9,,,,,,,,,,,,100.0,🟢 低位共振（可重仓潜伏）,🌱 底仓潜伏,,,,
传媒,,,,-1.886378591796456,,,,,,,,,,,,,,,,,,,,39.0,,2026-06-05 20:29,,,,,,,,,,,,1.635483870967742,,,,,,,,,,,,,,32.1,,,,,,,,,,,,14.8,⚪ 安全持仓,☕ 稳健持有,,,,
计算机,,,,-1.788454061646905,,,,,,,,,,,,,,,,,,,,38.5,,2026-06-05 20:29,,,,,,,,,,,,1.6225806451612903,,,,,,,,,,,,,,68.0,,,,,,,,,,,,0.0,🟡 预警（观察减持）,⚖️ 控仓观望,,,,
建筑装饰,,,,-0.8868843449752806,,,,,,,,,,,,,,,,,,,,37.3,,2026-06-05 20:29,,,,,,,,,,,,1.3258064516129031,,,,,,,,,,,,,,19.2,,,,,,,,,,,,100.0,🟢 低位共振（可重仓潜伏）,🌱 底仓潜伏,,,,
商贸零售,,,,-2.411497824096453,,,,,,,,,,,,,,,,,,,,36.4,,2026-06-05 20:29,,,,,,,,,,,,1.5580645161290323,,,,,,,,,,,,,,42.8,,,,,,,,,,,,78.0,🟢 低位共振（可重仓潜伏）,🌱 底仓潜伏,,,,
美容护理,,,,-1.729310040585852,,,,,,,,,,,,,,,,,,,,35.8,,2026-06-05 20:29,,,,,,,,,,,,1.338709677419355,,,,,,,,,,,,,,32.0,,,,,,,,,,,,71.4,⚪ 安全持仓,☕ 稳健持有,,,,
交通运输,,,,-1.2202637741895783,,,,,,,,,,,,,,,,,,,,35.7,,2026-06-05 20:29,,,,,,,,,,,,1.3129032258064517,,,,,,,,,,,,,,0.0,,,,,,,,,,,,100.0,🟢 低位共振（可重仓潜伏）,🌱 底仓潜伏,,,,
环保,,,,-0.9042469608445458,,,,,,,,,,,,,,,,,,,,33.8,,2026-06-05 20:29,,,,,,,,,,,,1.261290322580645,,,,,,,,,,,,,,44.1,,,,,,,,,,,,50.3,⚪ 安全持仓,☕ 稳健持有,,,,
非银金融,,,,-1.1251362469674064,,,,,,,,,,,,,,,,,,,,32.9,,2026-06-05 20:29,,,,,,,,,,,,1.7,,,,,,,,,,,,,,35.3,,,,,,,,,,,,87.7,🟢 低位共振（可重仓潜伏）,🌱 底仓潜伏,,,,
纺织服饰,,,,-1.5837518557124342,,,,,,,,,,,,,,,,,,,,30.6,,2026-06-05 20:29,,,,,,,,,,,,1.3903225806451611,,,,,,,,,,,,,,2.6,,,,,,,,,,,,50.0,⚪ 安全持仓,☕ 稳健持有,,,,
社会服务,,,,-1.6127815269949997,,,,,,,,,,,,,,,,,,,,30.3,,2026-06-05 20:29,,,,,,,,,,,,1.532258064516129,,,,,,,,,,,,,,47.5,,,,,,,,,,,,86.3,🟢 低位共振（可重仓潜伏）,🌱 底仓潜伏,,,,
银行,,,,-1.0964306442987404,,,,,,,,,,,,,,,,,,,,28.3,,2026-06-05 20:29,,,,,,,,,,,,1.035483870967742,,,,,,,,,,,,,,12.5,,,,,,,,,,,,100.0,🟢 低位共振（可重仓潜伏）,🌱 底仓潜伏,,,,
家用电器,,,,-0.3309128502619551,,,,,,,,,,,,,,,,,,,,28.2,,2026-06-05 20:29,,,,,,,,,,,,1.035483870967742,,,,,,,,,,,,,,100.0,,,,,,,,,,,,87.3,🔴 终极逃顶（高风险）,🛑 崩盘前夕,,,,
农林牧渔,,,,-2.3511798848952603,,,,,,,,,,,,,,,,,,,,27.1,,2026-06-05 20:29,,,,,,,,,,,,1.3645161290322585,,,,,,,,,,,,,,39.5,,,,,,,,,,,,75.2,🟢 低位共振（可重仓潜伏）,🌱 底仓潜伏,,,,
钢铁,,,,-1.0078207567110642,,,,,,,,,,,,,,,,,,,,23.6,,2026-06-05 20:29,,,,,,,,,,,,1.261290322580645,,,,,,,,,,,,,,0.0,,,,,,,,,,,,79.8,🟢 低位共振（可重仓潜伏）,🌱 底仓潜伏,,,,
综合,,,,-3.201806770089388,,,,,,,,,,,,,,,,,,,,20.7,,2026-06-05 20:29,,,,,,,,,,,,1.3516129032258064,,,,,,,,,,,,,,73.7,,,,,,,,,,,,0.0,🟠 高位能量耗尽（大幅减仓）,⚠️ 强弩之末,,,,
食品饮料,,,,-1.5880777332905494,,,,,,,,,,,,,,,,,,,,19.2,,2026-06-05 20:29,,,,,,,,,,,,1.0419354838709678,,,,,,,,,,,,,,70.6,,,,,,,,,,,,55.9,🟠 高位能量耗尽（大幅减仓）,⚠️ 强弩之末,,,,
电子,,,,2.26498210788928,,,,,,,,,,,,,,,,,,,,70.5,,2026-06-05 20:30,,,,,,,,,,,,2.2612903225806456,,,,,,,,,,,,,,58.4,,,,,,,,,,,,0.0,🟡 预警（观察减持）,🔥 冲顶阶段,,,,
机械设备,,,,1.0970430322942315,,,,,,,,,,,,,,,,,,,,67.4,,2026-06-05 20:30,,,,,,,,,,,,2.2612903225806456,,,,,,,,,,,,,,44.0,,,,,,,,,,,,0.0,⚪ 安全持仓,📈 顺势加仓,,,,
通信,,,,0.0711626828984401,,,,,,,,,,,,,,,,,,,,63.5,,2026-06-05 20:30,,,,,,,,,,,,2.241935483870968,,,,,,,,,,,,,,54.1,,,,,,,,,,,,0.0,⚪ 安全持仓,🚨 强制清仓,,,,
基础化工,,,,-1.0790453346646856,,,,,,,,,,,,,,,,,,,,57.4,,2026-06-05 20:30,,,,,,,,,,,,1.4806451612903226,,,,,,,,,,,,,,0.0,,,,,,,,,,,,71.4,⚪ 安全持仓,☕ 稳健持有,,,,
建筑材料,,,,-0.4106871075673757,,,,,,,,,,,,,,,,,,,,53.6,,2026-06-05 20:30,,,,,,,,,,,,1.6225806451612903,,,,,,,,,,,,,,56.7,,,,,,,,,,,,0.0,🟡 预警（观察减持）,⚖️ 控仓观望,,,,
煤炭,,,,1.1834403430360574,,,,,,,,,,,,,,,,,,,,51.7,,2026-06-05 20:30,,,,,,,,,,,,2.17741935483871,,,,,,,,,,,,,,100.0,,,,,,,,,,,,33.4,🔴 终极逃顶（高风险）,🚨 强制清仓,,,,
有色金属,,,,-2.838566515033847,,,,,,,,,,,,,,,,,,,,50.8,,2026-06-05 20:30,,,,,,,,,,,,1.596774193548387,,,,,,,,,,,,,,100.0,,,,,,,,,,,,1.1,🔴 终极逃顶（高风险）,🛑 崩盘前夕,,,,
国防军工,,,,0.1301388510754231,,,,,,,,,,,,,,,,,,,,49.2,,2026-06-05 20:30,,,,,,,,,,,,1.6741935483870969,,,,,,,,,,,,,,38.6,,,,,,,,,,,,0.0,⚪ 安全持仓,☕ 稳健持有,,,,
电力设备,,,,-1.9575373276843773,,,,,,,,,,,,,,,,,,,,46.5,,2026-06-05 20:30,,,,,,,,,,,,1.3258064516129031,,,,,,,,,,,,,,0.0,,,,,,,,,,,,36.8,⚪ 安全持仓,☕ 稳健持有,,,,
石油石化,,,,-1.9442668019200136,,,,,,,,,,,,,,,,,,,,44.9,,2026-06-05 20:30,,,,,,,,,,,,1.506451612903226,,,,,,,,,,,,,,42.3,,,,,,,,,,,,62.9,⚪ 安全持仓,☕ 稳健持有,,,,
房地产,,,,-0.92942760079483,,,,,,,,,,,,,,,,,,,,42.2,,2026-06-05 20:30,,,,,,,,,,,,1.570967741935484,,,,,,,,,,,,,,100.0,,,,,,,,,,,,68.7,🔴 终极逃顶（高风险）,🛑 崩盘前夕,,,,
汽车,,,,-0.1562506346835745,,,,,,,,,,,,,,,,,,,,41.5,,2026-06-05 20:30,,,,,,,,,,,,1.4161290322580646,,,,,,,,,,,,,,47.9,,,,,,,,,,,,100.0,🟢 低位共振（可重仓潜伏）,🌱 底仓潜伏,,,,
公用事业,,,,-1.0899655179591128,,,,,,,,,,,,,,,,,,,,41.5,,2026-06-05 20:30,,,,,,,,,,,,1.3,,,,,,,,,,,,,,100.0,,,,,,,,,,,,92.0,🔴 终极逃顶（高风险）,🛑 崩盘前夕,,,,
轻工制造,,,,-1.5117762830633374,,,,,,,,,,,,,,,,,,,,41.1,,2026-06-05 20:30,,,,,,,,,,,,1.532258064516129,,,,,,,,,,,,,,0.0,,,,,,,,,,,,74.3,⚪ 安全持仓,☕ 稳健持有,,,,
医药生物,,,,-1.367327121340467,,,,,,,,,,,,,,,,,,,,40.1,,2026-06-05 20:30,,,,,,,,,,,,1.5580645161290323,,,,,,,,,,,,,,29.9,,,,,,,,,,,,100.0,🟢 低位共振（可重仓潜伏）,🌱 底仓潜伏,,,,
传媒,,,,-1.886378591796456,,,,,,,,,,,,,,,,,,,,39.0,,2026-06-05 20:30,,,,,,,,,,,,1.635483870967742,,,,,,,,,,,,,,32.1,,,,,,,,,,,,14.8,⚪ 安全持仓,☕ 稳健持有,,,,
计算机,,,,-1.788454061646905,,,,,,,,,,,,,,,,,,,,38.5,,2026-06-05 20:30,,,,,,,,,,,,1.6225806451612903,,,,,,,,,,,,,,68.0,,,,,,,,,,,,0.0,🟡 预警（观察减持）,⚖️ 控仓观望,,,,
建筑装饰,,,,-0.8868843449752806,,,,,,,,,,,,,,,,,,,,37.3,,2026-06-05 20:30,,,,,,,,,,,,1.3258064516129031,,,,,,,,,,,,,,19.2,,,,,,,,,,,,100.0,🟢 低位共振（可重仓潜伏）,🌱 底仓潜伏,,,,
商贸零售,,,,-2.411497824096453,,,,,,,,,,,,,,,,,,,,36.4,,2026-06-05 20:30,,,,,,,,,,,,1.5580645161290323,,,,,,,,,,,,,,42.8,,,,,,,,,,,,78.0,🟢 低位共振（可重仓潜伏）,🌱 底仓潜伏,,,,
美容护理,,,,-1.729310040585852,,,,,,,,,,,,,,,,,,,,35.8,,2026-06-05 20:30,,,,,,,,,,,,1.338709677419355,,,,,,,,,,,,,,32.0,,,,,,,,,,,,71.4,⚪ 安全持仓,☕ 稳健持有,,,,
交通运输,,,,-1.2202637741895783,,,,,,,,,,,,,,,,,,,,35.7,,2026-06-05 20:30,,,,,,,,,,,,1.3129032258064517,,,,,,,,,,,,,,0.0,,,,,,,,,,,,100.0,🟢 低位共振（可重仓潜伏）,🌱 底仓潜伏,,,,
环保,,,,-0.9042469608445458,,,,,,,,,,,,,,,,,,,,33.8,,2026-06-05 20:30,,,,,,,,,,,,1.261290322580645,,,,,,,,,,,,,,44.1,,,,,,,,,,,,50.3,⚪ 安全持仓,☕ 稳健持有,,,,
非银金融,,,,-1.1251362469674064,,,,,,,,,,,,,,,,,,,,32.9,,2026-06-05 20:30,,,,,,,,,,,,1.7,,,,,,,,,,,,,,35.3,,,,,,,,,,,,87.7,🟢 低位共振（可重仓潜伏）,🌱 底仓潜伏,,,,
纺织服饰,,,,-1.5837518557124342,,,,,,,,,,,,,,,,,,,,30.6,,2026-06-05 20:30,,,,,,,,,,,,1.3903225806451611,,,,,,,,,,,,,,2.6,,,,,,,,,,,,50.0,⚪ 安全持仓,☕ 稳健持有,,,,
社会服务,,,,-1.6127815269949997,,,,,,,,,,,,,,,,,,,,30.3,,2026-06-05 20:30,,,,,,,,,,,,1.532258064516129,,,,,,,,,,,,,,47.5,,,,,,,,,,,,86.3,🟢 低位共振（可重仓潜伏）,🌱 底仓潜伏,,,,
银行,,,,-1.0964306442987404,,,,,,,,,,,,,,,,,,,,28.3,,2026-06-05 20:30,,,,,,,,,,,,1.035483870967742,,,,,,,,,,,,,,12.5,,,,,,,,,,,,100.0,🟢 低位共振（可重仓潜伏）,🌱 底仓潜伏,,,,
家用电器,,,,-0.3309128502619551,,,,,,,,,,,,,,,,,,,,28.2,,2026-06-05 20:30,,,,,,,,,,,,1.035483870967742,,,,,,,,,,,,,,100.0,,,,,,,,,,,,87.3,🔴 终极逃顶（高风险）,🛑 崩盘前夕,,,,
农林牧渔,,,,-2.3511798848952603,,,,,,,,,,,,,,,,,,,,27.1,,2026-06-05 20:30,,,,,,,,,,,,1.3645161290322585,,,,,,,,,,,,,,39.5,,,,,,,,,,,,75.2,🟢 低位共振（可重仓潜伏）,🌱 底仓潜伏,,,,
钢铁,,,,-1.0078207567110642,,,,,,,,,,,,,,,,,,,,23.6,,2026-06-05 20:30,,,,,,,,,,,,1.261290322580645,,,,,,,,,,,,,,0.0,,,,,,,,,,,,79.8,🟢 低位共振（可重仓潜伏）,🌱 底仓潜伏,,,,
综合,,,,-3.201806770089388,,,,,,,,,,,,,,,,,,,,20.7,,2026-06-05 20:30,,,,,,,,,,,,1.3516129032258064,,,,,,,,,,,,,,73.7,,,,,,,,,,,,0.0,🟠 高位能量耗尽（大幅减仓）,⚠️ 强弩之末,,,,
食品饮料,,,,-1.5880777332905494,,,,,,,,,,,,,,,,,,,,19.2,,2026-06-05 20:30,,,,,,,,,,,,1.0419354838709678,,,,,,,,,,,,,,70.6,,,,,,,,,,,,55.9,🟠 高位能量耗尽（大幅减仓）,⚠️ 强弩之末,,,,
电子,,,,2.26498210788928,,,,,,,,,,,,,,,,,,,,70.5,,2026-06-05 20:32,,,,,,,,,,,,2.2612903225806456,,,,,,,,,,,,,,58.4,,,,,,,,,,,,0.0,🟡 预警（观察减持）,🔥 冲顶阶段,,,,
机械设备,,,,1.0970430322942315,,,,,,,,,,,,,,,,,,,,67.4,,2026-06-05 20:32,,,,,,,,,,,,2.2612903225806456,,,,,,,,,,,,,,44.0,,,,,,,,,,,,0.0,⚪ 安全持仓,📈 顺势加仓,,,,
通信,,,,0.0711626828984401,,,,,,,,,,,,,,,,,,,,63.5,,2026-06-05 20:32,,,,,,,,,,,,2.241935483870968,,,,,,,,,,,,,,54.1,,,,,,,,,,,,0.0,⚪ 安全持仓,🚨 强制清仓,,,,
基础化工,,,,-1.0790453346646856,,,,,,,,,,,,,,,,,,,,57.4,,2026-06-05 20:32,,,,,,,,,,,,1.4806451612903226,,,,,,,,,,,,,,0.0,,,,,,,,,,,,71.4,⚪ 安全持仓,☕ 稳健持有,,,,
建筑材料,,,,-0.4106871075673757,,,,,,,,,,,,,,,,,,,,53.6,,2026-06-05 20:32,,,,,,,,,,,,1.6225806451612903,,,,,,,,,,,,,,56.7,,,,,,,,,,,,0.0,🟡 预警（观察减持）,⚖️ 控仓观望,,,,
煤炭,,,,1.1834403430360574,,,,,,,,,,,,,,,,,,,,51.7,,2026-06-05 20:32,,,,,,,,,,,,2.17741935483871,,,,,,,,,,,,,,100.0,,,,,,,,,,,,33.4,🔴 终极逃顶（高风险）,🚨 强制清仓,,,,
有色金属,,,,-2.838566515033847,,,,,,,,,,,,,,,,,,,,50.8,,2026-06-05 20:32,,,,,,,,,,,,1.596774193548387,,,,,,,,,,,,,,100.0,,,,,,,,,,,,1.1,🔴 终极逃顶（高风险）,🛑 崩盘前夕,,,,
国防军工,,,,0.1301388510754231,,,,,,,,,,,,,,,,,,,,49.2,,2026-06-05 20:32,,,,,,,,,,,,1.6741935483870969,,,,,,,,,,,,,,38.6,,,,,,,,,,,,0.0,⚪ 安全持仓,☕ 稳健持有,,,,
电力设备,,,,-1.9575373276843773,,,,,,,,,,,,,,,,,,,,46.5,,2026-06-05 20:32,,,,,,,,,,,,1.3258064516129031,,,,,,,,,,,,,,0.0,,,,,,,,,,,,36.8,⚪ 安全持仓,☕ 稳健持有,,,,
石油石化,,,,-1.9442668019200136,,,,,,,,,,,,,,,,,,,,44.9,,2026-06-05 20:32,,,,,,,,,,,,1.506451612903226,,,,,,,,,,,,,,42.3,,,,,,,,,,,,62.9,⚪ 安全持仓,☕ 稳健持有,,,,
房地产,,,,-0.92942760079483,,,,,,,,,,,,,,,,,,,,42.2,,2026-06-05 20:32,,,,,,,,,,,,1.570967741935484,,,,,,,,,,,,,,100.0,,,,,,,,,,,,68.7,🔴 终极逃顶（高风险）,🛑 崩盘前夕,,,,
汽车,,,,-0.1562506346835745,,,,,,,,,,,,,,,,,,,,41.5,,2026-06-05 20:32,,,,,,,,,,,,1.4161290322580646,,,,,,,,,,,,,,47.9,,,,,,,,,,,,100.0,🟢 低位共振（可重仓潜伏）,🌱 底仓潜伏,,,,
公用事业,,,,-1.0899655179591128,,,,,,,,,,,,,,,,,,,,41.5,,2026-06-05 20:32,,,,,,,,,,,,1.3,,,,,,,,,,,,,,100.0,,,,,,,,,,,,92.0,🔴 终极逃顶（高风险）,🛑 崩盘前夕,,,,
轻工制造,,,,-1.5117762830633374,,,,,,,,,,,,,,,,,,,,41.1,,2026-06-05 20:32,,,,,,,,,,,,1.532258064516129,,,,,,,,,,,,,,0.0,,,,,,,,,,,,74.3,⚪ 安全持仓,☕ 稳健持有,,,,
医药生物,,,,-1.367327121340467,,,,,,,,,,,,,,,,,,,,40.1,,2026-06-05 20:32,,,,,,,,,,,,1.5580645161290323,,,,,,,,,,,,,,29.9,,,,,,,,,,,,100.0,🟢 低位共振（可重仓潜伏）,🌱 底仓潜伏,,,,
传媒,,,,-1.886378591796456,,,,,,,,,,,,,,,,,,,,39.0,,2026-06-05 20:32,,,,,,,,,,,,1.635483870967742,,,,,,,,,,,,,,32.1,,,,,,,,,,,,14.8,⚪ 安全持仓,☕ 稳健持有,,,,
计算机,,,,-1.788454061646905,,,,,,,,,,,,,,,,,,,,38.5,,2026-06-05 20:32,,,,,,,,,,,,1.6225806451612903,,,,,,,,,,,,,,68.0,,,,,,,,,,,,0.0,🟡 预警（观察减持）,⚖️ 控仓观望,,,,
建筑装饰,,,,-0.8868843449752806,,,,,,,,,,,,,,,,,,,,37.3,,2026-06-05 20:32,,,,,,,,,,,,1.3258064516129031,,,,,,,,,,,,,,19.2,,,,,,,,,,,,100.0,🟢 低位共振（可重仓潜伏）,🌱 底仓潜伏,,,,
商贸零售,,,,-2.411497824096453,,,,,,,,,,,,,,,,,,,,36.4,,2026-06-05 20:32,,,,,,,,,,,,1.5580645161290323,,,,,,,,,,,,,,42.8,,,,,,,,,,,,78.0,🟢 低位共振（可重仓潜伏）,🌱 底仓潜伏,,,,
美容护理,,,,-1.729310040585852,,,,,,,,,,,,,,,,,,,,35.8,,2026-06-05 20:32,,,,,,,,,,,,1.338709677419355,,,,,,,,,,,,,,32.0,,,,,,,,,,,,71.4,⚪ 安全持仓,☕ 稳健持有,,,,
交通运输,,,,-1.2202637741895783,,,,,,,,,,,,,,,,,,,,35.7,,2026-06-05 20:32,,,,,,,,,,,,1.3129032258064517,,,,,,,,,,,,,,0.0,,,,,,,,,,,,100.0,🟢 低位共振（可重仓潜伏）,🌱 底仓潜伏,,,,
环保,,,,-0.9042469608445458,,,,,,,,,,,,,,,,,,,,33.8,,2026-06-05 20:32,,,,,,,,,,,,1.261290322580645,,,,,,,,,,,,,,44.1,,,,,,,,,,,,50.3,⚪ 安全持仓,☕ 稳健持有,,,,
非银金融,,,,-1.1251362469674064,,,,,,,,,,,,,,,,,,,,32.9,,2026-06-05 20:32,,,,,,,,,,,,1.7,,,,,,,,,,,,,,35.3,,,,,,,,,,,,87.7,🟢 低位共振（可重仓潜伏）,🌱 底仓潜伏,,,,
纺织服饰,,,,-1.5837518557124342,,,,,,,,,,,,,,,,,,,,30.6,,2026-06-05 20:32,,,,,,,,,,,,1.3903225806451611,,,,,,,,,,,,,,2.6,,,,,,,,,,,,50.0,⚪ 安全持仓,☕ 稳健持有,,,,
社会服务,,,,-1.6127815269949997,,,,,,,,,,,,,,,,,,,,30.3,,2026-06-05 20:32,,,,,,,,,,,,1.532258064516129,,,,,,,,,,,,,,47.5,,,,,,,,,,,,86.3,🟢 低位共振（可重仓潜伏）,🌱 底仓潜伏,,,,
银行,,,,-1.0964306442987404,,,,,,,,,,,,,,,,,,,,28.3,,2026-06-05 20:32,,,,,,,,,,,,1.035483870967742,,,,,,,,,,,,,,12.5,,,,,,,,,,,,100.0,🟢 低位共振（可重仓潜伏）,🌱 底仓潜伏,,,,
家用电器,,,,-0.3309128502619551,,,,,,,,,,,,,,,,,,,,28.2,,2026-06-05 20:32,,,,,,,,,,,,1.035483870967742,,,,,,,,,,,,,,100.0,,,,,,,,,,,,87.3,🔴 终极逃顶（高风险）,🛑 崩盘前夕,,,,
农林牧渔,,,,-2.3511798848952603,,,,,,,,,,,,,,,,,,,,27.1,,2026-06-05 20:32,,,,,,,,,,,,1.3645161290322585,,,,,,,,,,,,,,39.5,,,,,,,,,,,,75.2,🟢 低位共振（可重仓潜伏）,🌱 底仓潜伏,,,,
钢铁,,,,-1.0078207567110642,,,,,,,,,,,,,,,,,,,,23.6,,2026-06-05 20:32,,,,,,,,,,,,1.261290322580645,,,,,,,,,,,,,,0.0,,,,,,,,,,,,79.8,🟢 低位共振（可重仓潜伏）,🌱 底仓潜伏,,,,
综合,,,,-3.201806770089388,,,,,,,,,,,,,,,,,,,,20.7,,2026-06-05 20:32,,,,,,,,,,,,1.3516129032258064,,,,,,,,,,,,,,73.7,,,,,,,,,,,,0.0,🟠 高位能量耗尽（大幅减仓）,⚠️ 强弩之末,,,,
食品饮料,,,,-1.5880777332905494,,,,,,,,,,,,,,,,,,,,19.2,,2026-06-05 20:32,,,,,,,,,,,,1.0419354838709678,,,,,,,,,,,,,,70.6,,,,,,,,,,,,55.9,🟠 高位能量耗尽（大幅减仓）,⚠️ 强弩之末,,,,
电子,,,,2.26498210788928,,,,,,,,,,,,,,,,,,,,70.5,,2026-06-05 20:44,,,,,,,,,,,,2.2612903225806456,,,,,,,,,,,,,,58.4,,,,,,,,,,,,0.0,🟡 预警（观察减持）,🔥 冲顶阶段,,,,
机械设备,,,,1.0970430322942315,,,,,,,,,,,,,,,,,,,,67.4,,2026-06-05 20:44,,,,,,,,,,,,2.2612903225806456,,,,,,,,,,,,,,44.0,,,,,,,,,,,,0.0,⚪ 安全持仓,📈 顺势加仓,,,,
通信,,,,0.0711626828984401,,,,,,,,,,,,,,,,,,,,63.5,,2026-06-05 20:44,,,,,,,,,,,,2.241935483870968,,,,,,,,,,,,,,54.1,,,,,,,,,,,,0.0,⚪ 安全持仓,🚨 强制清仓,,,,
基础化工,,,,-1.0790453346646856,,,,,,,,,,,,,,,,,,,,57.4,,2026-06-05 20:44,,,,,,,,,,,,1.4806451612903226,,,,,,,,,,,,,,0.0,,,,,,,,,,,,71.4,⚪ 安全持仓,☕ 稳健持有,,,,
建筑材料,,,,-0.4106871075673757,,,,,,,,,,,,,,,,,,,,53.6,,2026-06-05 20:44,,,,,,,,,,,,1.6225806451612903,,,,,,,,,,,,,,56.7,,,,,,,,,,,,0.0,🟡 预警（观察减持）,⚖️ 控仓观望,,,,
煤炭,,,,1.1834403430360574,,,,,,,,,,,,,,,,,,,,51.7,,2026-06-05 20:44,,,,,,,,,,,,2.17741935483871,,,,,,,,,,,,,,100.0,,,,,,,,,,,,33.4,🔴 终极逃顶（高风险）,🚨 强制清仓,,,,
有色金属,,,,-2.838566515033847,,,,,,,,,,,,,,,,,,,,50.8,,2026-06-05 20:44,,,,,,,,,,,,1.596774193548387,,,,,,,,,,,,,,100.0,,,,,,,,,,,,1.1,🔴 终极逃顶（高风险）,🛑 崩盘前夕,,,,
国防军工,,,,0.1301388510754231,,,,,,,,,,,,,,,,,,,,49.2,,2026-06-05 20:44,,,,,,,,,,,,1.6741935483870969,,,,,,,,,,,,,,38.6,,,,,,,,,,,,0.0,⚪ 安全持仓,☕ 稳健持有,,,,
电力设备,,,,-1.9575373276843773,,,,,,,,,,,,,,,,,,,,46.5,,2026-06-05 20:44,,,,,,,,,,,,1.3258064516129031,,,,,,,,,,,,,,0.0,,,,,,,,,,,,36.8,⚪ 安全持仓,☕ 稳健持有,,,,
石油石化,,,,-1.9442668019200136,,,,,,,,,,,,,,,,,,,,44.9,,2026-06-05 20:44,,,,,,,,,,,,1.506451612903226,,,,,,,,,,,,,,42.3,,,,,,,,,,,,62.9,⚪ 安全持仓,☕ 稳健持有,,,,
房地产,,,,-0.92942760079483,,,,,,,,,,,,,,,,,,,,42.2,,2026-06-05 20:44,,,,,,,,,,,,1.570967741935484,,,,,,,,,,,,,,100.0,,,,,,,,,,,,68.7,🔴 终极逃顶（高风险）,🛑 崩盘前夕,,,,
汽车,,,,-0.1562506346835745,,,,,,,,,,,,,,,,,,,,41.5,,2026-06-05 20:44,,,,,,,,,,,,1.4161290322580646,,,,,,,,,,,,,,47.9,,,,,,,,,,,,100.0,🟢 低位共振（可重仓潜伏）,🌱 底仓潜伏,,,,
公用事业,,,,-1.0899655179591128,,,,,,,,,,,,,,,,,,,,41.5,,2026-06-05 20:44,,,,,,,,,,,,1.3,,,,,,,,,,,,,,100.0,,,,,,,,,,,,92.0,🔴 终极逃顶（高风险）,🛑 崩盘前夕,,,,
轻工制造,,,,-1.5117762830633374,,,,,,,,,,,,,,,,,,,,41.1,,2026-06-05 20:44,,,,,,,,,,,,1.532258064516129,,,,,,,,,,,,,,0.0,,,,,,,,,,,,74.3,⚪ 安全持仓,☕ 稳健持有,,,,
医药生物,,,,-1.367327121340467,,,,,,,,,,,,,,,,,,,,40.1,,2026-06-05 20:44,,,,,,,,,,,,1.5580645161290323,,,,,,,,,,,,,,29.9,,,,,,,,,,,,100.0,🟢 低位共振（可重仓潜伏）,🌱 底仓潜伏,,,,
传媒,,,,-1.886378591796456,,,,,,,,,,,,,,,,,,,,39.0,,2026-06-05 20:44,,,,,,,,,,,,1.635483870967742,,,,,,,,,,,,,,32.1,,,,,,,,,,,,14.8,⚪ 安全持仓,☕ 稳健持有,,,,
计算机,,,,-1.788454061646905,,,,,,,,,,,,,,,,,,,,38.5,,2026-06-05 20:44,,,,,,,,,,,,1.6225806451612903,,,,,,,,,,,,,,68.0,,,,,,,,,,,,0.0,🟡 预警（观察减持）,⚖️ 控仓观望,,,,
建筑装饰,,,,-0.8868843449752806,,,,,,,,,,,,,,,,,,,,37.3,,2026-06-05 20:44,,,,,,,,,,,,1.3258064516129031,,,,,,,,,,,,,,19.2,,,,,,,,,,,,100.0,🟢 低位共振（可重仓潜伏）,🌱 底仓潜伏,,,,
商贸零售,,,,-2.411497824096453,,,,,,,,,,,,,,,,,,,,36.4,,2026-06-05 20:44,,,,,,,,,,,,1.5580645161290323,,,,,,,,,,,,,,42.8,,,,,,,,,,,,78.0,🟢 低位共振（可重仓潜伏）,🌱 底仓潜伏,,,,
美容护理,,,,-1.729310040585852,,,,,,,,,,,,,,,,,,,,35.8,,2026-06-05 20:44,,,,,,,,,,,,1.338709677419355,,,,,,,,,,,,,,32.0,,,,,,,,,,,,71.4,⚪ 安全持仓,☕ 稳健持有,,,,
交通运输,,,,-1.2202637741895783,,,,,,,,,,,,,,,,,,,,35.7,,2026-06-05 20:44,,,,,,,,,,,,1.3129032258064517,,,,,,,,,,,,,,0.0,,,,,,,,,,,,100.0,🟢 低位共振（可重仓潜伏）,🌱 底仓潜伏,,,,
环保,,,,-0.9042469608445458,,,,,,,,,,,,,,,,,,,,33.8,,2026-06-05 20:44,,,,,,,,,,,,1.261290322580645,,,,,,,,,,,,,,44.1,,,,,,,,,,,,50.3,⚪ 安全持仓,☕ 稳健持有,,,,
非银金融,,,,-1.1251362469674064,,,,,,,,,,,,,,,,,,,,32.9,,2026-06-05 20:44,,,,,,,,,,,,1.7,,,,,,,,,,,,,,35.3,,,,,,,,,,,,87.7,🟢 低位共振（可重仓潜伏）,🌱 底仓潜伏,,,,
纺织服饰,,,,-1.5837518557124342,,,,,,,,,,,,,,,,,,,,30.6,,2026-06-05 20:44,,,,,,,,,,,,1.3903225806451611,,,,,,,,,,,,,,2.6,,,,,,,,,,,,50.0,⚪ 安全持仓,☕ 稳健持有,,,,
社会服务,,,,-1.6127815269949997,,,,,,,,,,,,,,,,,,,,30.3,,2026-06-05 20:44,,,,,,,,,,,,1.532258064516129,,,,,,,,,,,,,,47.5,,,,,,,,,,,,86.3,🟢 低位共振（可重仓潜伏）,🌱 底仓潜伏,,,,
银行,,,,-1.0964306442987404,,,,,,,,,,,,,,,,,,,,28.3,,2026-06-05 20:44,,,,,,,,,,,,1.035483870967742,,,,,,,,,,,,,,12.5,,,,,,,,,,,,100.0,🟢 低位共振（可重仓潜伏）,🌱 底仓潜伏,,,,
家用电器,,,,-0.3309128502619551,,,,,,,,,,,,,,,,,,,,28.2,,2026-06-05 20:44,,,,,,,,,,,,1.035483870967742,,,,,,,,,,,,,,100.0,,,,,,,,,,,,87.3,🔴 终极逃顶（高风险）,🛑 崩盘前夕,,,,
农林牧渔,,,,-2.3511798848952603,,,,,,,,,,,,,,,,,,,,27.1,,2026-06-05 20:44,,,,,,,,,,,,1.3645161290322585,,,,,,,,,,,,,,39.5,,,,,,,,,,,,75.2,🟢 低位共振（可重仓潜伏）,🌱 底仓潜伏,,,,
钢铁,,,,-1.0078207567110642,,,,,,,,,,,,,,,,,,,,23.6,,2026-06-05 20:44,,,,,,,,,,,,1.261290322580645,,,,,,,,,,,,,,0.0,,,,,,,,,,,,79.8,🟢 低位共振（可重仓潜伏）,🌱 底仓潜伏,,,,
综合,,,,-3.201806770089388,,,,,,,,,,,,,,,,,,,,20.7,,2026-06-05 20:44,,,,,,,,,,,,1.3516129032258064,,,,,,,,,,,,,,73.7,,,,,,,,,,,,0.0,🟠 高位能量耗尽（大幅减仓）,⚠️ 强弩之末,,,,
食品饮料,,,,-1.5880777332905494,,,,,,,,,,,,,,,,,,,,19.2,,2026-06-05 20:44,,,,,,,,,,,,1.0419354838709678,,,,,,,,,,,,,,70.6,,,,,,,,,,,,55.9,🟠 高位能量耗尽（大幅减仓）,⚠️ 强弩之末,,,,
机械设备,,,,1.0970430322942315,,,,,,,,,,,,,,,,,,,,67.4,,2026-06-05 22:17,,,,,,,,,,,,2.2612903225806456,,,,,,,,,,,,,,90.7,,,,,,,,,,,,1.2,🔴 终极逃顶（高风险）,💣 鱼尾诱多,,,,
通信,,,,0.0711626828984401,,,,,,,,,,,,,,,,,,,,63.5,,2026-06-05 22:17,,,,,,,,,,,,2.241935483870968,,,,,,,,,,,,,,95.5,,,,,,,,,,,,0.0,🔴 终极逃顶（高风险）,🚨 强制清仓,,,,
基础化工,,,,-1.0790453346646856,,,,,,,,,,,,,,,,,,,,57.4,,2026-06-05 22:17,,,,,,,,,,,,1.4806451612903226,,,,,,,,,,,,,,15.0,,,,,,,,,,,,75.9,🟢 低位共振（可重仓潜伏）,🌱 底仓潜伏,,,,
建筑材料,,,,-0.4106871075673757,,,,,,,,,,,,,,,,,,,,53.6,,2026-06-05 22:17,,,,,,,,,,,,1.6225806451612903,,,,,,,,,,,,,,100.0,,,,,,,,,,,,0.0,🔴 终极逃顶（高风险）,🛑 崩盘前夕,,,,
有色金属,,,,-2.838566515033847,,,,,,,,,,,,,,,,,,,,50.8,,2026-06-05 22:17,,,,,,,,,,,,1.596774193548387,,,,,,,,,,,,,,100.0,,,,,,,,,,,,0.0,🔴 终极逃顶（高风险）,🛑 崩盘前夕,,,,
国防军工,,,,0.1301388510754231,,,,,,,,,,,,,,,,,,,,49.2,,2026-06-05 22:17,,,,,,,,,,,,1.6741935483870969,,,,,,,,,,,,,,61.3,,,,,,,,,,,,33.8,🟡 预警（观察减持）,⚖️ 控仓观望,,,,
电力设备,,,,-1.9575373276843773,,,,,,,,,,,,,,,,,,,,46.5,,2026-06-05 22:17,,,,,,,,,,,,1.3258064516129031,,,,,,,,,,,,,,5.4,,,,,,,,,,,,37.8,⚪ 安全持仓,☕ 稳健持有,,,,
石油石化,,,,-1.9442668019200136,,,,,,,,,,,,,,,,,,,,44.9,,2026-06-05 22:17,,,,,,,,,,,,1.506451612903226,,,,,,,,,,,,,,74.7,,,,,,,,,,,,79.1,🟠 高位能量耗尽（大幅减仓）,⚠️ 强弩之末,,,,
电子,,,,2.26498210788928,,,,,,,,,,,,,,,,,,,,42.3,,2026-06-05 22:17,,,,,,,,,,,,2.2612903225806456,,,,,,,,,,,,,,100.0,,,,,,,,,,,,0.0,🔴 终极逃顶（高风险）,🦊 诱多陷阱,,,,
房地产,,,,-0.92942760079483,,,,,,,,,,,,,,,,,,,,42.2,,2026-06-05 22:17,,,,,,,,,,,,1.570967741935484,,,,,,,,,,,,,,52.1,,,,,,,,,,,,79.5,🟢 低位共振（可重仓潜伏）,🌱 底仓潜伏,,,,
汽车,,,,-0.1562506346835745,,,,,,,,,,,,,,,,,,,,41.5,,2026-06-05 22:17,,,,,,,,,,,,1.4161290322580646,,,,,,,,,,,,,,0.0,,,,,,,,,,,,100.0,🟢 低位共振（可重仓潜伏）,🌱 底仓潜伏,,,,
公用事业,,,,-1.0899655179591128,,,,,,,,,,,,,,,,,,,,41.5,,2026-06-05 22:17,,,,,,,,,,,,1.3,,,,,,,,,,,,,,87.7,,,,,,,,,,,,34.6,🔴 终极逃顶（高风险）,🛑 崩盘前夕,,,,
轻工制造,,,,-1.5117762830633374,,,,,,,,,,,,,,,,,,,,41.1,,2026-06-05 22:17,,,,,,,,,,,,1.532258064516129,,,,,,,,,,,,,,0.0,,,,,,,,,,,,100.0,🟢 低位共振（可重仓潜伏）,🌱 底仓潜伏,,,,
医药生物,,,,-1.367327121340467,,,,,,,,,,,,,,,,,,,,40.1,,2026-06-05 22:17,,,,,,,,,,,,1.5580645161290323,,,,,,,,,,,,,,0.3,,,,,,,,,,,,100.0,🟢 低位共振（可重仓潜伏）,🌱 底仓潜伏,,,,
传媒,,,,-1.886378591796456,,,,,,,,,,,,,,,,,,,,39.0,,2026-06-05 22:17,,,,,,,,,,,,1.635483870967742,,,,,,,,,,,,,,46.5,,,,,,,,,,,,20.1,⚪ 安全持仓,☕ 稳健持有,,,,
计算机,,,,-1.788454061646905,,,,,,,,,,,,,,,,,,,,38.5,,2026-06-05 22:17,,,,,,,,,,,,1.6225806451612903,,,,,,,,,,,,,,54.6,,,,,,,,,,,,0.4,⚪ 安全持仓,☕ 稳健持有,,,,
建筑装饰,,,,-0.8868843449752806,,,,,,,,,,,,,,,,,,,,37.3,,2026-06-05 22:17,,,,,,,,,,,,1.3258064516129031,,,,,,,,,,,,,,16.7,,,,,,,,,,,,100.0,🟢 低位共振（可重仓潜伏）,🌱 底仓潜伏,,,,
商贸零售,,,,-2.411497824096453,,,,,,,,,,,,,,,,,,,,36.4,,2026-06-05 22:17,,,,,,,,,,,,1.5580645161290323,,,,,,,,,,,,,,32.8,,,,,,,,,,,,84.6,🟢 低位共振（可重仓潜伏）,🌱 底仓潜伏,,,,
美容护理,,,,-1.729310040585852,,,,,,,,,,,,,,,,,,,,35.8,,2026-06-05 22:17,,,,,,,,,,,,1.338709677419355,,,,,,,,,,,,,,27.8,,,,,,,,,,,,41.5,⚪ 安全持仓,☕ 稳健持有,,,,
交通运输,,,,-1.2202637741895783,,,,,,,,,,,,,,,,,,,,35.7,,2026-06-05 22:17,,,,,,,,,,,,1.3129032258064517,,,,,,,,,,,,,,7.2,,,,,,,,,,,,100.0,🟢 低位共振（可重仓潜伏）,🌱 底仓潜伏,,,,
环保,,,,-0.9042469608445458,,,,,,,,,,,,,,,,,,,,33.8,,2026-06-05 22:17,,,,,,,,,,,,1.261290322580645,,,,,,,,,,,,,,31.9,,,,,,,,,,,,75.8,🟢 低位共振（可重仓潜伏）,🌱 底仓潜伏,,,,
非银金融,,,,-1.1251362469674064,,,,,,,,,,,,,,,,,,,,32.9,,2026-06-05 22:17,,,,,,,,,,,,1.7,,,,,,,,,,,,,,27.2,,,,,,,,,,,,91.7,🟢 低位共振（可重仓潜伏）,🌱 底仓潜伏,,,,
煤炭,,,,1.1834403430360574,,,,,,,,,,,,,,,,,,,,31.0,,2026-06-05 22:17,,,,,,,,,,,,2.17741935483871,,,,,,,,,,,,,,100.0,,,,,,,,,,,,13.3,🔴 终极逃顶（高风险）,🦊 诱多陷阱,,,,
纺织服饰,,,,-1.5837518557124342,,,,,,,,,,,,,,,,,,,,30.6,,2026-06-05 22:17,,,,,,,,,,,,1.3903225806451611,,,,,,,,,,,,,,2.8,,,,,,,,,,,,33.0,⚪ 安全持仓,☕ 稳健持有,,,,
社会服务,,,,-1.6127815269949997,,,,,,,,,,,,,,,,,,,,30.3,,2026-06-05 22:17,,,,,,,,,,,,1.532258064516129,,,,,,,,,,,,,,4.2,,,,,,,,,,,,95.8,🟢 低位共振（可重仓潜伏）,🌱 底仓潜伏,,,,
银行,,,,-1.0964306442987404,,,,,,,,,,,,,,,,,,,,28.3,,2026-06-05 22:17,,,,,,,,,,,,1.035483870967742,,,,,,,,,,,,,,0.0,,,,,,,,,,,,100.0,🟢 低位共振（可重仓潜伏）,🌱 底仓潜伏,,,,
家用电器,,,,-0.3309128502619551,,,,,,,,,,,,,,,,,,,,28.2,,2026-06-05 22:17,,,,,,,,,,,,1.035483870967742,,,,,,,,,,,,,,77.8,,,,,,,,,,,,95.1,🟠 高位能量耗尽（大幅减仓）,⚠️ 强弩之末,,,,
农林牧渔,,,,-2.3511798848952603,,,,,,,,,,,,,,,,,,,,27.1,,2026-06-05 22:17,,,,,,,,,,,,1.3645161290322585,,,,,,,,,,,,,,22.3,,,,,,,,,,,,26.2,⚪ 安全持仓,☕ 稳健持有,,,,
钢铁,,,,-1.0078207567110642,,,,,,,,,,,,,,,,,,,,23.6,,2026-06-05 22:17,,,,,,,,,,,,1.261290322580645,,,,,,,,,,,,,,30.9,,,,,,,,,,,,81.3,🟢 低位共振（可重仓潜伏）,🌱 底仓潜伏,,,,
综合,,,,-3.201806770089388,,,,,,,,,,,,,,,,,,,,20.7,,2026-06-05 22:17,,,,,,,,,,,,1.3516129032258064,,,,,,,,,,,,,,92.7,,,,,,,,,,,,0.0,🔴 终极逃顶（高风险）,🛑 崩盘前夕,,,,
食品饮料,,,,-1.5880777332905494,,,,,,,,,,,,,,,,,,,,19.2,,2026-06-05 22:17,,,,,,,,,,,,1.0419354838709678,,,,,,,,,,,,,,74.7,,,,,,,,,,,,52.8,🟠 高位能量耗尽（大幅减仓）,⚠️ 强弩之末,,,,
机械设备,,,,1.0970430322942315,,,,,,,,,,,,,,,,,,,,67.4,,2026-06-05 22:18,,,,,,,,,,,,2.2612903225806456,,,,,,,,,,,,,,90.7,,,,,,,,,,,,1.2,🔴 终极逃顶（高风险）,💣 鱼尾诱多,,,,
通信,,,,0.0711626828984401,,,,,,,,,,,,,,,,,,,,63.5,,2026-06-05 22:18,,,,,,,,,,,,2.241935483870968,,,,,,,,,,,,,,95.5,,,,,,,,,,,,0.0,🔴 终极逃顶（高风险）,🚨 强制清仓,,,,
基础化工,,,,-1.0790453346646856,,,,,,,,,,,,,,,,,,,,57.4,,2026-06-05 22:18,,,,,,,,,,,,1.4806451612903226,,,,,,,,,,,,,,15.0,,,,,,,,,,,,75.9,🟢 低位共振（可重仓潜伏）,🌱 底仓潜伏,,,,
建筑材料,,,,-0.4106871075673757,,,,,,,,,,,,,,,,,,,,53.6,,2026-06-05 22:18,,,,,,,,,,,,1.6225806451612903,,,,,,,,,,,,,,100.0,,,,,,,,,,,,0.0,🔴 终极逃顶（高风险）,🛑 崩盘前夕,,,,
有色金属,,,,-2.838566515033847,,,,,,,,,,,,,,,,,,,,50.8,,2026-06-05 22:18,,,,,,,,,,,,1.596774193548387,,,,,,,,,,,,,,100.0,,,,,,,,,,,,0.0,🔴 终极逃顶（高风险）,🛑 崩盘前夕,,,,
国防军工,,,,0.1301388510754231,,,,,,,,,,,,,,,,,,,,49.2,,2026-06-05 22:18,,,,,,,,,,,,1.6741935483870969,,,,,,,,,,,,,,61.3,,,,,,,,,,,,33.8,🟡 预警（观察减持）,⚖️ 控仓观望,,,,
电力设备,,,,-1.9575373276843773,,,,,,,,,,,,,,,,,,,,46.5,,2026-06-05 22:18,,,,,,,,,,,,1.3258064516129031,,,,,,,,,,,,,,5.4,,,,,,,,,,,,37.8,⚪ 安全持仓,☕ 稳健持有,,,,
石油石化,,,,-1.9442668019200136,,,,,,,,,,,,,,,,,,,,44.9,,2026-06-05 22:18,,,,,,,,,,,,1.506451612903226,,,,,,,,,,,,,,74.7,,,,,,,,,,,,79.1,🟠 高位能量耗尽（大幅减仓）,⚠️ 强弩之末,,,,
电子,,,,2.26498210788928,,,,,,,,,,,,,,,,,,,,42.3,,2026-06-05 22:18,,,,,,,,,,,,2.2612903225806456,,,,,,,,,,,,,,100.0,,,,,,,,,,,,0.0,🔴 终极逃顶（高风险）,🦊 诱多陷阱,,,,
房地产,,,,-0.92942760079483,,,,,,,,,,,,,,,,,,,,42.2,,2026-06-05 22:18,,,,,,,,,,,,1.570967741935484,,,,,,,,,,,,,,52.1,,,,,,,,,,,,79.5,🟢 低位共振（可重仓潜伏）,🌱 底仓潜伏,,,,
汽车,,,,-0.1562506346835745,,,,,,,,,,,,,,,,,,,,41.5,,2026-06-05 22:18,,,,,,,,,,,,1.4161290322580646,,,,,,,,,,,,,,0.0,,,,,,,,,,,,100.0,🟢 低位共振（可重仓潜伏）,🌱 底仓潜伏,,,,
公用事业,,,,-1.0899655179591128,,,,,,,,,,,,,,,,,,,,41.5,,2026-06-05 22:18,,,,,,,,,,,,1.3,,,,,,,,,,,,,,87.7,,,,,,,,,,,,34.6,🔴 终极逃顶（高风险）,🛑 崩盘前夕,,,,
轻工制造,,,,-1.5117762830633374,,,,,,,,,,,,,,,,,,,,41.1,,2026-06-05 22:18,,,,,,,,,,,,1.532258064516129,,,,,,,,,,,,,,0.0,,,,,,,,,,,,100.0,🟢 低位共振（可重仓潜伏）,🌱 底仓潜伏,,,,
医药生物,,,,-1.367327121340467,,,,,,,,,,,,,,,,,,,,40.1,,2026-06-05 22:18,,,,,,,,,,,,1.5580645161290323,,,,,,,,,,,,,,0.3,,,,,,,,,,,,100.0,🟢 低位共振（可重仓潜伏）,🌱 底仓潜伏,,,,
传媒,,,,-1.886378591796456,,,,,,,,,,,,,,,,,,,,39.0,,2026-06-05 22:18,,,,,,,,,,,,1.635483870967742,,,,,,,,,,,,,,46.5,,,,,,,,,,,,20.1,⚪ 安全持仓,☕ 稳健持有,,,,
计算机,,,,-1.788454061646905,,,,,,,,,,,,,,,,,,,,38.5,,2026-06-05 22:18,,,,,,,,,,,,1.6225806451612903,,,,,,,,,,,,,,54.6,,,,,,,,,,,,0.4,⚪ 安全持仓,☕ 稳健持有,,,,
建筑装饰,,,,-0.8868843449752806,,,,,,,,,,,,,,,,,,,,37.3,,2026-06-05 22:18,,,,,,,,,,,,1.3258064516129031,,,,,,,,,,,,,,16.7,,,,,,,,,,,,100.0,🟢 低位共振（可重仓潜伏）,🌱 底仓潜伏,,,,
商贸零售,,,,-2.411497824096453,,,,,,,,,,,,,,,,,,,,36.4,,2026-06-05 22:18,,,,,,,,,,,,1.5580645161290323,,,,,,,,,,,,,,32.8,,,,,,,,,,,,84.6,🟢 低位共振（可重仓潜伏）,🌱 底仓潜伏,,,,
美容护理,,,,-1.729310040585852,,,,,,,,,,,,,,,,,,,,35.8,,2026-06-05 22:18,,,,,,,,,,,,1.338709677419355,,,,,,,,,,,,,,27.8,,,,,,,,,,,,41.5,⚪ 安全持仓,☕ 稳健持有,,,,
交通运输,,,,-1.2202637741895783,,,,,,,,,,,,,,,,,,,,35.7,,2026-06-05 22:18,,,,,,,,,,,,1.3129032258064517,,,,,,,,,,,,,,7.2,,,,,,,,,,,,100.0,🟢 低位共振（可重仓潜伏）,🌱 底仓潜伏,,,,
环保,,,,-0.9042469608445458,,,,,,,,,,,,,,,,,,,,33.8,,2026-06-05 22:18,,,,,,,,,,,,1.261290322580645,,,,,,,,,,,,,,31.9,,,,,,,,,,,,75.8,🟢 低位共振（可重仓潜伏）,🌱 底仓潜伏,,,,
非银金融,,,,-1.1251362469674064,,,,,,,,,,,,,,,,,,,,32.9,,2026-06-05 22:18,,,,,,,,,,,,1.7,,,,,,,,,,,,,,27.2,,,,,,,,,,,,91.7,🟢 低位共振（可重仓潜伏）,🌱 底仓潜伏,,,,
煤炭,,,,1.1834403430360574,,,,,,,,,,,,,,,,,,,,31.0,,2026-06-05 22:18,,,,,,,,,,,,2.17741935483871,,,,,,,,,,,,,,100.0,,,,,,,,,,,,13.3,🔴 终极逃顶（高风险）,🦊 诱多陷阱,,,,
纺织服饰,,,,-1.5837518557124342,,,,,,,,,,,,,,,,,,,,30.6,,2026-06-05 22:18,,,,,,,,,,,,1.3903225806451611,,,,,,,,,,,,,,2.8,,,,,,,,,,,,33.0,⚪ 安全持仓,☕ 稳健持有,,,,
社会服务,,,,-1.6127815269949997,,,,,,,,,,,,,,,,,,,,30.3,,2026-06-05 22:18,,,,,,,,,,,,1.532258064516129,,,,,,,,,,,,,,4.2,,,,,,,,,,,,95.8,🟢 低位共振（可重仓潜伏）,🌱 底仓潜伏,,,,
银行,,,,-1.0964306442987404,,,,,,,,,,,,,,,,,,,,28.3,,2026-06-05 22:18,,,,,,,,,,,,1.035483870967742,,,,,,,,,,,,,,0.0,,,,,,,,,,,,100.0,🟢 低位共振（可重仓潜伏）,🌱 底仓潜伏,,,,
家用电器,,,,-0.3309128502619551,,,,,,,,,,,,,,,,,,,,28.2,,2026-06-05 22:18,,,,,,,,,,,,1.035483870967742,,,,,,,,,,,,,,77.8,,,,,,,,,,,,95.1,🟠 高位能量耗尽（大幅减仓）,⚠️ 强弩之末,,,,
农林牧渔,,,,-2.3511798848952603,,,,,,,,,,,,,,,,,,,,27.1,,2026-06-05 22:18,,,,,,,,,,,,1.3645161290322585,,,,,,,,,,,,,,22.3,,,,,,,,,,,,26.2,⚪ 安全持仓,☕ 稳健持有,,,,
钢铁,,,,-1.0078207567110642,,,,,,,,,,,,,,,,,,,,23.6,,2026-06-05 22:18,,,,,,,,,,,,1.261290322580645,,,,,,,,,,,,,,30.9,,,,,,,,,,,,81.3,🟢 低位共振（可重仓潜伏）,🌱 底仓潜伏,,,,
综合,,,,-3.201806770089388,,,,,,,,,,,,,,,,,,,,20.7,,2026-06-05 22:18,,,,,,,,,,,,1.3516129032258064,,,,,,,,,,,,,,92.7,,,,,,,,,,,,0.0,🔴 终极逃顶（高风险）,🛑 崩盘前夕,,,,
食品饮料,,,,-1.5880777332905494,,,,,,,,,,,,,,,,,,,,19.2,,2026-06-05 22:18,,,,,,,,,,,,1.0419354838709678,,,,,,,,,,,,,,74.7,,,,,,,,,,,,52.8,🟠 高位能量耗尽（大幅减仓）,⚠️ 强弩之末,,,,
机械设备,,,,1.0970430322942315,,,,,,,,,,,,,,,,,,,,67.4,,2026-06-05 22:20,,,,,,,,,,,,2.2612903225806456,,,,,,,,,,,,,,90.7,,,,,,,,,,,,1.2,🔴 终极逃顶（高风险）,💣 鱼尾诱多,,,,
通信,,,,0.0711626828984401,,,,,,,,,,,,,,,,,,,,63.5,,2026-06-05 22:20,,,,,,,,,,,,2.241935483870968,,,,,,,,,,,,,,95.5,,,,,,,,,,,,0.0,🔴 终极逃顶（高风险）,🚨 强制清仓,,,,
基础化工,,,,-1.0790453346646856,,,,,,,,,,,,,,,,,,,,57.4,,2026-06-05 22:20,,,,,,,,,,,,1.4806451612903226,,,,,,,,,,,,,,15.0,,,,,,,,,,,,75.9,🟢 低位共振（可重仓潜伏）,🌱 底仓潜伏,,,,
建筑材料,,,,-0.4106871075673757,,,,,,,,,,,,,,,,,,,,53.6,,2026-06-05 22:20,,,,,,,,,,,,1.6225806451612903,,,,,,,,,,,,,,100.0,,,,,,,,,,,,0.0,🔴 终极逃顶（高风险）,🛑 崩盘前夕,,,,
有色金属,,,,-2.838566515033847,,,,,,,,,,,,,,,,,,,,50.8,,2026-06-05 22:20,,,,,,,,,,,,1.596774193548387,,,,,,,,,,,,,,100.0,,,,,,,,,,,,0.0,🔴 终极逃顶（高风险）,🛑 崩盘前夕,,,,
国防军工,,,,0.1301388510754231,,,,,,,,,,,,,,,,,,,,49.2,,2026-06-05 22:20,,,,,,,,,,,,1.6741935483870969,,,,,,,,,,,,,,61.3,,,,,,,,,,,,33.8,🟡 预警（观察减持）,⚖️ 控仓观望,,,,
电力设备,,,,-1.9575373276843773,,,,,,,,,,,,,,,,,,,,46.5,,2026-06-05 22:20,,,,,,,,,,,,1.3258064516129031,,,,,,,,,,,,,,5.4,,,,,,,,,,,,37.8,⚪ 安全持仓,☕ 稳健持有,,,,
石油石化,,,,-1.9442668019200136,,,,,,,,,,,,,,,,,,,,44.9,,2026-06-05 22:20,,,,,,,,,,,,1.506451612903226,,,,,,,,,,,,,,74.7,,,,,,,,,,,,79.1,🟠 高位能量耗尽（大幅减仓）,⚠️ 强弩之末,,,,
电子,,,,2.26498210788928,,,,,,,,,,,,,,,,,,,,42.3,,2026-06-05 22:20,,,,,,,,,,,,2.2612903225806456,,,,,,,,,,,,,,100.0,,,,,,,,,,,,0.0,🔴 终极逃顶（高风险）,🦊 诱多陷阱,,,,
房地产,,,,-0.92942760079483,,,,,,,,,,,,,,,,,,,,42.2,,2026-06-05 22:20,,,,,,,,,,,,1.570967741935484,,,,,,,,,,,,,,52.1,,,,,,,,,,,,79.5,🟢 低位共振（可重仓潜伏）,🌱 底仓潜伏,,,,
汽车,,,,-0.1562506346835745,,,,,,,,,,,,,,,,,,,,41.5,,2026-06-05 22:20,,,,,,,,,,,,1.4161290322580646,,,,,,,,,,,,,,0.0,,,,,,,,,,,,100.0,🟢 低位共振（可重仓潜伏）,🌱 底仓潜伏,,,,
公用事业,,,,-1.0899655179591128,,,,,,,,,,,,,,,,,,,,41.5,,2026-06-05 22:20,,,,,,,,,,,,1.3,,,,,,,,,,,,,,87.7,,,,,,,,,,,,34.6,🔴 终极逃顶（高风险）,🛑 崩盘前夕,,,,
轻工制造,,,,-1.5117762830633374,,,,,,,,,,,,,,,,,,,,41.1,,2026-06-05 22:20,,,,,,,,,,,,1.532258064516129,,,,,,,,,,,,,,0.0,,,,,,,,,,,,100.0,🟢 低位共振（可重仓潜伏）,🌱 底仓潜伏,,,,
医药生物,,,,-1.367327121340467,,,,,,,,,,,,,,,,,,,,40.1,,2026-06-05 22:20,,,,,,,,,,,,1.5580645161290323,,,,,,,,,,,,,,0.3,,,,,,,,,,,,100.0,🟢 低位共振（可重仓潜伏）,🌱 底仓潜伏,,,,
传媒,,,,-1.886378591796456,,,,,,,,,,,,,,,,,,,,39.0,,2026-06-05 22:20,,,,,,,,,,,,1.635483870967742,,,,,,,,,,,,,,46.5,,,,,,,,,,,,20.1,⚪ 安全持仓,☕ 稳健持有,,,,
计算机,,,,-1.788454061646905,,,,,,,,,,,,,,,,,,,,38.5,,2026-06-05 22:20,,,,,,,,,,,,1.6225806451612903,,,,,,,,,,,,,,54.6,,,,,,,,,,,,0.4,⚪ 安全持仓,☕ 稳健持有,,,,
建筑装饰,,,,-0.8868843449752806,,,,,,,,,,,,,,,,,,,,37.3,,2026-06-05 22:20,,,,,,,,,,,,1.3258064516129031,,,,,,,,,,,,,,16.7,,,,,,,,,,,,100.0,🟢 低位共振（可重仓潜伏）,🌱 底仓潜伏,,,,
商贸零售,,,,-2.411497824096453,,,,,,,,,,,,,,,,,,,,36.4,,2026-06-05 22:20,,,,,,,,,,,,1.5580645161290323,,,,,,,,,,,,,,32.8,,,,,,,,,,,,84.6,🟢 低位共振（可重仓潜伏）,🌱 底仓潜伏,,,,
美容护理,,,,-1.729310040585852,,,,,,,,,,,,,,,,,,,,35.8,,2026-06-05 22:20,,,,,,,,,,,,1.338709677419355,,,,,,,,,,,,,,27.8,,,,,,,,,,,,41.5,⚪ 安全持仓,☕ 稳健持有,,,,
交通运输,,,,-1.2202637741895783,,,,,,,,,,,,,,,,,,,,35.7,,2026-06-05 22:20,,,,,,,,,,,,1.3129032258064517,,,,,,,,,,,,,,7.2,,,,,,,,,,,,100.0,🟢 低位共振（可重仓潜伏）,🌱 底仓潜伏,,,,
环保,,,,-0.9042469608445458,,,,,,,,,,,,,,,,,,,,33.8,,2026-06-05 22:20,,,,,,,,,,,,1.261290322580645,,,,,,,,,,,,,,31.9,,,,,,,,,,,,75.8,🟢 低位共振（可重仓潜伏）,🌱 底仓潜伏,,,,
非银金融,,,,-1.1251362469674064,,,,,,,,,,,,,,,,,,,,32.9,,2026-06-05 22:20,,,,,,,,,,,,1.7,,,,,,,,,,,,,,27.2,,,,,,,,,,,,91.7,🟢 低位共振（可重仓潜伏）,🌱 底仓潜伏,,,,
煤炭,,,,1.1834403430360574,,,,,,,,,,,,,,,,,,,,31.0,,2026-06-05 22:20,,,,,,,,,,,,2.17741935483871,,,,,,,,,,,,,,100.0,,,,,,,,,,,,13.3,🔴 终极逃顶（高风险）,🦊 诱多陷阱,,,,
纺织服饰,,,,-1.5837518557124342,,,,,,,,,,,,,,,,,,,,30.6,,2026-06-05 22:20,,,,,,,,,,,,1.3903225806451611,,,,,,,,,,,,,,2.8,,,,,,,,,,,,33.0,⚪ 安全持仓,☕ 稳健持有,,,,
社会服务,,,,-1.6127815269949997,,,,,,,,,,,,,,,,,,,,30.3,,2026-06-05 22:20,,,,,,,,,,,,1.532258064516129,,,,,,,,,,,,,,4.2,,,,,,,,,,,,95.8,🟢 低位共振（可重仓潜伏）,🌱 底仓潜伏,,,,
银行,,,,-1.0964306442987404,,,,,,,,,,,,,,,,,,,,28.3,,2026-06-05 22:20,,,,,,,,,,,,1.035483870967742,,,,,,,,,,,,,,0.0,,,,,,,,,,,,100.0,🟢 低位共振（可重仓潜伏）,🌱 底仓潜伏,,,,
家用电器,,,,-0.3309128502619551,,,,,,,,,,,,,,,,,,,,28.2,,2026-06-05 22:20,,,,,,,,,,,,1.035483870967742,,,,,,,,,,,,,,77.8,,,,,,,,,,,,95.1,🟠 高位能量耗尽（大幅减仓）,⚠️ 强弩之末,,,,
农林牧渔,,,,-2.3511798848952603,,,,,,,,,,,,,,,,,,,,27.1,,2026-06-05 22:20,,,,,,,,,,,,1.3645161290322585,,,,,,,,,,,,,,22.3,,,,,,,,,,,,26.2,⚪ 安全持仓,☕ 稳健持有,,,,
钢铁,,,,-1.0078207567110642,,,,,,,,,,,,,,,,,,,,23.6,,2026-06-05 22:20,,,,,,,,,,,,1.261290322580645,,,,,,,,,,,,,,30.9,,,,,,,,,,,,81.3,🟢 低位共振（可重仓潜伏）,🌱 底仓潜伏,,,,
综合,,,,-3.201806770089388,,,,,,,,,,,,,,,,,,,,20.7,,2026-06-05 22:20,,,,,,,,,,,,1.3516129032258064,,,,,,,,,,,,,,92.7,,,,,,,,,,,,0.0,🔴 终极逃顶（高风险）,🛑 崩盘前夕,,,,
食品饮料,,,,-1.5880777332905494,,,,,,,,,,,,,,,,,,,,19.2,,2026-06-05 22:20,,,,,,,,,,,,1.0419354838709678,,,,,,,,,,,,,,74.7,,,,,,,,,,,,52.8,🟠 高位能量耗尽（大幅减仓）,⚠️ 强弩之末,,,,
机械设备,,,,0.2901100991605787,,,,,,,,,,,,,,,,,,,,81.8,,2026-06-06 11:51,,,,,,,,,,,,2.074193548387097,,,,,,,,,,,,,,90.7,,,,,,,,,,,,1.2,🔴 终极逃顶（高风险）,🛑 崩盘前夕,,,,
银行,,,,1.3320451942074651,,,,,,,,,,,,,,,,,,,,81.3,,2026-06-06 11:51,,,,,,,,,,,,1.5193548387096776,,,,,,,,,,,,,,0.0,,,,,,,,,,,,100.0,🟢 低位共振（可重仓潜伏）,🚀 满仓做多,,,,
基础化工,,,,0.47529810363518,,,,,,,,,,,,,,,,,,,,77.9,,2026-06-06 11:51,,,,,,,,,,,,2.074193548387097,,,,,,,,,,,,,,15.0,,,,,,,,,,,,75.9,🟢 低位共振（可重仓潜伏）,🚀 满仓做多,,,,
石油石化,,,,0.6083390806321143,,,,,,,,,,,,,,,,,,,,71.8,,2026-06-06 11:51,,,,,,,,,,,,1.6741935483870969,,,,,,,,,,,,,,74.7,,,,,,,,,,,,79.1,🟠 高位能量耗尽（大幅减仓）,⚠️ 强弩之末,,,,
国防军工,,,,0.15117815638781,,,,,,,,,,,,,,,,,,,,69.2,,2026-06-06 11:51,,,,,,,,,,,,1.9322580645161287,,,,,,,,,,,,,,61.3,,,,,,,,,,,,33.8,🟡 预警（观察减持）,🎣 暴力洗盘,,,,
轻工制造,,,,0.0786156616452204,,,,,,,,,,,,,,,,,,,,63.2,,2026-06-06 11:51,,,,,,,,,,,,1.5838709677419356,,,,,,,,,,,,,,0.0,,,,,,,,,,,,100.0,🟢 低位共振（可重仓潜伏）,🌱 底仓潜伏,,,,
建筑材料,,,,-0.0550665903571556,,,,,,,,,,,,,,,,,,,,60.7,,2026-06-06 11:51,,,,,,,,,,,,1.6741935483870969,,,,,,,,,,,,,,100.0,,,,,,,,,,,,0.0,🔴 终极逃顶（高风险）,🛑 崩盘前夕,,,,
商贸零售,,,,1.0473660351898006,,,,,,,,,,,,,,,,,,,,60.3,,2026-06-06 11:51,,,,,,,,,,,,1.5838709677419356,,,,,,,,,,,,,,32.8,,,,,,,,,,,,84.6,🟢 低位共振（可重仓潜伏）,🌱 底仓潜伏,,,,
电子,,,,-3.5880440563486826,,,,,,,,,,,,,,,,,,,,59.1,,2026-06-06 11:51,,,,,,,,,,,,1.7774193548387096,,,,,,,,,,,,,,100.0,,,,,,,,,,,,0.0,🔴 终极逃顶（高风险）,🛑 崩盘前夕,,,,
社会服务,,,,0.6480963955649788,,,,,,,,,,,,,,,,,,,,58.9,,2026-06-06 11:51,,,,,,,,,,,,1.6741935483870969,,,,,,,,,,,,,,4.2,,,,,,,,,,,,95.8,🟢 低位共振（可重仓潜伏）,🌱 底仓潜伏,,,,
通信,,,,-3.115448392095044,,,,,,,,,,,,,,,,,,,,55.2,,2026-06-06 11:51,,,,,,,,,,,,1.8161290322580643,,,,,,,,,,,,,,95.5,,,,,,,,,,,,0.0,🔴 终极逃顶（高风险）,🛑 崩盘前夕,,,,
医药生物,,,,-0.0384031012948149,,,,,,,,,,,,,,,,,,,,54.0,,2026-06-06 11:51,,,,,,,,,,,,1.1838709677419357,,,,,,,,,,,,,,0.3,,,,,,,,,,,,100.0,🟢 低位共振（可重仓潜伏）,🌱 底仓潜伏,,,,
有色金属,,,,-1.772606644163166,,,,,,,,,,,,,,,,,,,,52.2,,2026-06-06 11:51,,,,,,,,,,,,1.6741935483870969,,,,,,,,,,,,,,100.0,,,,,,,,,,,,0.0,🔴 终极逃顶（高风险）,🛑 崩盘前夕,,,,
计算机,,,,-0.5178292461785361,,,,,,,,,,,,,,,,,,,,50.7,,2026-06-06 11:51,,,,,,,,,,,,1.9064516129032256,,,,,,,,,,,,,,54.6,,,,,,,,,,,,0.4,⚪ 安全持仓,🎣 暴力洗盘,,,,
电力设备,,,,-1.7909268722896,,,,,,,,,,,,,,,,,,,,48.2,,2026-06-06 11:51,,,,,,,,,,,,1.403225806451613,,,,,,,,,,,,,,5.4,,,,,,,,,,,,37.8,⚪ 安全持仓,☕ 稳健持有,,,,
综合,,,,-0.0955617388131324,,,,,,,,,,,,,,,,,,,,46.8,,2026-06-06 11:51,,,,,,,,,,,,2.048387096774194,,,,,,,,,,,,,,92.7,,,,,,,,,,,,0.0,🔴 终极逃顶（高风险）,🛑 崩盘前夕,,,,
纺织服饰,,,,0.3652399414588947,,,,,,,,,,,,,,,,,,,,46.7,,2026-06-06 11:51,,,,,,,,,,,,1.5064516129032255,,,,,,,,,,,,,,2.8,,,,,,,,,,,,33.0,⚪ 安全持仓,☕ 稳健持有,,,,
交通运输,,,,0.506325468890978,,,,,,,,,,,,,,,,,,,,46.5,,2026-06-06 11:51,,,,,,,,,,,,1.0935483870967744,,,,,,,,,,,,,,7.2,,,,,,,,,,,,100.0,🟢 低位共振（可重仓潜伏）,🌱 底仓潜伏,,,,
建筑装饰,,,,-0.064530314907929,,,,,,,,,,,,,,,,,,,,45.2,,2026-06-06 11:51,,,,,,,,,,,,1.2225806451612904,,,,,,,,,,,,,,16.7,,,,,,,,,,,,100.0,🟢 低位共振（可重仓潜伏）,🎣 暴力洗盘,,,,
传媒,,,,0.528169014084523,,,,,,,,,,,,,,,,,,,,45.0,,2026-06-06 11:51,,,,,,,,,,,,1.2741935483870968,,,,,,,,,,,,,,46.5,,,,,,,,,,,,20.1,⚪ 安全持仓,☕ 稳健持有,,,,
环保,,,,-0.3748017875161991,,,,,,,,,,,,,,,,,,,,43.5,,2026-06-06 11:51,,,,,,,,,,,,1.467741935483871,,,,,,,,,,,,,,31.9,,,,,,,,,,,,75.8,🟢 低位共振（可重仓潜伏）,🎣 暴力洗盘,,,,
汽车,,,,-0.7116868252502351,,,,,,,,,,,,,,,,,,,,43.4,,2026-06-06 11:51,,,,,,,,,,,,1.841935483870968,,,,,,,,,,,,,,0.0,,,,,,,,,,,,100.0,🟢 低位共振（可重仓潜伏）,🎣 暴力洗盘,,,,
煤炭,,,,-1.762666449918571,,,,,,,,,,,,,,,,,,,,38.5,,2026-06-06 11:51,,,,,,,,,,,,1.3258064516129031,,,,,,,,,,,,,,100.0,,,,,,,,,,,,13.3,🔴 终极逃顶（高风险）,🚨 强制清仓,,,,
美容护理,,,,0.2311905189441576,,,,,,,,,,,,,,,,,,,,38.4,,2026-06-06 11:51,,,,,,,,,,,,1.235483870967742,,,,,,,,,,,,,,27.8,,,,,,,,,,,,41.5,⚪ 安全持仓,☕ 稳健持有,,,,
公用事业,,,,-3.249463391366547,,,,,,,,,,,,,,,,,,,,38.4,,2026-06-06 11:51,,,,,,,,,,,,1.5838709677419356,,,,,,,,,,,,,,87.7,,,,,,,,,,,,34.6,🔴 终极逃顶（高风险）,🛑 崩盘前夕,,,,
食品饮料,,,,-0.1619587582831094,,,,,,,,,,,,,,,,,,,,38.4,,2026-06-06 11:51,,,,,,,,,,,,1.0935483870967744,,,,,,,,,,,,,,74.7,,,,,,,,,,,,52.8,🟠 高位能量耗尽（大幅减仓）,⚠️ 强弩之末,,,,
钢铁,,,,0.3198585618749083,,,,,,,,,,,,,,,,,,,,37.9,,2026-06-06 11:51,,,,,,,,,,,,1.2096774193548387,,,,,,,,,,,,,,30.9,,,,,,,,,,,,81.3,🟢 低位共振（可重仓潜伏）,🎣 暴力洗盘,,,,
房地产,,,,-0.6594401974836739,,,,,,,,,,,,,,,,,,,,37.7,,2026-06-06 11:51,,,,,,,,,,,,1.2870967741935484,,,,,,,,,,,,,,52.1,,,,,,,,,,,,79.5,🟢 低位共振（可重仓潜伏）,🎣 暴力洗盘,,,,
农林牧渔,,,,-0.3225468635459139,,,,,,,,,,,,,,,,,,,,36.9,,2026-06-06 11:51,,,,,,,,,,,,1.3516129032258064,,,,,,,,,,,,,,22.3,,,,,,,,,,,,26.2,⚪ 安全持仓,☕ 稳健持有,,,,
家用电器,,,,-0.1731009853353948,,,,,,,,,,,,,,,,,,,,29.9,,2026-06-06 11:51,,,,,,,,,,,,1.1193548387096774,,,,,,,,,,,,,,77.8,,,,,,,,,,,,95.1,🟠 高位能量耗尽（大幅减仓）,⚠️ 强弩之末,,,,
非银金融,,,,-0.3431599160769516,,,,,,,,,,,,,,,,,,,,26.7,,2026-06-06 11:51,,,,,,,,,,,,1.1580645161290324,,,,,,,,,,,,,,27.2,,,,,,,,,,,,91.7,🟢 低位共振（可重仓潜伏）,🎣 暴力洗盘,,,,
机械设备,,,,0.2901100991605787,,,,,,,,,,,,,,,,,,,,81.8,,2026-06-06 22:16,,,,,,,,,,,,2.074193548387097,,,,,,,,,,,,,,90.7,,,,,,,,,,,,1.2,🔴 终极逃顶（高风险）,🛑 崩盘前夕,,,,
银行,,,,1.3320451942074651,,,,,,,,,,,,,,,,,,,,81.3,,2026-06-06 22:16,,,,,,,,,,,,1.5193548387096776,,,,,,,,,,,,,,0.0,,,,,,,,,,,,100.0,🟢 低位共振（可重仓潜伏）,🚀 满仓做多,,,,
基础化工,,,,0.47529810363518,,,,,,,,,,,,,,,,,,,,77.9,,2026-06-06 22:16,,,,,,,,,,,,2.074193548387097,,,,,,,,,,,,,,15.0,,,,,,,,,,,,75.9,🟢 低位共振（可重仓潜伏）,🚀 满仓做多,,,,
石油石化,,,,0.6083390806321143,,,,,,,,,,,,,,,,,,,,71.8,,2026-06-06 22:16,,,,,,,,,,,,1.6741935483870969,,,,,,,,,,,,,,74.7,,,,,,,,,,,,79.1,🟠 高位能量耗尽（大幅减仓）,⚠️ 强弩之末,,,,
国防军工,,,,0.15117815638781,,,,,,,,,,,,,,,,,,,,69.2,,2026-06-06 22:16,,,,,,,,,,,,1.9322580645161287,,,,,,,,,,,,,,61.3,,,,,,,,,,,,33.8,🟡 预警（观察减持）,🎣 暴力洗盘,,,,
轻工制造,,,,0.0786156616452204,,,,,,,,,,,,,,,,,,,,63.2,,2026-06-06 22:16,,,,,,,,,,,,1.5838709677419356,,,,,,,,,,,,,,0.0,,,,,,,,,,,,100.0,🟢 低位共振（可重仓潜伏）,🌱 底仓潜伏,,,,
建筑材料,,,,-0.0550665903571556,,,,,,,,,,,,,,,,,,,,60.7,,2026-06-06 22:16,,,,,,,,,,,,1.6741935483870969,,,,,,,,,,,,,,100.0,,,,,,,,,,,,0.0,🔴 终极逃顶（高风险）,🛑 崩盘前夕,,,,
商贸零售,,,,1.0473660351898006,,,,,,,,,,,,,,,,,,,,60.3,,2026-06-06 22:16,,,,,,,,,,,,1.5838709677419356,,,,,,,,,,,,,,32.8,,,,,,,,,,,,84.6,🟢 低位共振（可重仓潜伏）,🌱 底仓潜伏,,,,
电子,,,,-3.5880440563486826,,,,,,,,,,,,,,,,,,,,59.1,,2026-06-06 22:16,,,,,,,,,,,,1.7774193548387096,,,,,,,,,,,,,,100.0,,,,,,,,,,,,0.0,🔴 终极逃顶（高风险）,🛑 崩盘前夕,,,,
社会服务,,,,0.6480963955649788,,,,,,,,,,,,,,,,,,,,58.9,,2026-06-06 22:16,,,,,,,,,,,,1.6741935483870969,,,,,,,,,,,,,,4.2,,,,,,,,,,,,95.8,🟢 低位共振（可重仓潜伏）,🌱 底仓潜伏,,,,
通信,,,,-3.115448392095044,,,,,,,,,,,,,,,,,,,,55.2,,2026-06-06 22:16,,,,,,,,,,,,1.8161290322580643,,,,,,,,,,,,,,95.5,,,,,,,,,,,,0.0,🔴 终极逃顶（高风险）,🛑 崩盘前夕,,,,
医药生物,,,,-0.0384031012948149,,,,,,,,,,,,,,,,,,,,54.0,,2026-06-06 22:16,,,,,,,,,,,,1.1838709677419357,,,,,,,,,,,,,,0.3,,,,,,,,,,,,100.0,🟢 低位共振（可重仓潜伏）,🌱 底仓潜伏,,,,
有色金属,,,,-1.772606644163166,,,,,,,,,,,,,,,,,,,,52.2,,2026-06-06 22:16,,,,,,,,,,,,1.6741935483870969,,,,,,,,,,,,,,100.0,,,,,,,,,,,,0.0,🔴 终极逃顶（高风险）,🛑 崩盘前夕,,,,
计算机,,,,-0.5178292461785361,,,,,,,,,,,,,,,,,,,,50.7,,2026-06-06 22:16,,,,,,,,,,,,1.9064516129032256,,,,,,,,,,,,,,54.6,,,,,,,,,,,,0.4,⚪ 安全持仓,🎣 暴力洗盘,,,,
电力设备,,,,-1.7909268722896,,,,,,,,,,,,,,,,,,,,48.2,,2026-06-06 22:16,,,,,,,,,,,,1.403225806451613,,,,,,,,,,,,,,5.4,,,,,,,,,,,,37.8,⚪ 安全持仓,☕ 稳健持有,,,,
综合,,,,-0.0955617388131324,,,,,,,,,,,,,,,,,,,,46.8,,2026-06-06 22:16,,,,,,,,,,,,2.048387096774194,,,,,,,,,,,,,,92.7,,,,,,,,,,,,0.0,🔴 终极逃顶（高风险）,🛑 崩盘前夕,,,,
纺织服饰,,,,0.3652399414588947,,,,,,,,,,,,,,,,,,,,46.7,,2026-06-06 22:16,,,,,,,,,,,,1.5064516129032255,,,,,,,,,,,,,,2.8,,,,,,,,,,,,33.0,⚪ 安全持仓,☕ 稳健持有,,,,
交通运输,,,,0.506325468890978,,,,,,,,,,,,,,,,,,,,46.5,,2026-06-06 22:16,,,,,,,,,,,,1.0935483870967744,,,,,,,,,,,,,,7.2,,,,,,,,,,,,100.0,🟢 低位共振（可重仓潜伏）,🌱 底仓潜伏,,,,
建筑装饰,,,,-0.064530314907929,,,,,,,,,,,,,,,,,,,,45.2,,2026-06-06 22:16,,,,,,,,,,,,1.2225806451612904,,,,,,,,,,,,,,16.7,,,,,,,,,,,,100.0,🟢 低位共振（可重仓潜伏）,🎣 暴力洗盘,,,,
传媒,,,,0.528169014084523,,,,,,,,,,,,,,,,,,,,45.0,,2026-06-06 22:16,,,,,,,,,,,,1.2741935483870968,,,,,,,,,,,,,,46.5,,,,,,,,,,,,20.1,⚪ 安全持仓,☕ 稳健持有,,,,
环保,,,,-0.3748017875161991,,,,,,,,,,,,,,,,,,,,43.5,,2026-06-06 22:16,,,,,,,,,,,,1.467741935483871,,,,,,,,,,,,,,31.9,,,,,,,,,,,,75.8,🟢 低位共振（可重仓潜伏）,🎣 暴力洗盘,,,,
汽车,,,,-0.7116868252502351,,,,,,,,,,,,,,,,,,,,43.4,,2026-06-06 22:16,,,,,,,,,,,,1.841935483870968,,,,,,,,,,,,,,0.0,,,,,,,,,,,,100.0,🟢 低位共振（可重仓潜伏）,🎣 暴力洗盘,,,,
煤炭,,,,-1.762666449918571,,,,,,,,,,,,,,,,,,,,38.5,,2026-06-06 22:16,,,,,,,,,,,,1.3258064516129031,,,,,,,,,,,,,,100.0,,,,,,,,,,,,13.3,🔴 终极逃顶（高风险）,🚨 强制清仓,,,,
美容护理,,,,0.2311905189441576,,,,,,,,,,,,,,,,,,,,38.4,,2026-06-06 22:16,,,,,,,,,,,,1.235483870967742,,,,,,,,,,,,,,27.8,,,,,,,,,,,,41.5,⚪ 安全持仓,☕ 稳健持有,,,,
公用事业,,,,-3.249463391366547,,,,,,,,,,,,,,,,,,,,38.4,,2026-06-06 22:16,,,,,,,,,,,,1.5838709677419356,,,,,,,,,,,,,,87.7,,,,,,,,,,,,34.6,🔴 终极逃顶（高风险）,🛑 崩盘前夕,,,,
食品饮料,,,,-0.1619587582831094,,,,,,,,,,,,,,,,,,,,38.4,,2026-06-06 22:16,,,,,,,,,,,,1.0935483870967744,,,,,,,,,,,,,,74.7,,,,,,,,,,,,52.8,🟠 高位能量耗尽（大幅减仓）,⚠️ 强弩之末,,,,
钢铁,,,,0.3198585618749083,,,,,,,,,,,,,,,,,,,,37.9,,2026-06-06 22:16,,,,,,,,,,,,1.2096774193548387,,,,,,,,,,,,,,30.9,,,,,,,,,,,,81.3,🟢 低位共振（可重仓潜伏）,🎣 暴力洗盘,,,,
房地产,,,,-0.6594401974836739,,,,,,,,,,,,,,,,,,,,37.7,,2026-06-06 22:16,,,,,,,,,,,,1.2870967741935484,,,,,,,,,,,,,,52.1,,,,,,,,,,,,79.5,🟢 低位共振（可重仓潜伏）,🎣 暴力洗盘,,,,
农林牧渔,,,,-0.3225468635459139,,,,,,,,,,,,,,,,,,,,36.9,,2026-06-06 22:16,,,,,,,,,,,,1.3516129032258064,,,,,,,,,,,,,,22.3,,,,,,,,,,,,26.2,⚪ 安全持仓,☕ 稳健持有,,,,
家用电器,,,,-0.1731009853353948,,,,,,,,,,,,,,,,,,,,29.9,,2026-06-06 22:16,,,,,,,,,,,,1.1193548387096774,,,,,,,,,,,,,,77.8,,,,,,,,,,,,95.1,🟠 高位能量耗尽（大幅减仓）,⚠️ 强弩之末,,,,
非银金融,,,,-0.3431599160769516,,,,,,,,,,,,,,,,,,,,26.7,,2026-06-06 22:16,,,,,,,,,,,,1.1580645161290324,,,,,,,,,,,,,,27.2,,,,,,,,,,,,91.7,🟢 低位共振（可重仓潜伏）,🎣 暴力洗盘,,,,
机械设备,,,,0.2901100991605787,,,,,,,,,,,,,,,,,,,,81.8,,2026-06-06 22:41,,,,,,,,,,,,2.074193548387097,,,,,,,,,,,,,,90.7,,,,,,,,,,,,1.2,🔴 终极逃顶（高风险）,🛑 崩盘前夕,,,,
银行,,,,1.3320451942074651,,,,,,,,,,,,,,,,,,,,81.3,,2026-06-06 22:41,,,,,,,,,,,,1.5193548387096776,,,,,,,,,,,,,,0.0,,,,,,,,,,,,100.0,🟢 低位共振（可重仓潜伏）,🚀 满仓做多,,,,
基础化工,,,,0.47529810363518,,,,,,,,,,,,,,,,,,,,77.9,,2026-06-06 22:41,,,,,,,,,,,,2.074193548387097,,,,,,,,,,,,,,15.0,,,,,,,,,,,,75.9,🟢 低位共振（可重仓潜伏）,🚀 满仓做多,,,,
石油石化,,,,0.6083390806321143,,,,,,,,,,,,,,,,,,,,71.8,,2026-06-06 22:41,,,,,,,,,,,,1.6741935483870969,,,,,,,,,,,,,,74.7,,,,,,,,,,,,79.1,🟠 高位能量耗尽（大幅减仓）,⚠️ 强弩之末,,,,
国防军工,,,,0.15117815638781,,,,,,,,,,,,,,,,,,,,69.2,,2026-06-06 22:41,,,,,,,,,,,,1.9322580645161287,,,,,,,,,,,,,,61.3,,,,,,,,,,,,33.8,🟡 预警（观察减持）,🎣 暴力洗盘,,,,
轻工制造,,,,0.0786156616452204,,,,,,,,,,,,,,,,,,,,63.2,,2026-06-06 22:41,,,,,,,,,,,,1.5838709677419356,,,,,,,,,,,,,,0.0,,,,,,,,,,,,100.0,🟢 低位共振（可重仓潜伏）,🌱 底仓潜伏,,,,
建筑材料,,,,-0.0550665903571556,,,,,,,,,,,,,,,,,,,,60.7,,2026-06-06 22:41,,,,,,,,,,,,1.6741935483870969,,,,,,,,,,,,,,100.0,,,,,,,,,,,,0.0,🔴 终极逃顶（高风险）,🛑 崩盘前夕,,,,
商贸零售,,,,1.0473660351898006,,,,,,,,,,,,,,,,,,,,60.3,,2026-06-06 22:41,,,,,,,,,,,,1.5838709677419356,,,,,,,,,,,,,,32.8,,,,,,,,,,,,84.6,🟢 低位共振（可重仓潜伏）,🌱 底仓潜伏,,,,
电子,,,,-3.5880440563486826,,,,,,,,,,,,,,,,,,,,59.1,,2026-06-06 22:41,,,,,,,,,,,,1.7774193548387096,,,,,,,,,,,,,,100.0,,,,,,,,,,,,0.0,🔴 终极逃顶（高风险）,🛑 崩盘前夕,,,,
社会服务,,,,0.6480963955649788,,,,,,,,,,,,,,,,,,,,58.9,,2026-06-06 22:41,,,,,,,,,,,,1.6741935483870969,,,,,,,,,,,,,,4.2,,,,,,,,,,,,95.8,🟢 低位共振（可重仓潜伏）,🌱 底仓潜伏,,,,
通信,,,,-3.115448392095044,,,,,,,,,,,,,,,,,,,,55.2,,2026-06-06 22:41,,,,,,,,,,,,1.8161290322580643,,,,,,,,,,,,,,95.5,,,,,,,,,,,,0.0,🔴 终极逃顶（高风险）,🛑 崩盘前夕,,,,
医药生物,,,,-0.0384031012948149,,,,,,,,,,,,,,,,,,,,54.0,,2026-06-06 22:41,,,,,,,,,,,,1.1838709677419357,,,,,,,,,,,,,,0.3,,,,,,,,,,,,100.0,🟢 低位共振（可重仓潜伏）,🌱 底仓潜伏,,,,
有色金属,,,,-1.772606644163166,,,,,,,,,,,,,,,,,,,,52.2,,2026-06-06 22:41,,,,,,,,,,,,1.6741935483870969,,,,,,,,,,,,,,100.0,,,,,,,,,,,,0.0,🔴 终极逃顶（高风险）,🛑 崩盘前夕,,,,
计算机,,,,-0.5178292461785361,,,,,,,,,,,,,,,,,,,,50.7,,2026-06-06 22:41,,,,,,,,,,,,1.9064516129032256,,,,,,,,,,,,,,54.6,,,,,,,,,,,,0.4,⚪ 安全持仓,🎣 暴力洗盘,,,,
电力设备,,,,-1.7909268722896,,,,,,,,,,,,,,,,,,,,48.2,,2026-06-06 22:41,,,,,,,,,,,,1.403225806451613,,,,,,,,,,,,,,5.4,,,,,,,,,,,,37.8,⚪ 安全持仓,☕ 稳健持有,,,,
综合,,,,-0.0955617388131324,,,,,,,,,,,,,,,,,,,,46.8,,2026-06-06 22:41,,,,,,,,,,,,2.048387096774194,,,,,,,,,,,,,,92.7,,,,,,,,,,,,0.0,🔴 终极逃顶（高风险）,🛑 崩盘前夕,,,,
纺织服饰,,,,0.3652399414588947,,,,,,,,,,,,,,,,,,,,46.7,,2026-06-06 22:41,,,,,,,,,,,,1.5064516129032255,,,,,,,,,,,,,,2.8,,,,,,,,,,,,33.0,⚪ 安全持仓,☕ 稳健持有,,,,
交通运输,,,,0.506325468890978,,,,,,,,,,,,,,,,,,,,46.5,,2026-06-06 22:41,,,,,,,,,,,,1.0935483870967744,,,,,,,,,,,,,,7.2,,,,,,,,,,,,100.0,🟢 低位共振（可重仓潜伏）,🌱 底仓潜伏,,,,
建筑装饰,,,,-0.064530314907929,,,,,,,,,,,,,,,,,,,,45.2,,2026-06-06 22:41,,,,,,,,,,,,1.2225806451612904,,,,,,,,,,,,,,16.7,,,,,,,,,,,,100.0,🟢 低位共振（可重仓潜伏）,🎣 暴力洗盘,,,,
传媒,,,,0.528169014084523,,,,,,,,,,,,,,,,,,,,45.0,,2026-06-06 22:41,,,,,,,,,,,,1.2741935483870968,,,,,,,,,,,,,,46.5,,,,,,,,,,,,20.1,⚪ 安全持仓,☕ 稳健持有,,,,
环保,,,,-0.3748017875161991,,,,,,,,,,,,,,,,,,,,43.5,,2026-06-06 22:41,,,,,,,,,,,,1.467741935483871,,,,,,,,,,,,,,31.9,,,,,,,,,,,,75.8,🟢 低位共振（可重仓潜伏）,🎣 暴力洗盘,,,,
汽车,,,,-0.7116868252502351,,,,,,,,,,,,,,,,,,,,43.4,,2026-06-06 22:41,,,,,,,,,,,,1.841935483870968,,,,,,,,,,,,,,0.0,,,,,,,,,,,,100.0,🟢 低位共振（可重仓潜伏）,🎣 暴力洗盘,,,,
煤炭,,,,-1.762666449918571,,,,,,,,,,,,,,,,,,,,38.5,,2026-06-06 22:41,,,,,,,,,,,,1.3258064516129031,,,,,,,,,,,,,,100.0,,,,,,,,,,,,13.3,🔴 终极逃顶（高风险）,🚨 强制清仓,,,,
美容护理,,,,0.2311905189441576,,,,,,,,,,,,,,,,,,,,38.4,,2026-06-06 22:41,,,,,,,,,,,,1.235483870967742,,,,,,,,,,,,,,27.8,,,,,,,,,,,,41.5,⚪ 安全持仓,☕ 稳健持有,,,,
公用事业,,,,-3.249463391366547,,,,,,,,,,,,,,,,,,,,38.4,,2026-06-06 22:41,,,,,,,,,,,,1.5838709677419356,,,,,,,,,,,,,,87.7,,,,,,,,,,,,34.6,🔴 终极逃顶（高风险）,🛑 崩盘前夕,,,,
食品饮料,,,,-0.1619587582831094,,,,,,,,,,,,,,,,,,,,38.4,,2026-06-06 22:41,,,,,,,,,,,,1.0935483870967744,,,,,,,,,,,,,,74.7,,,,,,,,,,,,52.8,🟠 高位能量耗尽（大幅减仓）,⚠️ 强弩之末,,,,
钢铁,,,,0.3198585618749083,,,,,,,,,,,,,,,,,,,,37.9,,2026-06-06 22:41,,,,,,,,,,,,1.2096774193548387,,,,,,,,,,,,,,30.9,,,,,,,,,,,,81.3,🟢 低位共振（可重仓潜伏）,🎣 暴力洗盘,,,,
房地产,,,,-0.6594401974836739,,,,,,,,,,,,,,,,,,,,37.7,,2026-06-06 22:41,,,,,,,,,,,,1.2870967741935484,,,,,,,,,,,,,,52.1,,,,,,,,,,,,79.5,🟢 低位共振（可重仓潜伏）,🎣 暴力洗盘,,,,
农林牧渔,,,,-0.3225468635459139,,,,,,,,,,,,,,,,,,,,36.9,,2026-06-06 22:41,,,,,,,,,,,,1.3516129032258064,,,,,,,,,,,,,,22.3,,,,,,,,,,,,26.2,⚪ 安全持仓,☕ 稳健持有,,,,
家用电器,,,,-0.1731009853353948,,,,,,,,,,,,,,,,,,,,29.9,,2026-06-06 22:41,,,,,,,,,,,,1.1193548387096774,,,,,,,,,,,,,,77.8,,,,,,,,,,,,95.1,🟠 高位能量耗尽（大幅减仓）,⚠️ 强弩之末,,,,
非银金融,,,,-0.3431599160769516,,,,,,,,,,,,,,,,,,,,26.7,,2026-06-06 22:41,,,,,,,,,,,,1.1580645161290324,,,,,,,,,,,,,,27.2,,,,,,,,,,,,91.7,🟢 低位共振（可重仓潜伏）,🎣 暴力洗盘,,,,
机械设备,,,,0.2901100991605787,,,,,,,,,,,,,,,,,,,,81.8,,2026-06-06 22:42,,,,,,,,,,,,2.074193548387097,,,,,,,,,,,,,,90.7,,,,,,,,,,,,1.2,🔴 终极逃顶（高风险）,🛑 崩盘前夕,,,,
银行,,,,1.3320451942074651,,,,,,,,,,,,,,,,,,,,81.3,,2026-06-06 22:42,,,,,,,,,,,,1.5193548387096776,,,,,,,,,,,,,,0.0,,,,,,,,,,,,100.0,🟢 低位共振（可重仓潜伏）,🚀 满仓做多,,,,
基础化工,,,,0.47529810363518,,,,,,,,,,,,,,,,,,,,77.9,,2026-06-06 22:42,,,,,,,,,,,,2.074193548387097,,,,,,,,,,,,,,15.0,,,,,,,,,,,,75.9,🟢 低位共振（可重仓潜伏）,🚀 满仓做多,,,,
石油石化,,,,0.6083390806321143,,,,,,,,,,,,,,,,,,,,71.8,,2026-06-06 22:42,,,,,,,,,,,,1.6741935483870969,,,,,,,,,,,,,,74.7,,,,,,,,,,,,79.1,🟠 高位能量耗尽（大幅减仓）,⚠️ 强弩之末,,,,
国防军工,,,,0.15117815638781,,,,,,,,,,,,,,,,,,,,69.2,,2026-06-06 22:42,,,,,,,,,,,,1.9322580645161287,,,,,,,,,,,,,,61.3,,,,,,,,,,,,33.8,🟡 预警（观察减持）,🎣 暴力洗盘,,,,
轻工制造,,,,0.0786156616452204,,,,,,,,,,,,,,,,,,,,63.2,,2026-06-06 22:42,,,,,,,,,,,,1.5838709677419356,,,,,,,,,,,,,,0.0,,,,,,,,,,,,100.0,🟢 低位共振（可重仓潜伏）,🌱 底仓潜伏,,,,
建筑材料,,,,-0.0550665903571556,,,,,,,,,,,,,,,,,,,,60.7,,2026-06-06 22:42,,,,,,,,,,,,1.6741935483870969,,,,,,,,,,,,,,100.0,,,,,,,,,,,,0.0,🔴 终极逃顶（高风险）,🛑 崩盘前夕,,,,
商贸零售,,,,1.0473660351898006,,,,,,,,,,,,,,,,,,,,60.3,,2026-06-06 22:42,,,,,,,,,,,,1.5838709677419356,,,,,,,,,,,,,,32.8,,,,,,,,,,,,84.6,🟢 低位共振（可重仓潜伏）,🌱 底仓潜伏,,,,
电子,,,,-3.5880440563486826,,,,,,,,,,,,,,,,,,,,59.1,,2026-06-06 22:42,,,,,,,,,,,,1.7774193548387096,,,,,,,,,,,,,,100.0,,,,,,,,,,,,0.0,🔴 终极逃顶（高风险）,🛑 崩盘前夕,,,,
社会服务,,,,0.6480963955649788,,,,,,,,,,,,,,,,,,,,58.9,,2026-06-06 22:42,,,,,,,,,,,,1.6741935483870969,,,,,,,,,,,,,,4.2,,,,,,,,,,,,95.8,🟢 低位共振（可重仓潜伏）,🌱 底仓潜伏,,,,
通信,,,,-3.115448392095044,,,,,,,,,,,,,,,,,,,,55.2,,2026-06-06 22:42,,,,,,,,,,,,1.8161290322580643,,,,,,,,,,,,,,95.5,,,,,,,,,,,,0.0,🔴 终极逃顶（高风险）,🛑 崩盘前夕,,,,
医药生物,,,,-0.0384031012948149,,,,,,,,,,,,,,,,,,,,54.0,,2026-06-06 22:42,,,,,,,,,,,,1.1838709677419357,,,,,,,,,,,,,,0.3,,,,,,,,,,,,100.0,🟢 低位共振（可重仓潜伏）,🌱 底仓潜伏,,,,
有色金属,,,,-1.772606644163166,,,,,,,,,,,,,,,,,,,,52.2,,2026-06-06 22:42,,,,,,,,,,,,1.6741935483870969,,,,,,,,,,,,,,100.0,,,,,,,,,,,,0.0,🔴 终极逃顶（高风险）,🛑 崩盘前夕,,,,
计算机,,,,-0.5178292461785361,,,,,,,,,,,,,,,,,,,,50.7,,2026-06-06 22:42,,,,,,,,,,,,1.9064516129032256,,,,,,,,,,,,,,54.6,,,,,,,,,,,,0.4,⚪ 安全持仓,🎣 暴力洗盘,,,,
电力设备,,,,-1.7909268722896,,,,,,,,,,,,,,,,,,,,48.2,,2026-06-06 22:42,,,,,,,,,,,,1.403225806451613,,,,,,,,,,,,,,5.4,,,,,,,,,,,,37.8,⚪ 安全持仓,☕ 稳健持有,,,,
综合,,,,-0.0955617388131324,,,,,,,,,,,,,,,,,,,,46.8,,2026-06-06 22:42,,,,,,,,,,,,2.048387096774194,,,,,,,,,,,,,,92.7,,,,,,,,,,,,0.0,🔴 终极逃顶（高风险）,🛑 崩盘前夕,,,,
纺织服饰,,,,0.3652399414588947,,,,,,,,,,,,,,,,,,,,46.7,,2026-06-06 22:42,,,,,,,,,,,,1.5064516129032255,,,,,,,,,,,,,,2.8,,,,,,,,,,,,33.0,⚪ 安全持仓,☕ 稳健持有,,,,
交通运输,,,,0.506325468890978,,,,,,,,,,,,,,,,,,,,46.5,,2026-06-06 22:42,,,,,,,,,,,,1.0935483870967744,,,,,,,,,,,,,,7.2,,,,,,,,,,,,100.0,🟢 低位共振（可重仓潜伏）,🌱 底仓潜伏,,,,
建筑装饰,,,,-0.064530314907929,,,,,,,,,,,,,,,,,,,,45.2,,2026-06-06 22:42,,,,,,,,,,,,1.2225806451612904,,,,,,,,,,,,,,16.7,,,,,,,,,,,,100.0,🟢 低位共振（可重仓潜伏）,🎣 暴力洗盘,,,,
传媒,,,,0.528169014084523,,,,,,,,,,,,,,,,,,,,45.0,,2026-06-06 22:42,,,,,,,,,,,,1.2741935483870968,,,,,,,,,,,,,,46.5,,,,,,,,,,,,20.1,⚪ 安全持仓,☕ 稳健持有,,,,
环保,,,,-0.3748017875161991,,,,,,,,,,,,,,,,,,,,43.5,,2026-06-06 22:42,,,,,,,,,,,,1.467741935483871,,,,,,,,,,,,,,31.9,,,,,,,,,,,,75.8,🟢 低位共振（可重仓潜伏）,🎣 暴力洗盘,,,,
汽车,,,,-0.7116868252502351,,,,,,,,,,,,,,,,,,,,43.4,,2026-06-06 22:42,,,,,,,,,,,,1.841935483870968,,,,,,,,,,,,,,0.0,,,,,,,,,,,,100.0,🟢 低位共振（可重仓潜伏）,🎣 暴力洗盘,,,,
煤炭,,,,-1.762666449918571,,,,,,,,,,,,,,,,,,,,38.5,,2026-06-06 22:42,,,,,,,,,,,,1.3258064516129031,,,,,,,,,,,,,,100.0,,,,,,,,,,,,13.3,🔴 终极逃顶（高风险）,🚨 强制清仓,,,,
美容护理,,,,0.2311905189441576,,,,,,,,,,,,,,,,,,,,38.4,,2026-06-06 22:42,,,,,,,,,,,,1.235483870967742,,,,,,,,,,,,,,27.8,,,,,,,,,,,,41.5,⚪ 安全持仓,☕ 稳健持有,,,,
公用事业,,,,-3.249463391366547,,,,,,,,,,,,,,,,,,,,38.4,,2026-06-06 22:42,,,,,,,,,,,,1.5838709677419356,,,,,,,,,,,,,,87.7,,,,,,,,,,,,34.6,🔴 终极逃顶（高风险）,🛑 崩盘前夕,,,,
食品饮料,,,,-0.1619587582831094,,,,,,,,,,,,,,,,,,,,38.4,,2026-06-06 22:42,,,,,,,,,,,,1.0935483870967744,,,,,,,,,,,,,,74.7,,,,,,,,,,,,52.8,🟠 高位能量耗尽（大幅减仓）,⚠️ 强弩之末,,,,
钢铁,,,,0.3198585618749083,,,,,,,,,,,,,,,,,,,,37.9,,2026-06-06 22:42,,,,,,,,,,,,1.2096774193548387,,,,,,,,,,,,,,30.9,,,,,,,,,,,,81.3,🟢 低位共振（可重仓潜伏）,🎣 暴力洗盘,,,,
房地产,,,,-0.6594401974836739,,,,,,,,,,,,,,,,,,,,37.7,,2026-06-06 22:42,,,,,,,,,,,,1.2870967741935484,,,,,,,,,,,,,,52.1,,,,,,,,,,,,79.5,🟢 低位共振（可重仓潜伏）,🎣 暴力洗盘,,,,
农林牧渔,,,,-0.3225468635459139,,,,,,,,,,,,,,,,,,,,36.9,,2026-06-06 22:42,,,,,,,,,,,,1.3516129032258064,,,,,,,,,,,,,,22.3,,,,,,,,,,,,26.2,⚪ 安全持仓,☕ 稳健持有,,,,
家用电器,,,,-0.1731009853353948,,,,,,,,,,,,,,,,,,,,29.9,,2026-06-06 22:42,,,,,,,,,,,,1.1193548387096774,,,,,,,,,,,,,,77.8,,,,,,,,,,,,95.1,🟠 高位能量耗尽（大幅减仓）,⚠️ 强弩之末,,,,
非银金融,,,,-0.3431599160769516,,,,,,,,,,,,,,,,,,,,26.7,,2026-06-06 22:42,,,,,,,,,,,,1.1580645161290324,,,,,,,,,,,,,,27.2,,,,,,,,,,,,91.7,🟢 低位共振（可重仓潜伏）,🎣 暴力洗盘,,,,
机械设备,,,,0.2901100991605787,,,,,,,,,,,,,,,,,,,,81.8,,2026-06-06 22:50,,,,,,,,,,,,2.074193548387097,,,,,,,,,,,,,,90.7,,,,,,,,,,,,1.2,🔴 终极逃顶（高风险）,🛑 崩盘前夕,,,,
银行,,,,1.3320451942074651,,,,,,,,,,,,,,,,,,,,81.3,,2026-06-06 22:50,,,,,,,,,,,,1.5193548387096776,,,,,,,,,,,,,,0.0,,,,,,,,,,,,100.0,🟢 低位共振（可重仓潜伏）,🚀 满仓做多,,,,
基础化工,,,,0.47529810363518,,,,,,,,,,,,,,,,,,,,77.9,,2026-06-06 22:50,,,,,,,,,,,,2.074193548387097,,,,,,,,,,,,,,15.0,,,,,,,,,,,,75.9,🟢 低位共振（可重仓潜伏）,🚀 满仓做多,,,,
石油石化,,,,0.6083390806321143,,,,,,,,,,,,,,,,,,,,71.8,,2026-06-06 22:50,,,,,,,,,,,,1.6741935483870969,,,,,,,,,,,,,,74.7,,,,,,,,,,,,79.1,🟠 高位能量耗尽（大幅减仓）,⚠️ 强弩之末,,,,
国防军工,,,,0.15117815638781,,,,,,,,,,,,,,,,,,,,69.2,,2026-06-06 22:50,,,,,,,,,,,,1.9322580645161287,,,,,,,,,,,,,,61.3,,,,,,,,,,,,33.8,🟡 预警（观察减持）,🎣 暴力洗盘,,,,
轻工制造,,,,0.0786156616452204,,,,,,,,,,,,,,,,,,,,63.2,,2026-06-06 22:50,,,,,,,,,,,,1.5838709677419356,,,,,,,,,,,,,,0.0,,,,,,,,,,,,100.0,🟢 低位共振（可重仓潜伏）,🌱 底仓潜伏,,,,
建筑材料,,,,-0.0550665903571556,,,,,,,,,,,,,,,,,,,,60.7,,2026-06-06 22:50,,,,,,,,,,,,1.6741935483870969,,,,,,,,,,,,,,100.0,,,,,,,,,,,,0.0,🔴 终极逃顶（高风险）,🛑 崩盘前夕,,,,
商贸零售,,,,1.0473660351898006,,,,,,,,,,,,,,,,,,,,60.3,,2026-06-06 22:50,,,,,,,,,,,,1.5838709677419356,,,,,,,,,,,,,,32.8,,,,,,,,,,,,84.6,🟢 低位共振（可重仓潜伏）,🌱 底仓潜伏,,,,
电子,,,,-3.5880440563486826,,,,,,,,,,,,,,,,,,,,59.1,,2026-06-06 22:50,,,,,,,,,,,,1.7774193548387096,,,,,,,,,,,,,,100.0,,,,,,,,,,,,0.0,🔴 终极逃顶（高风险）,🛑 崩盘前夕,,,,
社会服务,,,,0.6480963955649788,,,,,,,,,,,,,,,,,,,,58.9,,2026-06-06 22:50,,,,,,,,,,,,1.6741935483870969,,,,,,,,,,,,,,4.2,,,,,,,,,,,,95.8,🟢 低位共振（可重仓潜伏）,🌱 底仓潜伏,,,,
通信,,,,-3.115448392095044,,,,,,,,,,,,,,,,,,,,55.2,,2026-06-06 22:50,,,,,,,,,,,,1.8161290322580643,,,,,,,,,,,,,,95.5,,,,,,,,,,,,0.0,🔴 终极逃顶（高风险）,🛑 崩盘前夕,,,,
医药生物,,,,-0.0384031012948149,,,,,,,,,,,,,,,,,,,,54.0,,2026-06-06 22:50,,,,,,,,,,,,1.1838709677419357,,,,,,,,,,,,,,0.3,,,,,,,,,,,,100.0,🟢 低位共振（可重仓潜伏）,🌱 底仓潜伏,,,,
有色金属,,,,-1.772606644163166,,,,,,,,,,,,,,,,,,,,52.2,,2026-06-06 22:50,,,,,,,,,,,,1.6741935483870969,,,,,,,,,,,,,,100.0,,,,,,,,,,,,0.0,🔴 终极逃顶（高风险）,🛑 崩盘前夕,,,,
计算机,,,,-0.5178292461785361,,,,,,,,,,,,,,,,,,,,50.7,,2026-06-06 22:50,,,,,,,,,,,,1.9064516129032256,,,,,,,,,,,,,,54.6,,,,,,,,,,,,0.4,⚪ 安全持仓,🎣 暴力洗盘,,,,
电力设备,,,,-1.7909268722896,,,,,,,,,,,,,,,,,,,,48.2,,2026-06-06 22:50,,,,,,,,,,,,1.403225806451613,,,,,,,,,,,,,,5.4,,,,,,,,,,,,37.8,⚪ 安全持仓,☕ 稳健持有,,,,
综合,,,,-0.0955617388131324,,,,,,,,,,,,,,,,,,,,46.8,,2026-06-06 22:50,,,,,,,,,,,,2.048387096774194,,,,,,,,,,,,,,92.7,,,,,,,,,,,,0.0,🔴 终极逃顶（高风险）,🛑 崩盘前夕,,,,
纺织服饰,,,,0.3652399414588947,,,,,,,,,,,,,,,,,,,,46.7,,2026-06-06 22:50,,,,,,,,,,,,1.5064516129032255,,,,,,,,,,,,,,2.8,,,,,,,,,,,,33.0,⚪ 安全持仓,☕ 稳健持有,,,,
交通运输,,,,0.506325468890978,,,,,,,,,,,,,,,,,,,,46.5,,2026-06-06 22:50,,,,,,,,,,,,1.0935483870967744,,,,,,,,,,,,,,7.2,,,,,,,,,,,,100.0,🟢 低位共振（可重仓潜伏）,🌱 底仓潜伏,,,,
建筑装饰,,,,-0.064530314907929,,,,,,,,,,,,,,,,,,,,45.2,,2026-06-06 22:50,,,,,,,,,,,,1.2225806451612904,,,,,,,,,,,,,,16.7,,,,,,,,,,,,100.0,🟢 低位共振（可重仓潜伏）,🎣 暴力洗盘,,,,
传媒,,,,0.528169014084523,,,,,,,,,,,,,,,,,,,,45.0,,2026-06-06 22:50,,,,,,,,,,,,1.2741935483870968,,,,,,,,,,,,,,46.5,,,,,,,,,,,,20.1,⚪ 安全持仓,☕ 稳健持有,,,,
环保,,,,-0.3748017875161991,,,,,,,,,,,,,,,,,,,,43.5,,2026-06-06 22:50,,,,,,,,,,,,1.467741935483871,,,,,,,,,,,,,,31.9,,,,,,,,,,,,75.8,🟢 低位共振（可重仓潜伏）,🎣 暴力洗盘,,,,
汽车,,,,-0.7116868252502351,,,,,,,,,,,,,,,,,,,,43.4,,2026-06-06 22:50,,,,,,,,,,,,1.841935483870968,,,,,,,,,,,,,,0.0,,,,,,,,,,,,100.0,🟢 低位共振（可重仓潜伏）,🎣 暴力洗盘,,,,
煤炭,,,,-1.762666449918571,,,,,,,,,,,,,,,,,,,,38.5,,2026-06-06 22:50,,,,,,,,,,,,1.3258064516129031,,,,,,,,,,,,,,100.0,,,,,,,,,,,,13.3,🔴 终极逃顶（高风险）,🚨 强制清仓,,,,
美容护理,,,,0.2311905189441576,,,,,,,,,,,,,,,,,,,,38.4,,2026-06-06 22:50,,,,,,,,,,,,1.235483870967742,,,,,,,,,,,,,,27.8,,,,,,,,,,,,41.5,⚪ 安全持仓,☕ 稳健持有,,,,
公用事业,,,,-3.249463391366547,,,,,,,,,,,,,,,,,,,,38.4,,2026-06-06 22:50,,,,,,,,,,,,1.5838709677419356,,,,,,,,,,,,,,87.7,,,,,,,,,,,,34.6,🔴 终极逃顶（高风险）,🛑 崩盘前夕,,,,
食品饮料,,,,-0.1619587582831094,,,,,,,,,,,,,,,,,,,,38.4,,2026-06-06 22:50,,,,,,,,,,,,1.0935483870967744,,,,,,,,,,,,,,74.7,,,,,,,,,,,,52.8,🟠 高位能量耗尽（大幅减仓）,⚠️ 强弩之末,,,,
钢铁,,,,0.3198585618749083,,,,,,,,,,,,,,,,,,,,37.9,,2026-06-06 22:50,,,,,,,,,,,,1.2096774193548387,,,,,,,,,,,,,,30.9,,,,,,,,,,,,81.3,🟢 低位共振（可重仓潜伏）,🎣 暴力洗盘,,,,
房地产,,,,-0.6594401974836739,,,,,,,,,,,,,,,,,,,,37.7,,2026-06-06 22:50,,,,,,,,,,,,1.2870967741935484,,,,,,,,,,,,,,52.1,,,,,,,,,,,,79.5,🟢 低位共振（可重仓潜伏）,🎣 暴力洗盘,,,,
农林牧渔,,,,-0.3225468635459139,,,,,,,,,,,,,,,,,,,,36.9,,2026-06-06 22:50,,,,,,,,,,,,1.3516129032258064,,,,,,,,,,,,,,22.3,,,,,,,,,,,,26.2,⚪ 安全持仓,☕ 稳健持有,,,,
家用电器,,,,-0.1731009853353948,,,,,,,,,,,,,,,,,,,,29.9,,2026-06-06 22:50,,,,,,,,,,,,1.1193548387096774,,,,,,,,,,,,,,77.8,,,,,,,,,,,,95.1,🟠 高位能量耗尽（大幅减仓）,⚠️ 强弩之末,,,,
非银金融,,,,-0.3431599160769516,,,,,,,,,,,,,,,,,,,,26.7,,2026-06-06 22:50,,,,,,,,,,,,1.1580645161290324,,,,,,,,,,,,,,27.2,,,,,,,,,,,,91.7,🟢 低位共振（可重仓潜伏）,🎣 暴力洗盘,,,,
机械设备,,,,0.2901100991605787,,,,,,,,,,,,,,,,,,,,81.8,,2026-06-06 22:51,,,,,,,,,,,,2.074193548387097,,,,,,,,,,,,,,90.7,,,,,,,,,,,,1.2,🔴 终极逃顶（高风险）,🛑 崩盘前夕,,,,
银行,,,,1.3320451942074651,,,,,,,,,,,,,,,,,,,,81.3,,2026-06-06 22:51,,,,,,,,,,,,1.5193548387096776,,,,,,,,,,,,,,0.0,,,,,,,,,,,,100.0,🟢 低位共振（可重仓潜伏）,🚀 满仓做多,,,,
基础化工,,,,0.47529810363518,,,,,,,,,,,,,,,,,,,,77.9,,2026-06-06 22:51,,,,,,,,,,,,2.074193548387097,,,,,,,,,,,,,,15.0,,,,,,,,,,,,75.9,🟢 低位共振（可重仓潜伏）,🚀 满仓做多,,,,
石油石化,,,,0.6083390806321143,,,,,,,,,,,,,,,,,,,,71.8,,2026-06-06 22:51,,,,,,,,,,,,1.6741935483870969,,,,,,,,,,,,,,74.7,,,,,,,,,,,,79.1,🟠 高位能量耗尽（大幅减仓）,⚠️ 强弩之末,,,,
国防军工,,,,0.15117815638781,,,,,,,,,,,,,,,,,,,,69.2,,2026-06-06 22:51,,,,,,,,,,,,1.9322580645161287,,,,,,,,,,,,,,61.3,,,,,,,,,,,,33.8,🟡 预警（观察减持）,🎣 暴力洗盘,,,,
轻工制造,,,,0.0786156616452204,,,,,,,,,,,,,,,,,,,,63.2,,2026-06-06 22:51,,,,,,,,,,,,1.5838709677419356,,,,,,,,,,,,,,0.0,,,,,,,,,,,,100.0,🟢 低位共振（可重仓潜伏）,🌱 底仓潜伏,,,,
建筑材料,,,,-0.0550665903571556,,,,,,,,,,,,,,,,,,,,60.7,,2026-06-06 22:51,,,,,,,,,,,,1.6741935483870969,,,,,,,,,,,,,,100.0,,,,,,,,,,,,0.0,🔴 终极逃顶（高风险）,🛑 崩盘前夕,,,,
商贸零售,,,,1.0473660351898006,,,,,,,,,,,,,,,,,,,,60.3,,2026-06-06 22:51,,,,,,,,,,,,1.5838709677419356,,,,,,,,,,,,,,32.8,,,,,,,,,,,,84.6,🟢 低位共振（可重仓潜伏）,🌱 底仓潜伏,,,,
电子,,,,-3.5880440563486826,,,,,,,,,,,,,,,,,,,,59.1,,2026-06-06 22:51,,,,,,,,,,,,1.7774193548387096,,,,,,,,,,,,,,100.0,,,,,,,,,,,,0.0,🔴 终极逃顶（高风险）,🛑 崩盘前夕,,,,
社会服务,,,,0.6480963955649788,,,,,,,,,,,,,,,,,,,,58.9,,2026-06-06 22:51,,,,,,,,,,,,1.6741935483870969,,,,,,,,,,,,,,4.2,,,,,,,,,,,,95.8,🟢 低位共振（可重仓潜伏）,🌱 底仓潜伏,,,,
通信,,,,-3.115448392095044,,,,,,,,,,,,,,,,,,,,55.2,,2026-06-06 22:51,,,,,,,,,,,,1.8161290322580643,,,,,,,,,,,,,,95.5,,,,,,,,,,,,0.0,🔴 终极逃顶（高风险）,🛑 崩盘前夕,,,,
医药生物,,,,-0.0384031012948149,,,,,,,,,,,,,,,,,,,,54.0,,2026-06-06 22:51,,,,,,,,,,,,1.1838709677419357,,,,,,,,,,,,,,0.3,,,,,,,,,,,,100.0,🟢 低位共振（可重仓潜伏）,🌱 底仓潜伏,,,,
有色金属,,,,-1.772606644163166,,,,,,,,,,,,,,,,,,,,52.2,,2026-06-06 22:51,,,,,,,,,,,,1.6741935483870969,,,,,,,,,,,,,,100.0,,,,,,,,,,,,0.0,🔴 终极逃顶（高风险）,🛑 崩盘前夕,,,,
计算机,,,,-0.5178292461785361,,,,,,,,,,,,,,,,,,,,50.7,,2026-06-06 22:51,,,,,,,,,,,,1.9064516129032256,,,,,,,,,,,,,,54.6,,,,,,,,,,,,0.4,⚪ 安全持仓,🎣 暴力洗盘,,,,
电力设备,,,,-1.7909268722896,,,,,,,,,,,,,,,,,,,,48.2,,2026-06-06 22:51,,,,,,,,,,,,1.403225806451613,,,,,,,,,,,,,,5.4,,,,,,,,,,,,37.8,⚪ 安全持仓,☕ 稳健持有,,,,
综合,,,,-0.0955617388131324,,,,,,,,,,,,,,,,,,,,46.8,,2026-06-06 22:51,,,,,,,,,,,,2.048387096774194,,,,,,,,,,,,,,92.7,,,,,,,,,,,,0.0,🔴 终极逃顶（高风险）,🛑 崩盘前夕,,,,
纺织服饰,,,,0.3652399414588947,,,,,,,,,,,,,,,,,,,,46.7,,2026-06-06 22:51,,,,,,,,,,,,1.5064516129032255,,,,,,,,,,,,,,2.8,,,,,,,,,,,,33.0,⚪ 安全持仓,☕ 稳健持有,,,,
交通运输,,,,0.506325468890978,,,,,,,,,,,,,,,,,,,,46.5,,2026-06-06 22:51,,,,,,,,,,,,1.0935483870967744,,,,,,,,,,,,,,7.2,,,,,,,,,,,,100.0,🟢 低位共振（可重仓潜伏）,🌱 底仓潜伏,,,,
建筑装饰,,,,-0.064530314907929,,,,,,,,,,,,,,,,,,,,45.2,,2026-06-06 22:51,,,,,,,,,,,,1.2225806451612904,,,,,,,,,,,,,,16.7,,,,,,,,,,,,100.0,🟢 低位共振（可重仓潜伏）,🎣 暴力洗盘,,,,
传媒,,,,0.528169014084523,,,,,,,,,,,,,,,,,,,,45.0,,2026-06-06 22:51,,,,,,,,,,,,1.2741935483870968,,,,,,,,,,,,,,46.5,,,,,,,,,,,,20.1,⚪ 安全持仓,☕ 稳健持有,,,,
环保,,,,-0.3748017875161991,,,,,,,,,,,,,,,,,,,,43.5,,2026-06-06 22:51,,,,,,,,,,,,1.467741935483871,,,,,,,,,,,,,,31.9,,,,,,,,,,,,75.8,🟢 低位共振（可重仓潜伏）,🎣 暴力洗盘,,,,
汽车,,,,-0.7116868252502351,,,,,,,,,,,,,,,,,,,,43.4,,2026-06-06 22:51,,,,,,,,,,,,1.841935483870968,,,,,,,,,,,,,,0.0,,,,,,,,,,,,100.0,🟢 低位共振（可重仓潜伏）,🎣 暴力洗盘,,,,
煤炭,,,,-1.762666449918571,,,,,,,,,,,,,,,,,,,,38.5,,2026-06-06 22:51,,,,,,,,,,,,1.3258064516129031,,,,,,,,,,,,,,100.0,,,,,,,,,,,,13.3,🔴 终极逃顶（高风险）,🚨 强制清仓,,,,
美容护理,,,,0.2311905189441576,,,,,,,,,,,,,,,,,,,,38.4,,2026-06-06 22:51,,,,,,,,,,,,1.235483870967742,,,,,,,,,,,,,,27.8,,,,,,,,,,,,41.5,⚪ 安全持仓,☕ 稳健持有,,,,
公用事业,,,,-3.249463391366547,,,,,,,,,,,,,,,,,,,,38.4,,2026-06-06 22:51,,,,,,,,,,,,1.5838709677419356,,,,,,,,,,,,,,87.7,,,,,,,,,,,,34.6,🔴 终极逃顶（高风险）,🛑 崩盘前夕,,,,
食品饮料,,,,-0.1619587582831094,,,,,,,,,,,,,,,,,,,,38.4,,2026-06-06 22:51,,,,,,,,,,,,1.0935483870967744,,,,,,,,,,,,,,74.7,,,,,,,,,,,,52.8,🟠 高位能量耗尽（大幅减仓）,⚠️ 强弩之末,,,,
钢铁,,,,0.3198585618749083,,,,,,,,,,,,,,,,,,,,37.9,,2026-06-06 22:51,,,,,,,,,,,,1.2096774193548387,,,,,,,,,,,,,,30.9,,,,,,,,,,,,81.3,🟢 低位共振（可重仓潜伏）,🎣 暴力洗盘,,,,
房地产,,,,-0.6594401974836739,,,,,,,,,,,,,,,,,,,,37.7,,2026-06-06 22:51,,,,,,,,,,,,1.2870967741935484,,,,,,,,,,,,,,52.1,,,,,,,,,,,,79.5,🟢 低位共振（可重仓潜伏）,🎣 暴力洗盘,,,,
农林牧渔,,,,-0.3225468635459139,,,,,,,,,,,,,,,,,,,,36.9,,2026-06-06 22:51,,,,,,,,,,,,1.3516129032258064,,,,,,,,,,,,,,22.3,,,,,,,,,,,,26.2,⚪ 安全持仓,☕ 稳健持有,,,,
家用电器,,,,-0.1731009853353948,,,,,,,,,,,,,,,,,,,,29.9,,2026-06-06 22:51,,,,,,,,,,,,1.1193548387096774,,,,,,,,,,,,,,77.8,,,,,,,,,,,,95.1,🟠 高位能量耗尽（大幅减仓）,⚠️ 强弩之末,,,,
非银金融,,,,-0.3431599160769516,,,,,,,,,,,,,,,,,,,,26.7,,2026-06-06 22:51,,,,,,,,,,,,1.1580645161290324,,,,,,,,,,,,,,27.2,,,,,,,,,,,,91.7,🟢 低位共振（可重仓潜伏）,🎣 暴力洗盘,,,,
机械设备,,,,0.2901100991605787,,,,,,,,,,,,,,,,,,,,81.8,,2026-06-06 22:52,,,,,,,,,,,,2.074193548387097,,,,,,,,,,,,,,90.7,,,,,,,,,,,,1.2,🔴 终极逃顶（高风险）,🛑 崩盘前夕,,,,
银行,,,,1.3320451942074651,,,,,,,,,,,,,,,,,,,,81.3,,2026-06-06 22:52,,,,,,,,,,,,1.5193548387096776,,,,,,,,,,,,,,0.0,,,,,,,,,,,,100.0,🟢 低位共振（可重仓潜伏）,🚀 满仓做多,,,,
基础化工,,,,0.47529810363518,,,,,,,,,,,,,,,,,,,,77.9,,2026-06-06 22:52,,,,,,,,,,,,2.074193548387097,,,,,,,,,,,,,,15.0,,,,,,,,,,,,75.9,🟢 低位共振（可重仓潜伏）,🚀 满仓做多,,,,
石油石化,,,,0.6083390806321143,,,,,,,,,,,,,,,,,,,,71.8,,2026-06-06 22:52,,,,,,,,,,,,1.6741935483870969,,,,,,,,,,,,,,74.7,,,,,,,,,,,,79.1,🟠 高位能量耗尽（大幅减仓）,⚠️ 强弩之末,,,,
国防军工,,,,0.15117815638781,,,,,,,,,,,,,,,,,,,,69.2,,2026-06-06 22:52,,,,,,,,,,,,1.9322580645161287,,,,,,,,,,,,,,61.3,,,,,,,,,,,,33.8,🟡 预警（观察减持）,🎣 暴力洗盘,,,,
轻工制造,,,,0.0786156616452204,,,,,,,,,,,,,,,,,,,,63.2,,2026-06-06 22:52,,,,,,,,,,,,1.5838709677419356,,,,,,,,,,,,,,0.0,,,,,,,,,,,,100.0,🟢 低位共振（可重仓潜伏）,🌱 底仓潜伏,,,,
建筑材料,,,,-0.0550665903571556,,,,,,,,,,,,,,,,,,,,60.7,,2026-06-06 22:52,,,,,,,,,,,,1.6741935483870969,,,,,,,,,,,,,,100.0,,,,,,,,,,,,0.0,🔴 终极逃顶（高风险）,🛑 崩盘前夕,,,,
商贸零售,,,,1.0473660351898006,,,,,,,,,,,,,,,,,,,,60.3,,2026-06-06 22:52,,,,,,,,,,,,1.5838709677419356,,,,,,,,,,,,,,32.8,,,,,,,,,,,,84.6,🟢 低位共振（可重仓潜伏）,🌱 底仓潜伏,,,,
电子,,,,-3.5880440563486826,,,,,,,,,,,,,,,,,,,,59.1,,2026-06-06 22:52,,,,,,,,,,,,1.7774193548387096,,,,,,,,,,,,,,100.0,,,,,,,,,,,,0.0,🔴 终极逃顶（高风险）,🛑 崩盘前夕,,,,
社会服务,,,,0.6480963955649788,,,,,,,,,,,,,,,,,,,,58.9,,2026-06-06 22:52,,,,,,,,,,,,1.6741935483870969,,,,,,,,,,,,,,4.2,,,,,,,,,,,,95.8,🟢 低位共振（可重仓潜伏）,🌱 底仓潜伏,,,,
通信,,,,-3.115448392095044,,,,,,,,,,,,,,,,,,,,55.2,,2026-06-06 22:52,,,,,,,,,,,,1.8161290322580643,,,,,,,,,,,,,,95.5,,,,,,,,,,,,0.0,🔴 终极逃顶（高风险）,🛑 崩盘前夕,,,,
医药生物,,,,-0.0384031012948149,,,,,,,,,,,,,,,,,,,,54.0,,2026-06-06 22:52,,,,,,,,,,,,1.1838709677419357,,,,,,,,,,,,,,0.3,,,,,,,,,,,,100.0,🟢 低位共振（可重仓潜伏）,🌱 底仓潜伏,,,,
有色金属,,,,-1.772606644163166,,,,,,,,,,,,,,,,,,,,52.2,,2026-06-06 22:52,,,,,,,,,,,,1.6741935483870969,,,,,,,,,,,,,,100.0,,,,,,,,,,,,0.0,🔴 终极逃顶（高风险）,🛑 崩盘前夕,,,,
计算机,,,,-0.5178292461785361,,,,,,,,,,,,,,,,,,,,50.7,,2026-06-06 22:52,,,,,,,,,,,,1.9064516129032256,,,,,,,,,,,,,,54.6,,,,,,,,,,,,0.4,⚪ 安全持仓,🎣 暴力洗盘,,,,
电力设备,,,,-1.7909268722896,,,,,,,,,,,,,,,,,,,,48.2,,2026-06-06 22:52,,,,,,,,,,,,1.403225806451613,,,,,,,,,,,,,,5.4,,,,,,,,,,,,37.8,⚪ 安全持仓,☕ 稳健持有,,,,
综合,,,,-0.0955617388131324,,,,,,,,,,,,,,,,,,,,46.8,,2026-06-06 22:52,,,,,,,,,,,,2.048387096774194,,,,,,,,,,,,,,92.7,,,,,,,,,,,,0.0,🔴 终极逃顶（高风险）,🛑 崩盘前夕,,,,
纺织服饰,,,,0.3652399414588947,,,,,,,,,,,,,,,,,,,,46.7,,2026-06-06 22:52,,,,,,,,,,,,1.5064516129032255,,,,,,,,,,,,,,2.8,,,,,,,,,,,,33.0,⚪ 安全持仓,☕ 稳健持有,,,,
交通运输,,,,0.506325468890978,,,,,,,,,,,,,,,,,,,,46.5,,2026-06-06 22:52,,,,,,,,,,,,1.0935483870967744,,,,,,,,,,,,,,7.2,,,,,,,,,,,,100.0,🟢 低位共振（可重仓潜伏）,🌱 底仓潜伏,,,,
建筑装饰,,,,-0.064530314907929,,,,,,,,,,,,,,,,,,,,45.2,,2026-06-06 22:52,,,,,,,,,,,,1.2225806451612904,,,,,,,,,,,,,,16.7,,,,,,,,,,,,100.0,🟢 低位共振（可重仓潜伏）,🎣 暴力洗盘,,,,
传媒,,,,0.528169014084523,,,,,,,,,,,,,,,,,,,,45.0,,2026-06-06 22:52,,,,,,,,,,,,1.2741935483870968,,,,,,,,,,,,,,46.5,,,,,,,,,,,,20.1,⚪ 安全持仓,☕ 稳健持有,,,,
环保,,,,-0.3748017875161991,,,,,,,,,,,,,,,,,,,,43.5,,2026-06-06 22:52,,,,,,,,,,,,1.467741935483871,,,,,,,,,,,,,,31.9,,,,,,,,,,,,75.8,🟢 低位共振（可重仓潜伏）,🎣 暴力洗盘,,,,
汽车,,,,-0.7116868252502351,,,,,,,,,,,,,,,,,,,,43.4,,2026-06-06 22:52,,,,,,,,,,,,1.841935483870968,,,,,,,,,,,,,,0.0,,,,,,,,,,,,100.0,🟢 低位共振（可重仓潜伏）,🎣 暴力洗盘,,,,
煤炭,,,,-1.762666449918571,,,,,,,,,,,,,,,,,,,,38.5,,2026-06-06 22:52,,,,,,,,,,,,1.3258064516129031,,,,,,,,,,,,,,100.0,,,,,,,,,,,,13.3,🔴 终极逃顶（高风险）,🚨 强制清仓,,,,
美容护理,,,,0.2311905189441576,,,,,,,,,,,,,,,,,,,,38.4,,2026-06-06 22:52,,,,,,,,,,,,1.235483870967742,,,,,,,,,,,,,,27.8,,,,,,,,,,,,41.5,⚪ 安全持仓,☕ 稳健持有,,,,
公用事业,,,,-3.249463391366547,,,,,,,,,,,,,,,,,,,,38.4,,2026-06-06 22:52,,,,,,,,,,,,1.5838709677419356,,,,,,,,,,,,,,87.7,,,,,,,,,,,,34.6,🔴 终极逃顶（高风险）,🛑 崩盘前夕,,,,
食品饮料,,,,-0.1619587582831094,,,,,,,,,,,,,,,,,,,,38.4,,2026-06-06 22:52,,,,,,,,,,,,1.0935483870967744,,,,,,,,,,,,,,74.7,,,,,,,,,,,,52.8,🟠 高位能量耗尽（大幅减仓）,⚠️ 强弩之末,,,,
钢铁,,,,0.3198585618749083,,,,,,,,,,,,,,,,,,,,37.9,,2026-06-06 22:52,,,,,,,,,,,,1.2096774193548387,,,,,,,,,,,,,,30.9,,,,,,,,,,,,81.3,🟢 低位共振（可重仓潜伏）,🎣 暴力洗盘,,,,
房地产,,,,-0.6594401974836739,,,,,,,,,,,,,,,,,,,,37.7,,2026-06-06 22:52,,,,,,,,,,,,1.2870967741935484,,,,,,,,,,,,,,52.1,,,,,,,,,,,,79.5,🟢 低位共振（可重仓潜伏）,🎣 暴力洗盘,,,,
农林牧渔,,,,-0.3225468635459139,,,,,,,,,,,,,,,,,,,,36.9,,2026-06-06 22:52,,,,,,,,,,,,1.3516129032258064,,,,,,,,,,,,,,22.3,,,,,,,,,,,,26.2,⚪ 安全持仓,☕ 稳健持有,,,,
家用电器,,,,-0.1731009853353948,,,,,,,,,,,,,,,,,,,,29.9,,2026-06-06 22:52,,,,,,,,,,,,1.1193548387096774,,,,,,,,,,,,,,77.8,,,,,,,,,,,,95.1,🟠 高位能量耗尽（大幅减仓）,⚠️ 强弩之末,,,,
非银金融,,,,-0.3431599160769516,,,,,,,,,,,,,,,,,,,,26.7,,2026-06-06 22:52,,,,,,,,,,,,1.1580645161290324,,,,,,,,,,,,,,27.2,,,,,,,,,,,,91.7,🟢 低位共振（可重仓潜伏）,🎣 暴力洗盘,,,,
机械设备,,,,0.2901100991605787,,,,,,,,,,,,,,,,,,,,81.8,,2026-06-06 23:43,,,,,,,,,,,,2.074193548387097,,,,,,,,,,,,,,90.7,,,,,,,,,,,,1.2,🔴 终极逃顶（高风险）,🛑 崩盘前夕,,,,
银行,,,,1.3320451942074651,,,,,,,,,,,,,,,,,,,,81.3,,2026-06-06 23:43,,,,,,,,,,,,1.5193548387096776,,,,,,,,,,,,,,0.0,,,,,,,,,,,,100.0,🟢 低位共振（可重仓潜伏）,🚀 满仓做多,,,,
基础化工,,,,0.47529810363518,,,,,,,,,,,,,,,,,,,,77.9,,2026-06-06 23:43,,,,,,,,,,,,2.074193548387097,,,,,,,,,,,,,,15.0,,,,,,,,,,,,75.9,🟢 低位共振（可重仓潜伏）,🚀 满仓做多,,,,
石油石化,,,,0.6083390806321143,,,,,,,,,,,,,,,,,,,,71.8,,2026-06-06 23:43,,,,,,,,,,,,1.6741935483870969,,,,,,,,,,,,,,74.7,,,,,,,,,,,,79.1,🟠 高位能量耗尽（大幅减仓）,⚠️ 强弩之末,,,,
国防军工,,,,0.15117815638781,,,,,,,,,,,,,,,,,,,,69.2,,2026-06-06 23:43,,,,,,,,,,,,1.9322580645161287,,,,,,,,,,,,,,61.3,,,,,,,,,,,,33.8,🟡 预警（观察减持）,🎣 暴力洗盘,,,,
轻工制造,,,,0.0786156616452204,,,,,,,,,,,,,,,,,,,,63.2,,2026-06-06 23:43,,,,,,,,,,,,1.5838709677419356,,,,,,,,,,,,,,0.0,,,,,,,,,,,,100.0,🟢 低位共振（可重仓潜伏）,🌱 底仓潜伏,,,,
建筑材料,,,,-0.0550665903571556,,,,,,,,,,,,,,,,,,,,60.7,,2026-06-06 23:43,,,,,,,,,,,,1.6741935483870969,,,,,,,,,,,,,,100.0,,,,,,,,,,,,0.0,🔴 终极逃顶（高风险）,🛑 崩盘前夕,,,,
商贸零售,,,,1.0473660351898006,,,,,,,,,,,,,,,,,,,,60.3,,2026-06-06 23:43,,,,,,,,,,,,1.5838709677419356,,,,,,,,,,,,,,32.8,,,,,,,,,,,,84.6,🟢 低位共振（可重仓潜伏）,🌱 底仓潜伏,,,,
电子,,,,-3.5880440563486826,,,,,,,,,,,,,,,,,,,,59.1,,2026-06-06 23:43,,,,,,,,,,,,1.7774193548387096,,,,,,,,,,,,,,100.0,,,,,,,,,,,,0.0,🔴 终极逃顶（高风险）,🛑 崩盘前夕,,,,
社会服务,,,,0.6480963955649788,,,,,,,,,,,,,,,,,,,,58.9,,2026-06-06 23:43,,,,,,,,,,,,1.6741935483870969,,,,,,,,,,,,,,4.2,,,,,,,,,,,,95.8,🟢 低位共振（可重仓潜伏）,🌱 底仓潜伏,,,,
通信,,,,-3.115448392095044,,,,,,,,,,,,,,,,,,,,55.2,,2026-06-06 23:43,,,,,,,,,,,,1.8161290322580643,,,,,,,,,,,,,,95.5,,,,,,,,,,,,0.0,🔴 终极逃顶（高风险）,🛑 崩盘前夕,,,,
医药生物,,,,-0.0384031012948149,,,,,,,,,,,,,,,,,,,,54.0,,2026-06-06 23:43,,,,,,,,,,,,1.1838709677419357,,,,,,,,,,,,,,0.3,,,,,,,,,,,,100.0,🟢 低位共振（可重仓潜伏）,🌱 底仓潜伏,,,,
有色金属,,,,-1.772606644163166,,,,,,,,,,,,,,,,,,,,52.2,,2026-06-06 23:43,,,,,,,,,,,,1.6741935483870969,,,,,,,,,,,,,,100.0,,,,,,,,,,,,0.0,🔴 终极逃顶（高风险）,🛑 崩盘前夕,,,,
计算机,,,,-0.5178292461785361,,,,,,,,,,,,,,,,,,,,50.7,,2026-06-06 23:43,,,,,,,,,,,,1.9064516129032256,,,,,,,,,,,,,,54.6,,,,,,,,,,,,0.4,⚪ 安全持仓,🎣 暴力洗盘,,,,
电力设备,,,,-1.7909268722896,,,,,,,,,,,,,,,,,,,,48.2,,2026-06-06 23:43,,,,,,,,,,,,1.403225806451613,,,,,,,,,,,,,,5.4,,,,,,,,,,,,37.8,⚪ 安全持仓,☕ 稳健持有,,,,
综合,,,,-0.0955617388131324,,,,,,,,,,,,,,,,,,,,46.8,,2026-06-06 23:43,,,,,,,,,,,,2.048387096774194,,,,,,,,,,,,,,92.7,,,,,,,,,,,,0.0,🔴 终极逃顶（高风险）,🛑 崩盘前夕,,,,
纺织服饰,,,,0.3652399414588947,,,,,,,,,,,,,,,,,,,,46.7,,2026-06-06 23:43,,,,,,,,,,,,1.5064516129032255,,,,,,,,,,,,,,2.8,,,,,,,,,,,,33.0,⚪ 安全持仓,☕ 稳健持有,,,,
交通运输,,,,0.506325468890978,,,,,,,,,,,,,,,,,,,,46.5,,2026-06-06 23:43,,,,,,,,,,,,1.0935483870967744,,,,,,,,,,,,,,7.2,,,,,,,,,,,,100.0,🟢 低位共振（可重仓潜伏）,🌱 底仓潜伏,,,,
建筑装饰,,,,-0.064530314907929,,,,,,,,,,,,,,,,,,,,45.2,,2026-06-06 23:43,,,,,,,,,,,,1.2225806451612904,,,,,,,,,,,,,,16.7,,,,,,,,,,,,100.0,🟢 低位共振（可重仓潜伏）,🎣 暴力洗盘,,,,
传媒,,,,0.528169014084523,,,,,,,,,,,,,,,,,,,,45.0,,2026-06-06 23:43,,,,,,,,,,,,1.2741935483870968,,,,,,,,,,,,,,46.5,,,,,,,,,,,,20.1,⚪ 安全持仓,☕ 稳健持有,,,,
环保,,,,-0.3748017875161991,,,,,,,,,,,,,,,,,,,,43.5,,2026-06-06 23:43,,,,,,,,,,,,1.467741935483871,,,,,,,,,,,,,,31.9,,,,,,,,,,,,75.8,🟢 低位共振（可重仓潜伏）,🎣 暴力洗盘,,,,
汽车,,,,-0.7116868252502351,,,,,,,,,,,,,,,,,,,,43.4,,2026-06-06 23:43,,,,,,,,,,,,1.841935483870968,,,,,,,,,,,,,,0.0,,,,,,,,,,,,100.0,🟢 低位共振（可重仓潜伏）,🎣 暴力洗盘,,,,
煤炭,,,,-1.762666449918571,,,,,,,,,,,,,,,,,,,,38.5,,2026-06-06 23:43,,,,,,,,,,,,1.3258064516129031,,,,,,,,,,,,,,100.0,,,,,,,,,,,,13.3,🔴 终极逃顶（高风险）,🚨 强制清仓,,,,
美容护理,,,,0.2311905189441576,,,,,,,,,,,,,,,,,,,,38.4,,2026-06-06 23:43,,,,,,,,,,,,1.235483870967742,,,,,,,,,,,,,,27.8,,,,,,,,,,,,41.5,⚪ 安全持仓,☕ 稳健持有,,,,
公用事业,,,,-3.249463391366547,,,,,,,,,,,,,,,,,,,,38.4,,2026-06-06 23:43,,,,,,,,,,,,1.5838709677419356,,,,,,,,,,,,,,87.7,,,,,,,,,,,,34.6,🔴 终极逃顶（高风险）,🛑 崩盘前夕,,,,
食品饮料,,,,-0.1619587582831094,,,,,,,,,,,,,,,,,,,,38.4,,2026-06-06 23:43,,,,,,,,,,,,1.0935483870967744,,,,,,,,,,,,,,74.7,,,,,,,,,,,,52.8,🟠 高位能量耗尽（大幅减仓）,⚠️ 强弩之末,,,,
钢铁,,,,0.3198585618749083,,,,,,,,,,,,,,,,,,,,37.9,,2026-06-06 23:43,,,,,,,,,,,,1.2096774193548387,,,,,,,,,,,,,,30.9,,,,,,,,,,,,81.3,🟢 低位共振（可重仓潜伏）,🎣 暴力洗盘,,,,
房地产,,,,-0.6594401974836739,,,,,,,,,,,,,,,,,,,,37.7,,2026-06-06 23:43,,,,,,,,,,,,1.2870967741935484,,,,,,,,,,,,,,52.1,,,,,,,,,,,,79.5,🟢 低位共振（可重仓潜伏）,🎣 暴力洗盘,,,,
农林牧渔,,,,-0.3225468635459139,,,,,,,,,,,,,,,,,,,,36.9,,2026-06-06 23:43,,,,,,,,,,,,1.3516129032258064,,,,,,,,,,,,,,22.3,,,,,,,,,,,,26.2,⚪ 安全持仓,☕ 稳健持有,,,,
家用电器,,,,-0.1731009853353948,,,,,,,,,,,,,,,,,,,,29.9,,2026-06-06 23:43,,,,,,,,,,,,1.1193548387096774,,,,,,,,,,,,,,77.8,,,,,,,,,,,,95.1,🟠 高位能量耗尽（大幅减仓）,⚠️ 强弩之末,,,,
非银金融,,,,-0.3431599160769516,,,,,,,,,,,,,,,,,,,,26.7,,2026-06-06 23:43,,,,,,,,,,,,1.1580645161290324,,,,,,,,,,,,,,27.2,,,,,,,,,,,,91.7,🟢 低位共振（可重仓潜伏）,🎣 暴力洗盘,,,,
机械设备,,,,0.2901100991605787,,,,,,,,,,,,,,,,,,,,81.8,,2026-06-06 23:44,,,,,,,,,,,,2.074193548387097,,,,,,,,,,,,,,90.7,,,,,,,,,,,,1.2,🔴 终极逃顶（高风险）,🛑 崩盘前夕,,,,
银行,,,,1.3320451942074651,,,,,,,,,,,,,,,,,,,,81.3,,2026-06-06 23:44,,,,,,,,,,,,1.5193548387096776,,,,,,,,,,,,,,0.0,,,,,,,,,,,,100.0,🟢 低位共振（可重仓潜伏）,🚀 满仓做多,,,,
基础化工,,,,0.47529810363518,,,,,,,,,,,,,,,,,,,,77.9,,2026-06-06 23:44,,,,,,,,,,,,2.074193548387097,,,,,,,,,,,,,,15.0,,,,,,,,,,,,75.9,🟢 低位共振（可重仓潜伏）,🚀 满仓做多,,,,
石油石化,,,,0.6083390806321143,,,,,,,,,,,,,,,,,,,,71.8,,2026-06-06 23:44,,,,,,,,,,,,1.6741935483870969,,,,,,,,,,,,,,74.7,,,,,,,,,,,,79.1,🟠 高位能量耗尽（大幅减仓）,⚠️ 强弩之末,,,,
国防军工,,,,0.15117815638781,,,,,,,,,,,,,,,,,,,,69.2,,2026-06-06 23:44,,,,,,,,,,,,1.9322580645161287,,,,,,,,,,,,,,61.3,,,,,,,,,,,,33.8,🟡 预警（观察减持）,🎣 暴力洗盘,,,,
轻工制造,,,,0.0786156616452204,,,,,,,,,,,,,,,,,,,,63.2,,2026-06-06 23:44,,,,,,,,,,,,1.5838709677419356,,,,,,,,,,,,,,0.0,,,,,,,,,,,,100.0,🟢 低位共振（可重仓潜伏）,🌱 底仓潜伏,,,,
建筑材料,,,,-0.0550665903571556,,,,,,,,,,,,,,,,,,,,60.7,,2026-06-06 23:44,,,,,,,,,,,,1.6741935483870969,,,,,,,,,,,,,,100.0,,,,,,,,,,,,0.0,🔴 终极逃顶（高风险）,🛑 崩盘前夕,,,,
商贸零售,,,,1.0473660351898006,,,,,,,,,,,,,,,,,,,,60.3,,2026-06-06 23:44,,,,,,,,,,,,1.5838709677419356,,,,,,,,,,,,,,32.8,,,,,,,,,,,,84.6,🟢 低位共振（可重仓潜伏）,🌱 底仓潜伏,,,,
电子,,,,-3.5880440563486826,,,,,,,,,,,,,,,,,,,,59.1,,2026-06-06 23:44,,,,,,,,,,,,1.7774193548387096,,,,,,,,,,,,,,100.0,,,,,,,,,,,,0.0,🔴 终极逃顶（高风险）,🛑 崩盘前夕,,,,
社会服务,,,,0.6480963955649788,,,,,,,,,,,,,,,,,,,,58.9,,2026-06-06 23:44,,,,,,,,,,,,1.6741935483870969,,,,,,,,,,,,,,4.2,,,,,,,,,,,,95.8,🟢 低位共振（可重仓潜伏）,🌱 底仓潜伏,,,,
通信,,,,-3.115448392095044,,,,,,,,,,,,,,,,,,,,55.2,,2026-06-06 23:44,,,,,,,,,,,,1.8161290322580643,,,,,,,,,,,,,,95.5,,,,,,,,,,,,0.0,🔴 终极逃顶（高风险）,🛑 崩盘前夕,,,,
医药生物,,,,-0.0384031012948149,,,,,,,,,,,,,,,,,,,,54.0,,2026-06-06 23:44,,,,,,,,,,,,1.1838709677419357,,,,,,,,,,,,,,0.3,,,,,,,,,,,,100.0,🟢 低位共振（可重仓潜伏）,🌱 底仓潜伏,,,,
有色金属,,,,-1.772606644163166,,,,,,,,,,,,,,,,,,,,52.2,,2026-06-06 23:44,,,,,,,,,,,,1.6741935483870969,,,,,,,,,,,,,,100.0,,,,,,,,,,,,0.0,🔴 终极逃顶（高风险）,🛑 崩盘前夕,,,,
计算机,,,,-0.5178292461785361,,,,,,,,,,,,,,,,,,,,50.7,,2026-06-06 23:44,,,,,,,,,,,,1.9064516129032256,,,,,,,,,,,,,,54.6,,,,,,,,,,,,0.4,⚪ 安全持仓,🎣 暴力洗盘,,,,
电力设备,,,,-1.7909268722896,,,,,,,,,,,,,,,,,,,,48.2,,2026-06-06 23:44,,,,,,,,,,,,1.403225806451613,,,,,,,,,,,,,,5.4,,,,,,,,,,,,37.8,⚪ 安全持仓,☕ 稳健持有,,,,
综合,,,,-0.0955617388131324,,,,,,,,,,,,,,,,,,,,46.8,,2026-06-06 23:44,,,,,,,,,,,,2.048387096774194,,,,,,,,,,,,,,92.7,,,,,,,,,,,,0.0,🔴 终极逃顶（高风险）,🛑 崩盘前夕,,,,
纺织服饰,,,,0.3652399414588947,,,,,,,,,,,,,,,,,,,,46.7,,2026-06-06 23:44,,,,,,,,,,,,1.5064516129032255,,,,,,,,,,,,,,2.8,,,,,,,,,,,,33.0,⚪ 安全持仓,☕ 稳健持有,,,,
交通运输,,,,0.506325468890978,,,,,,,,,,,,,,,,,,,,46.5,,2026-06-06 23:44,,,,,,,,,,,,1.0935483870967744,,,,,,,,,,,,,,7.2,,,,,,,,,,,,100.0,🟢 低位共振（可重仓潜伏）,🌱 底仓潜伏,,,,
建筑装饰,,,,-0.064530314907929,,,,,,,,,,,,,,,,,,,,45.2,,2026-06-06 23:44,,,,,,,,,,,,1.2225806451612904,,,,,,,,,,,,,,16.7,,,,,,,,,,,,100.0,🟢 低位共振（可重仓潜伏）,🎣 暴力洗盘,,,,
传媒,,,,0.528169014084523,,,,,,,,,,,,,,,,,,,,45.0,,2026-06-06 23:44,,,,,,,,,,,,1.2741935483870968,,,,,,,,,,,,,,46.5,,,,,,,,,,,,20.1,⚪ 安全持仓,☕ 稳健持有,,,,
环保,,,,-0.3748017875161991,,,,,,,,,,,,,,,,,,,,43.5,,2026-06-06 23:44,,,,,,,,,,,,1.467741935483871,,,,,,,,,,,,,,31.9,,,,,,,,,,,,75.8,🟢 低位共振（可重仓潜伏）,🎣 暴力洗盘,,,,
汽车,,,,-0.7116868252502351,,,,,,,,,,,,,,,,,,,,43.4,,2026-06-06 23:44,,,,,,,,,,,,1.841935483870968,,,,,,,,,,,,,,0.0,,,,,,,,,,,,100.0,🟢 低位共振（可重仓潜伏）,🎣 暴力洗盘,,,,
煤炭,,,,-1.762666449918571,,,,,,,,,,,,,,,,,,,,38.5,,2026-06-06 23:44,,,,,,,,,,,,1.3258064516129031,,,,,,,,,,,,,,100.0,,,,,,,,,,,,13.3,🔴 终极逃顶（高风险）,🚨 强制清仓,,,,
美容护理,,,,0.2311905189441576,,,,,,,,,,,,,,,,,,,,38.4,,2026-06-06 23:44,,,,,,,,,,,,1.235483870967742,,,,,,,,,,,,,,27.8,,,,,,,,,,,,41.5,⚪ 安全持仓,☕ 稳健持有,,,,
公用事业,,,,-3.249463391366547,,,,,,,,,,,,,,,,,,,,38.4,,2026-06-06 23:44,,,,,,,,,,,,1.5838709677419356,,,,,,,,,,,,,,87.7,,,,,,,,,,,,34.6,🔴 终极逃顶（高风险）,🛑 崩盘前夕,,,,
食品饮料,,,,-0.1619587582831094,,,,,,,,,,,,,,,,,,,,38.4,,2026-06-06 23:44,,,,,,,,,,,,1.0935483870967744,,,,,,,,,,,,,,74.7,,,,,,,,,,,,52.8,🟠 高位能量耗尽（大幅减仓）,⚠️ 强弩之末,,,,
钢铁,,,,0.3198585618749083,,,,,,,,,,,,,,,,,,,,37.9,,2026-06-06 23:44,,,,,,,,,,,,1.2096774193548387,,,,,,,,,,,,,,30.9,,,,,,,,,,,,81.3,🟢 低位共振（可重仓潜伏）,🎣 暴力洗盘,,,,
房地产,,,,-0.6594401974836739,,,,,,,,,,,,,,,,,,,,37.7,,2026-06-06 23:44,,,,,,,,,,,,1.2870967741935484,,,,,,,,,,,,,,52.1,,,,,,,,,,,,79.5,🟢 低位共振（可重仓潜伏）,🎣 暴力洗盘,,,,
农林牧渔,,,,-0.3225468635459139,,,,,,,,,,,,,,,,,,,,36.9,,2026-06-06 23:44,,,,,,,,,,,,1.3516129032258064,,,,,,,,,,,,,,22.3,,,,,,,,,,,,26.2,⚪ 安全持仓,☕ 稳健持有,,,,
家用电器,,,,-0.1731009853353948,,,,,,,,,,,,,,,,,,,,29.9,,2026-06-06 23:44,,,,,,,,,,,,1.1193548387096774,,,,,,,,,,,,,,77.8,,,,,,,,,,,,95.1,🟠 高位能量耗尽（大幅减仓）,⚠️ 强弩之末,,,,
非银金融,,,,-0.3431599160769516,,,,,,,,,,,,,,,,,,,,26.7,,2026-06-06 23:44,,,,,,,,,,,,1.1580645161290324,,,,,,,,,,,,,,27.2,,,,,,,,,,,,91.7,🟢 低位共振（可重仓潜伏）,🎣 暴力洗盘,,,,
机械设备,,,,0.2901100991605787,,,,,,,,,,,,,,,,,,,,81.8,,2026-06-06 23:49,,,,,,,,,,,,2.074193548387097,,,,,,,,,,,,,,90.7,,,,,,,,,,,,1.2,🔴 终极逃顶（高风险）,🛑 崩盘前夕,,,,
银行,,,,1.3320451942074651,,,,,,,,,,,,,,,,,,,,81.3,,2026-06-06 23:49,,,,,,,,,,,,1.5193548387096776,,,,,,,,,,,,,,0.0,,,,,,,,,,,,100.0,🟢 低位共振（可重仓潜伏）,🚀 满仓做多,,,,
基础化工,,,,0.47529810363518,,,,,,,,,,,,,,,,,,,,77.9,,2026-06-06 23:49,,,,,,,,,,,,2.074193548387097,,,,,,,,,,,,,,15.0,,,,,,,,,,,,75.9,🟢 低位共振（可重仓潜伏）,🚀 满仓做多,,,,
石油石化,,,,0.6083390806321143,,,,,,,,,,,,,,,,,,,,71.8,,2026-06-06 23:49,,,,,,,,,,,,1.6741935483870969,,,,,,,,,,,,,,74.7,,,,,,,,,,,,79.1,🟠 高位能量耗尽（大幅减仓）,⚠️ 强弩之末,,,,
国防军工,,,,0.15117815638781,,,,,,,,,,,,,,,,,,,,69.2,,2026-06-06 23:49,,,,,,,,,,,,1.9322580645161287,,,,,,,,,,,,,,61.3,,,,,,,,,,,,33.8,🟡 预警（观察减持）,🎣 暴力洗盘,,,,
轻工制造,,,,0.0786156616452204,,,,,,,,,,,,,,,,,,,,63.2,,2026-06-06 23:49,,,,,,,,,,,,1.5838709677419356,,,,,,,,,,,,,,0.0,,,,,,,,,,,,100.0,🟢 低位共振（可重仓潜伏）,🌱 底仓潜伏,,,,
建筑材料,,,,-0.0550665903571556,,,,,,,,,,,,,,,,,,,,60.7,,2026-06-06 23:49,,,,,,,,,,,,1.6741935483870969,,,,,,,,,,,,,,100.0,,,,,,,,,,,,0.0,🔴 终极逃顶（高风险）,🛑 崩盘前夕,,,,
商贸零售,,,,1.0473660351898006,,,,,,,,,,,,,,,,,,,,60.3,,2026-06-06 23:49,,,,,,,,,,,,1.5838709677419356,,,,,,,,,,,,,,32.8,,,,,,,,,,,,84.6,🟢 低位共振（可重仓潜伏）,🌱 底仓潜伏,,,,
电子,,,,-3.5880440563486826,,,,,,,,,,,,,,,,,,,,59.1,,2026-06-06 23:49,,,,,,,,,,,,1.7774193548387096,,,,,,,,,,,,,,100.0,,,,,,,,,,,,0.0,🔴 终极逃顶（高风险）,🛑 崩盘前夕,,,,
社会服务,,,,0.6480963955649788,,,,,,,,,,,,,,,,,,,,58.9,,2026-06-06 23:49,,,,,,,,,,,,1.6741935483870969,,,,,,,,,,,,,,4.2,,,,,,,,,,,,95.8,🟢 低位共振（可重仓潜伏）,🌱 底仓潜伏,,,,
通信,,,,-3.115448392095044,,,,,,,,,,,,,,,,,,,,55.2,,2026-06-06 23:49,,,,,,,,,,,,1.8161290322580643,,,,,,,,,,,,,,95.5,,,,,,,,,,,,0.0,🔴 终极逃顶（高风险）,🛑 崩盘前夕,,,,
医药生物,,,,-0.0384031012948149,,,,,,,,,,,,,,,,,,,,54.0,,2026-06-06 23:49,,,,,,,,,,,,1.1838709677419357,,,,,,,,,,,,,,0.3,,,,,,,,,,,,100.0,🟢 低位共振（可重仓潜伏）,🌱 底仓潜伏,,,,
有色金属,,,,-1.772606644163166,,,,,,,,,,,,,,,,,,,,52.2,,2026-06-06 23:49,,,,,,,,,,,,1.6741935483870969,,,,,,,,,,,,,,100.0,,,,,,,,,,,,0.0,🔴 终极逃顶（高风险）,🛑 崩盘前夕,,,,
计算机,,,,-0.5178292461785361,,,,,,,,,,,,,,,,,,,,50.7,,2026-06-06 23:49,,,,,,,,,,,,1.9064516129032256,,,,,,,,,,,,,,54.6,,,,,,,,,,,,0.4,⚪ 安全持仓,🎣 暴力洗盘,,,,
电力设备,,,,-1.7909268722896,,,,,,,,,,,,,,,,,,,,48.2,,2026-06-06 23:49,,,,,,,,,,,,1.403225806451613,,,,,,,,,,,,,,5.4,,,,,,,,,,,,37.8,⚪ 安全持仓,☕ 稳健持有,,,,
综合,,,,-0.0955617388131324,,,,,,,,,,,,,,,,,,,,46.8,,2026-06-06 23:49,,,,,,,,,,,,2.048387096774194,,,,,,,,,,,,,,92.7,,,,,,,,,,,,0.0,🔴 终极逃顶（高风险）,🛑 崩盘前夕,,,,
纺织服饰,,,,0.3652399414588947,,,,,,,,,,,,,,,,,,,,46.7,,2026-06-06 23:49,,,,,,,,,,,,1.5064516129032255,,,,,,,,,,,,,,2.8,,,,,,,,,,,,33.0,⚪ 安全持仓,☕ 稳健持有,,,,
交通运输,,,,0.506325468890978,,,,,,,,,,,,,,,,,,,,46.5,,2026-06-06 23:49,,,,,,,,,,,,1.0935483870967744,,,,,,,,,,,,,,7.2,,,,,,,,,,,,100.0,🟢 低位共振（可重仓潜伏）,🌱 底仓潜伏,,,,
建筑装饰,,,,-0.064530314907929,,,,,,,,,,,,,,,,,,,,45.2,,2026-06-06 23:49,,,,,,,,,,,,1.2225806451612904,,,,,,,,,,,,,,16.7,,,,,,,,,,,,100.0,🟢 低位共振（可重仓潜伏）,🎣 暴力洗盘,,,,
传媒,,,,0.528169014084523,,,,,,,,,,,,,,,,,,,,45.0,,2026-06-06 23:49,,,,,,,,,,,,1.2741935483870968,,,,,,,,,,,,,,46.5,,,,,,,,,,,,20.1,⚪ 安全持仓,☕ 稳健持有,,,,
环保,,,,-0.3748017875161991,,,,,,,,,,,,,,,,,,,,43.5,,2026-06-06 23:49,,,,,,,,,,,,1.467741935483871,,,,,,,,,,,,,,31.9,,,,,,,,,,,,75.8,🟢 低位共振（可重仓潜伏）,🎣 暴力洗盘,,,,
汽车,,,,-0.7116868252502351,,,,,,,,,,,,,,,,,,,,43.4,,2026-06-06 23:49,,,,,,,,,,,,1.841935483870968,,,,,,,,,,,,,,0.0,,,,,,,,,,,,100.0,🟢 低位共振（可重仓潜伏）,🎣 暴力洗盘,,,,
煤炭,,,,-1.762666449918571,,,,,,,,,,,,,,,,,,,,38.5,,2026-06-06 23:49,,,,,,,,,,,,1.3258064516129031,,,,,,,,,,,,,,100.0,,,,,,,,,,,,13.3,🔴 终极逃顶（高风险）,🚨 强制清仓,,,,
美容护理,,,,0.2311905189441576,,,,,,,,,,,,,,,,,,,,38.4,,2026-06-06 23:49,,,,,,,,,,,,1.235483870967742,,,,,,,,,,,,,,27.8,,,,,,,,,,,,41.5,⚪ 安全持仓,☕ 稳健持有,,,,
公用事业,,,,-3.249463391366547,,,,,,,,,,,,,,,,,,,,38.4,,2026-06-06 23:49,,,,,,,,,,,,1.5838709677419356,,,,,,,,,,,,,,87.7,,,,,,,,,,,,34.6,🔴 终极逃顶（高风险）,🛑 崩盘前夕,,,,
食品饮料,,,,-0.1619587582831094,,,,,,,,,,,,,,,,,,,,38.4,,2026-06-06 23:49,,,,,,,,,,,,1.0935483870967744,,,,,,,,,,,,,,74.7,,,,,,,,,,,,52.8,🟠 高位能量耗尽（大幅减仓）,⚠️ 强弩之末,,,,
钢铁,,,,0.3198585618749083,,,,,,,,,,,,,,,,,,,,37.9,,2026-06-06 23:49,,,,,,,,,,,,1.2096774193548387,,,,,,,,,,,,,,30.9,,,,,,,,,,,,81.3,🟢 低位共振（可重仓潜伏）,🎣 暴力洗盘,,,,
房地产,,,,-0.6594401974836739,,,,,,,,,,,,,,,,,,,,37.7,,2026-06-06 23:49,,,,,,,,,,,,1.2870967741935484,,,,,,,,,,,,,,52.1,,,,,,,,,,,,79.5,🟢 低位共振（可重仓潜伏）,🎣 暴力洗盘,,,,
农林牧渔,,,,-0.3225468635459139,,,,,,,,,,,,,,,,,,,,36.9,,2026-06-06 23:49,,,,,,,,,,,,1.3516129032258064,,,,,,,,,,,,,,22.3,,,,,,,,,,,,26.2,⚪ 安全持仓,☕ 稳健持有,,,,
家用电器,,,,-0.1731009853353948,,,,,,,,,,,,,,,,,,,,29.9,,2026-06-06 23:49,,,,,,,,,,,,1.1193548387096774,,,,,,,,,,,,,,77.8,,,,,,,,,,,,95.1,🟠 高位能量耗尽（大幅减仓）,⚠️ 强弩之末,,,,
非银金融,,,,-0.3431599160769516,,,,,,,,,,,,,,,,,,,,26.7,,2026-06-06 23:49,,,,,,,,,,,,1.1580645161290324,,,,,,,,,,,,,,27.2,,,,,,,,,,,,91.7,🟢 低位共振（可重仓潜伏）,🎣 暴力洗盘,,,,
机械设备,,,,0.2901100991605787,,,,,,,,,,,,,,,,,,,,81.8,,2026-06-06 23:53,,,,,,,,,,,,2.074193548387097,,,,,,,,,,,,,,90.7,,,,,,,,,,,,1.2,🔴 终极逃顶（高风险）,🛑 崩盘前夕,,,,
银行,,,,1.3320451942074651,,,,,,,,,,,,,,,,,,,,81.3,,2026-06-06 23:53,,,,,,,,,,,,1.5193548387096776,,,,,,,,,,,,,,0.0,,,,,,,,,,,,100.0,🟢 低位共振（可重仓潜伏）,🚀 满仓做多,,,,
基础化工,,,,0.47529810363518,,,,,,,,,,,,,,,,,,,,77.9,,2026-06-06 23:53,,,,,,,,,,,,2.074193548387097,,,,,,,,,,,,,,15.0,,,,,,,,,,,,75.9,🟢 低位共振（可重仓潜伏）,🚀 满仓做多,,,,
石油石化,,,,0.6083390806321143,,,,,,,,,,,,,,,,,,,,71.8,,2026-06-06 23:53,,,,,,,,,,,,1.6741935483870969,,,,,,,,,,,,,,74.7,,,,,,,,,,,,79.1,🟠 高位能量耗尽（大幅减仓）,⚠️ 强弩之末,,,,
国防军工,,,,0.15117815638781,,,,,,,,,,,,,,,,,,,,69.2,,2026-06-06 23:53,,,,,,,,,,,,1.9322580645161287,,,,,,,,,,,,,,61.3,,,,,,,,,,,,33.8,🟡 预警（观察减持）,🎣 暴力洗盘,,,,
轻工制造,,,,0.0786156616452204,,,,,,,,,,,,,,,,,,,,63.2,,2026-06-06 23:53,,,,,,,,,,,,1.5838709677419356,,,,,,,,,,,,,,0.0,,,,,,,,,,,,100.0,🟢 低位共振（可重仓潜伏）,🌱 底仓潜伏,,,,
建筑材料,,,,-0.0550665903571556,,,,,,,,,,,,,,,,,,,,60.7,,2026-06-06 23:53,,,,,,,,,,,,1.6741935483870969,,,,,,,,,,,,,,100.0,,,,,,,,,,,,0.0,🔴 终极逃顶（高风险）,🛑 崩盘前夕,,,,
商贸零售,,,,1.0473660351898006,,,,,,,,,,,,,,,,,,,,60.3,,2026-06-06 23:53,,,,,,,,,,,,1.5838709677419356,,,,,,,,,,,,,,32.8,,,,,,,,,,,,84.6,🟢 低位共振（可重仓潜伏）,🌱 底仓潜伏,,,,
电子,,,,-3.5880440563486826,,,,,,,,,,,,,,,,,,,,59.1,,2026-06-06 23:53,,,,,,,,,,,,1.7774193548387096,,,,,,,,,,,,,,100.0,,,,,,,,,,,,0.0,🔴 终极逃顶（高风险）,🛑 崩盘前夕,,,,
社会服务,,,,0.6480963955649788,,,,,,,,,,,,,,,,,,,,58.9,,2026-06-06 23:53,,,,,,,,,,,,1.6741935483870969,,,,,,,,,,,,,,4.2,,,,,,,,,,,,95.8,🟢 低位共振（可重仓潜伏）,🌱 底仓潜伏,,,,
通信,,,,-3.115448392095044,,,,,,,,,,,,,,,,,,,,55.2,,2026-06-06 23:53,,,,,,,,,,,,1.8161290322580643,,,,,,,,,,,,,,95.5,,,,,,,,,,,,0.0,🔴 终极逃顶（高风险）,🛑 崩盘前夕,,,,
医药生物,,,,-0.0384031012948149,,,,,,,,,,,,,,,,,,,,54.0,,2026-06-06 23:53,,,,,,,,,,,,1.1838709677419357,,,,,,,,,,,,,,0.3,,,,,,,,,,,,100.0,🟢 低位共振（可重仓潜伏）,🌱 底仓潜伏,,,,
有色金属,,,,-1.772606644163166,,,,,,,,,,,,,,,,,,,,52.2,,2026-06-06 23:53,,,,,,,,,,,,1.6741935483870969,,,,,,,,,,,,,,100.0,,,,,,,,,,,,0.0,🔴 终极逃顶（高风险）,🛑 崩盘前夕,,,,
计算机,,,,-0.5178292461785361,,,,,,,,,,,,,,,,,,,,50.7,,2026-06-06 23:53,,,,,,,,,,,,1.9064516129032256,,,,,,,,,,,,,,54.6,,,,,,,,,,,,0.4,⚪ 安全持仓,🎣 暴力洗盘,,,,
电力设备,,,,-1.7909268722896,,,,,,,,,,,,,,,,,,,,48.2,,2026-06-06 23:53,,,,,,,,,,,,1.403225806451613,,,,,,,,,,,,,,5.4,,,,,,,,,,,,37.8,⚪ 安全持仓,☕ 稳健持有,,,,
综合,,,,-0.0955617388131324,,,,,,,,,,,,,,,,,,,,46.8,,2026-06-06 23:53,,,,,,,,,,,,2.048387096774194,,,,,,,,,,,,,,92.7,,,,,,,,,,,,0.0,🔴 终极逃顶（高风险）,🛑 崩盘前夕,,,,
纺织服饰,,,,0.3652399414588947,,,,,,,,,,,,,,,,,,,,46.7,,2026-06-06 23:53,,,,,,,,,,,,1.5064516129032255,,,,,,,,,,,,,,2.8,,,,,,,,,,,,33.0,⚪ 安全持仓,☕ 稳健持有,,,,
交通运输,,,,0.506325468890978,,,,,,,,,,,,,,,,,,,,46.5,,2026-06-06 23:53,,,,,,,,,,,,1.0935483870967744,,,,,,,,,,,,,,7.2,,,,,,,,,,,,100.0,🟢 低位共振（可重仓潜伏）,🌱 底仓潜伏,,,,
建筑装饰,,,,-0.064530314907929,,,,,,,,,,,,,,,,,,,,45.2,,2026-06-06 23:53,,,,,,,,,,,,1.2225806451612904,,,,,,,,,,,,,,16.7,,,,,,,,,,,,100.0,🟢 低位共振（可重仓潜伏）,🎣 暴力洗盘,,,,
传媒,,,,0.528169014084523,,,,,,,,,,,,,,,,,,,,45.0,,2026-06-06 23:53,,,,,,,,,,,,1.2741935483870968,,,,,,,,,,,,,,46.5,,,,,,,,,,,,20.1,⚪ 安全持仓,☕ 稳健持有,,,,
环保,,,,-0.3748017875161991,,,,,,,,,,,,,,,,,,,,43.5,,2026-06-06 23:53,,,,,,,,,,,,1.467741935483871,,,,,,,,,,,,,,31.9,,,,,,,,,,,,75.8,🟢 低位共振（可重仓潜伏）,🎣 暴力洗盘,,,,
汽车,,,,-0.7116868252502351,,,,,,,,,,,,,,,,,,,,43.4,,2026-06-06 23:53,,,,,,,,,,,,1.841935483870968,,,,,,,,,,,,,,0.0,,,,,,,,,,,,100.0,🟢 低位共振（可重仓潜伏）,🎣 暴力洗盘,,,,
煤炭,,,,-1.762666449918571,,,,,,,,,,,,,,,,,,,,38.5,,2026-06-06 23:53,,,,,,,,,,,,1.3258064516129031,,,,,,,,,,,,,,100.0,,,,,,,,,,,,13.3,🔴 终极逃顶（高风险）,🚨 强制清仓,,,,
美容护理,,,,0.2311905189441576,,,,,,,,,,,,,,,,,,,,38.4,,2026-06-06 23:53,,,,,,,,,,,,1.235483870967742,,,,,,,,,,,,,,27.8,,,,,,,,,,,,41.5,⚪ 安全持仓,☕ 稳健持有,,,,
公用事业,,,,-3.249463391366547,,,,,,,,,,,,,,,,,,,,38.4,,2026-06-06 23:53,,,,,,,,,,,,1.5838709677419356,,,,,,,,,,,,,,87.7,,,,,,,,,,,,34.6,🔴 终极逃顶（高风险）,🛑 崩盘前夕,,,,
食品饮料,,,,-0.1619587582831094,,,,,,,,,,,,,,,,,,,,38.4,,2026-06-06 23:53,,,,,,,,,,,,1.0935483870967744,,,,,,,,,,,,,,74.7,,,,,,,,,,,,52.8,🟠 高位能量耗尽（大幅减仓）,⚠️ 强弩之末,,,,
钢铁,,,,0.3198585618749083,,,,,,,,,,,,,,,,,,,,37.9,,2026-06-06 23:53,,,,,,,,,,,,1.2096774193548387,,,,,,,,,,,,,,30.9,,,,,,,,,,,,81.3,🟢 低位共振（可重仓潜伏）,🎣 暴力洗盘,,,,
房地产,,,,-0.6594401974836739,,,,,,,,,,,,,,,,,,,,37.7,,2026-06-06 23:53,,,,,,,,,,,,1.2870967741935484,,,,,,,,,,,,,,52.1,,,,,,,,,,,,79.5,🟢 低位共振（可重仓潜伏）,🎣 暴力洗盘,,,,
农林牧渔,,,,-0.3225468635459139,,,,,,,,,,,,,,,,,,,,36.9,,2026-06-06 23:53,,,,,,,,,,,,1.3516129032258064,,,,,,,,,,,,,,22.3,,,,,,,,,,,,26.2,⚪ 安全持仓,☕ 稳健持有,,,,
家用电器,,,,-0.1731009853353948,,,,,,,,,,,,,,,,,,,,29.9,,2026-06-06 23:53,,,,,,,,,,,,1.1193548387096774,,,,,,,,,,,,,,77.8,,,,,,,,,,,,95.1,🟠 高位能量耗尽（大幅减仓）,⚠️ 强弩之末,,,,
非银金融,,,,-0.3431599160769516,,,,,,,,,,,,,,,,,,,,26.7,,2026-06-06 23:53,,,,,,,,,,,,1.1580645161290324,,,,,,,,,,,,,,27.2,,,,,,,,,,,,91.7,🟢 低位共振（可重仓潜伏）,🎣 暴力洗盘,,,,
机械设备,,,,0.2901100991605787,,,,,,,,,,,,,,,,,,,,81.8,,2026-06-07 00:04,,,,,,,,,,,,2.074193548387097,,,,,,,,,,,,,,90.7,,,,,,,,,,,,1.2,🔴 终极逃顶（高风险）,🛑 崩盘前夕,,,,
银行,,,,1.3320451942074651,,,,,,,,,,,,,,,,,,,,81.3,,2026-06-07 00:04,,,,,,,,,,,,1.5193548387096776,,,,,,,,,,,,,,0.0,,,,,,,,,,,,100.0,🟢 低位共振（可重仓潜伏）,🚀 满仓做多,,,,
基础化工,,,,0.47529810363518,,,,,,,,,,,,,,,,,,,,77.9,,2026-06-07 00:04,,,,,,,,,,,,2.074193548387097,,,,,,,,,,,,,,15.0,,,,,,,,,,,,75.9,🟢 低位共振（可重仓潜伏）,🚀 满仓做多,,,,
石油石化,,,,0.6083390806321143,,,,,,,,,,,,,,,,,,,,71.8,,2026-06-07 00:04,,,,,,,,,,,,1.6741935483870969,,,,,,,,,,,,,,74.7,,,,,,,,,,,,79.1,🟠 高位能量耗尽（大幅减仓）,⚠️ 强弩之末,,,,
国防军工,,,,0.15117815638781,,,,,,,,,,,,,,,,,,,,69.2,,2026-06-07 00:04,,,,,,,,,,,,1.9322580645161287,,,,,,,,,,,,,,61.3,,,,,,,,,,,,33.8,🟡 预警（观察减持）,🎣 暴力洗盘,,,,
轻工制造,,,,0.0786156616452204,,,,,,,,,,,,,,,,,,,,63.2,,2026-06-07 00:04,,,,,,,,,,,,1.5838709677419356,,,,,,,,,,,,,,0.0,,,,,,,,,,,,100.0,🟢 低位共振（可重仓潜伏）,🌱 底仓潜伏,,,,
建筑材料,,,,-0.0550665903571556,,,,,,,,,,,,,,,,,,,,60.7,,2026-06-07 00:04,,,,,,,,,,,,1.6741935483870969,,,,,,,,,,,,,,100.0,,,,,,,,,,,,0.0,🔴 终极逃顶（高风险）,🛑 崩盘前夕,,,,
商贸零售,,,,1.0473660351898006,,,,,,,,,,,,,,,,,,,,60.3,,2026-06-07 00:04,,,,,,,,,,,,1.5838709677419356,,,,,,,,,,,,,,32.8,,,,,,,,,,,,84.6,🟢 低位共振（可重仓潜伏）,🌱 底仓潜伏,,,,
电子,,,,-3.5880440563486826,,,,,,,,,,,,,,,,,,,,59.1,,2026-06-07 00:04,,,,,,,,,,,,1.7774193548387096,,,,,,,,,,,,,,100.0,,,,,,,,,,,,0.0,🔴 终极逃顶（高风险）,🛑 崩盘前夕,,,,
社会服务,,,,0.6480963955649788,,,,,,,,,,,,,,,,,,,,58.9,,2026-06-07 00:04,,,,,,,,,,,,1.6741935483870969,,,,,,,,,,,,,,4.2,,,,,,,,,,,,95.8,🟢 低位共振（可重仓潜伏）,🌱 底仓潜伏,,,,
通信,,,,-3.115448392095044,,,,,,,,,,,,,,,,,,,,55.2,,2026-06-07 00:04,,,,,,,,,,,,1.8161290322580643,,,,,,,,,,,,,,95.5,,,,,,,,,,,,0.0,🔴 终极逃顶（高风险）,🛑 崩盘前夕,,,,
医药生物,,,,-0.0384031012948149,,,,,,,,,,,,,,,,,,,,54.0,,2026-06-07 00:04,,,,,,,,,,,,1.1838709677419357,,,,,,,,,,,,,,0.3,,,,,,,,,,,,100.0,🟢 低位共振（可重仓潜伏）,🌱 底仓潜伏,,,,
有色金属,,,,-1.772606644163166,,,,,,,,,,,,,,,,,,,,52.2,,2026-06-07 00:04,,,,,,,,,,,,1.6741935483870969,,,,,,,,,,,,,,100.0,,,,,,,,,,,,0.0,🔴 终极逃顶（高风险）,🛑 崩盘前夕,,,,
计算机,,,,-0.5178292461785361,,,,,,,,,,,,,,,,,,,,50.7,,2026-06-07 00:04,,,,,,,,,,,,1.9064516129032256,,,,,,,,,,,,,,54.6,,,,,,,,,,,,0.4,⚪ 安全持仓,🎣 暴力洗盘,,,,
电力设备,,,,-1.7909268722896,,,,,,,,,,,,,,,,,,,,48.2,,2026-06-07 00:04,,,,,,,,,,,,1.403225806451613,,,,,,,,,,,,,,5.4,,,,,,,,,,,,37.8,⚪ 安全持仓,☕ 稳健持有,,,,
综合,,,,-0.0955617388131324,,,,,,,,,,,,,,,,,,,,46.8,,2026-06-07 00:04,,,,,,,,,,,,2.048387096774194,,,,,,,,,,,,,,92.7,,,,,,,,,,,,0.0,🔴 终极逃顶（高风险）,🛑 崩盘前夕,,,,
纺织服饰,,,,0.3652399414588947,,,,,,,,,,,,,,,,,,,,46.7,,2026-06-07 00:04,,,,,,,,,,,,1.5064516129032255,,,,,,,,,,,,,,2.8,,,,,,,,,,,,33.0,⚪ 安全持仓,☕ 稳健持有,,,,
交通运输,,,,0.506325468890978,,,,,,,,,,,,,,,,,,,,46.5,,2026-06-07 00:04,,,,,,,,,,,,1.0935483870967744,,,,,,,,,,,,,,7.2,,,,,,,,,,,,100.0,🟢 低位共振（可重仓潜伏）,🌱 底仓潜伏,,,,
建筑装饰,,,,-0.064530314907929,,,,,,,,,,,,,,,,,,,,45.2,,2026-06-07 00:04,,,,,,,,,,,,1.2225806451612904,,,,,,,,,,,,,,16.7,,,,,,,,,,,,100.0,🟢 低位共振（可重仓潜伏）,🎣 暴力洗盘,,,,
传媒,,,,0.528169014084523,,,,,,,,,,,,,,,,,,,,45.0,,2026-06-07 00:04,,,,,,,,,,,,1.2741935483870968,,,,,,,,,,,,,,46.5,,,,,,,,,,,,20.1,⚪ 安全持仓,☕ 稳健持有,,,,
环保,,,,-0.3748017875161991,,,,,,,,,,,,,,,,,,,,43.5,,2026-06-07 00:04,,,,,,,,,,,,1.467741935483871,,,,,,,,,,,,,,31.9,,,,,,,,,,,,75.8,🟢 低位共振（可重仓潜伏）,🎣 暴力洗盘,,,,
汽车,,,,-0.7116868252502351,,,,,,,,,,,,,,,,,,,,43.4,,2026-06-07 00:04,,,,,,,,,,,,1.841935483870968,,,,,,,,,,,,,,0.0,,,,,,,,,,,,100.0,🟢 低位共振（可重仓潜伏）,🎣 暴力洗盘,,,,
煤炭,,,,-1.762666449918571,,,,,,,,,,,,,,,,,,,,38.5,,2026-06-07 00:04,,,,,,,,,,,,1.3258064516129031,,,,,,,,,,,,,,100.0,,,,,,,,,,,,13.3,🔴 终极逃顶（高风险）,🚨 强制清仓,,,,
美容护理,,,,0.2311905189441576,,,,,,,,,,,,,,,,,,,,38.4,,2026-06-07 00:04,,,,,,,,,,,,1.235483870967742,,,,,,,,,,,,,,27.8,,,,,,,,,,,,41.5,⚪ 安全持仓,☕ 稳健持有,,,,
公用事业,,,,-3.249463391366547,,,,,,,,,,,,,,,,,,,,38.4,,2026-06-07 00:04,,,,,,,,,,,,1.5838709677419356,,,,,,,,,,,,,,87.7,,,,,,,,,,,,34.6,🔴 终极逃顶（高风险）,🛑 崩盘前夕,,,,
食品饮料,,,,-0.1619587582831094,,,,,,,,,,,,,,,,,,,,38.4,,2026-06-07 00:04,,,,,,,,,,,,1.0935483870967744,,,,,,,,,,,,,,74.7,,,,,,,,,,,,52.8,🟠 高位能量耗尽（大幅减仓）,⚠️ 强弩之末,,,,
钢铁,,,,0.3198585618749083,,,,,,,,,,,,,,,,,,,,37.9,,2026-06-07 00:04,,,,,,,,,,,,1.2096774193548387,,,,,,,,,,,,,,30.9,,,,,,,,,,,,81.3,🟢 低位共振（可重仓潜伏）,🎣 暴力洗盘,,,,
房地产,,,,-0.6594401974836739,,,,,,,,,,,,,,,,,,,,37.7,,2026-06-07 00:04,,,,,,,,,,,,1.2870967741935484,,,,,,,,,,,,,,52.1,,,,,,,,,,,,79.5,🟢 低位共振（可重仓潜伏）,🎣 暴力洗盘,,,,
农林牧渔,,,,-0.3225468635459139,,,,,,,,,,,,,,,,,,,,36.9,,2026-06-07 00:04,,,,,,,,,,,,1.3516129032258064,,,,,,,,,,,,,,22.3,,,,,,,,,,,,26.2,⚪ 安全持仓,☕ 稳健持有,,,,
家用电器,,,,-0.1731009853353948,,,,,,,,,,,,,,,,,,,,29.9,,2026-06-07 00:04,,,,,,,,,,,,1.1193548387096774,,,,,,,,,,,,,,77.8,,,,,,,,,,,,95.1,🟠 高位能量耗尽（大幅减仓）,⚠️ 强弩之末,,,,
非银金融,,,,-0.3431599160769516,,,,,,,,,,,,,,,,,,,,26.7,,2026-06-07 00:04,,,,,,,,,,,,1.1580645161290324,,,,,,,,,,,,,,27.2,,,,,,,,,,,,91.7,🟢 低位共振（可重仓潜伏）,🎣 暴力洗盘,,,,
机械设备,,,,0.2901100991605787,,,,,,,,,,,,,,,,,,,,81.8,,2026-06-07 00:08,,,,,,,,,,,,2.074193548387097,,,,,,,,,,,,,,90.7,,,,,,,,,,,,1.2,🔴 终极逃顶（高风险）,🛑 崩盘前夕,,,,
银行,,,,1.3320451942074651,,,,,,,,,,,,,,,,,,,,81.3,,2026-06-07 00:08,,,,,,,,,,,,1.5193548387096776,,,,,,,,,,,,,,0.0,,,,,,,,,,,,100.0,🟢 低位共振（可重仓潜伏）,🚀 满仓做多,,,,
基础化工,,,,0.47529810363518,,,,,,,,,,,,,,,,,,,,77.9,,2026-06-07 00:08,,,,,,,,,,,,2.074193548387097,,,,,,,,,,,,,,15.0,,,,,,,,,,,,75.9,🟢 低位共振（可重仓潜伏）,🚀 满仓做多,,,,
石油石化,,,,0.6083390806321143,,,,,,,,,,,,,,,,,,,,71.8,,2026-06-07 00:08,,,,,,,,,,,,1.6741935483870969,,,,,,,,,,,,,,74.7,,,,,,,,,,,,79.1,🟠 高位能量耗尽（大幅减仓）,⚠️ 强弩之末,,,,
国防军工,,,,0.15117815638781,,,,,,,,,,,,,,,,,,,,69.2,,2026-06-07 00:08,,,,,,,,,,,,1.9322580645161287,,,,,,,,,,,,,,61.3,,,,,,,,,,,,33.8,🟡 预警（观察减持）,🎣 暴力洗盘,,,,
轻工制造,,,,0.0786156616452204,,,,,,,,,,,,,,,,,,,,63.2,,2026-06-07 00:08,,,,,,,,,,,,1.5838709677419356,,,,,,,,,,,,,,0.0,,,,,,,,,,,,100.0,🟢 低位共振（可重仓潜伏）,🌱 底仓潜伏,,,,
建筑材料,,,,-0.0550665903571556,,,,,,,,,,,,,,,,,,,,60.7,,2026-06-07 00:08,,,,,,,,,,,,1.6741935483870969,,,,,,,,,,,,,,100.0,,,,,,,,,,,,0.0,🔴 终极逃顶（高风险）,🛑 崩盘前夕,,,,
商贸零售,,,,1.0473660351898006,,,,,,,,,,,,,,,,,,,,60.3,,2026-06-07 00:08,,,,,,,,,,,,1.5838709677419356,,,,,,,,,,,,,,32.8,,,,,,,,,,,,84.6,🟢 低位共振（可重仓潜伏）,🌱 底仓潜伏,,,,
电子,,,,-3.5880440563486826,,,,,,,,,,,,,,,,,,,,59.1,,2026-06-07 00:08,,,,,,,,,,,,1.7774193548387096,,,,,,,,,,,,,,100.0,,,,,,,,,,,,0.0,🔴 终极逃顶（高风险）,🛑 崩盘前夕,,,,
社会服务,,,,0.6480963955649788,,,,,,,,,,,,,,,,,,,,58.9,,2026-06-07 00:08,,,,,,,,,,,,1.6741935483870969,,,,,,,,,,,,,,4.2,,,,,,,,,,,,95.8,🟢 低位共振（可重仓潜伏）,🌱 底仓潜伏,,,,
通信,,,,-3.115448392095044,,,,,,,,,,,,,,,,,,,,55.2,,2026-06-07 00:08,,,,,,,,,,,,1.8161290322580643,,,,,,,,,,,,,,95.5,,,,,,,,,,,,0.0,🔴 终极逃顶（高风险）,🛑 崩盘前夕,,,,
医药生物,,,,-0.0384031012948149,,,,,,,,,,,,,,,,,,,,54.0,,2026-06-07 00:08,,,,,,,,,,,,1.1838709677419357,,,,,,,,,,,,,,0.3,,,,,,,,,,,,100.0,🟢 低位共振（可重仓潜伏）,🌱 底仓潜伏,,,,
有色金属,,,,-1.772606644163166,,,,,,,,,,,,,,,,,,,,52.2,,2026-06-07 00:08,,,,,,,,,,,,1.6741935483870969,,,,,,,,,,,,,,100.0,,,,,,,,,,,,0.0,🔴 终极逃顶（高风险）,🛑 崩盘前夕,,,,
计算机,,,,-0.5178292461785361,,,,,,,,,,,,,,,,,,,,50.7,,2026-06-07 00:08,,,,,,,,,,,,1.9064516129032256,,,,,,,,,,,,,,54.6,,,,,,,,,,,,0.4,⚪ 安全持仓,🎣 暴力洗盘,,,,
电力设备,,,,-1.7909268722896,,,,,,,,,,,,,,,,,,,,48.2,,2026-06-07 00:08,,,,,,,,,,,,1.403225806451613,,,,,,,,,,,,,,5.4,,,,,,,,,,,,37.8,⚪ 安全持仓,☕ 稳健持有,,,,
综合,,,,-0.0955617388131324,,,,,,,,,,,,,,,,,,,,46.8,,2026-06-07 00:08,,,,,,,,,,,,2.048387096774194,,,,,,,,,,,,,,92.7,,,,,,,,,,,,0.0,🔴 终极逃顶（高风险）,🛑 崩盘前夕,,,,
纺织服饰,,,,0.3652399414588947,,,,,,,,,,,,,,,,,,,,46.7,,2026-06-07 00:08,,,,,,,,,,,,1.5064516129032255,,,,,,,,,,,,,,2.8,,,,,,,,,,,,33.0,⚪ 安全持仓,☕ 稳健持有,,,,
交通运输,,,,0.506325468890978,,,,,,,,,,,,,,,,,,,,46.5,,2026-06-07 00:08,,,,,,,,,,,,1.0935483870967744,,,,,,,,,,,,,,7.2,,,,,,,,,,,,100.0,🟢 低位共振（可重仓潜伏）,🌱 底仓潜伏,,,,
建筑装饰,,,,-0.064530314907929,,,,,,,,,,,,,,,,,,,,45.2,,2026-06-07 00:08,,,,,,,,,,,,1.2225806451612904,,,,,,,,,,,,,,16.7,,,,,,,,,,,,100.0,🟢 低位共振（可重仓潜伏）,🎣 暴力洗盘,,,,
传媒,,,,0.528169014084523,,,,,,,,,,,,,,,,,,,,45.0,,2026-06-07 00:08,,,,,,,,,,,,1.2741935483870968,,,,,,,,,,,,,,46.5,,,,,,,,,,,,20.1,⚪ 安全持仓,☕ 稳健持有,,,,
环保,,,,-0.3748017875161991,,,,,,,,,,,,,,,,,,,,43.5,,2026-06-07 00:08,,,,,,,,,,,,1.467741935483871,,,,,,,,,,,,,,31.9,,,,,,,,,,,,75.8,🟢 低位共振（可重仓潜伏）,🎣 暴力洗盘,,,,
汽车,,,,-0.7116868252502351,,,,,,,,,,,,,,,,,,,,43.4,,2026-06-07 00:08,,,,,,,,,,,,1.841935483870968,,,,,,,,,,,,,,0.0,,,,,,,,,,,,100.0,🟢 低位共振（可重仓潜伏）,🎣 暴力洗盘,,,,
煤炭,,,,-1.762666449918571,,,,,,,,,,,,,,,,,,,,38.5,,2026-06-07 00:08,,,,,,,,,,,,1.3258064516129031,,,,,,,,,,,,,,100.0,,,,,,,,,,,,13.3,🔴 终极逃顶（高风险）,🚨 强制清仓,,,,
美容护理,,,,0.2311905189441576,,,,,,,,,,,,,,,,,,,,38.4,,2026-06-07 00:08,,,,,,,,,,,,1.235483870967742,,,,,,,,,,,,,,27.8,,,,,,,,,,,,41.5,⚪ 安全持仓,☕ 稳健持有,,,,
公用事业,,,,-3.249463391366547,,,,,,,,,,,,,,,,,,,,38.4,,2026-06-07 00:08,,,,,,,,,,,,1.5838709677419356,,,,,,,,,,,,,,87.7,,,,,,,,,,,,34.6,🔴 终极逃顶（高风险）,🛑 崩盘前夕,,,,
食品饮料,,,,-0.1619587582831094,,,,,,,,,,,,,,,,,,,,38.4,,2026-06-07 00:08,,,,,,,,,,,,1.0935483870967744,,,,,,,,,,,,,,74.7,,,,,,,,,,,,52.8,🟠 高位能量耗尽（大幅减仓）,⚠️ 强弩之末,,,,
钢铁,,,,0.3198585618749083,,,,,,,,,,,,,,,,,,,,37.9,,2026-06-07 00:08,,,,,,,,,,,,1.2096774193548387,,,,,,,,,,,,,,30.9,,,,,,,,,,,,81.3,🟢 低位共振（可重仓潜伏）,🎣 暴力洗盘,,,,
房地产,,,,-0.6594401974836739,,,,,,,,,,,,,,,,,,,,37.7,,2026-06-07 00:08,,,,,,,,,,,,1.2870967741935484,,,,,,,,,,,,,,52.1,,,,,,,,,,,,79.5,🟢 低位共振（可重仓潜伏）,🎣 暴力洗盘,,,,
农林牧渔,,,,-0.3225468635459139,,,,,,,,,,,,,,,,,,,,36.9,,2026-06-07 00:08,,,,,,,,,,,,1.3516129032258064,,,,,,,,,,,,,,22.3,,,,,,,,,,,,26.2,⚪ 安全持仓,☕ 稳健持有,,,,
家用电器,,,,-0.1731009853353948,,,,,,,,,,,,,,,,,,,,29.9,,2026-06-07 00:08,,,,,,,,,,,,1.1193548387096774,,,,,,,,,,,,,,77.8,,,,,,,,,,,,95.1,🟠 高位能量耗尽（大幅减仓）,⚠️ 强弩之末,,,,
非银金融,,,,-0.3431599160769516,,,,,,,,,,,,,,,,,,,,26.7,,2026-06-07 00:08,,,,,,,,,,,,1.1580645161290324,,,,,,,,,,,,,,27.2,,,,,,,,,,,,91.7,🟢 低位共振（可重仓潜伏）,🎣 暴力洗盘,,,,
机械设备,,,,0.2901100991605787,,,,,,,,,,,,,,,,,,,,81.8,,2026-06-07 00:31,,,,,,,,,,,,2.074193548387097,,,,,,,,,,,,,,90.7,,,,,,,,,,,,1.2,🔴 终极逃顶（高风险）,🛑 崩盘前夕,,,,
银行,,,,1.3320451942074651,,,,,,,,,,,,,,,,,,,,81.3,,2026-06-07 00:31,,,,,,,,,,,,1.5193548387096776,,,,,,,,,,,,,,0.0,,,,,,,,,,,,100.0,🟢 低位共振（可重仓潜伏）,🚀 满仓做多,,,,
基础化工,,,,0.47529810363518,,,,,,,,,,,,,,,,,,,,77.9,,2026-06-07 00:31,,,,,,,,,,,,2.074193548387097,,,,,,,,,,,,,,15.0,,,,,,,,,,,,75.9,🟢 低位共振（可重仓潜伏）,🚀 满仓做多,,,,
石油石化,,,,0.6083390806321143,,,,,,,,,,,,,,,,,,,,71.8,,2026-06-07 00:31,,,,,,,,,,,,1.6741935483870969,,,,,,,,,,,,,,74.7,,,,,,,,,,,,79.1,🟠 高位能量耗尽（大幅减仓）,⚠️ 强弩之末,,,,
国防军工,,,,0.15117815638781,,,,,,,,,,,,,,,,,,,,69.2,,2026-06-07 00:31,,,,,,,,,,,,1.9322580645161287,,,,,,,,,,,,,,61.3,,,,,,,,,,,,33.8,🟡 预警（观察减持）,🎣 暴力洗盘,,,,
轻工制造,,,,0.0786156616452204,,,,,,,,,,,,,,,,,,,,63.2,,2026-06-07 00:31,,,,,,,,,,,,1.5838709677419356,,,,,,,,,,,,,,0.0,,,,,,,,,,,,100.0,🟢 低位共振（可重仓潜伏）,🌱 底仓潜伏,,,,
建筑材料,,,,-0.0550665903571556,,,,,,,,,,,,,,,,,,,,60.7,,2026-06-07 00:31,,,,,,,,,,,,1.6741935483870969,,,,,,,,,,,,,,100.0,,,,,,,,,,,,0.0,🔴 终极逃顶（高风险）,🛑 崩盘前夕,,,,
商贸零售,,,,1.0473660351898006,,,,,,,,,,,,,,,,,,,,60.3,,2026-06-07 00:31,,,,,,,,,,,,1.5838709677419356,,,,,,,,,,,,,,32.8,,,,,,,,,,,,84.6,🟢 低位共振（可重仓潜伏）,🌱 底仓潜伏,,,,
电子,,,,-3.5880440563486826,,,,,,,,,,,,,,,,,,,,59.1,,2026-06-07 00:31,,,,,,,,,,,,1.7774193548387096,,,,,,,,,,,,,,100.0,,,,,,,,,,,,0.0,🔴 终极逃顶（高风险）,🛑 崩盘前夕,,,,
社会服务,,,,0.6480963955649788,,,,,,,,,,,,,,,,,,,,58.9,,2026-06-07 00:31,,,,,,,,,,,,1.6741935483870969,,,,,,,,,,,,,,4.2,,,,,,,,,,,,95.8,🟢 低位共振（可重仓潜伏）,🌱 底仓潜伏,,,,
通信,,,,-3.115448392095044,,,,,,,,,,,,,,,,,,,,55.2,,2026-06-07 00:31,,,,,,,,,,,,1.8161290322580643,,,,,,,,,,,,,,95.5,,,,,,,,,,,,0.0,🔴 终极逃顶（高风险）,🛑 崩盘前夕,,,,
医药生物,,,,-0.0384031012948149,,,,,,,,,,,,,,,,,,,,54.0,,2026-06-07 00:31,,,,,,,,,,,,1.1838709677419357,,,,,,,,,,,,,,0.3,,,,,,,,,,,,100.0,🟢 低位共振（可重仓潜伏）,🌱 底仓潜伏,,,,
有色金属,,,,-1.772606644163166,,,,,,,,,,,,,,,,,,,,52.2,,2026-06-07 00:31,,,,,,,,,,,,1.6741935483870969,,,,,,,,,,,,,,100.0,,,,,,,,,,,,0.0,🔴 终极逃顶（高风险）,🛑 崩盘前夕,,,,
计算机,,,,-0.5178292461785361,,,,,,,,,,,,,,,,,,,,50.7,,2026-06-07 00:31,,,,,,,,,,,,1.9064516129032256,,,,,,,,,,,,,,54.6,,,,,,,,,,,,0.4,⚪ 安全持仓,🎣 暴力洗盘,,,,
电力设备,,,,-1.7909268722896,,,,,,,,,,,,,,,,,,,,48.2,,2026-06-07 00:31,,,,,,,,,,,,1.403225806451613,,,,,,,,,,,,,,5.4,,,,,,,,,,,,37.8,⚪ 安全持仓,☕ 稳健持有,,,,
综合,,,,-0.0955617388131324,,,,,,,,,,,,,,,,,,,,46.8,,2026-06-07 00:31,,,,,,,,,,,,2.048387096774194,,,,,,,,,,,,,,92.7,,,,,,,,,,,,0.0,🔴 终极逃顶（高风险）,🛑 崩盘前夕,,,,
纺织服饰,,,,0.3652399414588947,,,,,,,,,,,,,,,,,,,,46.7,,2026-06-07 00:31,,,,,,,,,,,,1.5064516129032255,,,,,,,,,,,,,,2.8,,,,,,,,,,,,33.0,⚪ 安全持仓,☕ 稳健持有,,,,
交通运输,,,,0.506325468890978,,,,,,,,,,,,,,,,,,,,46.5,,2026-06-07 00:31,,,,,,,,,,,,1.0935483870967744,,,,,,,,,,,,,,7.2,,,,,,,,,,,,100.0,🟢 低位共振（可重仓潜伏）,🌱 底仓潜伏,,,,
建筑装饰,,,,-0.064530314907929,,,,,,,,,,,,,,,,,,,,45.2,,2026-06-07 00:31,,,,,,,,,,,,1.2225806451612904,,,,,,,,,,,,,,16.7,,,,,,,,,,,,100.0,🟢 低位共振（可重仓潜伏）,🎣 暴力洗盘,,,,
传媒,,,,0.528169014084523,,,,,,,,,,,,,,,,,,,,45.0,,2026-06-07 00:31,,,,,,,,,,,,1.2741935483870968,,,,,,,,,,,,,,46.5,,,,,,,,,,,,20.1,⚪ 安全持仓,☕ 稳健持有,,,,
环保,,,,-0.3748017875161991,,,,,,,,,,,,,,,,,,,,43.5,,2026-06-07 00:31,,,,,,,,,,,,1.467741935483871,,,,,,,,,,,,,,31.9,,,,,,,,,,,,75.8,🟢 低位共振（可重仓潜伏）,🎣 暴力洗盘,,,,
汽车,,,,-0.7116868252502351,,,,,,,,,,,,,,,,,,,,43.4,,2026-06-07 00:31,,,,,,,,,,,,1.841935483870968,,,,,,,,,,,,,,0.0,,,,,,,,,,,,100.0,🟢 低位共振（可重仓潜伏）,🎣 暴力洗盘,,,,
煤炭,,,,-1.762666449918571,,,,,,,,,,,,,,,,,,,,38.5,,2026-06-07 00:31,,,,,,,,,,,,1.3258064516129031,,,,,,,,,,,,,,100.0,,,,,,,,,,,,13.3,🔴 终极逃顶（高风险）,🚨 强制清仓,,,,
美容护理,,,,0.2311905189441576,,,,,,,,,,,,,,,,,,,,38.4,,2026-06-07 00:31,,,,,,,,,,,,1.235483870967742,,,,,,,,,,,,,,27.8,,,,,,,,,,,,41.5,⚪ 安全持仓,☕ 稳健持有,,,,
公用事业,,,,-3.249463391366547,,,,,,,,,,,,,,,,,,,,38.4,,2026-06-07 00:31,,,,,,,,,,,,1.5838709677419356,,,,,,,,,,,,,,87.7,,,,,,,,,,,,34.6,🔴 终极逃顶（高风险）,🛑 崩盘前夕,,,,
食品饮料,,,,-0.1619587582831094,,,,,,,,,,,,,,,,,,,,38.4,,2026-06-07 00:31,,,,,,,,,,,,1.0935483870967744,,,,,,,,,,,,,,74.7,,,,,,,,,,,,52.8,🟠 高位能量耗尽（大幅减仓）,⚠️ 强弩之末,,,,
钢铁,,,,0.3198585618749083,,,,,,,,,,,,,,,,,,,,37.9,,2026-06-07 00:31,,,,,,,,,,,,1.2096774193548387,,,,,,,,,,,,,,30.9,,,,,,,,,,,,81.3,🟢 低位共振（可重仓潜伏）,🎣 暴力洗盘,,,,
房地产,,,,-0.6594401974836739,,,,,,,,,,,,,,,,,,,,37.7,,2026-06-07 00:31,,,,,,,,,,,,1.2870967741935484,,,,,,,,,,,,,,52.1,,,,,,,,,,,,79.5,🟢 低位共振（可重仓潜伏）,🎣 暴力洗盘,,,,
农林牧渔,,,,-0.3225468635459139,,,,,,,,,,,,,,,,,,,,36.9,,2026-06-07 00:31,,,,,,,,,,,,1.3516129032258064,,,,,,,,,,,,,,22.3,,,,,,,,,,,,26.2,⚪ 安全持仓,☕ 稳健持有,,,,
家用电器,,,,-0.1731009853353948,,,,,,,,,,,,,,,,,,,,29.9,,2026-06-07 00:31,,,,,,,,,,,,1.1193548387096774,,,,,,,,,,,,,,77.8,,,,,,,,,,,,95.1,🟠 高位能量耗尽（大幅减仓）,⚠️ 强弩之末,,,,
非银金融,,,,-0.3431599160769516,,,,,,,,,,,,,,,,,,,,26.7,,2026-06-07 00:31,,,,,,,,,,,,1.1580645161290324,,,,,,,,,,,,,,27.2,,,,,,,,,,,,91.7,🟢 低位共振（可重仓潜伏）,🎣 暴力洗盘,,,,
机械设备,,,,0.2901100991605787,,,,,,,,,,,,,,,,,,,,81.8,,2026-06-07 00:33,,,,,,,,,,,,2.074193548387097,,,,,,,,,,,,,,90.7,,,,,,,,,,,,1.2,🔴 终极逃顶（高风险）,🛑 崩盘前夕,,,,
银行,,,,1.3320451942074651,,,,,,,,,,,,,,,,,,,,81.3,,2026-06-07 00:33,,,,,,,,,,,,1.5193548387096776,,,,,,,,,,,,,,0.0,,,,,,,,,,,,100.0,🟢 低位共振（可重仓潜伏）,🚀 满仓做多,,,,
基础化工,,,,0.47529810363518,,,,,,,,,,,,,,,,,,,,77.9,,2026-06-07 00:33,,,,,,,,,,,,2.074193548387097,,,,,,,,,,,,,,15.0,,,,,,,,,,,,75.9,🟢 低位共振（可重仓潜伏）,🚀 满仓做多,,,,
石油石化,,,,0.6083390806321143,,,,,,,,,,,,,,,,,,,,71.8,,2026-06-07 00:33,,,,,,,,,,,,1.6741935483870969,,,,,,,,,,,,,,74.7,,,,,,,,,,,,79.1,🟠 高位能量耗尽（大幅减仓）,⚠️ 强弩之末,,,,
国防军工,,,,0.15117815638781,,,,,,,,,,,,,,,,,,,,69.2,,2026-06-07 00:33,,,,,,,,,,,,1.9322580645161287,,,,,,,,,,,,,,61.3,,,,,,,,,,,,33.8,🟡 预警（观察减持）,🎣 暴力洗盘,,,,
轻工制造,,,,0.0786156616452204,,,,,,,,,,,,,,,,,,,,63.2,,2026-06-07 00:33,,,,,,,,,,,,1.5838709677419356,,,,,,,,,,,,,,0.0,,,,,,,,,,,,100.0,🟢 低位共振（可重仓潜伏）,🌱 底仓潜伏,,,,
建筑材料,,,,-0.0550665903571556,,,,,,,,,,,,,,,,,,,,60.7,,2026-06-07 00:33,,,,,,,,,,,,1.6741935483870969,,,,,,,,,,,,,,100.0,,,,,,,,,,,,0.0,🔴 终极逃顶（高风险）,🛑 崩盘前夕,,,,
商贸零售,,,,1.0473660351898006,,,,,,,,,,,,,,,,,,,,60.3,,2026-06-07 00:33,,,,,,,,,,,,1.5838709677419356,,,,,,,,,,,,,,32.8,,,,,,,,,,,,84.6,🟢 低位共振（可重仓潜伏）,🌱 底仓潜伏,,,,
电子,,,,-3.5880440563486826,,,,,,,,,,,,,,,,,,,,59.1,,2026-06-07 00:33,,,,,,,,,,,,1.7774193548387096,,,,,,,,,,,,,,100.0,,,,,,,,,,,,0.0,🔴 终极逃顶（高风险）,🛑 崩盘前夕,,,,
社会服务,,,,0.6480963955649788,,,,,,,,,,,,,,,,,,,,58.9,,2026-06-07 00:33,,,,,,,,,,,,1.6741935483870969,,,,,,,,,,,,,,4.2,,,,,,,,,,,,95.8,🟢 低位共振（可重仓潜伏）,🌱 底仓潜伏,,,,
通信,,,,-3.115448392095044,,,,,,,,,,,,,,,,,,,,55.2,,2026-06-07 00:33,,,,,,,,,,,,1.8161290322580643,,,,,,,,,,,,,,95.5,,,,,,,,,,,,0.0,🔴 终极逃顶（高风险）,🛑 崩盘前夕,,,,
医药生物,,,,-0.0384031012948149,,,,,,,,,,,,,,,,,,,,54.0,,2026-06-07 00:33,,,,,,,,,,,,1.1838709677419357,,,,,,,,,,,,,,0.3,,,,,,,,,,,,100.0,🟢 低位共振（可重仓潜伏）,🌱 底仓潜伏,,,,
有色金属,,,,-1.772606644163166,,,,,,,,,,,,,,,,,,,,52.2,,2026-06-07 00:33,,,,,,,,,,,,1.6741935483870969,,,,,,,,,,,,,,100.0,,,,,,,,,,,,0.0,🔴 终极逃顶（高风险）,🛑 崩盘前夕,,,,
计算机,,,,-0.5178292461785361,,,,,,,,,,,,,,,,,,,,50.7,,2026-06-07 00:33,,,,,,,,,,,,1.9064516129032256,,,,,,,,,,,,,,54.6,,,,,,,,,,,,0.4,⚪ 安全持仓,🎣 暴力洗盘,,,,
电力设备,,,,-1.7909268722896,,,,,,,,,,,,,,,,,,,,48.2,,2026-06-07 00:33,,,,,,,,,,,,1.403225806451613,,,,,,,,,,,,,,5.4,,,,,,,,,,,,37.8,⚪ 安全持仓,☕ 稳健持有,,,,
综合,,,,-0.0955617388131324,,,,,,,,,,,,,,,,,,,,46.8,,2026-06-07 00:33,,,,,,,,,,,,2.048387096774194,,,,,,,,,,,,,,92.7,,,,,,,,,,,,0.0,🔴 终极逃顶（高风险）,🛑 崩盘前夕,,,,
纺织服饰,,,,0.3652399414588947,,,,,,,,,,,,,,,,,,,,46.7,,2026-06-07 00:33,,,,,,,,,,,,1.5064516129032255,,,,,,,,,,,,,,2.8,,,,,,,,,,,,33.0,⚪ 安全持仓,☕ 稳健持有,,,,
交通运输,,,,0.506325468890978,,,,,,,,,,,,,,,,,,,,46.5,,2026-06-07 00:33,,,,,,,,,,,,1.0935483870967744,,,,,,,,,,,,,,7.2,,,,,,,,,,,,100.0,🟢 低位共振（可重仓潜伏）,🌱 底仓潜伏,,,,
建筑装饰,,,,-0.064530314907929,,,,,,,,,,,,,,,,,,,,45.2,,2026-06-07 00:33,,,,,,,,,,,,1.2225806451612904,,,,,,,,,,,,,,16.7,,,,,,,,,,,,100.0,🟢 低位共振（可重仓潜伏）,🎣 暴力洗盘,,,,
传媒,,,,0.528169014084523,,,,,,,,,,,,,,,,,,,,45.0,,2026-06-07 00:33,,,,,,,,,,,,1.2741935483870968,,,,,,,,,,,,,,46.5,,,,,,,,,,,,20.1,⚪ 安全持仓,☕ 稳健持有,,,,
环保,,,,-0.3748017875161991,,,,,,,,,,,,,,,,,,,,43.5,,2026-06-07 00:33,,,,,,,,,,,,1.467741935483871,,,,,,,,,,,,,,31.9,,,,,,,,,,,,75.8,🟢 低位共振（可重仓潜伏）,🎣 暴力洗盘,,,,
汽车,,,,-0.7116868252502351,,,,,,,,,,,,,,,,,,,,43.4,,2026-06-07 00:33,,,,,,,,,,,,1.841935483870968,,,,,,,,,,,,,,0.0,,,,,,,,,,,,100.0,🟢 低位共振（可重仓潜伏）,🎣 暴力洗盘,,,,
煤炭,,,,-1.762666449918571,,,,,,,,,,,,,,,,,,,,38.5,,2026-06-07 00:33,,,,,,,,,,,,1.3258064516129031,,,,,,,,,,,,,,100.0,,,,,,,,,,,,13.3,🔴 终极逃顶（高风险）,🚨 强制清仓,,,,
美容护理,,,,0.2311905189441576,,,,,,,,,,,,,,,,,,,,38.4,,2026-06-07 00:33,,,,,,,,,,,,1.235483870967742,,,,,,,,,,,,,,27.8,,,,,,,,,,,,41.5,⚪ 安全持仓,☕ 稳健持有,,,,
公用事业,,,,-3.249463391366547,,,,,,,,,,,,,,,,,,,,38.4,,2026-06-07 00:33,,,,,,,,,,,,1.5838709677419356,,,,,,,,,,,,,,87.7,,,,,,,,,,,,34.6,🔴 终极逃顶（高风险）,🛑 崩盘前夕,,,,
食品饮料,,,,-0.1619587582831094,,,,,,,,,,,,,,,,,,,,38.4,,2026-06-07 00:33,,,,,,,,,,,,1.0935483870967744,,,,,,,,,,,,,,74.7,,,,,,,,,,,,52.8,🟠 高位能量耗尽（大幅减仓）,⚠️ 强弩之末,,,,
钢铁,,,,0.3198585618749083,,,,,,,,,,,,,,,,,,,,37.9,,2026-06-07 00:33,,,,,,,,,,,,1.2096774193548387,,,,,,,,,,,,,,30.9,,,,,,,,,,,,81.3,🟢 低位共振（可重仓潜伏）,🎣 暴力洗盘,,,,
房地产,,,,-0.6594401974836739,,,,,,,,,,,,,,,,,,,,37.7,,2026-06-07 00:33,,,,,,,,,,,,1.2870967741935484,,,,,,,,,,,,,,52.1,,,,,,,,,,,,79.5,🟢 低位共振（可重仓潜伏）,🎣 暴力洗盘,,,,
农林牧渔,,,,-0.3225468635459139,,,,,,,,,,,,,,,,,,,,36.9,,2026-06-07 00:33,,,,,,,,,,,,1.3516129032258064,,,,,,,,,,,,,,22.3,,,,,,,,,,,,26.2,⚪ 安全持仓,☕ 稳健持有,,,,
家用电器,,,,-0.1731009853353948,,,,,,,,,,,,,,,,,,,,29.9,,2026-06-07 00:33,,,,,,,,,,,,1.1193548387096774,,,,,,,,,,,,,,77.8,,,,,,,,,,,,95.1,🟠 高位能量耗尽（大幅减仓）,⚠️ 强弩之末,,,,
非银金融,,,,-0.3431599160769516,,,,,,,,,,,,,,,,,,,,26.7,,2026-06-07 00:33,,,,,,,,,,,,1.1580645161290324,,,,,,,,,,,,,,27.2,,,,,,,,,,,,91.7,🟢 低位共振（可重仓潜伏）,🎣 暴力洗盘,,,,
机械设备,,,,0.2901100991605787,,,,,,,,,,,,,,,,,,,,81.8,,2026-06-07 00:44,,,,,,,,,,,,2.074193548387097,,,,,,,,,,,,,,90.7,,,,,,,,,,,,1.2,🔴 终极逃顶（高风险）,🛑 崩盘前夕,,,,
银行,,,,1.3320451942074651,,,,,,,,,,,,,,,,,,,,81.3,,2026-06-07 00:44,,,,,,,,,,,,1.5193548387096776,,,,,,,,,,,,,,0.0,,,,,,,,,,,,100.0,🟢 低位共振（可重仓潜伏）,🚀 满仓做多,,,,
基础化工,,,,0.47529810363518,,,,,,,,,,,,,,,,,,,,77.9,,2026-06-07 00:44,,,,,,,,,,,,2.074193548387097,,,,,,,,,,,,,,15.0,,,,,,,,,,,,75.9,🟢 低位共振（可重仓潜伏）,🚀 满仓做多,,,,
石油石化,,,,0.6083390806321143,,,,,,,,,,,,,,,,,,,,71.8,,2026-06-07 00:44,,,,,,,,,,,,1.6741935483870969,,,,,,,,,,,,,,74.7,,,,,,,,,,,,79.1,🟠 高位能量耗尽（大幅减仓）,⚠️ 强弩之末,,,,
国防军工,,,,0.15117815638781,,,,,,,,,,,,,,,,,,,,69.2,,2026-06-07 00:44,,,,,,,,,,,,1.9322580645161287,,,,,,,,,,,,,,61.3,,,,,,,,,,,,33.8,🟡 预警（观察减持）,🎣 暴力洗盘,,,,
轻工制造,,,,0.0786156616452204,,,,,,,,,,,,,,,,,,,,63.2,,2026-06-07 00:44,,,,,,,,,,,,1.5838709677419356,,,,,,,,,,,,,,0.0,,,,,,,,,,,,100.0,🟢 低位共振（可重仓潜伏）,🌱 底仓潜伏,,,,
建筑材料,,,,-0.0550665903571556,,,,,,,,,,,,,,,,,,,,60.7,,2026-06-07 00:44,,,,,,,,,,,,1.6741935483870969,,,,,,,,,,,,,,100.0,,,,,,,,,,,,0.0,🔴 终极逃顶（高风险）,🛑 崩盘前夕,,,,
商贸零售,,,,1.0473660351898006,,,,,,,,,,,,,,,,,,,,60.3,,2026-06-07 00:44,,,,,,,,,,,,1.5838709677419356,,,,,,,,,,,,,,32.8,,,,,,,,,,,,84.6,🟢 低位共振（可重仓潜伏）,🌱 底仓潜伏,,,,
电子,,,,-3.5880440563486826,,,,,,,,,,,,,,,,,,,,59.1,,2026-06-07 00:44,,,,,,,,,,,,1.7774193548387096,,,,,,,,,,,,,,100.0,,,,,,,,,,,,0.0,🔴 终极逃顶（高风险）,🛑 崩盘前夕,,,,
社会服务,,,,0.6480963955649788,,,,,,,,,,,,,,,,,,,,58.9,,2026-06-07 00:44,,,,,,,,,,,,1.6741935483870969,,,,,,,,,,,,,,4.2,,,,,,,,,,,,95.8,🟢 低位共振（可重仓潜伏）,🌱 底仓潜伏,,,,
通信,,,,-3.115448392095044,,,,,,,,,,,,,,,,,,,,55.2,,2026-06-07 00:44,,,,,,,,,,,,1.8161290322580643,,,,,,,,,,,,,,95.5,,,,,,,,,,,,0.0,🔴 终极逃顶（高风险）,🛑 崩盘前夕,,,,
医药生物,,,,-0.0384031012948149,,,,,,,,,,,,,,,,,,,,54.0,,2026-06-07 00:44,,,,,,,,,,,,1.1838709677419357,,,,,,,,,,,,,,0.3,,,,,,,,,,,,100.0,🟢 低位共振（可重仓潜伏）,🌱 底仓潜伏,,,,
有色金属,,,,-1.772606644163166,,,,,,,,,,,,,,,,,,,,52.2,,2026-06-07 00:44,,,,,,,,,,,,1.6741935483870969,,,,,,,,,,,,,,100.0,,,,,,,,,,,,0.0,🔴 终极逃顶（高风险）,🛑 崩盘前夕,,,,
计算机,,,,-0.5178292461785361,,,,,,,,,,,,,,,,,,,,50.7,,2026-06-07 00:44,,,,,,,,,,,,1.9064516129032256,,,,,,,,,,,,,,54.6,,,,,,,,,,,,0.4,⚪ 安全持仓,🎣 暴力洗盘,,,,
电力设备,,,,-1.7909268722896,,,,,,,,,,,,,,,,,,,,48.2,,2026-06-07 00:44,,,,,,,,,,,,1.403225806451613,,,,,,,,,,,,,,5.4,,,,,,,,,,,,37.8,⚪ 安全持仓,☕ 稳健持有,,,,
综合,,,,-0.0955617388131324,,,,,,,,,,,,,,,,,,,,46.8,,2026-06-07 00:44,,,,,,,,,,,,2.048387096774194,,,,,,,,,,,,,,92.7,,,,,,,,,,,,0.0,🔴 终极逃顶（高风险）,🛑 崩盘前夕,,,,
纺织服饰,,,,0.3652399414588947,,,,,,,,,,,,,,,,,,,,46.7,,2026-06-07 00:44,,,,,,,,,,,,1.5064516129032255,,,,,,,,,,,,,,2.8,,,,,,,,,,,,33.0,⚪ 安全持仓,☕ 稳健持有,,,,
交通运输,,,,0.506325468890978,,,,,,,,,,,,,,,,,,,,46.5,,2026-06-07 00:44,,,,,,,,,,,,1.0935483870967744,,,,,,,,,,,,,,7.2,,,,,,,,,,,,100.0,🟢 低位共振（可重仓潜伏）,🌱 底仓潜伏,,,,
建筑装饰,,,,-0.064530314907929,,,,,,,,,,,,,,,,,,,,45.2,,2026-06-07 00:44,,,,,,,,,,,,1.2225806451612904,,,,,,,,,,,,,,16.7,,,,,,,,,,,,100.0,🟢 低位共振（可重仓潜伏）,🎣 暴力洗盘,,,,
传媒,,,,0.528169014084523,,,,,,,,,,,,,,,,,,,,45.0,,2026-06-07 00:44,,,,,,,,,,,,1.2741935483870968,,,,,,,,,,,,,,46.5,,,,,,,,,,,,20.1,⚪ 安全持仓,☕ 稳健持有,,,,
环保,,,,-0.3748017875161991,,,,,,,,,,,,,,,,,,,,43.5,,2026-06-07 00:44,,,,,,,,,,,,1.467741935483871,,,,,,,,,,,,,,31.9,,,,,,,,,,,,75.8,🟢 低位共振（可重仓潜伏）,🎣 暴力洗盘,,,,
汽车,,,,-0.7116868252502351,,,,,,,,,,,,,,,,,,,,43.4,,2026-06-07 00:44,,,,,,,,,,,,1.841935483870968,,,,,,,,,,,,,,0.0,,,,,,,,,,,,100.0,🟢 低位共振（可重仓潜伏）,🎣 暴力洗盘,,,,
煤炭,,,,-1.762666449918571,,,,,,,,,,,,,,,,,,,,38.5,,2026-06-07 00:44,,,,,,,,,,,,1.3258064516129031,,,,,,,,,,,,,,100.0,,,,,,,,,,,,13.3,🔴 终极逃顶（高风险）,🚨 强制清仓,,,,
美容护理,,,,0.2311905189441576,,,,,,,,,,,,,,,,,,,,38.4,,2026-06-07 00:44,,,,,,,,,,,,1.235483870967742,,,,,,,,,,,,,,27.8,,,,,,,,,,,,41.5,⚪ 安全持仓,☕ 稳健持有,,,,
公用事业,,,,-3.249463391366547,,,,,,,,,,,,,,,,,,,,38.4,,2026-06-07 00:44,,,,,,,,,,,,1.5838709677419356,,,,,,,,,,,,,,87.7,,,,,,,,,,,,34.6,🔴 终极逃顶（高风险）,🛑 崩盘前夕,,,,
食品饮料,,,,-0.1619587582831094,,,,,,,,,,,,,,,,,,,,38.4,,2026-06-07 00:44,,,,,,,,,,,,1.0935483870967744,,,,,,,,,,,,,,74.7,,,,,,,,,,,,52.8,🟠 高位能量耗尽（大幅减仓）,⚠️ 强弩之末,,,,
钢铁,,,,0.3198585618749083,,,,,,,,,,,,,,,,,,,,37.9,,2026-06-07 00:44,,,,,,,,,,,,1.2096774193548387,,,,,,,,,,,,,,30.9,,,,,,,,,,,,81.3,🟢 低位共振（可重仓潜伏）,🎣 暴力洗盘,,,,
房地产,,,,-0.6594401974836739,,,,,,,,,,,,,,,,,,,,37.7,,2026-06-07 00:44,,,,,,,,,,,,1.2870967741935484,,,,,,,,,,,,,,52.1,,,,,,,,,,,,79.5,🟢 低位共振（可重仓潜伏）,🎣 暴力洗盘,,,,
农林牧渔,,,,-0.3225468635459139,,,,,,,,,,,,,,,,,,,,36.9,,2026-06-07 00:44,,,,,,,,,,,,1.3516129032258064,,,,,,,,,,,,,,22.3,,,,,,,,,,,,26.2,⚪ 安全持仓,☕ 稳健持有,,,,
家用电器,,,,-0.1731009853353948,,,,,,,,,,,,,,,,,,,,29.9,,2026-06-07 00:44,,,,,,,,,,,,1.1193548387096774,,,,,,,,,,,,,,77.8,,,,,,,,,,,,95.1,🟠 高位能量耗尽（大幅减仓）,⚠️ 强弩之末,,,,
非银金融,,,,-0.3431599160769516,,,,,,,,,,,,,,,,,,,,26.7,,2026-06-07 00:44,,,,,,,,,,,,1.1580645161290324,,,,,,,,,,,,,,27.2,,,,,,,,,,,,91.7,🟢 低位共振（可重仓潜伏）,🎣 暴力洗盘,,,,
机械设备,,,,0.2901100991605787,,,,,,,,,,,,,,,,,,,,81.8,,2026-06-07 00:48,,,,,,,,,,,,2.074193548387097,,,,,,,,,,,,,,90.7,,,,,,,,,,,,1.2,🔴 终极逃顶（高风险）,🛑 崩盘前夕,,,,
银行,,,,1.3320451942074651,,,,,,,,,,,,,,,,,,,,81.3,,2026-06-07 00:48,,,,,,,,,,,,1.5193548387096776,,,,,,,,,,,,,,0.0,,,,,,,,,,,,100.0,🟢 低位共振（可重仓潜伏）,🚀 满仓做多,,,,
基础化工,,,,0.47529810363518,,,,,,,,,,,,,,,,,,,,77.9,,2026-06-07 00:48,,,,,,,,,,,,2.074193548387097,,,,,,,,,,,,,,15.0,,,,,,,,,,,,75.9,🟢 低位共振（可重仓潜伏）,🚀 满仓做多,,,,
石油石化,,,,0.6083390806321143,,,,,,,,,,,,,,,,,,,,71.8,,2026-06-07 00:48,,,,,,,,,,,,1.6741935483870969,,,,,,,,,,,,,,74.7,,,,,,,,,,,,79.1,🟠 高位能量耗尽（大幅减仓）,⚠️ 强弩之末,,,,
国防军工,,,,0.15117815638781,,,,,,,,,,,,,,,,,,,,69.2,,2026-06-07 00:48,,,,,,,,,,,,1.9322580645161287,,,,,,,,,,,,,,61.3,,,,,,,,,,,,33.8,🟡 预警（观察减持）,🎣 暴力洗盘,,,,
轻工制造,,,,0.0786156616452204,,,,,,,,,,,,,,,,,,,,63.2,,2026-06-07 00:48,,,,,,,,,,,,1.5838709677419356,,,,,,,,,,,,,,0.0,,,,,,,,,,,,100.0,🟢 低位共振（可重仓潜伏）,🌱 底仓潜伏,,,,
建筑材料,,,,-0.0550665903571556,,,,,,,,,,,,,,,,,,,,60.7,,2026-06-07 00:48,,,,,,,,,,,,1.6741935483870969,,,,,,,,,,,,,,100.0,,,,,,,,,,,,0.0,🔴 终极逃顶（高风险）,🛑 崩盘前夕,,,,
商贸零售,,,,1.0473660351898006,,,,,,,,,,,,,,,,,,,,60.3,,2026-06-07 00:48,,,,,,,,,,,,1.5838709677419356,,,,,,,,,,,,,,32.8,,,,,,,,,,,,84.6,🟢 低位共振（可重仓潜伏）,🌱 底仓潜伏,,,,
电子,,,,-3.5880440563486826,,,,,,,,,,,,,,,,,,,,59.1,,2026-06-07 00:48,,,,,,,,,,,,1.7774193548387096,,,,,,,,,,,,,,100.0,,,,,,,,,,,,0.0,🔴 终极逃顶（高风险）,🛑 崩盘前夕,,,,
社会服务,,,,0.6480963955649788,,,,,,,,,,,,,,,,,,,,58.9,,2026-06-07 00:48,,,,,,,,,,,,1.6741935483870969,,,,,,,,,,,,,,4.2,,,,,,,,,,,,95.8,🟢 低位共振（可重仓潜伏）,🌱 底仓潜伏,,,,
通信,,,,-3.115448392095044,,,,,,,,,,,,,,,,,,,,55.2,,2026-06-07 00:48,,,,,,,,,,,,1.8161290322580643,,,,,,,,,,,,,,95.5,,,,,,,,,,,,0.0,🔴 终极逃顶（高风险）,🛑 崩盘前夕,,,,
医药生物,,,,-0.0384031012948149,,,,,,,,,,,,,,,,,,,,54.0,,2026-06-07 00:48,,,,,,,,,,,,1.1838709677419357,,,,,,,,,,,,,,0.3,,,,,,,,,,,,100.0,🟢 低位共振（可重仓潜伏）,🌱 底仓潜伏,,,,
有色金属,,,,-1.772606644163166,,,,,,,,,,,,,,,,,,,,52.2,,2026-06-07 00:48,,,,,,,,,,,,1.6741935483870969,,,,,,,,,,,,,,100.0,,,,,,,,,,,,0.0,🔴 终极逃顶（高风险）,🛑 崩盘前夕,,,,
计算机,,,,-0.5178292461785361,,,,,,,,,,,,,,,,,,,,50.7,,2026-06-07 00:48,,,,,,,,,,,,1.9064516129032256,,,,,,,,,,,,,,54.6,,,,,,,,,,,,0.4,⚪ 安全持仓,🎣 暴力洗盘,,,,
电力设备,,,,-1.7909268722896,,,,,,,,,,,,,,,,,,,,48.2,,2026-06-07 00:48,,,,,,,,,,,,1.403225806451613,,,,,,,,,,,,,,5.4,,,,,,,,,,,,37.8,⚪ 安全持仓,☕ 稳健持有,,,,
综合,,,,-0.0955617388131324,,,,,,,,,,,,,,,,,,,,46.8,,2026-06-07 00:48,,,,,,,,,,,,2.048387096774194,,,,,,,,,,,,,,92.7,,,,,,,,,,,,0.0,🔴 终极逃顶（高风险）,🛑 崩盘前夕,,,,
纺织服饰,,,,0.3652399414588947,,,,,,,,,,,,,,,,,,,,46.7,,2026-06-07 00:48,,,,,,,,,,,,1.5064516129032255,,,,,,,,,,,,,,2.8,,,,,,,,,,,,33.0,⚪ 安全持仓,☕ 稳健持有,,,,
交通运输,,,,0.506325468890978,,,,,,,,,,,,,,,,,,,,46.5,,2026-06-07 00:48,,,,,,,,,,,,1.0935483870967744,,,,,,,,,,,,,,7.2,,,,,,,,,,,,100.0,🟢 低位共振（可重仓潜伏）,🌱 底仓潜伏,,,,
建筑装饰,,,,-0.064530314907929,,,,,,,,,,,,,,,,,,,,45.2,,2026-06-07 00:48,,,,,,,,,,,,1.2225806451612904,,,,,,,,,,,,,,16.7,,,,,,,,,,,,100.0,🟢 低位共振（可重仓潜伏）,🎣 暴力洗盘,,,,
传媒,,,,0.528169014084523,,,,,,,,,,,,,,,,,,,,45.0,,2026-06-07 00:48,,,,,,,,,,,,1.2741935483870968,,,,,,,,,,,,,,46.5,,,,,,,,,,,,20.1,⚪ 安全持仓,☕ 稳健持有,,,,
环保,,,,-0.3748017875161991,,,,,,,,,,,,,,,,,,,,43.5,,2026-06-07 00:48,,,,,,,,,,,,1.467741935483871,,,,,,,,,,,,,,31.9,,,,,,,,,,,,75.8,🟢 低位共振（可重仓潜伏）,🎣 暴力洗盘,,,,
汽车,,,,-0.7116868252502351,,,,,,,,,,,,,,,,,,,,43.4,,2026-06-07 00:48,,,,,,,,,,,,1.841935483870968,,,,,,,,,,,,,,0.0,,,,,,,,,,,,100.0,🟢 低位共振（可重仓潜伏）,🎣 暴力洗盘,,,,
煤炭,,,,-1.762666449918571,,,,,,,,,,,,,,,,,,,,38.5,,2026-06-07 00:48,,,,,,,,,,,,1.3258064516129031,,,,,,,,,,,,,,100.0,,,,,,,,,,,,13.3,🔴 终极逃顶（高风险）,🚨 强制清仓,,,,
美容护理,,,,0.2311905189441576,,,,,,,,,,,,,,,,,,,,38.4,,2026-06-07 00:48,,,,,,,,,,,,1.235483870967742,,,,,,,,,,,,,,27.8,,,,,,,,,,,,41.5,⚪ 安全持仓,☕ 稳健持有,,,,
公用事业,,,,-3.249463391366547,,,,,,,,,,,,,,,,,,,,38.4,,2026-06-07 00:48,,,,,,,,,,,,1.5838709677419356,,,,,,,,,,,,,,87.7,,,,,,,,,,,,34.6,🔴 终极逃顶（高风险）,🛑 崩盘前夕,,,,
食品饮料,,,,-0.1619587582831094,,,,,,,,,,,,,,,,,,,,38.4,,2026-06-07 00:48,,,,,,,,,,,,1.0935483870967744,,,,,,,,,,,,,,74.7,,,,,,,,,,,,52.8,🟠 高位能量耗尽（大幅减仓）,⚠️ 强弩之末,,,,
钢铁,,,,0.3198585618749083,,,,,,,,,,,,,,,,,,,,37.9,,2026-06-07 00:48,,,,,,,,,,,,1.2096774193548387,,,,,,,,,,,,,,30.9,,,,,,,,,,,,81.3,🟢 低位共振（可重仓潜伏）,🎣 暴力洗盘,,,,
房地产,,,,-0.6594401974836739,,,,,,,,,,,,,,,,,,,,37.7,,2026-06-07 00:48,,,,,,,,,,,,1.2870967741935484,,,,,,,,,,,,,,52.1,,,,,,,,,,,,79.5,🟢 低位共振（可重仓潜伏）,🎣 暴力洗盘,,,,
农林牧渔,,,,-0.3225468635459139,,,,,,,,,,,,,,,,,,,,36.9,,2026-06-07 00:48,,,,,,,,,,,,1.3516129032258064,,,,,,,,,,,,,,22.3,,,,,,,,,,,,26.2,⚪ 安全持仓,☕ 稳健持有,,,,
家用电器,,,,-0.1731009853353948,,,,,,,,,,,,,,,,,,,,29.9,,2026-06-07 00:48,,,,,,,,,,,,1.1193548387096774,,,,,,,,,,,,,,77.8,,,,,,,,,,,,95.1,🟠 高位能量耗尽（大幅减仓）,⚠️ 强弩之末,,,,
非银金融,,,,-0.3431599160769516,,,,,,,,,,,,,,,,,,,,26.7,,2026-06-07 00:48,,,,,,,,,,,,1.1580645161290324,,,,,,,,,,,,,,27.2,,,,,,,,,,,,91.7,🟢 低位共振（可重仓潜伏）,🎣 暴力洗盘,,,,
机械设备,,,,0.2901100991605787,,,,,,,,,,,,,,,,,,,,81.8,,2026-06-07 13:52,,,,,,,,,,,,2.074193548387097,,,,,,,,,,,,,,90.7,,,,,,,,,,,,1.2,🔴 终极逃顶（高风险）,🛑 崩盘前夕,,,,
银行,,,,1.3320451942074651,,,,,,,,,,,,,,,,,,,,81.3,,2026-06-07 13:52,,,,,,,,,,,,1.5193548387096776,,,,,,,,,,,,,,0.0,,,,,,,,,,,,100.0,🟢 低位共振（可重仓潜伏）,🚀 满仓做多,,,,
基础化工,,,,0.47529810363518,,,,,,,,,,,,,,,,,,,,77.9,,2026-06-07 13:52,,,,,,,,,,,,2.074193548387097,,,,,,,,,,,,,,15.0,,,,,,,,,,,,75.9,🟢 低位共振（可重仓潜伏）,🚀 满仓做多,,,,
石油石化,,,,0.6083390806321143,,,,,,,,,,,,,,,,,,,,71.8,,2026-06-07 13:52,,,,,,,,,,,,1.6741935483870969,,,,,,,,,,,,,,74.7,,,,,,,,,,,,79.1,🟠 高位能量耗尽（大幅减仓）,⚠️ 强弩之末,,,,
国防军工,,,,0.15117815638781,,,,,,,,,,,,,,,,,,,,69.2,,2026-06-07 13:52,,,,,,,,,,,,1.9322580645161287,,,,,,,,,,,,,,61.3,,,,,,,,,,,,33.8,🟡 预警（观察减持）,🎣 暴力洗盘,,,,
轻工制造,,,,0.0786156616452204,,,,,,,,,,,,,,,,,,,,63.2,,2026-06-07 13:52,,,,,,,,,,,,1.5838709677419356,,,,,,,,,,,,,,0.0,,,,,,,,,,,,100.0,🟢 低位共振（可重仓潜伏）,🌱 底仓潜伏,,,,
建筑材料,,,,-0.0550665903571556,,,,,,,,,,,,,,,,,,,,60.7,,2026-06-07 13:52,,,,,,,,,,,,1.6741935483870969,,,,,,,,,,,,,,100.0,,,,,,,,,,,,0.0,🔴 终极逃顶（高风险）,🛑 崩盘前夕,,,,
商贸零售,,,,1.0473660351898006,,,,,,,,,,,,,,,,,,,,60.3,,2026-06-07 13:52,,,,,,,,,,,,1.5838709677419356,,,,,,,,,,,,,,32.8,,,,,,,,,,,,84.6,🟢 低位共振（可重仓潜伏）,🌱 底仓潜伏,,,,
电子,,,,-3.5880440563486826,,,,,,,,,,,,,,,,,,,,59.1,,2026-06-07 13:52,,,,,,,,,,,,1.7774193548387096,,,,,,,,,,,,,,100.0,,,,,,,,,,,,0.0,🔴 终极逃顶（高风险）,🛑 崩盘前夕,,,,
社会服务,,,,0.6480963955649788,,,,,,,,,,,,,,,,,,,,58.9,,2026-06-07 13:52,,,,,,,,,,,,1.6741935483870969,,,,,,,,,,,,,,4.2,,,,,,,,,,,,95.8,🟢 低位共振（可重仓潜伏）,🌱 底仓潜伏,,,,
通信,,,,-3.115448392095044,,,,,,,,,,,,,,,,,,,,55.2,,2026-06-07 13:52,,,,,,,,,,,,1.8161290322580643,,,,,,,,,,,,,,95.5,,,,,,,,,,,,0.0,🔴 终极逃顶（高风险）,🛑 崩盘前夕,,,,
医药生物,,,,-0.0384031012948149,,,,,,,,,,,,,,,,,,,,54.0,,2026-06-07 13:52,,,,,,,,,,,,1.1838709677419357,,,,,,,,,,,,,,0.3,,,,,,,,,,,,100.0,🟢 低位共振（可重仓潜伏）,🌱 底仓潜伏,,,,
有色金属,,,,-1.772606644163166,,,,,,,,,,,,,,,,,,,,52.2,,2026-06-07 13:52,,,,,,,,,,,,1.6741935483870969,,,,,,,,,,,,,,100.0,,,,,,,,,,,,0.0,🔴 终极逃顶（高风险）,🛑 崩盘前夕,,,,
计算机,,,,-0.5178292461785361,,,,,,,,,,,,,,,,,,,,50.7,,2026-06-07 13:52,,,,,,,,,,,,1.9064516129032256,,,,,,,,,,,,,,54.6,,,,,,,,,,,,0.4,⚪ 安全持仓,🎣 暴力洗盘,,,,
电力设备,,,,-1.7909268722896,,,,,,,,,,,,,,,,,,,,48.2,,2026-06-07 13:52,,,,,,,,,,,,1.403225806451613,,,,,,,,,,,,,,5.4,,,,,,,,,,,,37.8,⚪ 安全持仓,☕ 稳健持有,,,,
综合,,,,-0.0955617388131324,,,,,,,,,,,,,,,,,,,,46.8,,2026-06-07 13:52,,,,,,,,,,,,2.048387096774194,,,,,,,,,,,,,,92.7,,,,,,,,,,,,0.0,🔴 终极逃顶（高风险）,🛑 崩盘前夕,,,,
纺织服饰,,,,0.3652399414588947,,,,,,,,,,,,,,,,,,,,46.7,,2026-06-07 13:52,,,,,,,,,,,,1.5064516129032255,,,,,,,,,,,,,,2.8,,,,,,,,,,,,33.0,⚪ 安全持仓,☕ 稳健持有,,,,
交通运输,,,,0.506325468890978,,,,,,,,,,,,,,,,,,,,46.5,,2026-06-07 13:52,,,,,,,,,,,,1.0935483870967744,,,,,,,,,,,,,,7.2,,,,,,,,,,,,100.0,🟢 低位共振（可重仓潜伏）,🌱 底仓潜伏,,,,
建筑装饰,,,,-0.064530314907929,,,,,,,,,,,,,,,,,,,,45.2,,2026-06-07 13:52,,,,,,,,,,,,1.2225806451612904,,,,,,,,,,,,,,16.7,,,,,,,,,,,,100.0,🟢 低位共振（可重仓潜伏）,🎣 暴力洗盘,,,,
传媒,,,,0.528169014084523,,,,,,,,,,,,,,,,,,,,45.0,,2026-06-07 13:52,,,,,,,,,,,,1.2741935483870968,,,,,,,,,,,,,,46.5,,,,,,,,,,,,20.1,⚪ 安全持仓,☕ 稳健持有,,,,
环保,,,,-0.3748017875161991,,,,,,,,,,,,,,,,,,,,43.5,,2026-06-07 13:52,,,,,,,,,,,,1.467741935483871,,,,,,,,,,,,,,31.9,,,,,,,,,,,,75.8,🟢 低位共振（可重仓潜伏）,🎣 暴力洗盘,,,,
汽车,,,,-0.7116868252502351,,,,,,,,,,,,,,,,,,,,43.4,,2026-06-07 13:52,,,,,,,,,,,,1.841935483870968,,,,,,,,,,,,,,0.0,,,,,,,,,,,,100.0,🟢 低位共振（可重仓潜伏）,🎣 暴力洗盘,,,,
煤炭,,,,-1.762666449918571,,,,,,,,,,,,,,,,,,,,38.5,,2026-06-07 13:52,,,,,,,,,,,,1.3258064516129031,,,,,,,,,,,,,,100.0,,,,,,,,,,,,13.3,🔴 终极逃顶（高风险）,🚨 强制清仓,,,,
美容护理,,,,0.2311905189441576,,,,,,,,,,,,,,,,,,,,38.4,,2026-06-07 13:52,,,,,,,,,,,,1.235483870967742,,,,,,,,,,,,,,27.8,,,,,,,,,,,,41.5,⚪ 安全持仓,☕ 稳健持有,,,,
公用事业,,,,-3.249463391366547,,,,,,,,,,,,,,,,,,,,38.4,,2026-06-07 13:52,,,,,,,,,,,,1.5838709677419356,,,,,,,,,,,,,,87.7,,,,,,,,,,,,34.6,🔴 终极逃顶（高风险）,🛑 崩盘前夕,,,,
食品饮料,,,,-0.1619587582831094,,,,,,,,,,,,,,,,,,,,38.4,,2026-06-07 13:52,,,,,,,,,,,,1.0935483870967744,,,,,,,,,,,,,,74.7,,,,,,,,,,,,52.8,🟠 高位能量耗尽（大幅减仓）,⚠️ 强弩之末,,,,
钢铁,,,,0.3198585618749083,,,,,,,,,,,,,,,,,,,,37.9,,2026-06-07 13:52,,,,,,,,,,,,1.2096774193548387,,,,,,,,,,,,,,30.9,,,,,,,,,,,,81.3,🟢 低位共振（可重仓潜伏）,🎣 暴力洗盘,,,,
房地产,,,,-0.6594401974836739,,,,,,,,,,,,,,,,,,,,37.7,,2026-06-07 13:52,,,,,,,,,,,,1.2870967741935484,,,,,,,,,,,,,,52.1,,,,,,,,,,,,79.5,🟢 低位共振（可重仓潜伏）,🎣 暴力洗盘,,,,
农林牧渔,,,,-0.3225468635459139,,,,,,,,,,,,,,,,,,,,36.9,,2026-06-07 13:52,,,,,,,,,,,,1.3516129032258064,,,,,,,,,,,,,,22.3,,,,,,,,,,,,26.2,⚪ 安全持仓,☕ 稳健持有,,,,
家用电器,,,,-0.1731009853353948,,,,,,,,,,,,,,,,,,,,29.9,,2026-06-07 13:52,,,,,,,,,,,,1.1193548387096774,,,,,,,,,,,,,,77.8,,,,,,,,,,,,95.1,🟠 高位能量耗尽（大幅减仓）,⚠️ 强弩之末,,,,
非银金融,,,,-0.3431599160769516,,,,,,,,,,,,,,,,,,,,26.7,,2026-06-07 13:52,,,,,,,,,,,,1.1580645161290324,,,,,,,,,,,,,,27.2,,,,,,,,,,,,91.7,🟢 低位共振（可重仓潜伏）,🎣 暴力洗盘,,,,
机械设备,,,,0.2901100991605787,,,,,,,,,,,,,,,,,,,,81.8,,2026-06-07 13:54,,,,,,,,,,,,2.074193548387097,,,,,,,,,,,,,,90.7,,,,,,,,,,,,1.2,🔴 终极逃顶（高风险）,🛑 崩盘前夕,,,,
银行,,,,1.3320451942074651,,,,,,,,,,,,,,,,,,,,81.3,,2026-06-07 13:54,,,,,,,,,,,,1.5193548387096776,,,,,,,,,,,,,,0.0,,,,,,,,,,,,100.0,🟢 低位共振（可重仓潜伏）,🚀 满仓做多,,,,
基础化工,,,,0.47529810363518,,,,,,,,,,,,,,,,,,,,77.9,,2026-06-07 13:54,,,,,,,,,,,,2.074193548387097,,,,,,,,,,,,,,15.0,,,,,,,,,,,,75.9,🟢 低位共振（可重仓潜伏）,🚀 满仓做多,,,,
石油石化,,,,0.6083390806321143,,,,,,,,,,,,,,,,,,,,71.8,,2026-06-07 13:54,,,,,,,,,,,,1.6741935483870969,,,,,,,,,,,,,,74.7,,,,,,,,,,,,79.1,🟠 高位能量耗尽（大幅减仓）,⚠️ 强弩之末,,,,
国防军工,,,,0.15117815638781,,,,,,,,,,,,,,,,,,,,69.2,,2026-06-07 13:54,,,,,,,,,,,,1.9322580645161287,,,,,,,,,,,,,,61.3,,,,,,,,,,,,33.8,🟡 预警（观察减持）,🎣 暴力洗盘,,,,
轻工制造,,,,0.0786156616452204,,,,,,,,,,,,,,,,,,,,63.2,,2026-06-07 13:54,,,,,,,,,,,,1.5838709677419356,,,,,,,,,,,,,,0.0,,,,,,,,,,,,100.0,🟢 低位共振（可重仓潜伏）,🌱 底仓潜伏,,,,
建筑材料,,,,-0.0550665903571556,,,,,,,,,,,,,,,,,,,,60.7,,2026-06-07 13:54,,,,,,,,,,,,1.6741935483870969,,,,,,,,,,,,,,100.0,,,,,,,,,,,,0.0,🔴 终极逃顶（高风险）,🛑 崩盘前夕,,,,
商贸零售,,,,1.0473660351898006,,,,,,,,,,,,,,,,,,,,60.3,,2026-06-07 13:54,,,,,,,,,,,,1.5838709677419356,,,,,,,,,,,,,,32.8,,,,,,,,,,,,84.6,🟢 低位共振（可重仓潜伏）,🌱 底仓潜伏,,,,
电子,,,,-3.5880440563486826,,,,,,,,,,,,,,,,,,,,59.1,,2026-06-07 13:54,,,,,,,,,,,,1.7774193548387096,,,,,,,,,,,,,,100.0,,,,,,,,,,,,0.0,🔴 终极逃顶（高风险）,🛑 崩盘前夕,,,,
社会服务,,,,0.6480963955649788,,,,,,,,,,,,,,,,,,,,58.9,,2026-06-07 13:54,,,,,,,,,,,,1.6741935483870969,,,,,,,,,,,,,,4.2,,,,,,,,,,,,95.8,🟢 低位共振（可重仓潜伏）,🌱 底仓潜伏,,,,
通信,,,,-3.115448392095044,,,,,,,,,,,,,,,,,,,,55.2,,2026-06-07 13:54,,,,,,,,,,,,1.8161290322580643,,,,,,,,,,,,,,95.5,,,,,,,,,,,,0.0,🔴 终极逃顶（高风险）,🛑 崩盘前夕,,,,
医药生物,,,,-0.0384031012948149,,,,,,,,,,,,,,,,,,,,54.0,,2026-06-07 13:54,,,,,,,,,,,,1.1838709677419357,,,,,,,,,,,,,,0.3,,,,,,,,,,,,100.0,🟢 低位共振（可重仓潜伏）,🌱 底仓潜伏,,,,
有色金属,,,,-1.772606644163166,,,,,,,,,,,,,,,,,,,,52.2,,2026-06-07 13:54,,,,,,,,,,,,1.6741935483870969,,,,,,,,,,,,,,100.0,,,,,,,,,,,,0.0,🔴 终极逃顶（高风险）,🛑 崩盘前夕,,,,
计算机,,,,-0.5178292461785361,,,,,,,,,,,,,,,,,,,,50.7,,2026-06-07 13:54,,,,,,,,,,,,1.9064516129032256,,,,,,,,,,,,,,54.6,,,,,,,,,,,,0.4,⚪ 安全持仓,🎣 暴力洗盘,,,,
电力设备,,,,-1.7909268722896,,,,,,,,,,,,,,,,,,,,48.2,,2026-06-07 13:54,,,,,,,,,,,,1.403225806451613,,,,,,,,,,,,,,5.4,,,,,,,,,,,,37.8,⚪ 安全持仓,☕ 稳健持有,,,,
综合,,,,-0.0955617388131324,,,,,,,,,,,,,,,,,,,,46.8,,2026-06-07 13:54,,,,,,,,,,,,2.048387096774194,,,,,,,,,,,,,,92.7,,,,,,,,,,,,0.0,🔴 终极逃顶（高风险）,🛑 崩盘前夕,,,,
纺织服饰,,,,0.3652399414588947,,,,,,,,,,,,,,,,,,,,46.7,,2026-06-07 13:54,,,,,,,,,,,,1.5064516129032255,,,,,,,,,,,,,,2.8,,,,,,,,,,,,33.0,⚪ 安全持仓,☕ 稳健持有,,,,
交通运输,,,,0.506325468890978,,,,,,,,,,,,,,,,,,,,46.5,,2026-06-07 13:54,,,,,,,,,,,,1.0935483870967744,,,,,,,,,,,,,,7.2,,,,,,,,,,,,100.0,🟢 低位共振（可重仓潜伏）,🌱 底仓潜伏,,,,
建筑装饰,,,,-0.064530314907929,,,,,,,,,,,,,,,,,,,,45.2,,2026-06-07 13:54,,,,,,,,,,,,1.2225806451612904,,,,,,,,,,,,,,16.7,,,,,,,,,,,,100.0,🟢 低位共振（可重仓潜伏）,🎣 暴力洗盘,,,,
传媒,,,,0.528169014084523,,,,,,,,,,,,,,,,,,,,45.0,,2026-06-07 13:54,,,,,,,,,,,,1.2741935483870968,,,,,,,,,,,,,,46.5,,,,,,,,,,,,20.1,⚪ 安全持仓,☕ 稳健持有,,,,
环保,,,,-0.3748017875161991,,,,,,,,,,,,,,,,,,,,43.5,,2026-06-07 13:54,,,,,,,,,,,,1.467741935483871,,,,,,,,,,,,,,31.9,,,,,,,,,,,,75.8,🟢 低位共振（可重仓潜伏）,🎣 暴力洗盘,,,,
汽车,,,,-0.7116868252502351,,,,,,,,,,,,,,,,,,,,43.4,,2026-06-07 13:54,,,,,,,,,,,,1.841935483870968,,,,,,,,,,,,,,0.0,,,,,,,,,,,,100.0,🟢 低位共振（可重仓潜伏）,🎣 暴力洗盘,,,,
煤炭,,,,-1.762666449918571,,,,,,,,,,,,,,,,,,,,38.5,,2026-06-07 13:54,,,,,,,,,,,,1.3258064516129031,,,,,,,,,,,,,,100.0,,,,,,,,,,,,13.3,🔴 终极逃顶（高风险）,🚨 强制清仓,,,,
美容护理,,,,0.2311905189441576,,,,,,,,,,,,,,,,,,,,38.4,,2026-06-07 13:54,,,,,,,,,,,,1.235483870967742,,,,,,,,,,,,,,27.8,,,,,,,,,,,,41.5,⚪ 安全持仓,☕ 稳健持有,,,,
公用事业,,,,-3.249463391366547,,,,,,,,,,,,,,,,,,,,38.4,,2026-06-07 13:54,,,,,,,,,,,,1.5838709677419356,,,,,,,,,,,,,,87.7,,,,,,,,,,,,34.6,🔴 终极逃顶（高风险）,🛑 崩盘前夕,,,,
食品饮料,,,,-0.1619587582831094,,,,,,,,,,,,,,,,,,,,38.4,,2026-06-07 13:54,,,,,,,,,,,,1.0935483870967744,,,,,,,,,,,,,,74.7,,,,,,,,,,,,52.8,🟠 高位能量耗尽（大幅减仓）,⚠️ 强弩之末,,,,
钢铁,,,,0.3198585618749083,,,,,,,,,,,,,,,,,,,,37.9,,2026-06-07 13:54,,,,,,,,,,,,1.2096774193548387,,,,,,,,,,,,,,30.9,,,,,,,,,,,,81.3,🟢 低位共振（可重仓潜伏）,🎣 暴力洗盘,,,,
房地产,,,,-0.6594401974836739,,,,,,,,,,,,,,,,,,,,37.7,,2026-06-07 13:54,,,,,,,,,,,,1.2870967741935484,,,,,,,,,,,,,,52.1,,,,,,,,,,,,79.5,🟢 低位共振（可重仓潜伏）,🎣 暴力洗盘,,,,
农林牧渔,,,,-0.3225468635459139,,,,,,,,,,,,,,,,,,,,36.9,,2026-06-07 13:54,,,,,,,,,,,,1.3516129032258064,,,,,,,,,,,,,,22.3,,,,,,,,,,,,26.2,⚪ 安全持仓,☕ 稳健持有,,,,
家用电器,,,,-0.1731009853353948,,,,,,,,,,,,,,,,,,,,29.9,,2026-06-07 13:54,,,,,,,,,,,,1.1193548387096774,,,,,,,,,,,,,,77.8,,,,,,,,,,,,95.1,🟠 高位能量耗尽（大幅减仓）,⚠️ 强弩之末,,,,
非银金融,,,,-0.3431599160769516,,,,,,,,,,,,,,,,,,,,26.7,,2026-06-07 13:54,,,,,,,,,,,,1.1580645161290324,,,,,,,,,,,,,,27.2,,,,,,,,,,,,91.7,🟢 低位共振（可重仓潜伏）,🎣 暴力洗盘,,,,
机械设备,,,,0.2901100991605787,,,,,,,,,,,,,,,,,,,,81.8,,2026-06-07 16:08,,,,,,,,,,,,2.074193548387097,,,,,,,,,,,,,,90.7,,,,,,,,,,,,1.2,🔴 终极逃顶（高风险）,🛑 崩盘前夕,,,,
银行,,,,1.3320451942074651,,,,,,,,,,,,,,,,,,,,81.3,,2026-06-07 16:08,,,,,,,,,,,,1.5193548387096776,,,,,,,,,,,,,,0.0,,,,,,,,,,,,100.0,🟢 低位共振（可重仓潜伏）,🚀 满仓做多,,,,
基础化工,,,,0.47529810363518,,,,,,,,,,,,,,,,,,,,77.9,,2026-06-07 16:08,,,,,,,,,,,,2.074193548387097,,,,,,,,,,,,,,15.0,,,,,,,,,,,,75.9,🟢 低位共振（可重仓潜伏）,🚀 满仓做多,,,,
石油石化,,,,0.6083390806321143,,,,,,,,,,,,,,,,,,,,71.8,,2026-06-07 16:08,,,,,,,,,,,,1.6741935483870969,,,,,,,,,,,,,,74.7,,,,,,,,,,,,79.1,🟠 高位能量耗尽（大幅减仓）,⚠️ 强弩之末,,,,
国防军工,,,,0.15117815638781,,,,,,,,,,,,,,,,,,,,69.2,,2026-06-07 16:08,,,,,,,,,,,,1.9322580645161287,,,,,,,,,,,,,,61.3,,,,,,,,,,,,33.8,🟡 预警（观察减持）,🎣 暴力洗盘,,,,
轻工制造,,,,0.0786156616452204,,,,,,,,,,,,,,,,,,,,63.2,,2026-06-07 16:08,,,,,,,,,,,,1.5838709677419356,,,,,,,,,,,,,,0.0,,,,,,,,,,,,100.0,🟢 低位共振（可重仓潜伏）,🌱 底仓潜伏,,,,
建筑材料,,,,-0.0550665903571556,,,,,,,,,,,,,,,,,,,,60.7,,2026-06-07 16:08,,,,,,,,,,,,1.6741935483870969,,,,,,,,,,,,,,100.0,,,,,,,,,,,,0.0,🔴 终极逃顶（高风险）,🛑 崩盘前夕,,,,
商贸零售,,,,1.0473660351898006,,,,,,,,,,,,,,,,,,,,60.3,,2026-06-07 16:08,,,,,,,,,,,,1.5838709677419356,,,,,,,,,,,,,,32.8,,,,,,,,,,,,84.6,🟢 低位共振（可重仓潜伏）,🌱 底仓潜伏,,,,
电子,,,,-3.5880440563486826,,,,,,,,,,,,,,,,,,,,59.1,,2026-06-07 16:08,,,,,,,,,,,,1.7774193548387096,,,,,,,,,,,,,,100.0,,,,,,,,,,,,0.0,🔴 终极逃顶（高风险）,🛑 崩盘前夕,,,,
社会服务,,,,0.6480963955649788,,,,,,,,,,,,,,,,,,,,58.9,,2026-06-07 16:08,,,,,,,,,,,,1.6741935483870969,,,,,,,,,,,,,,4.2,,,,,,,,,,,,95.8,🟢 低位共振（可重仓潜伏）,🌱 底仓潜伏,,,,
通信,,,,-3.115448392095044,,,,,,,,,,,,,,,,,,,,55.2,,2026-06-07 16:08,,,,,,,,,,,,1.8161290322580643,,,,,,,,,,,,,,95.5,,,,,,,,,,,,0.0,🔴 终极逃顶（高风险）,🛑 崩盘前夕,,,,
医药生物,,,,-0.0384031012948149,,,,,,,,,,,,,,,,,,,,54.0,,2026-06-07 16:08,,,,,,,,,,,,1.1838709677419357,,,,,,,,,,,,,,0.3,,,,,,,,,,,,100.0,🟢 低位共振（可重仓潜伏）,🌱 底仓潜伏,,,,
有色金属,,,,-1.772606644163166,,,,,,,,,,,,,,,,,,,,52.2,,2026-06-07 16:08,,,,,,,,,,,,1.6741935483870969,,,,,,,,,,,,,,100.0,,,,,,,,,,,,0.0,🔴 终极逃顶（高风险）,🛑 崩盘前夕,,,,
计算机,,,,-0.5178292461785361,,,,,,,,,,,,,,,,,,,,50.7,,2026-06-07 16:08,,,,,,,,,,,,1.9064516129032256,,,,,,,,,,,,,,54.6,,,,,,,,,,,,0.4,⚪ 安全持仓,🎣 暴力洗盘,,,,
电力设备,,,,-1.7909268722896,,,,,,,,,,,,,,,,,,,,48.2,,2026-06-07 16:08,,,,,,,,,,,,1.403225806451613,,,,,,,,,,,,,,5.4,,,,,,,,,,,,37.8,⚪ 安全持仓,☕ 稳健持有,,,,
综合,,,,-0.0955617388131324,,,,,,,,,,,,,,,,,,,,46.8,,2026-06-07 16:08,,,,,,,,,,,,2.048387096774194,,,,,,,,,,,,,,92.7,,,,,,,,,,,,0.0,🔴 终极逃顶（高风险）,🛑 崩盘前夕,,,,
纺织服饰,,,,0.3652399414588947,,,,,,,,,,,,,,,,,,,,46.7,,2026-06-07 16:08,,,,,,,,,,,,1.5064516129032255,,,,,,,,,,,,,,2.8,,,,,,,,,,,,33.0,⚪ 安全持仓,☕ 稳健持有,,,,
交通运输,,,,0.506325468890978,,,,,,,,,,,,,,,,,,,,46.5,,2026-06-07 16:08,,,,,,,,,,,,1.0935483870967744,,,,,,,,,,,,,,7.2,,,,,,,,,,,,100.0,🟢 低位共振（可重仓潜伏）,🌱 底仓潜伏,,,,
建筑装饰,,,,-0.064530314907929,,,,,,,,,,,,,,,,,,,,45.2,,2026-06-07 16:08,,,,,,,,,,,,1.2225806451612904,,,,,,,,,,,,,,16.7,,,,,,,,,,,,100.0,🟢 低位共振（可重仓潜伏）,🎣 暴力洗盘,,,,
传媒,,,,0.528169014084523,,,,,,,,,,,,,,,,,,,,45.0,,2026-06-07 16:08,,,,,,,,,,,,1.2741935483870968,,,,,,,,,,,,,,46.5,,,,,,,,,,,,20.1,⚪ 安全持仓,☕ 稳健持有,,,,
环保,,,,-0.3748017875161991,,,,,,,,,,,,,,,,,,,,43.5,,2026-06-07 16:08,,,,,,,,,,,,1.467741935483871,,,,,,,,,,,,,,31.9,,,,,,,,,,,,75.8,🟢 低位共振（可重仓潜伏）,🎣 暴力洗盘,,,,
汽车,,,,-0.7116868252502351,,,,,,,,,,,,,,,,,,,,43.4,,2026-06-07 16:08,,,,,,,,,,,,1.841935483870968,,,,,,,,,,,,,,0.0,,,,,,,,,,,,100.0,🟢 低位共振（可重仓潜伏）,🎣 暴力洗盘,,,,
煤炭,,,,-1.762666449918571,,,,,,,,,,,,,,,,,,,,38.5,,2026-06-07 16:08,,,,,,,,,,,,1.3258064516129031,,,,,,,,,,,,,,100.0,,,,,,,,,,,,13.3,🔴 终极逃顶（高风险）,🚨 强制清仓,,,,
美容护理,,,,0.2311905189441576,,,,,,,,,,,,,,,,,,,,38.4,,2026-06-07 16:08,,,,,,,,,,,,1.235483870967742,,,,,,,,,,,,,,27.8,,,,,,,,,,,,41.5,⚪ 安全持仓,☕ 稳健持有,,,,
公用事业,,,,-3.249463391366547,,,,,,,,,,,,,,,,,,,,38.4,,2026-06-07 16:08,,,,,,,,,,,,1.5838709677419356,,,,,,,,,,,,,,87.7,,,,,,,,,,,,34.6,🔴 终极逃顶（高风险）,🛑 崩盘前夕,,,,
食品饮料,,,,-0.1619587582831094,,,,,,,,,,,,,,,,,,,,38.4,,2026-06-07 16:08,,,,,,,,,,,,1.0935483870967744,,,,,,,,,,,,,,74.7,,,,,,,,,,,,52.8,🟠 高位能量耗尽（大幅减仓）,⚠️ 强弩之末,,,,
钢铁,,,,0.3198585618749083,,,,,,,,,,,,,,,,,,,,37.9,,2026-06-07 16:08,,,,,,,,,,,,1.2096774193548387,,,,,,,,,,,,,,30.9,,,,,,,,,,,,81.3,🟢 低位共振（可重仓潜伏）,🎣 暴力洗盘,,,,
房地产,,,,-0.6594401974836739,,,,,,,,,,,,,,,,,,,,37.7,,2026-06-07 16:08,,,,,,,,,,,,1.2870967741935484,,,,,,,,,,,,,,52.1,,,,,,,,,,,,79.5,🟢 低位共振（可重仓潜伏）,🎣 暴力洗盘,,,,
农林牧渔,,,,-0.3225468635459139,,,,,,,,,,,,,,,,,,,,36.9,,2026-06-07 16:08,,,,,,,,,,,,1.3516129032258064,,,,,,,,,,,,,,22.3,,,,,,,,,,,,26.2,⚪ 安全持仓,☕ 稳健持有,,,,
家用电器,,,,-0.1731009853353948,,,,,,,,,,,,,,,,,,,,29.9,,2026-06-07 16:08,,,,,,,,,,,,1.1193548387096774,,,,,,,,,,,,,,77.8,,,,,,,,,,,,95.1,🟠 高位能量耗尽（大幅减仓）,⚠️ 强弩之末,,,,
非银金融,,,,-0.3431599160769516,,,,,,,,,,,,,,,,,,,,26.7,,2026-06-07 16:08,,,,,,,,,,,,1.1580645161290324,,,,,,,,,,,,,,27.2,,,,,,,,,,,,91.7,🟢 低位共振（可重仓潜伏）,🎣 暴力洗盘,,,,
机械设备,,,,0.2901100991605787,,,,,,,,,,,,,,,,,,,,81.8,,2026-06-07 16:42,,,,,,,,,,,,2.074193548387097,,,,,,,,,,,,,,90.7,,,,,,,,,,,,1.2,🔴 终极逃顶（高风险）,🛑 崩盘前夕,,,,
银行,,,,1.3320451942074651,,,,,,,,,,,,,,,,,,,,81.3,,2026-06-07 16:42,,,,,,,,,,,,1.5193548387096776,,,,,,,,,,,,,,0.0,,,,,,,,,,,,100.0,🟢 低位共振（可重仓潜伏）,🚀 满仓做多,,,,
基础化工,,,,0.47529810363518,,,,,,,,,,,,,,,,,,,,77.9,,2026-06-07 16:42,,,,,,,,,,,,2.074193548387097,,,,,,,,,,,,,,15.0,,,,,,,,,,,,75.9,🟢 低位共振（可重仓潜伏）,🚀 满仓做多,,,,
石油石化,,,,0.6083390806321143,,,,,,,,,,,,,,,,,,,,71.8,,2026-06-07 16:42,,,,,,,,,,,,1.6741935483870969,,,,,,,,,,,,,,74.7,,,,,,,,,,,,79.1,🟠 高位能量耗尽（大幅减仓）,⚠️ 强弩之末,,,,
国防军工,,,,0.15117815638781,,,,,,,,,,,,,,,,,,,,69.2,,2026-06-07 16:42,,,,,,,,,,,,1.9322580645161287,,,,,,,,,,,,,,61.3,,,,,,,,,,,,33.8,🟡 预警（观察减持）,🎣 暴力洗盘,,,,
轻工制造,,,,0.0786156616452204,,,,,,,,,,,,,,,,,,,,63.2,,2026-06-07 16:42,,,,,,,,,,,,1.5838709677419356,,,,,,,,,,,,,,0.0,,,,,,,,,,,,100.0,🟢 低位共振（可重仓潜伏）,🌱 底仓潜伏,,,,
建筑材料,,,,-0.0550665903571556,,,,,,,,,,,,,,,,,,,,60.7,,2026-06-07 16:42,,,,,,,,,,,,1.6741935483870969,,,,,,,,,,,,,,100.0,,,,,,,,,,,,0.0,🔴 终极逃顶（高风险）,🛑 崩盘前夕,,,,
商贸零售,,,,1.0473660351898006,,,,,,,,,,,,,,,,,,,,60.3,,2026-06-07 16:42,,,,,,,,,,,,1.5838709677419356,,,,,,,,,,,,,,32.8,,,,,,,,,,,,84.6,🟢 低位共振（可重仓潜伏）,🌱 底仓潜伏,,,,
电子,,,,-3.5880440563486826,,,,,,,,,,,,,,,,,,,,59.1,,2026-06-07 16:42,,,,,,,,,,,,1.7774193548387096,,,,,,,,,,,,,,100.0,,,,,,,,,,,,0.0,🔴 终极逃顶（高风险）,🛑 崩盘前夕,,,,
社会服务,,,,0.6480963955649788,,,,,,,,,,,,,,,,,,,,58.9,,2026-06-07 16:42,,,,,,,,,,,,1.6741935483870969,,,,,,,,,,,,,,4.2,,,,,,,,,,,,95.8,🟢 低位共振（可重仓潜伏）,🌱 底仓潜伏,,,,
通信,,,,-3.115448392095044,,,,,,,,,,,,,,,,,,,,55.2,,2026-06-07 16:42,,,,,,,,,,,,1.8161290322580643,,,,,,,,,,,,,,95.5,,,,,,,,,,,,0.0,🔴 终极逃顶（高风险）,🛑 崩盘前夕,,,,
医药生物,,,,-0.0384031012948149,,,,,,,,,,,,,,,,,,,,54.0,,2026-06-07 16:42,,,,,,,,,,,,1.1838709677419357,,,,,,,,,,,,,,0.3,,,,,,,,,,,,100.0,🟢 低位共振（可重仓潜伏）,🌱 底仓潜伏,,,,
有色金属,,,,-1.772606644163166,,,,,,,,,,,,,,,,,,,,52.2,,2026-06-07 16:42,,,,,,,,,,,,1.6741935483870969,,,,,,,,,,,,,,100.0,,,,,,,,,,,,0.0,🔴 终极逃顶（高风险）,🛑 崩盘前夕,,,,
计算机,,,,-0.5178292461785361,,,,,,,,,,,,,,,,,,,,50.7,,2026-06-07 16:42,,,,,,,,,,,,1.9064516129032256,,,,,,,,,,,,,,54.6,,,,,,,,,,,,0.4,⚪ 安全持仓,🎣 暴力洗盘,,,,
电力设备,,,,-1.7909268722896,,,,,,,,,,,,,,,,,,,,48.2,,2026-06-07 16:42,,,,,,,,,,,,1.403225806451613,,,,,,,,,,,,,,5.4,,,,,,,,,,,,37.8,⚪ 安全持仓,☕ 稳健持有,,,,
综合,,,,-0.0955617388131324,,,,,,,,,,,,,,,,,,,,46.8,,2026-06-07 16:42,,,,,,,,,,,,2.048387096774194,,,,,,,,,,,,,,92.7,,,,,,,,,,,,0.0,🔴 终极逃顶（高风险）,🛑 崩盘前夕,,,,
纺织服饰,,,,0.3652399414588947,,,,,,,,,,,,,,,,,,,,46.7,,2026-06-07 16:42,,,,,,,,,,,,1.5064516129032255,,,,,,,,,,,,,,2.8,,,,,,,,,,,,33.0,⚪ 安全持仓,☕ 稳健持有,,,,
交通运输,,,,0.506325468890978,,,,,,,,,,,,,,,,,,,,46.5,,2026-06-07 16:42,,,,,,,,,,,,1.0935483870967744,,,,,,,,,,,,,,7.2,,,,,,,,,,,,100.0,🟢 低位共振（可重仓潜伏）,🌱 底仓潜伏,,,,
建筑装饰,,,,-0.064530314907929,,,,,,,,,,,,,,,,,,,,45.2,,2026-06-07 16:42,,,,,,,,,,,,1.2225806451612904,,,,,,,,,,,,,,16.7,,,,,,,,,,,,100.0,🟢 低位共振（可重仓潜伏）,🎣 暴力洗盘,,,,
传媒,,,,0.528169014084523,,,,,,,,,,,,,,,,,,,,45.0,,2026-06-07 16:42,,,,,,,,,,,,1.2741935483870968,,,,,,,,,,,,,,46.5,,,,,,,,,,,,20.1,⚪ 安全持仓,☕ 稳健持有,,,,
环保,,,,-0.3748017875161991,,,,,,,,,,,,,,,,,,,,43.5,,2026-06-07 16:42,,,,,,,,,,,,1.467741935483871,,,,,,,,,,,,,,31.9,,,,,,,,,,,,75.8,🟢 低位共振（可重仓潜伏）,🎣 暴力洗盘,,,,
汽车,,,,-0.7116868252502351,,,,,,,,,,,,,,,,,,,,43.4,,2026-06-07 16:42,,,,,,,,,,,,1.841935483870968,,,,,,,,,,,,,,0.0,,,,,,,,,,,,100.0,🟢 低位共振（可重仓潜伏）,🎣 暴力洗盘,,,,
煤炭,,,,-1.762666449918571,,,,,,,,,,,,,,,,,,,,38.5,,2026-06-07 16:42,,,,,,,,,,,,1.3258064516129031,,,,,,,,,,,,,,100.0,,,,,,,,,,,,13.3,🔴 终极逃顶（高风险）,🚨 强制清仓,,,,
美容护理,,,,0.2311905189441576,,,,,,,,,,,,,,,,,,,,38.4,,2026-06-07 16:42,,,,,,,,,,,,1.235483870967742,,,,,,,,,,,,,,27.8,,,,,,,,,,,,41.5,⚪ 安全持仓,☕ 稳健持有,,,,
公用事业,,,,-3.249463391366547,,,,,,,,,,,,,,,,,,,,38.4,,2026-06-07 16:42,,,,,,,,,,,,1.5838709677419356,,,,,,,,,,,,,,87.7,,,,,,,,,,,,34.6,🔴 终极逃顶（高风险）,🛑 崩盘前夕,,,,
食品饮料,,,,-0.1619587582831094,,,,,,,,,,,,,,,,,,,,38.4,,2026-06-07 16:42,,,,,,,,,,,,1.0935483870967744,,,,,,,,,,,,,,74.7,,,,,,,,,,,,52.8,🟠 高位能量耗尽（大幅减仓）,⚠️ 强弩之末,,,,
钢铁,,,,0.3198585618749083,,,,,,,,,,,,,,,,,,,,37.9,,2026-06-07 16:42,,,,,,,,,,,,1.2096774193548387,,,,,,,,,,,,,,30.9,,,,,,,,,,,,81.3,🟢 低位共振（可重仓潜伏）,🎣 暴力洗盘,,,,
房地产,,,,-0.6594401974836739,,,,,,,,,,,,,,,,,,,,37.7,,2026-06-07 16:42,,,,,,,,,,,,1.2870967741935484,,,,,,,,,,,,,,52.1,,,,,,,,,,,,79.5,🟢 低位共振（可重仓潜伏）,🎣 暴力洗盘,,,,
农林牧渔,,,,-0.3225468635459139,,,,,,,,,,,,,,,,,,,,36.9,,2026-06-07 16:42,,,,,,,,,,,,1.3516129032258064,,,,,,,,,,,,,,22.3,,,,,,,,,,,,26.2,⚪ 安全持仓,☕ 稳健持有,,,,
电子,,,,6.574532071910544,,,,,,,,,,,,,,,,,,,,96.4,,2026-06-16 08:24,,,,,,,,,,,,2.2161290322580647,,,,,,,,,,,,,,45.5,,,,,,,,,,,,97.4,⚪ 安全持仓,📈 顺势加仓,申万官网实时覆盖,2026-06-16,2026-06-12,
通信,,,,6.357357100410344,,,,,,,,,,,,,,,,,,,,90.6,,2026-06-16 08:24,,,,,,,,,,,,2.2161290322580647,,,,,,,,,,,,,,50.4,,,,,,,,,,,,94.5,⚪ 安全持仓,📈 顺势加仓,申万官网实时覆盖,2026-06-16,2026-06-12,
有色金属,,,,4.920938215102977,,,,,,,,,,,,,,,,,,,,90.0,,2026-06-16 08:24,,,,,,,,,,,,2.1258064516129034,,,,,,,,,,,,,,63.5,,,,,,,,,,,,89.4,⚪ 安全持仓,📈 顺势加仓,申万官网实时覆盖,2026-06-16,2026-06-12,
机械设备,,,,4.50673160492614,,,,,,,,,,,,,,,,,,,,85.8,,2026-06-16 08:24,,,,,,,,,,,,2.1903225806451614,,,,,,,,,,,,,,39.9,,,,,,,,,,,,89.7,⚪ 安全持仓,📈 顺势加仓,申万官网实时覆盖,2026-06-16,2026-06-12,
基础化工,,,,2.859109930184278,,,,,,,,,,,,,,,,,,,,81.8,,2026-06-16 08:24,,,,,,,,,,,,1.7903225806451617,,,,,,,,,,,,,,61.5,,,,,,,,,,,,78.0,⚪ 安全持仓,📈 顺势加仓,申万官网实时覆盖,2026-06-16,2026-06-12,
建筑材料,,,,4.984394981217166,,,,,,,,,,,,,,,,,,,,78.3,,2026-06-16 08:24,,,,,,,,,,,,2.1258064516129034,,,,,,,,,,,,,,55.9,,,,,,,,,,,,83.5,⚪ 安全持仓,📈 顺势加仓,申万官网实时覆盖,2026-06-16,2026-06-12,
非银金融,,,,2.093495107814136,,,,,,,,,,,,,,,,,,,,69.9,,2026-06-16 08:24,,,,,,,,,,,,1.738709677419355,,,,,,,,,,,,,,88.7,,,,,,,,,,,,70.4,🔴 终极逃顶（高风险）,🚨 强制清仓,申万官网实时覆盖,2026-06-16,2026-06-12,
纺织服饰,,,,1.8288810255213888,,,,,,,,,,,,,,,,,,,,69.2,,2026-06-16 08:24,,,,,,,,,,,,1.5193548387096776,,,,,,,,,,,,,,16.5,,,,,,,,,,,,63.6,⚪ 安全持仓,📈 顺势加仓,申万官网实时覆盖,2026-06-16,2026-06-12,
汽车,,,,2.311304340354603,,,,,,,,,,,,,,,,,,,,66.5,,2026-06-16 08:24,,,,,,,,,,,,1.85483870967742,,,,,,,,,,,,,,21.3,,,,,,,,,,,,72.0,⚪ 安全持仓,📈 顺势加仓,申万官网实时覆盖,2026-06-16,2026-06-12,
电力设备,,,,2.496241510917341,,,,,,,,,,,,,,,,,,,,66.2,,2026-06-16 08:24,,,,,,,,,,,,1.6612903225806452,,,,,,,,,,,,,,42.2,,,,,,,,,,,,65.4,⚪ 安全持仓,📈 顺势加仓,申万官网实时覆盖,2026-06-16,2026-06-12,
计算机,,,,2.980082548893903,,,,,,,,,,,,,,,,,,,,62.8,,2026-06-16 08:24,,,,,,,,,,,,1.8806451612903223,,,,,,,,,,,,,,25.5,,,,,,,,,,,,71.7,⚪ 安全持仓,☕ 稳健持有,申万官网实时覆盖,2026-06-16,2026-06-12,
国防军工,,,,1.7022617579902422,,,,,,,,,,,,,,,,,,,,61.5,,2026-06-16 08:24,,,,,,,,,,,,2.087096774193548,,,,,,,,,,,,,,51.8,,,,,,,,,,,,72.7,⚪ 安全持仓,☕ 稳健持有,申万官网实时覆盖,2026-06-16,2026-06-12,
社会服务,,,,2.018602312719975,,,,,,,,,,,,,,,,,,,,61.4,,2026-06-16 08:24,,,,,,,,,,,,1.338709677419355,,,,,,,,,,,,,,24.7,,,,,,,,,,,,53.3,⚪ 安全持仓,☕ 稳健持有,申万官网实时覆盖,2026-06-16,2026-06-12,
环保,,,,1.543000442543141,,,,,,,,,,,,,,,,,,,,56.9,,2026-06-16 08:24,,,,,,,,,,,,1.364516129032258,,,,,,,,,,,,,,26.3,,,,,,,,,,,,54.3,⚪ 安全持仓,☕ 稳健持有,申万官网实时覆盖,2026-06-16,2026-06-12,
交通运输,,,,1.1697373881655704,,,,,,,,,,,,,,,,,,,,56.5,,2026-06-16 08:24,,,,,,,,,,,,1.1580645161290324,,,,,,,,,,,,,,37.9,,,,,,,,,,,,37.9,⚪ 安全持仓,☕ 稳健持有,申万官网实时覆盖,2026-06-16,2026-06-12,
公用事业,,,,0.2759011528194133,,,,,,,,,,,,,,,,,,,,53.8,,2026-06-16 08:24,,,,,,,,,,,,1.3258064516129031,,,,,,,,,,,,,,32.7,,,,,,,,,,,,47.1,⚪ 安全持仓,☕ 稳健持有,申万官网实时覆盖,2026-06-16,2026-06-12,
综合,,,,2.3706493700698994,,,,,,,,,,,,,,,,,,,,51.1,,2026-06-16 08:24,,,,,,,,,,,,1.5580645161290323,,,,,,,,,,,,,,15.5,,,,,,,,,,,,56.2,⚪ 安全持仓,☕ 稳健持有,申万官网实时覆盖,2026-06-16,2026-06-12,
建筑装饰,,,,1.5393877690869306,,,,,,,,,,,,,,,,,,,,48.1,,2026-06-16 08:24,,,,,,,,,,,,1.2096774193548387,,,,,,,,,,,,,,33.2,,,,,,,,,,,,39.4,⚪ 安全持仓,☕ 稳健持有,申万官网实时覆盖,2026-06-16,2026-06-12,
钢铁,,,,1.0302656595241766,,,,,,,,,,,,,,,,,,,,44.1,,2026-06-16 08:24,,,,,,,,,,,,1.3516129032258064,,,,,,,,,,,,,,58.8,,,,,,,,,,,,46.2,⚪ 安全持仓,☕ 稳健持有,申万官网实时覆盖,2026-06-16,2026-06-12,
家用电器,,,,-0.5537332429557118,,,,,,,,,,,,,,,,,,,,42.9,,2026-06-16 08:24,,,,,,,,,,,,1.1709677419354838,,,,,,,,,,,,,,22.6,,,,,,,,,,,,32.7,⚪ 安全持仓,☕ 稳健持有,申万官网实时覆盖,2026-06-16,2026-06-12,
传媒,,,,1.4869398338729356,,,,,,,,,,,,,,,,,,,,42.8,,2026-06-16 08:24,,,,,,,,,,,,1.6741935483870969,,,,,,,,,,,,,,36.0,,,,,,,,,,,,55.3,⚪ 安全持仓,☕ 稳健持有,申万官网实时覆盖,2026-06-16,2026-06-12,
银行,,,,-1.5352876617234057,,,,,,,,,,,,,,,,,,,,41.7,,2026-06-16 08:24,,,,,,,,,,,,1.1193548387096774,,,,,,,,,,,,,,72.7,,,,,,,,,,,,27.3,🟠 高位能量耗尽（大幅减仓）,⚠️ 强弩之末,申万官网实时覆盖,2026-06-16,2026-06-12,
农林牧渔,,,,0.3698586280687976,,,,,,,,,,,,,,,,,,,,40.3,,2026-06-16 08:24,,,,,,,,,,,,1.3258064516129031,,,,,,,,,,,,,,48.0,,,,,,,,,,,,40.3,⚪ 安全持仓,☕ 稳健持有,申万官网实时覆盖,2026-06-16,2026-06-12,
轻工制造,,,,0.267129571333502,,,,,,,,,,,,,,,,,,,,40.2,,2026-06-16 08:24,,,,,,,,,,,,1.196774193548387,,,,,,,,,,,,,,39.4,,,,,,,,,,,,33.0,⚪ 安全持仓,☕ 稳健持有,申万官网实时覆盖,2026-06-16,2026-06-12,
石油石化,,,,-0.2371565614586179,,,,,,,,,,,,,,,,,,,,39.1,,2026-06-16 08:24,,,,,,,,,,,,1.0548387096774192,,,,,,,,,,,,,,54.0,,,,,,,,,,,,22.0,⚪ 安全持仓,☕ 稳健持有,申万官网实时覆盖,2026-06-16,2026-06-12,
医药生物,,,,-0.1521533278447617,,,,,,,,,,,,,,,,,,,,37.7,,2026-06-16 08:24,,,,,,,,,,,,1.2225806451612904,,,,,,,,,,,,,,51.3,,,,,,,,,,,,36.6,⚪ 安全持仓,☕ 稳健持有,申万官网实时覆盖,2026-06-16,2026-06-12,
食品饮料,,,,-0.8557005968933273,,,,,,,,,,,,,,,,,,,,35.4,,2026-06-16 08:24,,,,,,,,,,,,1.0548387096774192,,,,,,,,,,,,,,36.4,,,,,,,,,,,,20.1,⚪ 安全持仓,☕ 稳健持有,申万官网实时覆盖,2026-06-16,2026-06-12,
美容护理,,,,0.1301484143631848,,,,,,,,,,,,,,,,,,,,35.4,,2026-06-16 08:24,,,,,,,,,,,,1.0806451612903225,,,,,,,,,,,,,,47.5,,,,,,,,,,,,22.5,⚪ 安全持仓,☕ 稳健持有,申万官网实时覆盖,2026-06-16,2026-06-12,
煤炭,,,,-4.52666260938911,,,,,,,,,,,,,,,,,,,,33.1,,2026-06-16 08:24,,,,,,,,,,,,1.3774193548387097,,,,,,,,,,,,,,59.1,,,,,,,,,,,,44.0,⚪ 安全持仓,☕ 稳健持有,申万官网实时覆盖,2026-06-16,2026-06-12,
商贸零售,,,,0.6595334531828811,,,,,,,,,,,,,,,,,,,,26.6,,2026-06-16 08:24,,,,,,,,,,,,1.2096774193548387,,,,,,,,,,,,,,54.8,,,,,,,,,,,,28.6,⚪ 安全持仓,☕ 稳健持有,申万官网实时覆盖,2026-06-16,2026-06-12,
房地产,,,,0.6043502978217763,,,,,,,,,,,,,,,,,,,,25.1,,2026-06-16 08:24,,,,,,,,,,,,1.1451612903225803,,,,,,,,,,,,,,55.2,,,,,,,,,,,,20.6,⚪ 安全持仓,🎣 暴力洗盘,申万官网实时覆盖,2026-06-16,2026-06-12,
电子,,,,6.574532071910544,,,,,,,,,,,,,,,,,,,,96.4,,2026-06-16 08:25,,,,,,,,,,,,2.2161290322580647,,,,,,,,,,,,,,45.5,,,,,,,,,,,,97.4,⚪ 安全持仓,📈 顺势加仓,申万官网实时覆盖,2026-06-16,2026-06-12,
通信,,,,6.357357100410344,,,,,,,,,,,,,,,,,,,,90.6,,2026-06-16 08:25,,,,,,,,,,,,2.2161290322580647,,,,,,,,,,,,,,50.4,,,,,,,,,,,,94.5,⚪ 安全持仓,📈 顺势加仓,申万官网实时覆盖,2026-06-16,2026-06-12,
有色金属,,,,4.920938215102977,,,,,,,,,,,,,,,,,,,,90.0,,2026-06-16 08:25,,,,,,,,,,,,2.1258064516129034,,,,,,,,,,,,,,63.5,,,,,,,,,,,,89.4,⚪ 安全持仓,📈 顺势加仓,申万官网实时覆盖,2026-06-16,2026-06-12,
机械设备,,,,4.50673160492614,,,,,,,,,,,,,,,,,,,,85.8,,2026-06-16 08:25,,,,,,,,,,,,2.1903225806451614,,,,,,,,,,,,,,39.9,,,,,,,,,,,,89.7,⚪ 安全持仓,📈 顺势加仓,申万官网实时覆盖,2026-06-16,2026-06-12,
基础化工,,,,2.859109930184278,,,,,,,,,,,,,,,,,,,,81.8,,2026-06-16 08:25,,,,,,,,,,,,1.7903225806451617,,,,,,,,,,,,,,61.5,,,,,,,,,,,,78.0,⚪ 安全持仓,📈 顺势加仓,申万官网实时覆盖,2026-06-16,2026-06-12,
建筑材料,,,,4.984394981217166,,,,,,,,,,,,,,,,,,,,78.3,,2026-06-16 08:25,,,,,,,,,,,,2.1258064516129034,,,,,,,,,,,,,,55.9,,,,,,,,,,,,83.5,⚪ 安全持仓,📈 顺势加仓,申万官网实时覆盖,2026-06-16,2026-06-12,
非银金融,,,,2.093495107814136,,,,,,,,,,,,,,,,,,,,69.9,,2026-06-16 08:25,,,,,,,,,,,,1.738709677419355,,,,,,,,,,,,,,88.7,,,,,,,,,,,,70.4,🔴 终极逃顶（高风险）,🚨 强制清仓,申万官网实时覆盖,2026-06-16,2026-06-12,
纺织服饰,,,,1.8288810255213888,,,,,,,,,,,,,,,,,,,,69.2,,2026-06-16 08:25,,,,,,,,,,,,1.5193548387096776,,,,,,,,,,,,,,16.5,,,,,,,,,,,,63.6,⚪ 安全持仓,📈 顺势加仓,申万官网实时覆盖,2026-06-16,2026-06-12,
汽车,,,,2.311304340354603,,,,,,,,,,,,,,,,,,,,66.5,,2026-06-16 08:25,,,,,,,,,,,,1.85483870967742,,,,,,,,,,,,,,21.3,,,,,,,,,,,,72.0,⚪ 安全持仓,📈 顺势加仓,申万官网实时覆盖,2026-06-16,2026-06-12,
电力设备,,,,2.496241510917341,,,,,,,,,,,,,,,,,,,,66.2,,2026-06-16 08:25,,,,,,,,,,,,1.6612903225806452,,,,,,,,,,,,,,42.2,,,,,,,,,,,,65.4,⚪ 安全持仓,📈 顺势加仓,申万官网实时覆盖,2026-06-16,2026-06-12,
计算机,,,,2.980082548893903,,,,,,,,,,,,,,,,,,,,62.8,,2026-06-16 08:25,,,,,,,,,,,,1.8806451612903223,,,,,,,,,,,,,,25.5,,,,,,,,,,,,71.7,⚪ 安全持仓,☕ 稳健持有,申万官网实时覆盖,2026-06-16,2026-06-12,
国防军工,,,,1.7022617579902422,,,,,,,,,,,,,,,,,,,,61.5,,2026-06-16 08:25,,,,,,,,,,,,2.087096774193548,,,,,,,,,,,,,,51.8,,,,,,,,,,,,72.7,⚪ 安全持仓,☕ 稳健持有,申万官网实时覆盖,2026-06-16,2026-06-12,
社会服务,,,,2.018602312719975,,,,,,,,,,,,,,,,,,,,61.4,,2026-06-16 08:25,,,,,,,,,,,,1.338709677419355,,,,,,,,,,,,,,24.7,,,,,,,,,,,,53.3,⚪ 安全持仓,☕ 稳健持有,申万官网实时覆盖,2026-06-16,2026-06-12,
环保,,,,1.543000442543141,,,,,,,,,,,,,,,,,,,,56.9,,2026-06-16 08:25,,,,,,,,,,,,1.364516129032258,,,,,,,,,,,,,,26.3,,,,,,,,,,,,54.3,⚪ 安全持仓,☕ 稳健持有,申万官网实时覆盖,2026-06-16,2026-06-12,
交通运输,,,,1.1697373881655704,,,,,,,,,,,,,,,,,,,,56.5,,2026-06-16 08:25,,,,,,,,,,,,1.1580645161290324,,,,,,,,,,,,,,37.9,,,,,,,,,,,,37.9,⚪ 安全持仓,☕ 稳健持有,申万官网实时覆盖,2026-06-16,2026-06-12,
公用事业,,,,0.2759011528194133,,,,,,,,,,,,,,,,,,,,53.8,,2026-06-16 08:25,,,,,,,,,,,,1.3258064516129031,,,,,,,,,,,,,,32.7,,,,,,,,,,,,47.1,⚪ 安全持仓,☕ 稳健持有,申万官网实时覆盖,2026-06-16,2026-06-12,
综合,,,,2.3706493700698994,,,,,,,,,,,,,,,,,,,,51.1,,2026-06-16 08:25,,,,,,,,,,,,1.5580645161290323,,,,,,,,,,,,,,15.5,,,,,,,,,,,,56.2,⚪ 安全持仓,☕ 稳健持有,申万官网实时覆盖,2026-06-16,2026-06-12,
建筑装饰,,,,1.5393877690869306,,,,,,,,,,,,,,,,,,,,48.1,,2026-06-16 08:25,,,,,,,,,,,,1.2096774193548387,,,,,,,,,,,,,,33.2,,,,,,,,,,,,39.4,⚪ 安全持仓,☕ 稳健持有,申万官网实时覆盖,2026-06-16,2026-06-12,
钢铁,,,,1.0302656595241766,,,,,,,,,,,,,,,,,,,,44.1,,2026-06-16 08:25,,,,,,,,,,,,1.3516129032258064,,,,,,,,,,,,,,58.8,,,,,,,,,,,,46.2,⚪ 安全持仓,☕ 稳健持有,申万官网实时覆盖,2026-06-16,2026-06-12,
家用电器,,,,-0.5537332429557118,,,,,,,,,,,,,,,,,,,,42.9,,2026-06-16 08:25,,,,,,,,,,,,1.1709677419354838,,,,,,,,,,,,,,22.6,,,,,,,,,,,,32.7,⚪ 安全持仓,☕ 稳健持有,申万官网实时覆盖,2026-06-16,2026-06-12,
传媒,,,,1.4869398338729356,,,,,,,,,,,,,,,,,,,,42.8,,2026-06-16 08:25,,,,,,,,,,,,1.6741935483870969,,,,,,,,,,,,,,36.0,,,,,,,,,,,,55.3,⚪ 安全持仓,☕ 稳健持有,申万官网实时覆盖,2026-06-16,2026-06-12,
银行,,,,-1.5352876617234057,,,,,,,,,,,,,,,,,,,,41.7,,2026-06-16 08:25,,,,,,,,,,,,1.1193548387096774,,,,,,,,,,,,,,72.7,,,,,,,,,,,,27.3,🟠 高位能量耗尽（大幅减仓）,⚠️ 强弩之末,申万官网实时覆盖,2026-06-16,2026-06-12,
农林牧渔,,,,0.3698586280687976,,,,,,,,,,,,,,,,,,,,40.3,,2026-06-16 08:25,,,,,,,,,,,,1.3258064516129031,,,,,,,,,,,,,,48.0,,,,,,,,,,,,40.3,⚪ 安全持仓,☕ 稳健持有,申万官网实时覆盖,2026-06-16,2026-06-12,
轻工制造,,,,0.267129571333502,,,,,,,,,,,,,,,,,,,,40.2,,2026-06-16 08:25,,,,,,,,,,,,1.196774193548387,,,,,,,,,,,,,,39.4,,,,,,,,,,,,33.0,⚪ 安全持仓,☕ 稳健持有,申万官网实时覆盖,2026-06-16,2026-06-12,
石油石化,,,,-0.2371565614586179,,,,,,,,,,,,,,,,,,,,39.1,,2026-06-16 08:25,,,,,,,,,,,,1.0548387096774192,,,,,,,,,,,,,,54.0,,,,,,,,,,,,22.0,⚪ 安全持仓,☕ 稳健持有,申万官网实时覆盖,2026-06-16,2026-06-12,
医药生物,,,,-0.1521533278447617,,,,,,,,,,,,,,,,,,,,37.7,,2026-06-16 08:25,,,,,,,,,,,,1.2225806451612904,,,,,,,,,,,,,,51.3,,,,,,,,,,,,36.6,⚪ 安全持仓,☕ 稳健持有,申万官网实时覆盖,2026-06-16,2026-06-12,
食品饮料,,,,-0.8557005968933273,,,,,,,,,,,,,,,,,,,,35.4,,2026-06-16 08:25,,,,,,,,,,,,1.0548387096774192,,,,,,,,,,,,,,36.4,,,,,,,,,,,,20.1,⚪ 安全持仓,☕ 稳健持有,申万官网实时覆盖,2026-06-16,2026-06-12,
美容护理,,,,0.1301484143631848,,,,,,,,,,,,,,,,,,,,35.4,,2026-06-16 08:25,,,,,,,,,,,,1.0806451612903225,,,,,,,,,,,,,,47.5,,,,,,,,,,,,22.5,⚪ 安全持仓,☕ 稳健持有,申万官网实时覆盖,2026-06-16,2026-06-12,
煤炭,,,,-4.52666260938911,,,,,,,,,,,,,,,,,,,,33.1,,2026-06-16 08:25,,,,,,,,,,,,1.3774193548387097,,,,,,,,,,,,,,59.1,,,,,,,,,,,,44.0,⚪ 安全持仓,☕ 稳健持有,申万官网实时覆盖,2026-06-16,2026-06-12,
商贸零售,,,,0.6595334531828811,,,,,,,,,,,,,,,,,,,,26.6,,2026-06-16 08:25,,,,,,,,,,,,1.2096774193548387,,,,,,,,,,,,,,54.8,,,,,,,,,,,,28.6,⚪ 安全持仓,☕ 稳健持有,申万官网实时覆盖,2026-06-16,2026-06-12,
房地产,,,,0.6043502978217763,,,,,,,,,,,,,,,,,,,,25.1,,2026-06-16 08:25,,,,,,,,,,,,1.1451612903225803,,,,,,,,,,,,,,55.2,,,,,,,,,,,,20.6,⚪ 安全持仓,🎣 暴力洗盘,申万官网实时覆盖,2026-06-16,2026-06-12,
电子,,,,6.574532071910544,,,,,,,,,,,,,,,,,,,,96.4,,2026-06-16 08:26,,,,,,,,,,,,2.2161290322580647,,,,,,,,,,,,,,45.5,,,,,,,,,,,,97.4,⚪ 安全持仓,📈 顺势加仓,申万官网实时覆盖,2026-06-16,2026-06-12,
通信,,,,6.357357100410344,,,,,,,,,,,,,,,,,,,,90.6,,2026-06-16 08:26,,,,,,,,,,,,2.2161290322580647,,,,,,,,,,,,,,50.4,,,,,,,,,,,,94.5,⚪ 安全持仓,📈 顺势加仓,申万官网实时覆盖,2026-06-16,2026-06-12,
有色金属,,,,4.920938215102977,,,,,,,,,,,,,,,,,,,,90.0,,2026-06-16 08:26,,,,,,,,,,,,2.1258064516129034,,,,,,,,,,,,,,63.5,,,,,,,,,,,,89.4,⚪ 安全持仓,📈 顺势加仓,申万官网实时覆盖,2026-06-16,2026-06-12,
机械设备,,,,4.50673160492614,,,,,,,,,,,,,,,,,,,,85.8,,2026-06-16 08:26,,,,,,,,,,,,2.1903225806451614,,,,,,,,,,,,,,39.9,,,,,,,,,,,,89.7,⚪ 安全持仓,📈 顺势加仓,申万官网实时覆盖,2026-06-16,2026-06-12,
基础化工,,,,2.859109930184278,,,,,,,,,,,,,,,,,,,,81.8,,2026-06-16 08:26,,,,,,,,,,,,1.7903225806451617,,,,,,,,,,,,,,61.5,,,,,,,,,,,,78.0,⚪ 安全持仓,📈 顺势加仓,申万官网实时覆盖,2026-06-16,2026-06-12,
建筑材料,,,,4.984394981217166,,,,,,,,,,,,,,,,,,,,78.3,,2026-06-16 08:26,,,,,,,,,,,,2.1258064516129034,,,,,,,,,,,,,,55.9,,,,,,,,,,,,83.5,⚪ 安全持仓,📈 顺势加仓,申万官网实时覆盖,2026-06-16,2026-06-12,
非银金融,,,,2.093495107814136,,,,,,,,,,,,,,,,,,,,69.9,,2026-06-16 08:26,,,,,,,,,,,,1.738709677419355,,,,,,,,,,,,,,88.7,,,,,,,,,,,,70.4,🔴 终极逃顶（高风险）,🚨 强制清仓,申万官网实时覆盖,2026-06-16,2026-06-12,
纺织服饰,,,,1.8288810255213888,,,,,,,,,,,,,,,,,,,,69.2,,2026-06-16 08:26,,,,,,,,,,,,1.5193548387096776,,,,,,,,,,,,,,16.5,,,,,,,,,,,,63.6,⚪ 安全持仓,📈 顺势加仓,申万官网实时覆盖,2026-06-16,2026-06-12,
汽车,,,,2.311304340354603,,,,,,,,,,,,,,,,,,,,66.5,,2026-06-16 08:26,,,,,,,,,,,,1.85483870967742,,,,,,,,,,,,,,21.3,,,,,,,,,,,,72.0,⚪ 安全持仓,📈 顺势加仓,申万官网实时覆盖,2026-06-16,2026-06-12,
电力设备,,,,2.496241510917341,,,,,,,,,,,,,,,,,,,,66.2,,2026-06-16 08:26,,,,,,,,,,,,1.6612903225806452,,,,,,,,,,,,,,42.2,,,,,,,,,,,,65.4,⚪ 安全持仓,📈 顺势加仓,申万官网实时覆盖,2026-06-16,2026-06-12,
计算机,,,,2.980082548893903,,,,,,,,,,,,,,,,,,,,62.8,,2026-06-16 08:26,,,,,,,,,,,,1.8806451612903223,,,,,,,,,,,,,,25.5,,,,,,,,,,,,71.7,⚪ 安全持仓,☕ 稳健持有,申万官网实时覆盖,2026-06-16,2026-06-12,
国防军工,,,,1.7022617579902422,,,,,,,,,,,,,,,,,,,,61.5,,2026-06-16 08:26,,,,,,,,,,,,2.087096774193548,,,,,,,,,,,,,,51.8,,,,,,,,,,,,72.7,⚪ 安全持仓,☕ 稳健持有,申万官网实时覆盖,2026-06-16,2026-06-12,
社会服务,,,,2.018602312719975,,,,,,,,,,,,,,,,,,,,61.4,,2026-06-16 08:26,,,,,,,,,,,,1.338709677419355,,,,,,,,,,,,,,24.7,,,,,,,,,,,,53.3,⚪ 安全持仓,☕ 稳健持有,申万官网实时覆盖,2026-06-16,2026-06-12,
环保,,,,1.543000442543141,,,,,,,,,,,,,,,,,,,,56.9,,2026-06-16 08:26,,,,,,,,,,,,1.364516129032258,,,,,,,,,,,,,,26.3,,,,,,,,,,,,54.3,⚪ 安全持仓,☕ 稳健持有,申万官网实时覆盖,2026-06-16,2026-06-12,
交通运输,,,,1.1697373881655704,,,,,,,,,,,,,,,,,,,,56.5,,2026-06-16 08:26,,,,,,,,,,,,1.1580645161290324,,,,,,,,,,,,,,37.9,,,,,,,,,,,,37.9,⚪ 安全持仓,☕ 稳健持有,申万官网实时覆盖,2026-06-16,2026-06-12,
公用事业,,,,0.2759011528194133,,,,,,,,,,,,,,,,,,,,53.8,,2026-06-16 08:26,,,,,,,,,,,,1.3258064516129031,,,,,,,,,,,,,,32.7,,,,,,,,,,,,47.1,⚪ 安全持仓,☕ 稳健持有,申万官网实时覆盖,2026-06-16,2026-06-12,
综合,,,,2.3706493700698994,,,,,,,,,,,,,,,,,,,,51.1,,2026-06-16 08:26,,,,,,,,,,,,1.5580645161290323,,,,,,,,,,,,,,15.5,,,,,,,,,,,,56.2,⚪ 安全持仓,☕ 稳健持有,申万官网实时覆盖,2026-06-16,2026-06-12,
建筑装饰,,,,1.5393877690869306,,,,,,,,,,,,,,,,,,,,48.1,,2026-06-16 08:26,,,,,,,,,,,,1.2096774193548387,,,,,,,,,,,,,,33.2,,,,,,,,,,,,39.4,⚪ 安全持仓,☕ 稳健持有,申万官网实时覆盖,2026-06-16,2026-06-12,
钢铁,,,,1.0302656595241766,,,,,,,,,,,,,,,,,,,,44.1,,2026-06-16 08:26,,,,,,,,,,,,1.3516129032258064,,,,,,,,,,,,,,58.8,,,,,,,,,,,,46.2,⚪ 安全持仓,☕ 稳健持有,申万官网实时覆盖,2026-06-16,2026-06-12,
家用电器,,,,-0.5537332429557118,,,,,,,,,,,,,,,,,,,,42.9,,2026-06-16 08:26,,,,,,,,,,,,1.1709677419354838,,,,,,,,,,,,,,22.6,,,,,,,,,,,,32.7,⚪ 安全持仓,☕ 稳健持有,申万官网实时覆盖,2026-06-16,2026-06-12,
传媒,,,,1.4869398338729356,,,,,,,,,,,,,,,,,,,,42.8,,2026-06-16 08:26,,,,,,,,,,,,1.6741935483870969,,,,,,,,,,,,,,36.0,,,,,,,,,,,,55.3,⚪ 安全持仓,☕ 稳健持有,申万官网实时覆盖,2026-06-16,2026-06-12,
银行,,,,-1.5352876617234057,,,,,,,,,,,,,,,,,,,,41.7,,2026-06-16 08:26,,,,,,,,,,,,1.1193548387096774,,,,,,,,,,,,,,72.7,,,,,,,,,,,,27.3,🟠 高位能量耗尽（大幅减仓）,⚠️ 强弩之末,申万官网实时覆盖,2026-06-16,2026-06-12,
农林牧渔,,,,0.3698586280687976,,,,,,,,,,,,,,,,,,,,40.3,,2026-06-16 08:26,,,,,,,,,,,,1.3258064516129031,,,,,,,,,,,,,,48.0,,,,,,,,,,,,40.3,⚪ 安全持仓,☕ 稳健持有,申万官网实时覆盖,2026-06-16,2026-06-12,
轻工制造,,,,0.267129571333502,,,,,,,,,,,,,,,,,,,,40.2,,2026-06-16 08:26,,,,,,,,,,,,1.196774193548387,,,,,,,,,,,,,,39.4,,,,,,,,,,,,33.0,⚪ 安全持仓,☕ 稳健持有,申万官网实时覆盖,2026-06-16,2026-06-12,
石油石化,,,,-0.2371565614586179,,,,,,,,,,,,,,,,,,,,39.1,,2026-06-16 08:26,,,,,,,,,,,,1.0548387096774192,,,,,,,,,,,,,,54.0,,,,,,,,,,,,22.0,⚪ 安全持仓,☕ 稳健持有,申万官网实时覆盖,2026-06-16,2026-06-12,
医药生物,,,,-0.1521533278447617,,,,,,,,,,,,,,,,,,,,37.7,,2026-06-16 08:26,,,,,,,,,,,,1.2225806451612904,,,,,,,,,,,,,,51.3,,,,,,,,,,,,36.6,⚪ 安全持仓,☕ 稳健持有,申万官网实时覆盖,2026-06-16,2026-06-12,
食品饮料,,,,-0.8557005968933273,,,,,,,,,,,,,,,,,,,,35.4,,2026-06-16 08:26,,,,,,,,,,,,1.0548387096774192,,,,,,,,,,,,,,36.4,,,,,,,,,,,,20.1,⚪ 安全持仓,☕ 稳健持有,申万官网实时覆盖,2026-06-16,2026-06-12,
美容护理,,,,0.1301484143631848,,,,,,,,,,,,,,,,,,,,35.4,,2026-06-16 08:26,,,,,,,,,,,,1.0806451612903225,,,,,,,,,,,,,,47.5,,,,,,,,,,,,22.5,⚪ 安全持仓,☕ 稳健持有,申万官网实时覆盖,2026-06-16,2026-06-12,
煤炭,,,,-4.52666260938911,,,,,,,,,,,,,,,,,,,,33.1,,2026-06-16 08:26,,,,,,,,,,,,1.3774193548387097,,,,,,,,,,,,,,59.1,,,,,,,,,,,,44.0,⚪ 安全持仓,☕ 稳健持有,申万官网实时覆盖,2026-06-16,2026-06-12,
商贸零售,,,,0.6595334531828811,,,,,,,,,,,,,,,,,,,,26.6,,2026-06-16 08:26,,,,,,,,,,,,1.2096774193548387,,,,,,,,,,,,,,54.8,,,,,,,,,,,,28.6,⚪ 安全持仓,☕ 稳健持有,申万官网实时覆盖,2026-06-16,2026-06-12,
房地产,,,,0.6043502978217763,,,,,,,,,,,,,,,,,,,,25.1,,2026-06-16 08:26,,,,,,,,,,,,1.1451612903225803,,,,,,,,,,,,,,55.2,,,,,,,,,,,,20.6,⚪ 安全持仓,🎣 暴力洗盘,申万官网实时覆盖,2026-06-16,2026-06-12,
电子,,,,6.574532071910544,,,,,,,,,,,,,,,,,,,,96.4,,2026-06-16 08:38,,,,,,,,,,,,2.2161290322580647,,,,,,,,,,,,,,45.5,,,,,,,,,,,,97.4,⚪ 安全持仓,📈 顺势加仓,,,,
通信,,,,6.357357100410344,,,,,,,,,,,,,,,,,,,,90.6,,2026-06-16 08:38,,,,,,,,,,,,2.2161290322580647,,,,,,,,,,,,,,50.4,,,,,,,,,,,,94.5,⚪ 安全持仓,📈 顺势加仓,,,,
有色金属,,,,4.920938215102977,,,,,,,,,,,,,,,,,,,,90.0,,2026-06-16 08:38,,,,,,,,,,,,2.1258064516129034,,,,,,,,,,,,,,63.5,,,,,,,,,,,,89.4,⚪ 安全持仓,📈 顺势加仓,,,,
机械设备,,,,4.50673160492614,,,,,,,,,,,,,,,,,,,,85.8,,2026-06-16 08:38,,,,,,,,,,,,2.1903225806451614,,,,,,,,,,,,,,39.9,,,,,,,,,,,,89.7,⚪ 安全持仓,📈 顺势加仓,,,,
基础化工,,,,2.859109930184278,,,,,,,,,,,,,,,,,,,,81.8,,2026-06-16 08:38,,,,,,,,,,,,1.7903225806451617,,,,,,,,,,,,,,61.5,,,,,,,,,,,,78.0,⚪ 安全持仓,📈 顺势加仓,,,,
建筑材料,,,,4.984394981217166,,,,,,,,,,,,,,,,,,,,78.3,,2026-06-16 08:38,,,,,,,,,,,,2.1258064516129034,,,,,,,,,,,,,,55.9,,,,,,,,,,,,83.5,⚪ 安全持仓,📈 顺势加仓,,,,
非银金融,,,,2.093495107814136,,,,,,,,,,,,,,,,,,,,69.9,,2026-06-16 08:38,,,,,,,,,,,,1.738709677419355,,,,,,,,,,,,,,88.7,,,,,,,,,,,,70.4,🔴 终极逃顶（高风险）,🚨 强制清仓,,,,
纺织服饰,,,,1.8288810255213888,,,,,,,,,,,,,,,,,,,,69.2,,2026-06-16 08:38,,,,,,,,,,,,1.5193548387096776,,,,,,,,,,,,,,16.5,,,,,,,,,,,,63.6,⚪ 安全持仓,📈 顺势加仓,,,,
汽车,,,,2.311304340354603,,,,,,,,,,,,,,,,,,,,66.5,,2026-06-16 08:38,,,,,,,,,,,,1.85483870967742,,,,,,,,,,,,,,21.3,,,,,,,,,,,,72.0,⚪ 安全持仓,📈 顺势加仓,,,,
电力设备,,,,2.496241510917341,,,,,,,,,,,,,,,,,,,,66.2,,2026-06-16 08:38,,,,,,,,,,,,1.6612903225806452,,,,,,,,,,,,,,42.2,,,,,,,,,,,,65.4,⚪ 安全持仓,📈 顺势加仓,,,,
计算机,,,,2.980082548893903,,,,,,,,,,,,,,,,,,,,62.8,,2026-06-16 08:38,,,,,,,,,,,,1.8806451612903223,,,,,,,,,,,,,,25.5,,,,,,,,,,,,71.7,⚪ 安全持仓,☕ 稳健持有,,,,
国防军工,,,,1.7022617579902422,,,,,,,,,,,,,,,,,,,,61.5,,2026-06-16 08:38,,,,,,,,,,,,2.087096774193548,,,,,,,,,,,,,,51.8,,,,,,,,,,,,72.7,⚪ 安全持仓,☕ 稳健持有,,,,
社会服务,,,,2.018602312719975,,,,,,,,,,,,,,,,,,,,61.4,,2026-06-16 08:38,,,,,,,,,,,,1.338709677419355,,,,,,,,,,,,,,24.7,,,,,,,,,,,,53.3,⚪ 安全持仓,☕ 稳健持有,,,,
环保,,,,1.543000442543141,,,,,,,,,,,,,,,,,,,,56.9,,2026-06-16 08:38,,,,,,,,,,,,1.364516129032258,,,,,,,,,,,,,,26.3,,,,,,,,,,,,54.3,⚪ 安全持仓,☕ 稳健持有,,,,
交通运输,,,,1.1697373881655704,,,,,,,,,,,,,,,,,,,,56.5,,2026-06-16 08:38,,,,,,,,,,,,1.1580645161290324,,,,,,,,,,,,,,37.9,,,,,,,,,,,,37.9,⚪ 安全持仓,☕ 稳健持有,,,,
公用事业,,,,0.2759011528194133,,,,,,,,,,,,,,,,,,,,53.8,,2026-06-16 08:38,,,,,,,,,,,,1.3258064516129031,,,,,,,,,,,,,,32.7,,,,,,,,,,,,47.1,⚪ 安全持仓,☕ 稳健持有,,,,
综合,,,,2.3706493700698994,,,,,,,,,,,,,,,,,,,,51.1,,2026-06-16 08:38,,,,,,,,,,,,1.5580645161290323,,,,,,,,,,,,,,15.5,,,,,,,,,,,,56.2,⚪ 安全持仓,☕ 稳健持有,,,,
建筑装饰,,,,1.5393877690869306,,,,,,,,,,,,,,,,,,,,48.1,,2026-06-16 08:38,,,,,,,,,,,,1.2096774193548387,,,,,,,,,,,,,,33.2,,,,,,,,,,,,39.4,⚪ 安全持仓,☕ 稳健持有,,,,
钢铁,,,,1.0302656595241766,,,,,,,,,,,,,,,,,,,,44.1,,2026-06-16 08:38,,,,,,,,,,,,1.3516129032258064,,,,,,,,,,,,,,58.8,,,,,,,,,,,,46.2,⚪ 安全持仓,☕ 稳健持有,,,,
家用电器,,,,-0.5537332429557118,,,,,,,,,,,,,,,,,,,,42.9,,2026-06-16 08:38,,,,,,,,,,,,1.1709677419354838,,,,,,,,,,,,,,22.6,,,,,,,,,,,,32.7,⚪ 安全持仓,☕ 稳健持有,,,,
传媒,,,,1.4869398338729356,,,,,,,,,,,,,,,,,,,,42.8,,2026-06-16 08:38,,,,,,,,,,,,1.6741935483870969,,,,,,,,,,,,,,36.0,,,,,,,,,,,,55.3,⚪ 安全持仓,☕ 稳健持有,,,,
银行,,,,-1.5352876617234057,,,,,,,,,,,,,,,,,,,,41.7,,2026-06-16 08:38,,,,,,,,,,,,1.1193548387096774,,,,,,,,,,,,,,72.7,,,,,,,,,,,,27.3,🟠 高位能量耗尽（大幅减仓）,⚠️ 强弩之末,,,,
农林牧渔,,,,0.3698586280687976,,,,,,,,,,,,,,,,,,,,40.3,,2026-06-16 08:38,,,,,,,,,,,,1.3258064516129031,,,,,,,,,,,,,,48.0,,,,,,,,,,,,40.3,⚪ 安全持仓,☕ 稳健持有,,,,
轻工制造,,,,0.267129571333502,,,,,,,,,,,,,,,,,,,,40.2,,2026-06-16 08:38,,,,,,,,,,,,1.196774193548387,,,,,,,,,,,,,,39.4,,,,,,,,,,,,33.0,⚪ 安全持仓,☕ 稳健持有,,,,
石油石化,,,,-0.2371565614586179,,,,,,,,,,,,,,,,,,,,39.1,,2026-06-16 08:38,,,,,,,,,,,,1.0548387096774192,,,,,,,,,,,,,,54.0,,,,,,,,,,,,22.0,⚪ 安全持仓,☕ 稳健持有,,,,
医药生物,,,,-0.1521533278447617,,,,,,,,,,,,,,,,,,,,37.7,,2026-06-16 08:38,,,,,,,,,,,,1.2225806451612904,,,,,,,,,,,,,,51.3,,,,,,,,,,,,36.6,⚪ 安全持仓,☕ 稳健持有,,,,
食品饮料,,,,-0.8557005968933273,,,,,,,,,,,,,,,,,,,,35.4,,2026-06-16 08:38,,,,,,,,,,,,1.0548387096774192,,,,,,,,,,,,,,36.4,,,,,,,,,,,,20.1,⚪ 安全持仓,☕ 稳健持有,,,,
美容护理,,,,0.1301484143631848,,,,,,,,,,,,,,,,,,,,35.4,,2026-06-16 08:38,,,,,,,,,,,,1.0806451612903225,,,,,,,,,,,,,,47.5,,,,,,,,,,,,22.5,⚪ 安全持仓,☕ 稳健持有,,,,
煤炭,,,,-4.52666260938911,,,,,,,,,,,,,,,,,,,,33.1,,2026-06-16 08:38,,,,,,,,,,,,1.3774193548387097,,,,,,,,,,,,,,59.1,,,,,,,,,,,,44.0,⚪ 安全持仓,☕ 稳健持有,,,,
商贸零售,,,,0.6595334531828811,,,,,,,,,,,,,,,,,,,,26.6,,2026-06-16 08:38,,,,,,,,,,,,1.2096774193548387,,,,,,,,,,,,,,54.8,,,,,,,,,,,,28.6,⚪ 安全持仓,☕ 稳健持有,,,,
房地产,,,,0.6043502978217763,,,,,,,,,,,,,,,,,,,,25.1,,2026-06-16 08:38,,,,,,,,,,,,1.1451612903225803,,,,,,,,,,,,,,55.2,,,,,,,,,,,,20.6,⚪ 安全持仓,🎣 暴力洗盘,,,,
机械设备,,,,0.2901100991605787,,,,,,,,,,,,,,,,,,,,81.8,,2026-06-16 08:40,,,,,,,,,,,,2.074193548387097,,,,,,,,,,,,,,90.7,,,,,,,,,,,,1.2,🔴 终极逃顶（高风险）,🛑 崩盘前夕,,,,
银行,,,,1.3320451942074651,,,,,,,,,,,,,,,,,,,,81.3,,2026-06-16 08:40,,,,,,,,,,,,1.5193548387096776,,,,,,,,,,,,,,0.0,,,,,,,,,,,,100.0,🟢 低位共振（可重仓潜伏）,🚀 满仓做多,,,,
基础化工,,,,0.47529810363518,,,,,,,,,,,,,,,,,,,,77.9,,2026-06-16 08:40,,,,,,,,,,,,2.074193548387097,,,,,,,,,,,,,,15.0,,,,,,,,,,,,75.9,🟢 低位共振（可重仓潜伏）,🚀 满仓做多,,,,
石油石化,,,,0.6083390806321143,,,,,,,,,,,,,,,,,,,,71.8,,2026-06-16 08:40,,,,,,,,,,,,1.6741935483870969,,,,,,,,,,,,,,74.7,,,,,,,,,,,,79.1,🟠 高位能量耗尽（大幅减仓）,⚠️ 强弩之末,,,,
国防军工,,,,0.15117815638781,,,,,,,,,,,,,,,,,,,,69.2,,2026-06-16 08:40,,,,,,,,,,,,1.9322580645161287,,,,,,,,,,,,,,61.3,,,,,,,,,,,,33.8,🟡 预警（观察减持）,🎣 暴力洗盘,,,,
轻工制造,,,,0.0786156616452204,,,,,,,,,,,,,,,,,,,,63.2,,2026-06-16 08:40,,,,,,,,,,,,1.5838709677419356,,,,,,,,,,,,,,0.0,,,,,,,,,,,,100.0,🟢 低位共振（可重仓潜伏）,🌱 底仓潜伏,,,,
建筑材料,,,,-0.0550665903571556,,,,,,,,,,,,,,,,,,,,60.7,,2026-06-16 08:40,,,,,,,,,,,,1.6741935483870969,,,,,,,,,,,,,,100.0,,,,,,,,,,,,0.0,🔴 终极逃顶（高风险）,🛑 崩盘前夕,,,,
商贸零售,,,,1.0473660351898006,,,,,,,,,,,,,,,,,,,,60.3,,2026-06-16 08:40,,,,,,,,,,,,1.5838709677419356,,,,,,,,,,,,,,32.8,,,,,,,,,,,,84.6,🟢 低位共振（可重仓潜伏）,🌱 底仓潜伏,,,,
电子,,,,-3.5880440563486826,,,,,,,,,,,,,,,,,,,,59.1,,2026-06-16 08:40,,,,,,,,,,,,1.7774193548387096,,,,,,,,,,,,,,100.0,,,,,,,,,,,,0.0,🔴 终极逃顶（高风险）,🛑 崩盘前夕,,,,
社会服务,,,,0.6480963955649788,,,,,,,,,,,,,,,,,,,,58.9,,2026-06-16 08:40,,,,,,,,,,,,1.6741935483870969,,,,,,,,,,,,,,4.2,,,,,,,,,,,,95.8,🟢 低位共振（可重仓潜伏）,🌱 底仓潜伏,,,,
通信,,,,-3.115448392095044,,,,,,,,,,,,,,,,,,,,55.2,,2026-06-16 08:40,,,,,,,,,,,,1.8161290322580643,,,,,,,,,,,,,,95.5,,,,,,,,,,,,0.0,🔴 终极逃顶（高风险）,🛑 崩盘前夕,,,,
医药生物,,,,-0.0384031012948149,,,,,,,,,,,,,,,,,,,,54.0,,2026-06-16 08:40,,,,,,,,,,,,1.1838709677419357,,,,,,,,,,,,,,0.3,,,,,,,,,,,,100.0,🟢 低位共振（可重仓潜伏）,🌱 底仓潜伏,,,,
有色金属,,,,-1.772606644163166,,,,,,,,,,,,,,,,,,,,52.2,,2026-06-16 08:40,,,,,,,,,,,,1.6741935483870969,,,,,,,,,,,,,,100.0,,,,,,,,,,,,0.0,🔴 终极逃顶（高风险）,🛑 崩盘前夕,,,,
计算机,,,,-0.5178292461785361,,,,,,,,,,,,,,,,,,,,50.7,,2026-06-16 08:40,,,,,,,,,,,,1.9064516129032256,,,,,,,,,,,,,,54.6,,,,,,,,,,,,0.4,⚪ 安全持仓,🎣 暴力洗盘,,,,
电力设备,,,,-1.7909268722896,,,,,,,,,,,,,,,,,,,,48.2,,2026-06-16 08:40,,,,,,,,,,,,1.403225806451613,,,,,,,,,,,,,,5.4,,,,,,,,,,,,37.8,⚪ 安全持仓,☕ 稳健持有,,,,
综合,,,,-0.0955617388131324,,,,,,,,,,,,,,,,,,,,46.8,,2026-06-16 08:40,,,,,,,,,,,,2.048387096774194,,,,,,,,,,,,,,92.7,,,,,,,,,,,,0.0,🔴 终极逃顶（高风险）,🛑 崩盘前夕,,,,
纺织服饰,,,,0.3652399414588947,,,,,,,,,,,,,,,,,,,,46.7,,2026-06-16 08:40,,,,,,,,,,,,1.5064516129032255,,,,,,,,,,,,,,2.8,,,,,,,,,,,,33.0,⚪ 安全持仓,☕ 稳健持有,,,,
交通运输,,,,0.506325468890978,,,,,,,,,,,,,,,,,,,,46.5,,2026-06-16 08:40,,,,,,,,,,,,1.0935483870967744,,,,,,,,,,,,,,7.2,,,,,,,,,,,,100.0,🟢 低位共振（可重仓潜伏）,🌱 底仓潜伏,,,,
建筑装饰,,,,-0.064530314907929,,,,,,,,,,,,,,,,,,,,45.2,,2026-06-16 08:40,,,,,,,,,,,,1.2225806451612904,,,,,,,,,,,,,,16.7,,,,,,,,,,,,100.0,🟢 低位共振（可重仓潜伏）,🎣 暴力洗盘,,,,
传媒,,,,0.528169014084523,,,,,,,,,,,,,,,,,,,,45.0,,2026-06-16 08:40,,,,,,,,,,,,1.2741935483870968,,,,,,,,,,,,,,46.5,,,,,,,,,,,,20.1,⚪ 安全持仓,☕ 稳健持有,,,,
环保,,,,-0.3748017875161991,,,,,,,,,,,,,,,,,,,,43.5,,2026-06-16 08:40,,,,,,,,,,,,1.467741935483871,,,,,,,,,,,,,,31.9,,,,,,,,,,,,75.8,🟢 低位共振（可重仓潜伏）,🎣 暴力洗盘,,,,
汽车,,,,-0.7116868252502351,,,,,,,,,,,,,,,,,,,,43.4,,2026-06-16 08:40,,,,,,,,,,,,1.841935483870968,,,,,,,,,,,,,,0.0,,,,,,,,,,,,100.0,🟢 低位共振（可重仓潜伏）,🎣 暴力洗盘,,,,
煤炭,,,,-1.762666449918571,,,,,,,,,,,,,,,,,,,,38.5,,2026-06-16 08:40,,,,,,,,,,,,1.3258064516129031,,,,,,,,,,,,,,100.0,,,,,,,,,,,,13.3,🔴 终极逃顶（高风险）,🚨 强制清仓,,,,
美容护理,,,,0.2311905189441576,,,,,,,,,,,,,,,,,,,,38.4,,2026-06-16 08:40,,,,,,,,,,,,1.235483870967742,,,,,,,,,,,,,,27.8,,,,,,,,,,,,41.5,⚪ 安全持仓,☕ 稳健持有,,,,
公用事业,,,,-3.249463391366547,,,,,,,,,,,,,,,,,,,,38.4,,2026-06-16 08:40,,,,,,,,,,,,1.5838709677419356,,,,,,,,,,,,,,87.7,,,,,,,,,,,,34.6,🔴 终极逃顶（高风险）,🛑 崩盘前夕,,,,
食品饮料,,,,-0.1619587582831094,,,,,,,,,,,,,,,,,,,,38.4,,2026-06-16 08:40,,,,,,,,,,,,1.0935483870967744,,,,,,,,,,,,,,74.7,,,,,,,,,,,,52.8,🟠 高位能量耗尽（大幅减仓）,⚠️ 强弩之末,,,,
钢铁,,,,0.3198585618749083,,,,,,,,,,,,,,,,,,,,37.9,,2026-06-16 08:40,,,,,,,,,,,,1.2096774193548387,,,,,,,,,,,,,,30.9,,,,,,,,,,,,81.3,🟢 低位共振（可重仓潜伏）,🎣 暴力洗盘,,,,
房地产,,,,-0.6594401974836739,,,,,,,,,,,,,,,,,,,,37.7,,2026-06-16 08:40,,,,,,,,,,,,1.2870967741935484,,,,,,,,,,,,,,52.1,,,,,,,,,,,,79.5,🟢 低位共振（可重仓潜伏）,🎣 暴力洗盘,,,,
农林牧渔,,,,-0.3225468635459139,,,,,,,,,,,,,,,,,,,,36.9,,2026-06-16 08:40,,,,,,,,,,,,1.3516129032258064,,,,,,,,,,,,,,22.3,,,,,,,,,,,,26.2,⚪ 安全持仓,☕ 稳健持有,,,,
家用电器,,,,-0.1731009853353948,,,,,,,,,,,,,,,,,,,,29.9,,2026-06-16 08:40,,,,,,,,,,,,1.1193548387096774,,,,,,,,,,,,,,77.8,,,,,,,,,,,,95.1,🟠 高位能量耗尽（大幅减仓）,⚠️ 强弩之末,,,,
非银金融,,,,-0.3431599160769516,,,,,,,,,,,,,,,,,,,,26.7,,2026-06-16 08:40,,,,,,,,,,,,1.1580645161290324,,,,,,,,,,,,,,27.2,,,,,,,,,,,,91.7,🟢 低位共振（可重仓潜伏）,🎣 暴力洗盘,,,,
机械设备,,,,0.2901100991605787,,,,,,,,,,,,,,,,,,,,81.8,,2026-06-16 09:00,,,,,,,,,,,,2.074193548387097,,,,,,,,,,,,,,90.7,,,,,,,,,,,,1.2,🔴 终极逃顶（高风险）,🛑 崩盘前夕,,,,
银行,,,,1.3320451942074651,,,,,,,,,,,,,,,,,,,,81.3,,2026-06-16 09:00,,,,,,,,,,,,1.5193548387096776,,,,,,,,,,,,,,0.0,,,,,,,,,,,,100.0,🟢 低位共振（可重仓潜伏）,🚀 满仓做多,,,,
基础化工,,,,0.47529810363518,,,,,,,,,,,,,,,,,,,,77.9,,2026-06-16 09:00,,,,,,,,,,,,2.074193548387097,,,,,,,,,,,,,,15.0,,,,,,,,,,,,75.9,🟢 低位共振（可重仓潜伏）,🚀 满仓做多,,,,
石油石化,,,,0.6083390806321143,,,,,,,,,,,,,,,,,,,,71.8,,2026-06-16 09:00,,,,,,,,,,,,1.6741935483870969,,,,,,,,,,,,,,74.7,,,,,,,,,,,,79.1,🟠 高位能量耗尽（大幅减仓）,⚠️ 强弩之末,,,,
国防军工,,,,0.15117815638781,,,,,,,,,,,,,,,,,,,,69.2,,2026-06-16 09:00,,,,,,,,,,,,1.9322580645161287,,,,,,,,,,,,,,61.3,,,,,,,,,,,,33.8,🟡 预警（观察减持）,🎣 暴力洗盘,,,,
轻工制造,,,,0.0786156616452204,,,,,,,,,,,,,,,,,,,,63.2,,2026-06-16 09:00,,,,,,,,,,,,1.5838709677419356,,,,,,,,,,,,,,0.0,,,,,,,,,,,,100.0,🟢 低位共振（可重仓潜伏）,🌱 底仓潜伏,,,,
建筑材料,,,,-0.0550665903571556,,,,,,,,,,,,,,,,,,,,60.7,,2026-06-16 09:00,,,,,,,,,,,,1.6741935483870969,,,,,,,,,,,,,,100.0,,,,,,,,,,,,0.0,🔴 终极逃顶（高风险）,🛑 崩盘前夕,,,,
商贸零售,,,,1.0473660351898006,,,,,,,,,,,,,,,,,,,,60.3,,2026-06-16 09:00,,,,,,,,,,,,1.5838709677419356,,,,,,,,,,,,,,32.8,,,,,,,,,,,,84.6,🟢 低位共振（可重仓潜伏）,🌱 底仓潜伏,,,,
电子,,,,-3.5880440563486826,,,,,,,,,,,,,,,,,,,,59.1,,2026-06-16 09:00,,,,,,,,,,,,1.7774193548387096,,,,,,,,,,,,,,100.0,,,,,,,,,,,,0.0,🔴 终极逃顶（高风险）,🛑 崩盘前夕,,,,
社会服务,,,,0.6480963955649788,,,,,,,,,,,,,,,,,,,,58.9,,2026-06-16 09:00,,,,,,,,,,,,1.6741935483870969,,,,,,,,,,,,,,4.2,,,,,,,,,,,,95.8,🟢 低位共振（可重仓潜伏）,🌱 底仓潜伏,,,,
通信,,,,-3.115448392095044,,,,,,,,,,,,,,,,,,,,55.2,,2026-06-16 09:00,,,,,,,,,,,,1.8161290322580643,,,,,,,,,,,,,,95.5,,,,,,,,,,,,0.0,🔴 终极逃顶（高风险）,🛑 崩盘前夕,,,,
医药生物,,,,-0.0384031012948149,,,,,,,,,,,,,,,,,,,,54.0,,2026-06-16 09:00,,,,,,,,,,,,1.1838709677419357,,,,,,,,,,,,,,0.3,,,,,,,,,,,,100.0,🟢 低位共振（可重仓潜伏）,🌱 底仓潜伏,,,,
有色金属,,,,-1.772606644163166,,,,,,,,,,,,,,,,,,,,52.2,,2026-06-16 09:00,,,,,,,,,,,,1.6741935483870969,,,,,,,,,,,,,,100.0,,,,,,,,,,,,0.0,🔴 终极逃顶（高风险）,🛑 崩盘前夕,,,,
计算机,,,,-0.5178292461785361,,,,,,,,,,,,,,,,,,,,50.7,,2026-06-16 09:00,,,,,,,,,,,,1.9064516129032256,,,,,,,,,,,,,,54.6,,,,,,,,,,,,0.4,⚪ 安全持仓,🎣 暴力洗盘,,,,
电力设备,,,,-1.7909268722896,,,,,,,,,,,,,,,,,,,,48.2,,2026-06-16 09:00,,,,,,,,,,,,1.403225806451613,,,,,,,,,,,,,,5.4,,,,,,,,,,,,37.8,⚪ 安全持仓,☕ 稳健持有,,,,
综合,,,,-0.0955617388131324,,,,,,,,,,,,,,,,,,,,46.8,,2026-06-16 09:00,,,,,,,,,,,,2.048387096774194,,,,,,,,,,,,,,92.7,,,,,,,,,,,,0.0,🔴 终极逃顶（高风险）,🛑 崩盘前夕,,,,
纺织服饰,,,,0.3652399414588947,,,,,,,,,,,,,,,,,,,,46.7,,2026-06-16 09:00,,,,,,,,,,,,1.5064516129032255,,,,,,,,,,,,,,2.8,,,,,,,,,,,,33.0,⚪ 安全持仓,☕ 稳健持有,,,,
交通运输,,,,0.506325468890978,,,,,,,,,,,,,,,,,,,,46.5,,2026-06-16 09:00,,,,,,,,,,,,1.0935483870967744,,,,,,,,,,,,,,7.2,,,,,,,,,,,,100.0,🟢 低位共振（可重仓潜伏）,🌱 底仓潜伏,,,,
建筑装饰,,,,-0.064530314907929,,,,,,,,,,,,,,,,,,,,45.2,,2026-06-16 09:00,,,,,,,,,,,,1.2225806451612904,,,,,,,,,,,,,,16.7,,,,,,,,,,,,100.0,🟢 低位共振（可重仓潜伏）,🎣 暴力洗盘,,,,
传媒,,,,0.528169014084523,,,,,,,,,,,,,,,,,,,,45.0,,2026-06-16 09:00,,,,,,,,,,,,1.2741935483870968,,,,,,,,,,,,,,46.5,,,,,,,,,,,,20.1,⚪ 安全持仓,☕ 稳健持有,,,,
环保,,,,-0.3748017875161991,,,,,,,,,,,,,,,,,,,,43.5,,2026-06-16 09:00,,,,,,,,,,,,1.467741935483871,,,,,,,,,,,,,,31.9,,,,,,,,,,,,75.8,🟢 低位共振（可重仓潜伏）,🎣 暴力洗盘,,,,
汽车,,,,-0.7116868252502351,,,,,,,,,,,,,,,,,,,,43.4,,2026-06-16 09:00,,,,,,,,,,,,1.841935483870968,,,,,,,,,,,,,,0.0,,,,,,,,,,,,100.0,🟢 低位共振（可重仓潜伏）,🎣 暴力洗盘,,,,
煤炭,,,,-1.762666449918571,,,,,,,,,,,,,,,,,,,,38.5,,2026-06-16 09:00,,,,,,,,,,,,1.3258064516129031,,,,,,,,,,,,,,100.0,,,,,,,,,,,,13.3,🔴 终极逃顶（高风险）,🚨 强制清仓,,,,
美容护理,,,,0.2311905189441576,,,,,,,,,,,,,,,,,,,,38.4,,2026-06-16 09:00,,,,,,,,,,,,1.235483870967742,,,,,,,,,,,,,,27.8,,,,,,,,,,,,41.5,⚪ 安全持仓,☕ 稳健持有,,,,
公用事业,,,,-3.249463391366547,,,,,,,,,,,,,,,,,,,,38.4,,2026-06-16 09:00,,,,,,,,,,,,1.5838709677419356,,,,,,,,,,,,,,87.7,,,,,,,,,,,,34.6,🔴 终极逃顶（高风险）,🛑 崩盘前夕,,,,
食品饮料,,,,-0.1619587582831094,,,,,,,,,,,,,,,,,,,,38.4,,2026-06-16 09:00,,,,,,,,,,,,1.0935483870967744,,,,,,,,,,,,,,74.7,,,,,,,,,,,,52.8,🟠 高位能量耗尽（大幅减仓）,⚠️ 强弩之末,,,,
钢铁,,,,0.3198585618749083,,,,,,,,,,,,,,,,,,,,37.9,,2026-06-16 09:00,,,,,,,,,,,,1.2096774193548387,,,,,,,,,,,,,,30.9,,,,,,,,,,,,81.3,🟢 低位共振（可重仓潜伏）,🎣 暴力洗盘,,,,
房地产,,,,-0.6594401974836739,,,,,,,,,,,,,,,,,,,,37.7,,2026-06-16 09:00,,,,,,,,,,,,1.2870967741935484,,,,,,,,,,,,,,52.1,,,,,,,,,,,,79.5,🟢 低位共振（可重仓潜伏）,🎣 暴力洗盘,,,,
农林牧渔,,,,-0.3225468635459139,,,,,,,,,,,,,,,,,,,,36.9,,2026-06-16 09:00,,,,,,,,,,,,1.3516129032258064,,,,,,,,,,,,,,22.3,,,,,,,,,,,,26.2,⚪ 安全持仓,☕ 稳健持有,,,,
家用电器,,,,-0.1731009853353948,,,,,,,,,,,,,,,,,,,,29.9,,2026-06-16 09:00,,,,,,,,,,,,1.1193548387096774,,,,,,,,,,,,,,77.8,,,,,,,,,,,,95.1,🟠 高位能量耗尽（大幅减仓）,⚠️ 强弩之末,,,,
非银金融,,,,-0.3431599160769516,,,,,,,,,,,,,,,,,,,,26.7,,2026-06-16 09:00,,,,,,,,,,,,1.1580645161290324,,,,,,,,,,,,,,27.2,,,,,,,,,,,,91.7,🟢 低位共振（可重仓潜伏）,🎣 暴力洗盘,,,,
电子,,,,6.574532071910544,,,,,,,,,,,,,,,,,,,,96.4,,2026-06-16 09:11,,,,,,,,,,,,2.2161290322580647,,,,,,,,,,,,,,70.6,,,,,,,,,,,,0.0,🟠 高位能量耗尽（大幅减仓）,⚠️ 强弩之末,,,,2026-06-15（申万current）
通信,,,,6.357357100410344,,,,,,,,,,,,,,,,,,,,90.6,,2026-06-16 09:11,,,,,,,,,,,,2.2161290322580647,,,,,,,,,,,,,,56.6,,,,,,,,,,,,0.0,🟡 预警（观察减持）,🔥 冲顶阶段,,,,2026-06-15（申万current）
有色金属,,,,4.920938215102977,,,,,,,,,,,,,,,,,,,,90.0,,2026-06-16 09:11,,,,,,,,,,,,2.1258064516129034,,,,,,,,,,,,,,100.0,,,,,,,,,,,,23.8,🔴 终极逃顶（高风险）,💣 鱼尾诱多,,,,2026-06-15（申万current）
机械设备,,,,4.50673160492614,,,,,,,,,,,,,,,,,,,,85.8,,2026-06-16 09:11,,,,,,,,,,,,2.1903225806451614,,,,,,,,,,,,,,57.3,,,,,,,,,,,,0.0,🟡 预警（观察减持）,🔥 冲顶阶段,,,,2026-06-15（申万current）
基础化工,,,,2.859109930184278,,,,,,,,,,,,,,,,,,,,81.8,,2026-06-16 09:11,,,,,,,,,,,,1.7903225806451617,,,,,,,,,,,,,,78.2,,,,,,,,,,,,59.5,🟠 高位能量耗尽（大幅减仓）,⚠️ 强弩之末,,,,2026-06-15（申万current）
建筑材料,,,,4.984394981217166,,,,,,,,,,,,,,,,,,,,78.3,,2026-06-16 09:11,,,,,,,,,,,,2.1258064516129034,,,,,,,,,,,,,,100.0,,,,,,,,,,,,0.0,🔴 终极逃顶（高风险）,💣 鱼尾诱多,,,,2026-06-15（申万current）
非银金融,,,,2.093495107814136,,,,,,,,,,,,,,,,,,,,69.9,,2026-06-16 09:11,,,,,,,,,,,,1.738709677419355,,,,,,,,,,,,,,68.6,,,,,,,,,,,,100.0,🟢 低位共振（可重仓潜伏）,🚨 强制清仓,,,,2026-06-15（申万current）
纺织服饰,,,,1.8288810255213888,,,,,,,,,,,,,,,,,,,,69.2,,2026-06-16 09:11,,,,,,,,,,,,1.5193548387096776,,,,,,,,,,,,,,0.0,,,,,,,,,,,,84.1,🟢 低位共振（可重仓潜伏）,🚀 满仓做多,,,,2026-06-15（申万current）
汽车,,,,2.311304340354603,,,,,,,,,,,,,,,,,,,,66.5,,2026-06-16 09:11,,,,,,,,,,,,1.85483870967742,,,,,,,,,,,,,,8.7,,,,,,,,,,,,49.0,⚪ 安全持仓,📈 顺势加仓,,,,2026-06-15（申万current）
电力设备,,,,2.496241510917341,,,,,,,,,,,,,,,,,,,,66.2,,2026-06-16 09:11,,,,,,,,,,,,1.6612903225806452,,,,,,,,,,,,,,70.6,,,,,,,,,,,,15.6,🔴 终极逃顶（高风险）,💣 鱼尾诱多,,,,2026-06-15（申万current）
计算机,,,,2.980082548893903,,,,,,,,,,,,,,,,,,,,62.8,,2026-06-16 09:11,,,,,,,,,,,,1.8806451612903223,,,,,,,,,,,,,,37.5,,,,,,,,,,,,12.1,⚪ 安全持仓,☕ 稳健持有,,,,2026-06-15（申万current）
国防军工,,,,1.7022617579902422,,,,,,,,,,,,,,,,,,,,61.5,,2026-06-16 09:11,,,,,,,,,,,,2.087096774193548,,,,,,,,,,,,,,12.8,,,,,,,,,,,,40.2,⚪ 安全持仓,☕ 稳健持有,,,,2026-06-15（申万current）
社会服务,,,,2.018602312719975,,,,,,,,,,,,,,,,,,,,61.4,,2026-06-16 09:11,,,,,,,,,,,,1.338709677419355,,,,,,,,,,,,,,41.2,,,,,,,,,,,,70.6,⚪ 安全持仓,☕ 稳健持有,,,,2026-06-15（申万current）
环保,,,,1.543000442543141,,,,,,,,,,,,,,,,,,,,56.9,,2026-06-16 09:11,,,,,,,,,,,,1.364516129032258,,,,,,,,,,,,,,0.0,,,,,,,,,,,,67.8,⚪ 安全持仓,☕ 稳健持有,,,,2026-06-15（申万current）
交通运输,,,,1.1697373881655704,,,,,,,,,,,,,,,,,,,,56.5,,2026-06-16 09:11,,,,,,,,,,,,1.1580645161290324,,,,,,,,,,,,,,37.2,,,,,,,,,,,,82.2,🟢 低位共振（可重仓潜伏）,🌱 底仓潜伏,,,,2026-06-15（申万current）
公用事业,,,,0.2759011528194133,,,,,,,,,,,,,,,,,,,,53.8,,2026-06-16 09:11,,,,,,,,,,,,1.3258064516129031,,,,,,,,,,,,,,23.1,,,,,,,,,,,,16.3,⚪ 安全持仓,☕ 稳健持有,,,,2026-06-15（申万current）
综合,,,,2.3706493700698994,,,,,,,,,,,,,,,,,,,,51.1,,2026-06-16 09:11,,,,,,,,,,,,1.5580645161290323,,,,,,,,,,,,,,63.2,,,,,,,,,,,,0.0,🟡 预警（观察减持）,⚖️ 控仓观望,,,,2026-06-15（申万current）
建筑装饰,,,,1.5393877690869306,,,,,,,,,,,,,,,,,,,,48.1,,2026-06-16 09:11,,,,,,,,,,,,1.2096774193548387,,,,,,,,,,,,,,0.0,,,,,,,,,,,,90.8,🟢 低位共振（可重仓潜伏）,🌱 底仓潜伏,,,,2026-06-15（申万current）
钢铁,,,,1.0302656595241766,,,,,,,,,,,,,,,,,,,,44.1,,2026-06-16 09:11,,,,,,,,,,,,1.3516129032258064,,,,,,,,,,,,,,72.0,,,,,,,,,,,,100.0,🟠 高位能量耗尽（大幅减仓）,⚠️ 强弩之末,,,,2026-06-15（申万current）
家用电器,,,,-0.5537332429557118,,,,,,,,,,,,,,,,,,,,42.9,,2026-06-16 09:11,,,,,,,,,,,,1.1709677419354838,,,,,,,,,,,,,,10.3,,,,,,,,,,,,79.8,🟢 低位共振（可重仓潜伏）,🌱 底仓潜伏,,,,2026-06-15（申万current）
传媒,,,,1.4869398338729356,,,,,,,,,,,,,,,,,,,,42.8,,2026-06-16 09:11,,,,,,,,,,,,1.6741935483870969,,,,,,,,,,,,,,24.8,,,,,,,,,,,,34.8,⚪ 安全持仓,☕ 稳健持有,,,,2026-06-15（申万current）
银行,,,,-1.5352876617234057,,,,,,,,,,,,,,,,,,,,41.7,,2026-06-16 09:11,,,,,,,,,,,,1.1193548387096774,,,,,,,,,,,,,,85.8,,,,,,,,,,,,100.0,🔴 终极逃顶（高风险）,🛑 崩盘前夕,,,,2026-06-15（申万current）
农林牧渔,,,,0.3698586280687976,,,,,,,,,,,,,,,,,,,,40.3,,2026-06-16 09:11,,,,,,,,,,,,1.3258064516129031,,,,,,,,,,,,,,55.1,,,,,,,,,,,,85.6,🟢 低位共振（可重仓潜伏）,🌱 底仓潜伏,,,,2026-06-15（申万current）
轻工制造,,,,0.267129571333502,,,,,,,,,,,,,,,,,,,,40.2,,2026-06-16 09:11,,,,,,,,,,,,1.196774193548387,,,,,,,,,,,,,,39.5,,,,,,,,,,,,95.7,🟢 低位共振（可重仓潜伏）,🌱 底仓潜伏,,,,2026-06-15（申万current）
石油石化,,,,-0.2371565614586179,,,,,,,,,,,,,,,,,,,,39.1,,2026-06-16 09:11,,,,,,,,,,,,1.0548387096774192,,,,,,,,,,,,,,76.5,,,,,,,,,,,,100.0,🟠 高位能量耗尽（大幅减仓）,⚠️ 强弩之末,,,,2026-06-15（申万current）
医药生物,,,,-0.1521533278447617,,,,,,,,,,,,,,,,,,,,37.7,,2026-06-16 09:11,,,,,,,,,,,,1.2225806451612904,,,,,,,,,,,,,,100.0,,,,,,,,,,,,78.0,🔴 终极逃顶（高风险）,🛑 崩盘前夕,,,,2026-06-15（申万current）
食品饮料,,,,-0.8557005968933273,,,,,,,,,,,,,,,,,,,,35.4,,2026-06-16 09:11,,,,,,,,,,,,1.0548387096774192,,,,,,,,,,,,,,86.3,,,,,,,,,,,,100.0,🔴 终极逃顶（高风险）,🛑 崩盘前夕,,,,2026-06-15（申万current）
美容护理,,,,0.1301484143631848,,,,,,,,,,,,,,,,,,,,35.4,,2026-06-16 09:11,,,,,,,,,,,,1.0806451612903225,,,,,,,,,,,,,,79.2,,,,,,,,,,,,49.6,🟠 高位能量耗尽（大幅减仓）,⚠️ 强弩之末,,,,2026-06-15（申万current）
煤炭,,,,-4.52666260938911,,,,,,,,,,,,,,,,,,,,33.1,,2026-06-16 09:11,,,,,,,,,,,,1.3774193548387097,,,,,,,,,,,,,,0.0,,,,,,,,,,,,48.1,⚪ 安全持仓,☕ 稳健持有,,,,2026-06-15（申万current）
商贸零售,,,,0.6595334531828811,,,,,,,,,,,,,,,,,,,,26.6,,2026-06-16 09:11,,,,,,,,,,,,1.2096774193548387,,,,,,,,,,,,,,53.2,,,,,,,,,,,,46.1,⚪ 安全持仓,☕ 稳健持有,,,,2026-06-15（申万current）
房地产,,,,0.6043502978217763,,,,,,,,,,,,,,,,,,,,25.1,,2026-06-16 09:11,,,,,,,,,,,,1.1451612903225803,,,,,,,,,,,,,,21.3,,,,,,,,,,,,93.8,🟢 低位共振（可重仓潜伏）,🎣 暴力洗盘,,,,2026-06-15（申万current）
电子,,,,6.574532071910544,,,,,,,,,,,,,,,,,,,,96.4,,2026-06-16 09:21,,,,,,,,,,,,2.2161290322580647,,,,,,,,,,,,,,70.6,,,,,,,,,,,,0.0,🟠 高位能量耗尽（大幅减仓）,⚠️ 强弩之末,,,,2026-06-15（申万current）
通信,,,,6.357357100410344,,,,,,,,,,,,,,,,,,,,90.6,,2026-06-16 09:21,,,,,,,,,,,,2.2161290322580647,,,,,,,,,,,,,,56.6,,,,,,,,,,,,0.0,🟡 预警（观察减持）,🔥 冲顶阶段,,,,2026-06-15（申万current）
有色金属,,,,4.920938215102977,,,,,,,,,,,,,,,,,,,,90.0,,2026-06-16 09:21,,,,,,,,,,,,2.1258064516129034,,,,,,,,,,,,,,100.0,,,,,,,,,,,,23.8,🔴 终极逃顶（高风险）,💣 鱼尾诱多,,,,2026-06-15（申万current）
机械设备,,,,4.50673160492614,,,,,,,,,,,,,,,,,,,,85.8,,2026-06-16 09:21,,,,,,,,,,,,2.1903225806451614,,,,,,,,,,,,,,57.3,,,,,,,,,,,,0.0,🟡 预警（观察减持）,🔥 冲顶阶段,,,,2026-06-15（申万current）
基础化工,,,,2.859109930184278,,,,,,,,,,,,,,,,,,,,81.8,,2026-06-16 09:21,,,,,,,,,,,,1.7903225806451617,,,,,,,,,,,,,,78.2,,,,,,,,,,,,59.5,🟠 高位能量耗尽（大幅减仓）,⚠️ 强弩之末,,,,2026-06-15（申万current）
建筑材料,,,,4.984394981217166,,,,,,,,,,,,,,,,,,,,78.3,,2026-06-16 09:21,,,,,,,,,,,,2.1258064516129034,,,,,,,,,,,,,,100.0,,,,,,,,,,,,0.0,🔴 终极逃顶（高风险）,💣 鱼尾诱多,,,,2026-06-15（申万current）
非银金融,,,,2.093495107814136,,,,,,,,,,,,,,,,,,,,69.9,,2026-06-16 09:21,,,,,,,,,,,,1.738709677419355,,,,,,,,,,,,,,68.6,,,,,,,,,,,,100.0,🟢 低位共振（可重仓潜伏）,🚨 强制清仓,,,,2026-06-15（申万current）
纺织服饰,,,,1.8288810255213888,,,,,,,,,,,,,,,,,,,,69.2,,2026-06-16 09:21,,,,,,,,,,,,1.5193548387096776,,,,,,,,,,,,,,0.0,,,,,,,,,,,,84.1,🟢 低位共振（可重仓潜伏）,🚀 满仓做多,,,,2026-06-15（申万current）
汽车,,,,2.311304340354603,,,,,,,,,,,,,,,,,,,,66.5,,2026-06-16 09:21,,,,,,,,,,,,1.85483870967742,,,,,,,,,,,,,,8.7,,,,,,,,,,,,49.0,⚪ 安全持仓,📈 顺势加仓,,,,2026-06-15（申万current）
电力设备,,,,2.496241510917341,,,,,,,,,,,,,,,,,,,,66.2,,2026-06-16 09:21,,,,,,,,,,,,1.6612903225806452,,,,,,,,,,,,,,70.6,,,,,,,,,,,,15.6,🔴 终极逃顶（高风险）,💣 鱼尾诱多,,,,2026-06-15（申万current）
计算机,,,,2.980082548893903,,,,,,,,,,,,,,,,,,,,62.8,,2026-06-16 09:21,,,,,,,,,,,,1.8806451612903223,,,,,,,,,,,,,,37.5,,,,,,,,,,,,12.1,⚪ 安全持仓,☕ 稳健持有,,,,2026-06-15（申万current）
国防军工,,,,1.7022617579902422,,,,,,,,,,,,,,,,,,,,61.5,,2026-06-16 09:21,,,,,,,,,,,,2.087096774193548,,,,,,,,,,,,,,12.8,,,,,,,,,,,,40.2,⚪ 安全持仓,☕ 稳健持有,,,,2026-06-15（申万current）
社会服务,,,,2.018602312719975,,,,,,,,,,,,,,,,,,,,61.4,,2026-06-16 09:21,,,,,,,,,,,,1.338709677419355,,,,,,,,,,,,,,41.2,,,,,,,,,,,,70.6,⚪ 安全持仓,☕ 稳健持有,,,,2026-06-15（申万current）
环保,,,,1.543000442543141,,,,,,,,,,,,,,,,,,,,56.9,,2026-06-16 09:21,,,,,,,,,,,,1.364516129032258,,,,,,,,,,,,,,0.0,,,,,,,,,,,,67.8,⚪ 安全持仓,☕ 稳健持有,,,,2026-06-15（申万current）
交通运输,,,,1.1697373881655704,,,,,,,,,,,,,,,,,,,,56.5,,2026-06-16 09:21,,,,,,,,,,,,1.1580645161290324,,,,,,,,,,,,,,37.2,,,,,,,,,,,,82.2,🟢 低位共振（可重仓潜伏）,🌱 底仓潜伏,,,,2026-06-15（申万current）
公用事业,,,,0.2759011528194133,,,,,,,,,,,,,,,,,,,,53.8,,2026-06-16 09:21,,,,,,,,,,,,1.3258064516129031,,,,,,,,,,,,,,23.1,,,,,,,,,,,,16.3,⚪ 安全持仓,☕ 稳健持有,,,,2026-06-15（申万current）
综合,,,,2.3706493700698994,,,,,,,,,,,,,,,,,,,,51.1,,2026-06-16 09:21,,,,,,,,,,,,1.5580645161290323,,,,,,,,,,,,,,63.2,,,,,,,,,,,,0.0,🟡 预警（观察减持）,⚖️ 控仓观望,,,,2026-06-15（申万current）
建筑装饰,,,,1.5393877690869306,,,,,,,,,,,,,,,,,,,,48.1,,2026-06-16 09:21,,,,,,,,,,,,1.2096774193548387,,,,,,,,,,,,,,0.0,,,,,,,,,,,,90.8,🟢 低位共振（可重仓潜伏）,🌱 底仓潜伏,,,,2026-06-15（申万current）
钢铁,,,,1.0302656595241766,,,,,,,,,,,,,,,,,,,,44.1,,2026-06-16 09:21,,,,,,,,,,,,1.3516129032258064,,,,,,,,,,,,,,72.0,,,,,,,,,,,,100.0,🟠 高位能量耗尽（大幅减仓）,⚠️ 强弩之末,,,,2026-06-15（申万current）
家用电器,,,,-0.5537332429557118,,,,,,,,,,,,,,,,,,,,42.9,,2026-06-16 09:21,,,,,,,,,,,,1.1709677419354838,,,,,,,,,,,,,,10.3,,,,,,,,,,,,79.8,🟢 低位共振（可重仓潜伏）,🌱 底仓潜伏,,,,2026-06-15（申万current）
传媒,,,,1.4869398338729356,,,,,,,,,,,,,,,,,,,,42.8,,2026-06-16 09:21,,,,,,,,,,,,1.6741935483870969,,,,,,,,,,,,,,24.8,,,,,,,,,,,,34.8,⚪ 安全持仓,☕ 稳健持有,,,,2026-06-15（申万current）
银行,,,,-1.5352876617234057,,,,,,,,,,,,,,,,,,,,41.7,,2026-06-16 09:21,,,,,,,,,,,,1.1193548387096774,,,,,,,,,,,,,,85.8,,,,,,,,,,,,100.0,🔴 终极逃顶（高风险）,🛑 崩盘前夕,,,,2026-06-15（申万current）
农林牧渔,,,,0.3698586280687976,,,,,,,,,,,,,,,,,,,,40.3,,2026-06-16 09:21,,,,,,,,,,,,1.3258064516129031,,,,,,,,,,,,,,55.1,,,,,,,,,,,,85.6,🟢 低位共振（可重仓潜伏）,🌱 底仓潜伏,,,,2026-06-15（申万current）
轻工制造,,,,0.267129571333502,,,,,,,,,,,,,,,,,,,,40.2,,2026-06-16 09:21,,,,,,,,,,,,1.196774193548387,,,,,,,,,,,,,,39.5,,,,,,,,,,,,95.7,🟢 低位共振（可重仓潜伏）,🌱 底仓潜伏,,,,2026-06-15（申万current）
石油石化,,,,-0.2371565614586179,,,,,,,,,,,,,,,,,,,,39.1,,2026-06-16 09:21,,,,,,,,,,,,1.0548387096774192,,,,,,,,,,,,,,76.5,,,,,,,,,,,,100.0,🟠 高位能量耗尽（大幅减仓）,⚠️ 强弩之末,,,,2026-06-15（申万current）
医药生物,,,,-0.1521533278447617,,,,,,,,,,,,,,,,,,,,37.7,,2026-06-16 09:21,,,,,,,,,,,,1.2225806451612904,,,,,,,,,,,,,,100.0,,,,,,,,,,,,78.0,🔴 终极逃顶（高风险）,🛑 崩盘前夕,,,,2026-06-15（申万current）
食品饮料,,,,-0.8557005968933273,,,,,,,,,,,,,,,,,,,,35.4,,2026-06-16 09:21,,,,,,,,,,,,1.0548387096774192,,,,,,,,,,,,,,86.3,,,,,,,,,,,,100.0,🔴 终极逃顶（高风险）,🛑 崩盘前夕,,,,2026-06-15（申万current）
美容护理,,,,0.1301484143631848,,,,,,,,,,,,,,,,,,,,35.4,,2026-06-16 09:21,,,,,,,,,,,,1.0806451612903225,,,,,,,,,,,,,,79.2,,,,,,,,,,,,49.6,🟠 高位能量耗尽（大幅减仓）,⚠️ 强弩之末,,,,2026-06-15（申万current）
煤炭,,,,-4.52666260938911,,,,,,,,,,,,,,,,,,,,33.1,,2026-06-16 09:21,,,,,,,,,,,,1.3774193548387097,,,,,,,,,,,,,,0.0,,,,,,,,,,,,48.1,⚪ 安全持仓,☕ 稳健持有,,,,2026-06-15（申万current）
商贸零售,,,,0.6595334531828811,,,,,,,,,,,,,,,,,,,,26.6,,2026-06-16 09:21,,,,,,,,,,,,1.2096774193548387,,,,,,,,,,,,,,53.2,,,,,,,,,,,,46.1,⚪ 安全持仓,☕ 稳健持有,,,,2026-06-15（申万current）
房地产,,,,0.6043502978217763,,,,,,,,,,,,,,,,,,,,25.1,,2026-06-16 09:21,,,,,,,,,,,,1.1451612903225803,,,,,,,,,,,,,,21.3,,,,,,,,,,,,93.8,🟢 低位共振（可重仓潜伏）,🎣 暴力洗盘,,,,2026-06-15（申万current）
电子,,,,6.578401466930628,,,,,,,,,,,,,,,,,,,,57.8,,2026-06-16 09:58,,,,,,,,,,,,2.345161290322581,,,,,,,,,,,,,,71.6,,,,,,,,,,,,0.0,🟠 高位能量耗尽（大幅减仓）,🦊 诱多陷阱,,,,2026-06-15（akshare trend）
公用事业,,,,0.2978986771658309,,,,,,,,,,,,,,,,,,,,56.2,,2026-06-16 09:58,,,,,,,,,,,,1.403225806451613,,,,,,,,,,,,,,24.8,,,,,,,,,,,,16.3,⚪ 安全持仓,☕ 稳健持有,,,,2026-06-15（akshare trend）
通信,,,,6.499181287646416,,,,,,,,,,,,,,,,,,,,54.0,,2026-06-16 09:58,,,,,,,,,,,,2.345161290322581,,,,,,,,,,,,,,58.1,,,,,,,,,,,,0.0,🟡 预警（观察减持）,🦊 诱多陷阱,,,,2026-06-15（akshare trend）
有色金属,,,,4.917505720823812,,,,,,,,,,,,,,,,,,,,52.6,,2026-06-16 09:58,,,,,,,,,,,,2.1258064516129034,,,,,,,,,,,,,,100.0,,,,,,,,,,,,23.7,🔴 终极逃顶（高风险）,🦊 诱多陷阱,,,,2026-06-15（akshare trend）
机械设备,,,,4.513700988832592,,,,,,,,,,,,,,,,,,,,51.9,,2026-06-16 09:58,,,,,,,,,,,,2.241935483870968,,,,,,,,,,,,,,59.2,,,,,,,,,,,,0.0,🟡 预警（观察减持）,🦊 诱多陷阱,,,,2026-06-15（akshare trend）
基础化工,,,,2.870512806721237,,,,,,,,,,,,,,,,,,,,50.4,,2026-06-16 09:58,,,,,,,,,,,,1.841935483870968,,,,,,,,,,,,,,75.3,,,,,,,,,,,,59.6,🟠 高位能量耗尽（大幅减仓）,🦊 诱多陷阱,,,,2026-06-15（akshare trend）
建筑材料,,,,4.997750973682535,,,,,,,,,,,,,,,,,,,,46.9,,2026-06-16 09:58,,,,,,,,,,,,2.2032258064516133,,,,,,,,,,,,,,100.0,,,,,,,,,,,,0.0,🔴 终极逃顶（高风险）,🦊 诱多陷阱,,,,2026-06-15（akshare trend）
非银金融,,,,2.0772168898139043,,,,,,,,,,,,,,,,,,,,42.7,,2026-06-16 09:58,,,,,,,,,,,,1.7645161290322582,,,,,,,,,,,,,,71.8,,,,,,,,,,,,100.0,🟠 高位能量耗尽（大幅减仓）,🦊 诱多陷阱,,,,2026-06-15（akshare trend）
银行,,,,-1.5988404068353446,,,,,,,,,,,,,,,,,,,,42.3,,2026-06-16 09:58,,,,,,,,,,,,1.1451612903225803,,,,,,,,,,,,,,84.6,,,,,,,,,,,,100.0,🟠 高位能量耗尽（大幅减仓）,⚠️ 强弩之末,,,,2026-06-15（akshare trend）
轻工制造,,,,0.3237934197981795,,,,,,,,,,,,,,,,,,,,41.8,,2026-06-16 09:58,,,,,,,,,,,,1.2225806451612904,,,,,,,,,,,,,,39.8,,,,,,,,,,,,95.4,🟢 低位共振（可重仓潜伏）,🌱 底仓潜伏,,,,2026-06-15（akshare trend）
纺织服饰,,,,1.8470272582338465,,,,,,,,,,,,,,,,,,,,41.5,,2026-06-16 09:58,,,,,,,,,,,,1.4935483870967745,,,,,,,,,,,,,,0.0,,,,,,,,,,,,83.7,🟢 低位共振（可重仓潜伏）,🦊 诱多陷阱,,,,2026-06-15（akshare trend）
农林牧渔,,,,0.3610123510876528,,,,,,,,,,,,,,,,,,,,40.5,,2026-06-16 09:58,,,,,,,,,,,,1.3,,,,,,,,,,,,,,55.1,,,,,,,,,,,,85.9,🟢 低位共振（可重仓潜伏）,🌱 底仓潜伏,,,,2026-06-15（akshare trend）
家用电器,,,,-0.6168613305266302,,,,,,,,,,,,,,,,,,,,40.1,,2026-06-16 09:58,,,,,,,,,,,,1.1451612903225807,,,,,,,,,,,,,,11.4,,,,,,,,,,,,80.0,🟢 低位共振（可重仓潜伏）,🌱 底仓潜伏,,,,2026-06-15（akshare trend）
电力设备,,,,2.4603338842319245,,,,,,,,,,,,,,,,,,,,38.9,,2026-06-16 09:58,,,,,,,,,,,,1.5838709677419356,,,,,,,,,,,,,,74.7,,,,,,,,,,,,15.8,🔴 终极逃顶（高风险）,🦊 诱多陷阱,,,,2026-06-15（akshare trend）
汽车,,,,2.2951223459023007,,,,,,,,,,,,,,,,,,,,38.5,,2026-06-16 09:58,,,,,,,,,,,,1.6483870967741936,,,,,,,,,,,,,,11.7,,,,,,,,,,,,49.2,⚪ 安全持仓,🦊 诱多陷阱,,,,2026-06-15（akshare trend）
石油石化,,,,-0.3042619550546188,,,,,,,,,,,,,,,,,,,,38.5,,2026-06-16 09:58,,,,,,,,,,,,1.0483870967741935,,,,,,,,,,,,,,79.5,,,,,,,,,,,,100.0,🟠 高位能量耗尽（大幅减仓）,⚠️ 强弩之末,,,,2026-06-15（akshare trend）
计算机,,,,2.973784540639013,,,,,,,,,,,,,,,,,,,,38.1,,2026-06-16 09:58,,,,,,,,,,,,1.85483870967742,,,,,,,,,,,,,,35.2,,,,,,,,,,,,12.3,⚪ 安全持仓,🦊 诱多陷阱,,,,2026-06-15（akshare trend）
社会服务,,,,2.033949882247099,,,,,,,,,,,,,,,,,,,,37.2,,2026-06-16 09:58,,,,,,,,,,,,1.3645161290322585,,,,,,,,,,,,,,37.0,,,,,,,,,,,,71.2,⚪ 安全持仓,🦊 诱多陷阱,,,,2026-06-15（akshare trend）
国防军工,,,,1.7199533384565369,,,,,,,,,,,,,,,,,,,,36.9,,2026-06-16 09:58,,,,,,,,,,,,2.035483870967742,,,,,,,,,,,,,,14.7,,,,,,,,,,,,40.3,⚪ 安全持仓,🦊 诱多陷阱,,,,2026-06-15（akshare trend）
美容护理,,,,0.1671320201800608,,,,,,,,,,,,,,,,,,,,36.4,,2026-06-16 09:58,,,,,,,,,,,,1.1580645161290324,,,,,,,,,,,,,,74.0,,,,,,,,,,,,49.5,🟠 高位能量耗尽（大幅减仓）,⚠️ 强弩之末,,,,2026-06-15（akshare trend）
医药生物,,,,-0.1628307543601881,,,,,,,,,,,,,,,,,,,,36.4,,2026-06-16 09:58,,,,,,,,,,,,1.196774193548387,,,,,,,,,,,,,,100.0,,,,,,,,,,,,78.2,🔴 终极逃顶（高风险）,🛑 崩盘前夕,,,,2026-06-15（akshare trend）
食品饮料,,,,-0.9025310402238752,,,,,,,,,,,,,,,,,,,,36.4,,2026-06-16 09:58,,,,,,,,,,,,1.0483870967741935,,,,,,,,,,,,,,82.8,,,,,,,,,,,,100.0,🔴 终极逃顶（高风险）,🛑 崩盘前夕,,,,2026-06-15（akshare trend）
环保,,,,1.5739784629001274,,,,,,,,,,,,,,,,,,,,33.8,,2026-06-16 09:58,,,,,,,,,,,,1.3387096774193548,,,,,,,,,,,,,,0.0,,,,,,,,,,,,67.3,⚪ 安全持仓,🦊 诱多陷阱,,,,2026-06-15（akshare trend）
煤炭,,,,-4.599213927454682,,,,,,,,,,,,,,,,,,,,32.5,,2026-06-16 09:58,,,,,,,,,,,,1.3774193548387097,,,,,,,,,,,,,,0.0,,,,,,,,,,,,47.6,⚪ 安全持仓,☕ 稳健持有,,,,2026-06-15（akshare trend）
交通运输,,,,1.2344010886664811,,,,,,,,,,,,,,,,,,,,32.4,,2026-06-16 09:58,,,,,,,,,,,,1.132258064516129,,,,,,,,,,,,,,38.3,,,,,,,,,,,,81.3,🟢 低位共振（可重仓潜伏）,🦊 诱多陷阱,,,,2026-06-15（akshare trend）
综合,,,,2.325086919137176,,,,,,,,,,,,,,,,,,,,30.4,,2026-06-16 09:58,,,,,,,,,,,,1.506451612903226,,,,,,,,,,,,,,66.1,,,,,,,,,,,,0.0,🟡 预警（观察减持）,🦊 诱多陷阱,,,,2026-06-15（akshare trend）
建筑装饰,,,,1.5442824837740288,,,,,,,,,,,,,,,,,,,,29.8,,2026-06-16 09:58,,,,,,,,,,,,1.1838709677419357,,,,,,,,,,,,,,0.0,,,,,,,,,,,,90.9,🟢 低位共振（可重仓潜伏）,🦊 诱多陷阱,,,,2026-06-15（akshare trend）
传媒,,,,1.4957296259943575,,,,,,,,,,,,,,,,,,,,26.4,,2026-06-16 09:58,,,,,,,,,,,,1.7,,,,,,,,,,,,,,22.7,,,,,,,,,,,,35.1,⚪ 安全持仓,🦊 诱多陷阱,,,,2026-06-15（akshare trend）
钢铁,,,,0.9677474607334258,,,,,,,,,,,,,,,,,,,,25.0,,2026-06-16 09:58,,,,,,,,,,,,1.3258064516129031,,,,,,,,,,,,,,73.1,,,,,,,,,,,,100.0,🟠 高位能量耗尽（大幅减仓）,🦊 诱多陷阱,,,,2026-06-15（akshare trend）
商贸零售,,,,0.7142238298425418,,,,,,,,,,,,,,,,,,,,17.2,,2026-06-16 09:58,,,,,,,,,,,,1.235483870967742,,,,,,,,,,,,,,48.1,,,,,,,,,,,,45.9,⚪ 安全持仓,🦊 诱多陷阱,,,,2026-06-15（akshare trend）
房地产,,,,0.6335434901741932,,,,,,,,,,,,,,,,,,,,15.9,,2026-06-16 09:58,,,,,,,,,,,,1.1580645161290324,,,,,,,,,,,,,,17.1,,,,,,,,,,,,93.6,🟢 低位共振（可重仓潜伏）,🦊 诱多陷阱,,,,2026-06-15（akshare trend）
电子,,,,6.578401466930628,,,,,,,,,,,,,,,,,,,,57.8,,2026-06-16 10:00,,,,,,,,,,,,2.345161290322581,,,,,,,,,,,,,,71.6,,,,,,,,,,,,0.0,🟠 高位能量耗尽（大幅减仓）,🦊 诱多陷阱,,,,2026-06-15（akshare trend）
公用事业,,,,0.2978986771658309,,,,,,,,,,,,,,,,,,,,56.2,,2026-06-16 10:00,,,,,,,,,,,,1.403225806451613,,,,,,,,,,,,,,24.8,,,,,,,,,,,,16.3,⚪ 安全持仓,☕ 稳健持有,,,,2026-06-15（akshare trend）
通信,,,,6.499181287646416,,,,,,,,,,,,,,,,,,,,54.0,,2026-06-16 10:00,,,,,,,,,,,,2.345161290322581,,,,,,,,,,,,,,58.1,,,,,,,,,,,,0.0,🟡 预警（观察减持）,🦊 诱多陷阱,,,,2026-06-15（akshare trend）
有色金属,,,,4.917505720823812,,,,,,,,,,,,,,,,,,,,52.6,,2026-06-16 10:00,,,,,,,,,,,,2.1258064516129034,,,,,,,,,,,,,,100.0,,,,,,,,,,,,23.7,🔴 终极逃顶（高风险）,🦊 诱多陷阱,,,,2026-06-15（akshare trend）
机械设备,,,,4.513700988832592,,,,,,,,,,,,,,,,,,,,51.9,,2026-06-16 10:00,,,,,,,,,,,,2.241935483870968,,,,,,,,,,,,,,59.2,,,,,,,,,,,,0.0,🟡 预警（观察减持）,🦊 诱多陷阱,,,,2026-06-15（akshare trend）
基础化工,,,,2.870512806721237,,,,,,,,,,,,,,,,,,,,50.4,,2026-06-16 10:00,,,,,,,,,,,,1.841935483870968,,,,,,,,,,,,,,75.3,,,,,,,,,,,,59.6,🟠 高位能量耗尽（大幅减仓）,🦊 诱多陷阱,,,,2026-06-15（akshare trend）
建筑材料,,,,4.997750973682535,,,,,,,,,,,,,,,,,,,,46.9,,2026-06-16 10:00,,,,,,,,,,,,2.2032258064516133,,,,,,,,,,,,,,100.0,,,,,,,,,,,,0.0,🔴 终极逃顶（高风险）,🦊 诱多陷阱,,,,2026-06-15（akshare trend）
非银金融,,,,2.0772168898139043,,,,,,,,,,,,,,,,,,,,42.7,,2026-06-16 10:00,,,,,,,,,,,,1.7645161290322582,,,,,,,,,,,,,,71.8,,,,,,,,,,,,100.0,🟠 高位能量耗尽（大幅减仓）,🦊 诱多陷阱,,,,2026-06-15（akshare trend）
银行,,,,-1.5988404068353446,,,,,,,,,,,,,,,,,,,,42.3,,2026-06-16 10:00,,,,,,,,,,,,1.1451612903225803,,,,,,,,,,,,,,84.6,,,,,,,,,,,,100.0,🟠 高位能量耗尽（大幅减仓）,⚠️ 强弩之末,,,,2026-06-15（akshare trend）
轻工制造,,,,0.3237934197981795,,,,,,,,,,,,,,,,,,,,41.8,,2026-06-16 10:00,,,,,,,,,,,,1.2225806451612904,,,,,,,,,,,,,,39.8,,,,,,,,,,,,95.4,🟢 低位共振（可重仓潜伏）,🌱 底仓潜伏,,,,2026-06-15（akshare trend）
纺织服饰,,,,1.8470272582338465,,,,,,,,,,,,,,,,,,,,41.5,,2026-06-16 10:00,,,,,,,,,,,,1.4935483870967745,,,,,,,,,,,,,,0.0,,,,,,,,,,,,83.7,🟢 低位共振（可重仓潜伏）,🦊 诱多陷阱,,,,2026-06-15（akshare trend）
农林牧渔,,,,0.3610123510876528,,,,,,,,,,,,,,,,,,,,40.5,,2026-06-16 10:00,,,,,,,,,,,,1.3,,,,,,,,,,,,,,55.1,,,,,,,,,,,,85.9,🟢 低位共振（可重仓潜伏）,🌱 底仓潜伏,,,,2026-06-15（akshare trend）
家用电器,,,,-0.6168613305266302,,,,,,,,,,,,,,,,,,,,40.1,,2026-06-16 10:00,,,,,,,,,,,,1.1451612903225807,,,,,,,,,,,,,,11.4,,,,,,,,,,,,80.0,🟢 低位共振（可重仓潜伏）,🌱 底仓潜伏,,,,2026-06-15（akshare trend）
电力设备,,,,2.4603338842319245,,,,,,,,,,,,,,,,,,,,38.9,,2026-06-16 10:00,,,,,,,,,,,,1.5838709677419356,,,,,,,,,,,,,,74.7,,,,,,,,,,,,15.8,🔴 终极逃顶（高风险）,🦊 诱多陷阱,,,,2026-06-15（akshare trend）
汽车,,,,2.2951223459023007,,,,,,,,,,,,,,,,,,,,38.5,,2026-06-16 10:00,,,,,,,,,,,,1.6483870967741936,,,,,,,,,,,,,,11.7,,,,,,,,,,,,49.2,⚪ 安全持仓,🦊 诱多陷阱,,,,2026-06-15（akshare trend）
石油石化,,,,-0.3042619550546188,,,,,,,,,,,,,,,,,,,,38.5,,2026-06-16 10:00,,,,,,,,,,,,1.0483870967741935,,,,,,,,,,,,,,79.5,,,,,,,,,,,,100.0,🟠 高位能量耗尽（大幅减仓）,⚠️ 强弩之末,,,,2026-06-15（akshare trend）
计算机,,,,2.973784540639013,,,,,,,,,,,,,,,,,,,,38.1,,2026-06-16 10:00,,,,,,,,,,,,1.8548387096774197,,,,,,,,,,,,,,35.2,,,,,,,,,,,,12.3,⚪ 安全持仓,🦊 诱多陷阱,,,,2026-06-15（akshare trend）
社会服务,,,,2.033949882247099,,,,,,,,,,,,,,,,,,,,37.2,,2026-06-16 10:00,,,,,,,,,,,,1.3645161290322585,,,,,,,,,,,,,,37.0,,,,,,,,,,,,71.2,⚪ 安全持仓,🦊 诱多陷阱,,,,2026-06-15（akshare trend）
国防军工,,,,1.7199533384565369,,,,,,,,,,,,,,,,,,,,36.9,,2026-06-16 10:00,,,,,,,,,,,,2.035483870967742,,,,,,,,,,,,,,14.7,,,,,,,,,,,,40.3,⚪ 安全持仓,🦊 诱多陷阱,,,,2026-06-15（akshare trend）
美容护理,,,,0.1671320201800608,,,,,,,,,,,,,,,,,,,,36.4,,2026-06-16 10:00,,,,,,,,,,,,1.1580645161290324,,,,,,,,,,,,,,74.0,,,,,,,,,,,,49.5,🟠 高位能量耗尽（大幅减仓）,⚠️ 强弩之末,,,,2026-06-15（akshare trend）
医药生物,,,,-0.1628307543601881,,,,,,,,,,,,,,,,,,,,36.4,,2026-06-16 10:00,,,,,,,,,,,,1.196774193548387,,,,,,,,,,,,,,100.0,,,,,,,,,,,,78.2,🔴 终极逃顶（高风险）,🛑 崩盘前夕,,,,2026-06-15（akshare trend）
食品饮料,,,,-0.9025310402238752,,,,,,,,,,,,,,,,,,,,36.4,,2026-06-16 10:00,,,,,,,,,,,,1.0483870967741935,,,,,,,,,,,,,,82.8,,,,,,,,,,,,100.0,🔴 终极逃顶（高风险）,🛑 崩盘前夕,,,,2026-06-15（akshare trend）
环保,,,,1.5739784629001274,,,,,,,,,,,,,,,,,,,,33.8,,2026-06-16 10:00,,,,,,,,,,,,1.3387096774193548,,,,,,,,,,,,,,0.0,,,,,,,,,,,,67.3,⚪ 安全持仓,🦊 诱多陷阱,,,,2026-06-15（akshare trend）
煤炭,,,,-4.599213927454682,,,,,,,,,,,,,,,,,,,,32.5,,2026-06-16 10:00,,,,,,,,,,,,1.3774193548387097,,,,,,,,,,,,,,0.0,,,,,,,,,,,,47.6,⚪ 安全持仓,☕ 稳健持有,,,,2026-06-15（akshare trend）
交通运输,,,,1.2344010886664811,,,,,,,,,,,,,,,,,,,,32.4,,2026-06-16 10:00,,,,,,,,,,,,1.132258064516129,,,,,,,,,,,,,,38.3,,,,,,,,,,,,81.3,🟢 低位共振（可重仓潜伏）,🦊 诱多陷阱,,,,2026-06-15（akshare trend）
综合,,,,2.325086919137176,,,,,,,,,,,,,,,,,,,,30.4,,2026-06-16 10:00,,,,,,,,,,,,1.506451612903226,,,,,,,,,,,,,,66.1,,,,,,,,,,,,0.0,🟡 预警（观察减持）,🦊 诱多陷阱,,,,2026-06-15（akshare trend）
建筑装饰,,,,1.5442824837740288,,,,,,,,,,,,,,,,,,,,29.8,,2026-06-16 10:00,,,,,,,,,,,,1.1838709677419357,,,,,,,,,,,,,,0.0,,,,,,,,,,,,90.9,🟢 低位共振（可重仓潜伏）,🦊 诱多陷阱,,,,2026-06-15（akshare trend）
传媒,,,,1.4957296259943575,,,,,,,,,,,,,,,,,,,,26.4,,2026-06-16 10:00,,,,,,,,,,,,1.7,,,,,,,,,,,,,,22.7,,,,,,,,,,,,35.1,⚪ 安全持仓,🦊 诱多陷阱,,,,2026-06-15（akshare trend）
钢铁,,,,0.9677474607334258,,,,,,,,,,,,,,,,,,,,25.0,,2026-06-16 10:00,,,,,,,,,,,,1.3258064516129031,,,,,,,,,,,,,,73.1,,,,,,,,,,,,100.0,🟠 高位能量耗尽（大幅减仓）,🦊 诱多陷阱,,,,2026-06-15（akshare trend）
商贸零售,,,,0.7142238298425418,,,,,,,,,,,,,,,,,,,,17.2,,2026-06-16 10:00,,,,,,,,,,,,1.235483870967742,,,,,,,,,,,,,,48.1,,,,,,,,,,,,45.9,⚪ 安全持仓,🦊 诱多陷阱,,,,2026-06-15（akshare trend）
房地产,,,,0.6335434901741932,,,,,,,,,,,,,,,,,,,,15.9,,2026-06-16 10:00,,,,,,,,,,,,1.1580645161290324,,,,,,,,,,,,,,17.1,,,,,,,,,,,,93.6,🟢 低位共振（可重仓潜伏）,🦊 诱多陷阱,,,,2026-06-15（akshare trend）
